{
 "cookiecutter_2": {
  "line": {
   "Tarantula": {
    "best_case": {
     "top-5": 1,
     "top-10": 0.777,
     "top-200": 1,
     "exam": 0.0022522522522522522,
     "wasted-effort": 5
    },
    "avg_case": {
     "top-5": 1,
     "top-10": 0.40433333333333277,
     "top-200": 1,
     "exam": 0.0022522522522522522,
     "wasted-effort": 5
    },
    "worst_case": {
     "top-5": 0.6666666666666666,
     "top-10": 0.1944999999999999,
     "top-200": 1.0,
     "exam": 0.08333333333333333,
     "wasted-effort": 94
    }
   },
   "Ochiai": {
    "best_case": {
     "top-5": 1,
     "top-10": 1.0,
     "top-200": 1,
     "exam": 0.0009009009009009009,
     "wasted-effort": 1
    },
    "avg_case": {
     "top-5": 1,
     "top-10": 0.9893333333333328,
     "top-200": 1,
     "exam": 0.002702702702702703,
     "wasted-effort": 5
    },
    "worst_case": {
     "top-5": 0.6666666666666666,
     "top-10": 0.6404999999999997,
     "top-200": 1.0,
     "exam": 0.08333333333333333,
     "wasted-effort": 94
    }
   },
   "DStar": {
    "best_case": {
     "top-5": 0.643,
     "top-10": 1.0,
     "top-200": 1,
     "exam": 0.0036036036036036037,
     "wasted-effort": 8
    },
    "avg_case": {
     "top-5": 0.20733333333333484,
     "top-10": 0.9669999999999985,
     "top-200": 1,
     "exam": 0.009009009009009009,
     "wasted-effort": 12
    },
    "worst_case": {
     "top-5": 0.1050000000000008,
     "top-10": 0.5508333333333347,
     "top-200": 1.0,
     "exam": 0.08288288288288288,
     "wasted-effort": 94
    }
   }
  },
  "line_line": {
   "Tarantula": {
    "best_case": {
     "top-5": 0.82,
     "top-10": 1,
     "top-200": 1,
     "exam": 0.0009009009009009009,
     "wasted-effort": 1
    },
    "avg_case": {
     "top-5": 0.3819999999999995,
     "top-10": 0.6666666666666666,
     "top-200": 1,
     "exam": 0.015315315315315315,
     "wasted-effort": 19
    },
    "worst_case": {
     "top-5": 0.18933333333333294,
     "top-10": 0.3333333333333333,
     "top-200": 1.0,
     "exam": 0.08333333333333333,
     "wasted-effort": 94
    }
   },
   "Ochiai": {
    "best_case": {
     "top-5": 0.856,
     "top-10": 1,
     "top-200": 1,
     "exam": 0.0009009009009009009,
     "wasted-effort": 1
    },
    "avg_case": {
     "top-5": 0.3519999999999992,
     "top-10": 0.6666666666666666,
     "top-200": 1,
     "exam": 0.017117117117117116,
     "wasted-effort": 21
    },
    "worst_case": {
     "top-5": 0.18949999999999972,
     "top-10": 0.3333333333333333,
     "top-200": 1.0,
     "exam": 0.08333333333333333,
     "wasted-effort": 94
    }
   },
   "DStar": {
    "best_case": {
     "top-5": 0.617,
     "top-10": 0.701,
     "top-200": 1,
     "exam": 0.0036036036036036037,
     "wasted-effort": 8
    },
    "avg_case": {
     "top-5": 0.2063333333333348,
     "top-10": 0.24333333333333587,
     "top-200": 1,
     "exam": 0.014414414414414415,
     "wasted-effort": 18
    },
    "worst_case": {
     "top-5": 0.10183333333333404,
     "top-10": 0.12250000000000129,
     "top-200": 1.0,
     "exam": 0.08288288288288288,
     "wasted-effort": 94
    }
   }
  },
  "line_defuse": {
   "Tarantula": {
    "best_case": {
     "top-5": 0.824,
     "top-10": 1,
     "top-200": 1,
     "exam": 0.0009009009009009009,
     "wasted-effort": 1
    },
    "avg_case": {
     "top-5": 0.3613333333333325,
     "top-10": 0.6666666666666666,
     "top-200": 1,
     "exam": 0.015315315315315315,
     "wasted-effort": 19
    },
    "worst_case": {
     "top-5": 0.18666666666666615,
     "top-10": 0.3333333333333333,
     "top-200": 1.0,
     "exam": 0.08333333333333333,
     "wasted-effort": 94
    }
   },
   "Ochiai": {
    "best_case": {
     "top-5": 0.828,
     "top-10": 1,
     "top-200": 1,
     "exam": 0.0009009009009009009,
     "wasted-effort": 1
    },
    "avg_case": {
     "top-5": 0.3686666666666656,
     "top-10": 0.6666666666666666,
     "top-200": 1,
     "exam": 0.017117117117117116,
     "wasted-effort": 21
    },
    "worst_case": {
     "top-5": 0.18666666666666618,
     "top-10": 0.3333333333333333,
     "top-200": 1.0,
     "exam": 0.08333333333333333,
     "wasted-effort": 94
    }
   },
   "DStar": {
    "best_case": {
     "top-5": 0.606,
     "top-10": 0.719,
     "top-200": 1,
     "exam": 0.0036036036036036037,
     "wasted-effort": 8
    },
    "avg_case": {
     "top-5": 0.19966666666666796,
     "top-10": 0.2373333333333357,
     "top-200": 1,
     "exam": 0.014414414414414415,
     "wasted-effort": 18
    },
    "worst_case": {
     "top-5": 0.10100000000000069,
     "top-10": 0.11900000000000119,
     "top-200": 1.0,
     "exam": 0.08288288288288288,
     "wasted-effort": 94
    }
   }
  },
  "line_defuses": {
   "Tarantula": {
    "best_case": {
     "top-5": 0.844,
     "top-10": 1,
     "top-200": 1,
     "exam": 0.0009009009009009009,
     "wasted-effort": 1
    },
    "avg_case": {
     "top-5": 0.3776666666666659,
     "top-10": 0.6666666666666666,
     "top-200": 1,
     "exam": 0.015315315315315315,
     "wasted-effort": 19
    },
    "worst_case": {
     "top-5": 0.18766666666666626,
     "top-10": 0.3333333333333333,
     "top-200": 1.0,
     "exam": 0.08333333333333333,
     "wasted-effort": 94
    }
   },
   "Ochiai": {
    "best_case": {
     "top-5": 0.801,
     "top-10": 1,
     "top-200": 1,
     "exam": 0.0009009009009009009,
     "wasted-effort": 1
    },
    "avg_case": {
     "top-5": 0.3679999999999993,
     "top-10": 0.6666666666666666,
     "top-200": 1,
     "exam": 0.017117117117117116,
     "wasted-effort": 21
    },
    "worst_case": {
     "top-5": 0.18399999999999936,
     "top-10": 0.3333333333333333,
     "top-200": 1.0,
     "exam": 0.08333333333333333,
     "wasted-effort": 94
    }
   },
   "DStar": {
    "best_case": {
     "top-5": 0.611,
     "top-10": 0.684,
     "top-200": 1,
     "exam": 0.0036036036036036037,
     "wasted-effort": 8
    },
    "avg_case": {
     "top-5": 0.20666666666666816,
     "top-10": 0.23433333333333561,
     "top-200": 1,
     "exam": 0.014414414414414415,
     "wasted-effort": 18
    },
    "worst_case": {
     "top-5": 0.10233333333333405,
     "top-10": 0.12216666666666795,
     "top-200": 1.0,
     "exam": 0.08288288288288288,
     "wasted-effort": 94
    }
   }
  },
  "line_assert_use": {
   "Tarantula": {
    "best_case": {
     "top-5": 0.834,
     "top-10": 1,
     "top-200": 1,
     "exam": 0.0009009009009009009,
     "wasted-effort": 1
    },
    "avg_case": {
     "top-5": 0.3773333333333321,
     "top-10": 0.6666666666666666,
     "top-200": 1,
     "exam": 0.015315315315315315,
     "wasted-effort": 19
    },
    "worst_case": {
     "top-5": 0.18233333333333274,
     "top-10": 0.3333333333333333,
     "top-200": 1.0,
     "exam": 0.08333333333333333,
     "wasted-effort": 94
    }
   },
   "Ochiai": {
    "best_case": {
     "top-5": 0.833,
     "top-10": 1,
     "top-200": 1,
     "exam": 0.0009009009009009009,
     "wasted-effort": 1
    },
    "avg_case": {
     "top-5": 0.37966666666666593,
     "top-10": 0.6666666666666666,
     "top-200": 1,
     "exam": 0.017117117117117116,
     "wasted-effort": 21
    },
    "worst_case": {
     "top-5": 0.18416666666666626,
     "top-10": 0.3333333333333333,
     "top-200": 1.0,
     "exam": 0.08333333333333333,
     "wasted-effort": 94
    }
   },
   "DStar": {
    "best_case": {
     "top-5": 0.611,
     "top-10": 0.704,
     "top-200": 1,
     "exam": 0.0036036036036036037,
     "wasted-effort": 8
    },
    "avg_case": {
     "top-5": 0.20833333333333487,
     "top-10": 0.24100000000000246,
     "top-200": 1,
     "exam": 0.014414414414414415,
     "wasted-effort": 18
    },
    "worst_case": {
     "top-5": 0.10600000000000083,
     "top-10": 0.12066666666666791,
     "top-200": 1.0,
     "exam": 0.08288288288288288,
     "wasted-effort": 94
    }
   }
  },
  "line_assert_uses": {
   "Tarantula": {
    "best_case": {
     "top-5": 0.835,
     "top-10": 1,
     "top-200": 1,
     "exam": 0.0009009009009009009,