{
 "keras_41": {
  "line": {
   "Tarantula": {
    "best_case": {
     "top-5": 0.475,
     "top-10": 0.801,
     "top-200": 0.735,
     "exam": 4.76462740613684e-05,
     "wasted-effort": 2
    },
    "avg_case": {
     "top-5": 0.08171428571428586,
     "top-10": 0.1655714285714277,
     "top-200": 0.13742857142857123,
     "exam": 0.04173813607775872,
     "wasted-effort": 978
    },
    "worst_case": {
     "top-5": 0.0404285714285715,
     "top-10": 0.08321428571428525,
     "top-200": 0.07528571428571407,
     "exam": 0.5232990280160091,
     "wasted-effort": 20988
    }
   },
   "Ochiai": {
    "best_case": {
     "top-5": 0.532,
     "top-10": 0.839,
     "top-200": 0.676,
     "exam": 0.0004049933295216314,
     "wasted-effort": 17
    },
    "avg_case": {
     "top-5": 0.08128571428571439,
     "top-10": 0.16999999999999896,
     "top-200": 0.14914285714285677,
     "exam": 0.04173813607775872,
     "wasted-effort": 978
    },
    "worst_case": {
     "top-5": 0.044214285714285734,
     "top-10": 0.08321428571428525,
     "top-200": 0.07464285714285686,
     "exam": 0.5232990280160091,
     "wasted-effort": 20988
    }
   },
   "DStar": {
    "best_case": {
     "top-5": 0.337,
     "top-10": 0.702,
     "top-200": 0.703,
     "exam": 0.000357347055460263,
     "wasted-effort": 15
    },
    "avg_case": {
     "top-5": 0.04628571428571451,
     "top-10": 0.09657142857142824,
     "top-200": 0.1551428571428564,
     "exam": 0.04173813607775872,
     "wasted-effort": 978
    },
    "worst_case": {
     "top-5": 0.02421428571428585,
     "top-10": 0.04835714285714269,
     "top-200": 0.07407142857142832,
     "exam": 0.5232990280160091,
     "wasted-effort": 20988
    }
   }
  },
  "line_line": {
   "Tarantula": {
    "best_case": {
     "top-5": 0,
     "top-10": 0.676,
     "top-200": 0.7,
     "exam": 0.0005479321517057366,
     "wasted-effort": 15
    },
    "avg_case": {
     "top-5": 0.0,
     "top-10": 0.09599999999999968,
     "top-200": 0.1478571428571424,
     "exam": 0.04173813607775872,
     "wasted-effort": 978
    },
    "worst_case": {
     "top-5": 0.0,
     "top-10": 0.04649999999999989,
     "top-200": 0.0737142857142855,
     "exam": 0.5232990280160091,
     "wasted-effort": 20988
    }
   },
   "Ochiai": {
    "best_case": {
     "top-5": 0,
     "top-10": 0.689,
     "top-200": 0.703,
     "exam": 0.0005479321517057366,
     "wasted-effort": 15
    },
    "avg_case": {
     "top-5": 0.0,
     "top-10": 0.09485714285714257,
     "top-200": 0.1409999999999996,
     "exam": 0.04173813607775872,
     "wasted-effort": 978
    },
    "worst_case": {
     "top-5": 0.0,
     "top-10": 0.04928571428571409,
     "top-200": 0.07442857142857118,
     "exam": 0.5232990280160091,
     "wasted-effort": 20988
    }
   },
   "DStar": {
    "best_case": {
     "top-5": 0,
     "top-10": 0.691,
     "top-200": 0.72,
     "exam": 0.0005479321517057366,
     "wasted-effort": 15
    },
    "avg_case": {
     "top-5": 0.0,
     "top-10": 0.09414285714285689,
     "top-200": 0.1508571428571422,
     "exam": 0.04173813607775872,
     "wasted-effort": 978
    },
    "worst_case": {
     "top-5": 0.0,
     "top-10": 0.04828571428571412,
     "top-200": 0.07499999999999978,
     "exam": 0.5232990280160091,
     "wasted-effort": 20988
    }
   }
  },
  "line_defuse": {
   "Tarantula": {
    "best_case": {
     "top-5": 0,
     "top-10": 0.856,
     "top-200": 0.685,
     "exam": 0.0004049933295216314,
     "wasted-effort": 12
    },
    "avg_case": {
     "top-5": 0.0,
     "top-10": 0.11857142857142762,
     "top-200": 0.14114285714285665,
     "exam": 0.04173813607775872,
     "wasted-effort": 978
    },
    "worst_case": {
     "top-5": 0.0,
     "top-10": 0.05935714285714238,
     "top-200": 0.0732142857142856,
     "exam": 0.5232990280160091,
     "wasted-effort": 20988
    }
   },
   "Ochiai": {
    "best_case": {
     "top-5": 0,
     "top-10": 0.827,
     "top-200": 0.714,
     "exam": 0.0004049933295216314,
     "wasted-effort": 12
    },
    "avg_case": {
     "top-5": 0.0,
     "top-10": 0.12099999999999898,
     "top-200": 0.14557142857142819,
     "exam": 0.04173813607775872,
     "wasted-effort": 978
    },
    "worst_case": {
     "top-5": 0.0,
     "top-10": 0.05928571428571381,
     "top-200": 0.07414285714285691,
     "exam": 0.5232990280160091,
     "wasted-effort": 20988
    }
   },
   "DStar": {
    "best_case": {
     "top-5": 0,
     "top-10": 0.845,
     "top-200": 0.726,
     "exam": 0.0004049933295216314,
     "wasted-effort": 12
    },
    "avg_case": {
     "top-5": 0.0,
     "top-10": 0.11971428571428473,
     "top-200": 0.14571428571428516,
     "exam": 0.04173813607775872,
     "wasted-effort": 978
    },
    "worst_case": {
     "top-5": 0.0,
     "top-10": 0.059999999999999505,
     "top-200": 0.075785714285714,
     "exam": 0.5232990280160091,
     "wasted-effort": 20988
    }
   }
  },
  "line_defuses": {
   "Tarantula": {
    "best_case": {
     "top-5": 0.0,
     "top-10": 0.673,
     "top-200": 0.713,
     "exam": 0.0005479321517057366,
     "wasted-effort": 15
    },
    "avg_case": {
     "top-5": 0.0,
     "top-10": 0.0934285714285712,
     "top-200": 0.14271428571428524,
     "exam": 0.04173813607775872,
     "wasted-effort": 978
    },
    "worst_case": {
     "top-5": 0.0,
     "top-10": 0.047357142857142716,
     "top-200": 0.07407142857142841,
     "exam": 0.5232990280160091,
     "wasted-effort": 20988
    }
   },
   "Ochiai": {
    "best_case": {
     "top-5": 0.0,
     "top-10": 0.695,
     "top-200": 0.717,
     "exam": 0.0005479321517057366,
     "wasted-effort": 15
    },
    "avg_case": {
     "top-5": 0.0,
     "top-10": 0.09614285714285682,
     "top-200": 0.14099999999999974,
     "exam": 0.04173813607775872,
     "wasted-effort": 978
    },
    "worst_case": {
     "top-5": 0.0,
     "top-10": 0.047285714285714146,
     "top-200": 0.07235714285714272,
     "exam": 0.5232990280160091,
     "wasted-effort": 20988
    }
   },
   "DStar": {
    "best_case": {
     "top-5": 0.0,
     "top-10": 0.664,
     "top-200": 0.697,
     "exam": 0.0005479321517057366,
     "wasted-effort": 15
    },
    "avg_case": {
     "top-5": 0.0,
     "top-10": 0.09314285714285692,
     "top-200": 0.14442857142857116,
     "exam": 0.04173813607775872,
     "wasted-effort": 978
    },
    "worst_case": {
     "top-5": 0.0,
     "top-10": 0.04799999999999984,
     "top-200": 0.07207142857142838,
     "exam": 0.5232990280160091,
     "wasted-effort": 20988
    }
   }
  },
  "line_assert_use": {
   "Tarantula": {
    "best_case": {
     "top-5": 0,
     "top-10": 0.82,
     "top-200": 0.671,
     "exam": 0.0004049933295216314,
     "wasted-effort": 12
    },
    "avg_case": {
     "top-5": 0.0,
     "top-10": 0.12214285714285608,
     "top-200": 0.1487142857142853,
     "exam": 0.04173813607775872,
     "wasted-effort": 978
    },
    "worst_case": {
     "top-5": 0.0,
     "top-10": 0.05935714285714238,
     "top-200": 0.07207142857142843,
     "exam": 0.5232990280160091,
     "wasted-effort": 20988
    }
   },
   "Ochiai": {
    "best_case": {
     "top-5": 0,
     "top-10": 0.817,
     "top-200": 0.7,
     "exam": 0.0004049933295216314,
     "wasted-effort": 12
    },
    "avg_case": {
     "top-5": 0.0,
     "top-10": 0.11899999999999904,
     "top-200": 0.15385714285714208,
     "exam": 0.04173813607775872,
     "wasted-effort": 978
    },
    "worst_case": {
     "top-5": 0.0,
     "top-10": 0.05892857142857096,
     "top-200": 0.07328571428571407,
     "exam": 0.5232990280160091,
     "wasted-effort": 20988
    }
   },
   "DStar": {
    "best_case": {
     "top-5": 0,
     "top-10": 0.849,
     "top-200": 0.705,
     "exam": 0.0004049933295216314,
     "wasted-effort": 12
    },
    "avg_case": {
     "top-5": 0.0,
     "top-10": 0.12214285714285608,
     "top-200": 0.14728571428571394,
     "exam": 0.04173813607775872,
     "wasted-effort": 978
    },
    "worst_case": {
     "top-5": 0.0,