{
 "luigi_6": {
  "line": {
   "Tarantula": {
    "best_case": {
     "top-5": 0.0,
     "top-10": 0.0,
     "top-200": 0.615,
     "exam": 0.0012077294685990338,
     "wasted-effort": 18
    },
    "avg_case": {
     "top-5": 0.0,
     "top-10": 0.0,
     "top-200": 0.07156521739130431,
     "exam": 0.5794459541062802,
     "wasted-effort": 13248
    },
    "worst_case": {
     "top-5": 0.0,
     "top-10": 0.0,
     "top-200": 0.033739130434782626,
     "exam": 0.5794459541062802,
     "wasted-effort": 13248
    }
   },
   "Ochiai": {
    "best_case": {
     "top-5": 0.0,
     "top-10": 0.0,
     "top-200": 0.573,
     "exam": 0.0012077294685990338,
     "wasted-effort": 18
    },
    "avg_case": {
     "top-5": 0.0,
     "top-10": 0.0,
     "top-200": 0.06947826086956517,
     "exam": 0.5794459541062802,
     "wasted-effort": 13248
    },
    "worst_case": {
     "top-5": 0.0,
     "top-10": 0.0,
     "top-200": 0.03139130434782617,
     "exam": 0.5794459541062802,
     "wasted-effort": 13248
    }
   },
   "DStar": {
    "best_case": {
     "top-5": 0.0,
     "top-10": 0.0,
     "top-200": 0.564,
     "exam": 0.0012077294685990338,
     "wasted-effort": 18
    },
    "avg_case": {
     "top-5": 0.0,
     "top-10": 0.0,
     "top-200": 0.06469565217391325,
     "exam": 0.5794459541062802,
     "wasted-effort": 13248
    },
    "worst_case": {
     "top-5": 0.0,
     "top-10": 0.0,
     "top-200": 0.03321739130434778,
     "exam": 0.5794459541062802,
     "wasted-effort": 13248
    }
   }
  },
  "line_line": {
   "Tarantula": {
    "best_case": {
     "top-5": 0,
     "top-10": 0.0,
     "top-200": 0.568,
     "exam": 0.007246376811594203,
     "wasted-effort": 98
    },
    "avg_case": {
     "top-5": 0.0,
     "top-10": 0.0,
     "top-200": 0.06226086956521754,
     "exam": 0.5794459541062802,
     "wasted-effort": 13248
    },
    "worst_case": {
     "top-5": 0.0,
     "top-10": 0.0,
     "top-200": 0.030565217391304394,
     "exam": 0.5794459541062802,
     "wasted-effort": 13248
    }
   },
   "Ochiai": {
    "best_case": {
     "top-5": 0,
     "top-10": 0.0,
     "top-200": 0.577,
     "exam": 0.0015096618357487923,
     "wasted-effort": 22
    },
    "avg_case": {
     "top-5": 0.0,
     "top-10": 0.0,
     "top-200": 0.06713043478260883,
     "exam": 0.5794459541062802,
     "wasted-effort": 13248
    },
    "worst_case": {
     "top-5": 0.0,
     "top-10": 0.0,
     "top-200": 0.033391304347826105,
     "exam": 0.5794459541062802,
     "wasted-effort": 13248
    }
   },
   "DStar": {
    "best_case": {
     "top-5": 0.0,
     "top-10": 0.0,
     "top-200": 0.588,
     "exam": 0.0012077294685990338,
     "wasted-effort": 18
    },
    "avg_case": {
     "top-5": 0.0,
     "top-10": 0.0,
     "top-200": 0.06234782608695668,
     "exam": 0.5794459541062802,
     "wasted-effort": 13248
    },
    "worst_case": {
     "top-5": 0.0,
     "top-10": 0.0,
     "top-200": 0.03343478260869569,
     "exam": 0.5794459541062802,
     "wasted-effort": 13248
    }
   }
  },
  "line_defuse": {
   "Tarantula": {
    "best_case": {
     "top-5": 0,
     "top-10": 0.0,
     "top-200": 0.547,
     "exam": 0.007246376811594203,
     "wasted-effort": 98
    },
    "avg_case": {
     "top-5": 0.0,
     "top-10": 0.0,
     "top-200": 0.06530434782608707,
     "exam": 0.5794459541062802,
     "wasted-effort": 13248
    },
    "worst_case": {
     "top-5": 0.0,
     "top-10": 0.0,
     "top-200": 0.03200000000000009,
     "exam": 0.5794459541062802,
     "wasted-effort": 13248
    }
   },
   "Ochiai": {
    "best_case": {
     "top-5": 0,
     "top-10": 0.0,
     "top-200": 0.573,
     "exam": 0.0015096618357487923,
     "wasted-effort": 22
    },
    "avg_case": {
     "top-5": 0.0,
     "top-10": 0.0,
     "top-200": 0.06486956521739148,
     "exam": 0.5794459541062802,
     "wasted-effort": 13248
    },
    "worst_case": {
     "top-5": 0.0,
     "top-10": 0.0,
     "top-200": 0.03130434782608703,
     "exam": 0.5794459541062802,
     "wasted-effort": 13248
    }
   },
   "DStar": {
    "best_case": {
     "top-5": 0.0,
     "top-10": 0.0,
     "top-200": 0.595,
     "exam": 0.0012077294685990338,
     "wasted-effort": 18
    },
    "avg_case": {
     "top-5": 0.0,
     "top-10": 0.0,
     "top-200": 0.06565217391304361,
     "exam": 0.5794459541062802,
     "wasted-effort": 13248
    },
    "worst_case": {
     "top-5": 0.0,
     "top-10": 0.0,
     "top-200": 0.033347826086956606,
     "exam": 0.5794459541062802,
     "wasted-effort": 13248
    }
   }
  },
  "line_defuses": {
   "Tarantula": {
    "best_case": {
     "top-5": 0,
     "top-10": 0.0,
     "top-200": 0.595,
     "exam": 0.007246376811594203,
     "wasted-effort": 98
    },
    "avg_case": {
     "top-5": 0.0,
     "top-10": 0.0,
     "top-200": 0.06452173913043491,
     "exam": 0.5794459541062802,
     "wasted-effort": 13248
    },
    "worst_case": {
     "top-5": 0.0,
     "top-10": 0.0,
     "top-200": 0.03282608695652174,
     "exam": 0.5794459541062802,
     "wasted-effort": 13248
    }
   },
   "Ochiai": {
    "best_case": {
     "top-5": 0,
     "top-10": 0.0,
     "top-200": 0.573,
     "exam": 0.0015096618357487923,
     "wasted-effort": 22
    },
    "avg_case": {
     "top-5": 0.0,
     "top-10": 0.0,
     "top-200": 0.06791304347826096,
     "exam": 0.5794459541062802,
     "wasted-effort": 13248
    },
    "worst_case": {
     "top-5": 0.0,
     "top-10": 0.0,
     "top-200": 0.031913043478260926,
     "exam": 0.5794459541062802,
     "wasted-effort": 13248
    }
   },
   "DStar": {
    "best_case": {
     "top-5": 0.0,
     "top-10": 0.0,
     "top-200": 0.612,
     "exam": 0.0012077294685990338,
     "wasted-effort": 18
    },
    "avg_case": {
     "top-5": 0.0,
     "top-10": 0.0,
     "top-200": 0.06278260869565232,
     "exam": 0.5794459541062802,
     "wasted-effort": 13248
    },
    "worst_case": {
     "top-5": 0.0,
     "top-10": 0.0,
     "top-200": 0.03256521739130437,
     "exam": 0.5794459541062802,
     "wasted-effort": 13248
    }
   }
  },
  "line_assert_use": {
   "Tarantula": {
    "best_case": {
     "top-5": 0,
     "top-10": 0.0,
     "top-200": 0.589,
     "exam": 0.007246376811594203,
     "wasted-effort": 98
    },
    "avg_case": {
     "top-5": 0.0,
     "top-10": 0.0,
     "top-200": 0.06513043478260883,
     "exam": 0.5794459541062802,
     "wasted-effort": 13248
    },
    "worst_case": {
     "top-5": 0.0,
     "top-10": 0.0,
     "top-200": 0.03352173913043482,
     "exam": 0.5794459541062802,
     "wasted-effort": 13248
    }
   },
   "Ochiai": {
    "best_case": {
     "top-5": 0,
     "top-10": 0.0,
     "top-200": 0.579,
     "exam": 0.0015096618357487923,
     "wasted-effort": 22
    },
    "avg_case": {
     "top-5": 0.0,
     "top-10": 0.0,
     "top-200": 0.06556521739130447,
     "exam": 0.5794459541062802,
     "wasted-effort": 13248
    },
    "worst_case": {
     "top-5": 0.0,
     "top-10": 0.0,
     "top-200": 0.033130434782608756,
     "exam": 0.5794459541062802,
     "wasted-effort": 13248
    }
   },
   "DStar": {
    "best_case": {
     "top-5": 0.0,
     "top-10": 0.0,
     "top-200": 0.569,
     "exam": 0.0012077294685990338,
     "wasted-effort": 18
    },
    "avg_case": {
     "top-5": 0.0,
     "top-10": 0.0,
     "top-200": 0.0663478260869566,
     "exam": 0.5794459541062802,
     "wasted-effort": 13248
    },
    "worst_case": {
     "top-5": 0.0,
     "top-10": 0.0,
     "top-200": 0.03278260869565222,
     "exam": 0.5794459541062802,
     "wasted-effort": 13248
    }
   }
  },
  "line_assert_uses": {
   "Tarantula": {
    "best_case": {
     "top-5": 0,
     "top-10": 0.0,
     "top-200": 0.577,
     "exam": 0.007246376811594203,
     "wasted-effort": 98
    },
    "avg_case": {
     "top-5": 0.0,
     "top-10": 0.0,
     "top-200": 0.06391304347826104,
     "exam": 0.5794459541062802,
     "wasted-effort": 13248
    },
    "worst_case": {
     "top-5": 0.0,
     "top-10": 0.0,
     "top-200": 0.03104347826086963,