{
 "matplotlib_28": {
  "line": {
   "Tarantula": {
    "best_case": {
     "top-5": 0.0,
     "top-10": 0.0,
     "top-200": 0.039,
     "exam": 0.037394617255994,
     "wasted-effort": 4820
    },
    "avg_case": {
     "top-5": 0.0,
     "top-10": 0.0,
     "top-200": 0.051,
     "exam": 0.037394617255994,
     "wasted-effort": 4820
    },
    "worst_case": {
     "top-5": 0.0,
     "top-10": 0.0,
     "top-200": 0.038,
     "exam": 0.037394617255994,
     "wasted-effort": 4820
    }
   },
   "Ochiai": {
    "best_case": {
     "top-5": 0.0,
     "top-10": 0.0,
     "top-200": 0.042,
     "exam": 0.037394617255994,
     "wasted-effort": 4820
    },
    "avg_case": {
     "top-5": 0.0,
     "top-10": 0.0,
     "top-200": 0.036,
     "exam": 0.037394617255994,
     "wasted-effort": 4820
    },
    "worst_case": {
     "top-5": 0.0,
     "top-10": 0.0,
     "top-200": 0.054,
     "exam": 0.037394617255994,
     "wasted-effort": 4820
    }
   },
   "DStar": {
    "best_case": {
     "top-5": 0,
     "top-10": 0.0,
     "top-200": 0.031,
     "exam": 0.03736401609621005,
     "wasted-effort": 4818
    },
    "avg_case": {
     "top-5": 0.0,
     "top-10": 0.0,
     "top-200": 0.047,
     "exam": 0.03736401609621005,
     "wasted-effort": 4818
    },
    "worst_case": {
     "top-5": 0.0,
     "top-10": 0.0,
     "top-200": 0.047,
     "exam": 0.03736401609621005,
     "wasted-effort": 4818
    }
   }
  },
  "line_line": {
   "Tarantula": {
    "best_case": {
     "top-5": 0.0,
     "top-10": 0.0,
     "top-200": 0.788,
     "exam": 0.002432792202824487,
     "wasted-effort": 252
    },
    "avg_case": {
     "top-5": 0.0,
     "top-10": 0.0,
     "top-200": 0.807,
     "exam": 0.002432792202824487,
     "wasted-effort": 252
    },
    "worst_case": {
     "top-5": 0.0,
     "top-10": 0.0,
     "top-200": 0.808,
     "exam": 0.002432792202824487,
     "wasted-effort": 252
    }
   },
   "Ochiai": {
    "best_case": {
     "top-5": 0.0,
     "top-10": 0.0,
     "top-200": 0.774,
     "exam": 0.002432792202824487,
     "wasted-effort": 252
    },
    "avg_case": {
     "top-5": 0.0,
     "top-10": 0.0,
     "top-200": 0.796,
     "exam": 0.002432792202824487,
     "wasted-effort": 252
    },
    "worst_case": {
     "top-5": 0.0,
     "top-10": 0.0,
     "top-200": 0.807,
     "exam": 0.002432792202824487,
     "wasted-effort": 252
    }
   },
   "DStar": {
    "best_case": {
     "top-5": 0,
     "top-10": 0.0,
     "top-200": 0.818,
     "exam": 0.0024021910430405313,
     "wasted-effort": 250
    },
    "avg_case": {
     "top-5": 0.0,
     "top-10": 0.0,
     "top-200": 0.792,
     "exam": 0.0024021910430405313,
     "wasted-effort": 250
    },
    "worst_case": {
     "top-5": 0.0,
     "top-10": 0.0,
     "top-200": 0.794,
     "exam": 0.0024021910430405313,
     "wasted-effort": 250
    }
   }
  },
  "line_defuse": {
   "Tarantula": {
    "best_case": {
     "top-5": 0.0,
     "top-10": 0.0,
     "top-200": 0.104,
     "exam": 0.0014382545098459232,
     "wasted-effort": 122
    },
    "avg_case": {
     "top-5": 0.0,
     "top-10": 0.0,
     "top-200": 0.121,
     "exam": 0.0014382545098459232,
     "wasted-effort": 122
    },
    "worst_case": {
     "top-5": 0.0,
     "top-10": 0.0,
     "top-200": 0.104,
     "exam": 0.0014382545098459232,
     "wasted-effort": 122
    }
   },
   "Ochiai": {
    "best_case": {
     "top-5": 0.0,
     "top-10": 0.0,
     "top-200": 0.11,
     "exam": 0.0014382545098459232,
     "wasted-effort": 122
    },
    "avg_case": {
     "top-5": 0.0,
     "top-10": 0.0,
     "top-200": 0.119,
     "exam": 0.0014382545098459232,
     "wasted-effort": 122
    },
    "worst_case": {
     "top-5": 0.0,
     "top-10": 0.0,
     "top-200": 0.109,
     "exam": 0.0014382545098459232,
     "wasted-effort": 122
    }
   },
   "DStar": {
    "best_case": {
     "top-5": 0,
     "top-10": 0.0,
     "top-200": 0.096,
     "exam": 0.0014076533500619673,
     "wasted-effort": 120
    },
    "avg_case": {
     "top-5": 0.0,
     "top-10": 0.0,
     "top-200": 0.117,
     "exam": 0.0014076533500619673,
     "wasted-effort": 120
    },
    "worst_case": {
     "top-5": 0.0,
     "top-10": 0.0,
     "top-200": 0.099,
     "exam": 0.0014076533500619673,
     "wasted-effort": 120
    }
   }
  },
  "line_defuses": {
   "Tarantula": {
    "best_case": {
     "top-5": 0.0,
     "top-10": 0.0,
     "top-200": 0.798,
     "exam": 0.0014382545098459232,
     "wasted-effort": 122
    },
    "avg_case": {
     "top-5": 0.0,
     "top-10": 0.0,
     "top-200": 0.791,
     "exam": 0.0014382545098459232,
     "wasted-effort": 122
    },
    "worst_case": {
     "top-5": 0.0,
     "top-10": 0.0,
     "top-200": 0.805,
     "exam": 0.0014382545098459232,
     "wasted-effort": 122
    }
   },
   "Ochiai": {
    "best_case": {
     "top-5": 0.0,
     "top-10": 0.0,
     "top-200": 0.796,
     "exam": 0.0014382545098459232,
     "wasted-effort": 122
    },
    "avg_case": {
     "top-5": 0.0,
     "top-10": 0.0,
     "top-200": 0.774,
     "exam": 0.0014382545098459232,
     "wasted-effort": 122
    },
    "worst_case": {
     "top-5": 0.0,
     "top-10": 0.0,
     "top-200": 0.811,
     "exam": 0.0014382545098459232,
     "wasted-effort": 122
    }
   },
   "DStar": {
    "best_case": {
     "top-5": 0,
     "top-10": 0.0,
     "top-200": 0.769,
     "exam": 0.0014076533500619673,
     "wasted-effort": 120
    },
    "avg_case": {
     "top-5": 0.0,
     "top-10": 0.0,
     "top-200": 0.795,
     "exam": 0.0014076533500619673,
     "wasted-effort": 120
    },
    "worst_case": {
     "top-5": 0.0,
     "top-10": 0.0,
     "top-200": 0.794,
     "exam": 0.0014076533500619673,
     "wasted-effort": 120
    }
   }
  },
  "line_assert_use": {
   "Tarantula": {
    "best_case": {
     "top-5": 0.0,
     "top-10": 0.0,
     "top-200": 0.109,
     "exam": 0.0014382545098459232,
     "wasted-effort": 122
    },
    "avg_case": {
     "top-5": 0.0,
     "top-10": 0.0,
     "top-200": 0.106,
     "exam": 0.0014382545098459232,
     "wasted-effort": 122
    },
    "worst_case": {
     "top-5": 0.0,
     "top-10": 0.0,
     "top-200": 0.098,
     "exam": 0.0014382545098459232,
     "wasted-effort": 122
    }
   },
   "Ochiai": {
    "best_case": {
     "top-5": 0.0,
     "top-10": 0.0,
     "top-200": 0.105,
     "exam": 0.0014382545098459232,
     "wasted-effort": 122
    },
    "avg_case": {
     "top-5": 0.0,
     "top-10": 0.0,
     "top-200": 0.119,
     "exam": 0.0014382545098459232,
     "wasted-effort": 122
    },
    "worst_case": {
     "top-5": 0.0,
     "top-10": 0.0,
     "top-200": 0.118,
     "exam": 0.0014382545098459232,
     "wasted-effort": 122
    }
   },
   "DStar": {
    "best_case": {
     "top-5": 0,
     "top-10": 0.0,
     "top-200": 0.103,
     "exam": 0.0014076533500619673,
     "wasted-effort": 120
    },
    "avg_case": {
     "top-5": 0.0,
     "top-10": 0.0,
     "top-200": 0.118,
     "exam": 0.0014076533500619673,
     "wasted-effort": 120
    },
    "worst_case": {
     "top-5": 0.0,
     "top-10": 0.0,
     "top-200": 0.1,
     "exam": 0.0014076533500619673,
     "wasted-effort": 120
    }
   }
  },
  "line_assert_uses": {
   "Tarantula": {
    "best_case": {
     "top-5": 0.0,
     "top-10": 0.0,
     "top-200": 0.805,
     "exam": 0.0014382545098459232,
     "wasted-effort": 122
    },
    "avg_case": {
     "top-5": 0.0,
     "top-10": 0.0,
     "top-200": 0.794,
     "exam": 0.0014382545098459232,
     "wasted-effort": 122
    },
    "worst_case": {
     "top-5": 0.0,
     "top-10": 0.0,
     "top-200": 0.808,
     "exam": 0.0014382545098459232,
     "wasted-effort": 122
    }
   },
   "Ochiai": {
    "best_case": {
     "top-5": 0.0,
     "top-10": 0.0,
     "top-200": 0.796,
     "exam": 0.0014382545098459232,
     "wasted-effort": 122
    },
    "avg_case": {
     "top-5": 0.0,
     "top-10": 0.0,
     "top-200": 0.795,
     "exam": 0.0014382545098459232,
     "wasted-effort": 122
    },