{
 "middle_2": {
  "line": {
   "Tarantula": {
    "best_case": {
     "top-5": 0.542,
     "top-10": 1,
     "top-200": 1,
     "exam": 0.08333333333333333,
     "wasted-effort": 1
    },
    "avg_case": {
     "top-5": 0.556,
     "top-10": 1,
     "top-200": 1,
     "exam": 0.08333333333333333,
     "wasted-effort": 1
    },
    "worst_case": {
     "top-5": 0.539,
     "top-10": 1.0,
     "top-200": 1.0,
     "exam": 0.08333333333333333,
     "wasted-effort": 1
    }
   },
   "Ochiai": {
    "best_case": {
     "top-5": 0.504,
     "top-10": 1,
     "top-200": 1,
     "exam": 0.08333333333333333,
     "wasted-effort": 1
    },
    "avg_case": {
     "top-5": 0.561,
     "top-10": 1,
     "top-200": 1,
     "exam": 0.08333333333333333,
     "wasted-effort": 1
    },
    "worst_case": {
     "top-5": 0.576,
     "top-10": 1.0,
     "top-200": 1.0,
     "exam": 0.08333333333333333,
     "wasted-effort": 1
    }
   },
   "DStar": {
    "best_case": {
     "top-5": 0.549,
     "top-10": 1,
     "top-200": 1,
     "exam": 0.08333333333333333,
     "wasted-effort": 1
    },
    "avg_case": {
     "top-5": 0.557,
     "top-10": 1,
     "top-200": 1,
     "exam": 0.08333333333333333,
     "wasted-effort": 1
    },
    "worst_case": {
     "top-5": 0.57,
     "top-10": 1.0,
     "top-200": 1.0,
     "exam": 0.08333333333333333,
     "wasted-effort": 1
    }
   }
  },
  "line_line": {
   "Tarantula": {
    "best_case": {
     "top-5": 0.564,
     "top-10": 1,
     "top-200": 1,
     "exam": 0.08333333333333333,
     "wasted-effort": 1
    },
    "avg_case": {
     "top-5": 0.565,
     "top-10": 1,
     "top-200": 1,
     "exam": 0.08333333333333333,
     "wasted-effort": 1
    },
    "worst_case": {
     "top-5": 0.543,
     "top-10": 1.0,
     "top-200": 1.0,
     "exam": 0.08333333333333333,
     "wasted-effort": 1
    }
   },
   "Ochiai": {
    "best_case": {
     "top-5": 0.576,
     "top-10": 1,
     "top-200": 1,
     "exam": 0.08333333333333333,
     "wasted-effort": 1
    },
    "avg_case": {
     "top-5": 0.564,
     "top-10": 1,
     "top-200": 1,
     "exam": 0.08333333333333333,
     "wasted-effort": 1
    },
    "worst_case": {
     "top-5": 0.553,
     "top-10": 1.0,
     "top-200": 1.0,
     "exam": 0.08333333333333333,
     "wasted-effort": 1
    }
   },
   "DStar": {
    "best_case": {
     "top-5": 0.552,
     "top-10": 1,
     "top-200": 1,
     "exam": 0.08333333333333333,
     "wasted-effort": 1
    },
    "avg_case": {
     "top-5": 0.559,
     "top-10": 1,
     "top-200": 1,
     "exam": 0.08333333333333333,
     "wasted-effort": 1
    },
    "worst_case": {
     "top-5": 0.55,
     "top-10": 1.0,
     "top-200": 1.0,
     "exam": 0.08333333333333333,
     "wasted-effort": 1
    }
   }
  },
  "line_defuse": {
   "Tarantula": {
    "best_case": {
     "top-5": 0.583,
     "top-10": 1,
     "top-200": 1,
     "exam": 0.08333333333333333,
     "wasted-effort": 1
    },
    "avg_case": {
     "top-5": 0.56,
     "top-10": 1,
     "top-200": 1,
     "exam": 0.08333333333333333,
     "wasted-effort": 1
    },
    "worst_case": {
     "top-5": 0.522,
     "top-10": 1.0,
     "top-200": 1.0,
     "exam": 0.08333333333333333,
     "wasted-effort": 1
    }
   },
   "Ochiai": {
    "best_case": {
     "top-5": 0.57,
     "top-10": 1,
     "top-200": 1,
     "exam": 0.08333333333333333,
     "wasted-effort": 1
    },
    "avg_case": {
     "top-5": 0.558,
     "top-10": 1,
     "top-200": 1,
     "exam": 0.08333333333333333,
     "wasted-effort": 1
    },
    "worst_case": {
     "top-5": 0.553,
     "top-10": 1.0,
     "top-200": 1.0,
     "exam": 0.08333333333333333,
     "wasted-effort": 1
    }
   },
   "DStar": {
    "best_case": {
     "top-5": 0.554,
     "top-10": 1,
     "top-200": 1,
     "exam": 0.08333333333333333,
     "wasted-effort": 1
    },
    "avg_case": {
     "top-5": 0.555,
     "top-10": 1,
     "top-200": 1,
     "exam": 0.08333333333333333,
     "wasted-effort": 1
    },
    "worst_case": {
     "top-5": 0.529,
     "top-10": 1.0,
     "top-200": 1.0,
     "exam": 0.08333333333333333,
     "wasted-effort": 1
    }
   }
  },
  "line_defuses": {
   "Tarantula": {
    "best_case": {
     "top-5": 0.584,
     "top-10": 1,
     "top-200": 1,
     "exam": 0.08333333333333333,
     "wasted-effort": 1
    },
    "avg_case": {
     "top-5": 0.557,
     "top-10": 1,
     "top-200": 1,
     "exam": 0.08333333333333333,
     "wasted-effort": 1
    },
    "worst_case": {
     "top-5": 0.561,
     "top-10": 1.0,
     "top-200": 1.0,
     "exam": 0.08333333333333333,
     "wasted-effort": 1
    }
   },
   "Ochiai": {
    "best_case": {
     "top-5": 0.523,
     "top-10": 1,
     "top-200": 1,
     "exam": 0.08333333333333333,
     "wasted-effort": 1
    },
    "avg_case": {
     "top-5": 0.562,
     "top-10": 1,
     "top-200": 1,
     "exam": 0.08333333333333333,
     "wasted-effort": 1
    },
    "worst_case": {
     "top-5": 0.556,
     "top-10": 1.0,
     "top-200": 1.0,
     "exam": 0.08333333333333333,
     "wasted-effort": 1
    }
   },
   "DStar": {
    "best_case": {
     "top-5": 0.564,
     "top-10": 1,
     "top-200": 1,
     "exam": 0.08333333333333333,
     "wasted-effort": 1
    },
    "avg_case": {
     "top-5": 0.53,
     "top-10": 1,
     "top-200": 1,
     "exam": 0.08333333333333333,
     "wasted-effort": 1
    },
    "worst_case": {
     "top-5": 0.564,
     "top-10": 1.0,
     "top-200": 1.0,
     "exam": 0.08333333333333333,
     "wasted-effort": 1
    }
   }
  },
  "line_assert_use": {
   "Tarantula": {
    "best_case": {
     "top-5": 0.558,
     "top-10": 1,
     "top-200": 1,
     "exam": 0.08333333333333333,
     "wasted-effort": 1
    },
    "avg_case": {
     "top-5": 0.506,
     "top-10": 1,
     "top-200": 1,
     "exam": 0.08333333333333333,
     "wasted-effort": 1
    },
    "worst_case": {
     "top-5": 0.549,
     "top-10": 1.0,
     "top-200": 1.0,
     "exam": 0.08333333333333333,
     "wasted-effort": 1
    }
   },
   "Ochiai": {
    "best_case": {
     "top-5": 0.57,
     "top-10": 1,
     "top-200": 1,
     "exam": 0.08333333333333333,
     "wasted-effort": 1
    },
    "avg_case": {
     "top-5": 0.536,
     "top-10": 1,
     "top-200": 1,
     "exam": 0.08333333333333333,
     "wasted-effort": 1
    },
    "worst_case": {
     "top-5": 0.565,
     "top-10": 1.0,
     "top-200": 1.0,
     "exam": 0.08333333333333333,
     "wasted-effort": 1
    }
   },
   "DStar": {
    "best_case": {
     "top-5": 0.554,
     "top-10": 1,
     "top-200": 1,
     "exam": 0.08333333333333333,
     "wasted-effort": 1
    },
    "avg_case": {
     "top-5": 0.587,
     "top-10": 1,
     "top-200": 1,
     "exam": 0.08333333333333333,
     "wasted-effort": 1
    },
    "worst_case": {
     "top-5": 0.553,
     "top-10": 1.0,
     "top-200": 1.0,
     "exam": 0.08333333333333333,
     "wasted-effort": 1
    }
   }
  },
  "line_assert_uses": {
   "Tarantula": {
    "best_case": {
     "top-5": 0.545,
     "top-10": 1,
     "top-200": 1,
     "exam": 0.08333333333333333,
     "wasted-effort": 1
    },
    "avg_case": {
     "top-5": 0.574,
     "top-10": 1,
     "top-200": 1,
     "exam": 0.08333333333333333,
     "wasted-effort": 1
    },
    "worst_case": {
     "top-5": 0.547,
     "top-10": 1.0,
     "top-200": 1.0,
     "exam": 0.08333333333333333,
     "wasted-effort": 1
    }
   },
   "Ochiai": {
    "best_case": {
     "top-5": 0.55,
     "top-10": 1,
     "top-200": 1,
     "exam": 0.08333333333333333,
     "wasted-effort": 1
    },
    "avg_case": {
     "top-5": 0.545,
     "top-10": 1,
     "top-200": 1,
     "exam": 0.08333333333333333,
     "wasted-effort": 1
    },
    "worst_case": {
     "top-5": 0.54,
     "top-10": 1.0,
     "top-200": 1.0,
     "exam": 0.08333333333333333,
     "wasted-effort": 1
    }
   },
   "DStar": {
    "best_case": {
     "top-5": 0.542,
     "top-10": 1,
     "top-200": 1,
     "exam": 0.08333333333333333,
     "wasted-effort": 1
    },