{
 "spacy_4": {
  "line": {
   "Tarantula": {
    "best_case": {
     "top-5": 0.25,
     "top-10": 0.474,
     "top-200": 0.228,
     "exam": 0.00015599989147833636,
     "wasted-effort": 21
    },
    "avg_case": {
     "top-5": 0.23,
     "top-10": 0.477,
     "top-200": 0.215,
     "exam": 0.00015599989147833636,
     "wasted-effort": 21
    },
    "worst_case": {
     "top-5": 0.235,
     "top-10": 0.484,
     "top-200": 0.22,
     "exam": 0.00015599989147833636,
     "wasted-effort": 21
    }
   },
   "Ochiai": {
    "best_case": {
     "top-5": 0.242,
     "top-10": 0.465,
     "top-200": 0.211,
     "exam": 0.00015599989147833636,
     "wasted-effort": 21
    },
    "avg_case": {
     "top-5": 0.247,
     "top-10": 0.495,
     "top-200": 0.217,
     "exam": 0.00015599989147833636,
     "wasted-effort": 21
    },
    "worst_case": {
     "top-5": 0.272,
     "top-10": 0.513,
     "top-200": 0.231,
     "exam": 0.00015599989147833636,
     "wasted-effort": 21
    }
   },
   "DStar": {
    "best_case": {
     "top-5": 0.293,
     "top-10": 0.541,
     "top-200": 0.219,
     "exam": 0.00012886947556906047,
     "wasted-effort": 19
    },
    "avg_case": {
     "top-5": 0.267,
     "top-10": 0.552,
     "top-200": 0.227,
     "exam": 0.00012886947556906047,
     "wasted-effort": 19
    },
    "worst_case": {
     "top-5": 0.253,
     "top-10": 0.537,
     "top-200": 0.219,
     "exam": 0.00012886947556906047,
     "wasted-effort": 19
    }
   }
  },
  "line_line": {
   "Tarantula": {
    "best_case": {
     "top-5": 0.25,
     "top-10": 0.458,
     "top-200": 0.228,
     "exam": 0.00015599989147833636,
     "wasted-effort": 21
    },
    "avg_case": {
     "top-5": 0.224,
     "top-10": 0.491,
     "top-200": 0.22,
     "exam": 0.00015599989147833636,
     "wasted-effort": 21
    },
    "worst_case": {
     "top-5": 0.247,
     "top-10": 0.484,
     "top-200": 0.217,
     "exam": 0.00015599989147833636,
     "wasted-effort": 21
    }
   },
   "Ochiai": {
    "best_case": {
     "top-5": 0.235,
     "top-10": 0.496,
     "top-200": 0.24,
     "exam": 0.00015599989147833636,
     "wasted-effort": 21
    },
    "avg_case": {
     "top-5": 0.243,
     "top-10": 0.484,
     "top-200": 0.198,
     "exam": 0.00015599989147833636,
     "wasted-effort": 21
    },
    "worst_case": {
     "top-5": 0.227,
     "top-10": 0.468,
     "top-200": 0.229,
     "exam": 0.00015599989147833636,
     "wasted-effort": 21
    }
   },
   "DStar": {
    "best_case": {
     "top-5": 0.253,
     "top-10": 0.522,
     "top-200": 0.224,
     "exam": 0.00012886947556906047,
     "wasted-effort": 19
    },
    "avg_case": {
     "top-5": 0.249,
     "top-10": 0.503,
     "top-200": 0.23,
     "exam": 0.00012886947556906047,
     "wasted-effort": 19
    },
    "worst_case": {
     "top-5": 0.284,
     "top-10": 0.562,
     "top-200": 0.24,
     "exam": 0.00012886947556906047,
     "wasted-effort": 19
    }
   }
  },
  "line_defuse": {
   "Tarantula": {
    "best_case": {
     "top-5": 0.219,
     "top-10": 0.477,
     "top-200": 0.239,
     "exam": 0.00015599989147833636,
     "wasted-effort": 21
    },
    "avg_case": {
     "top-5": 0.266,
     "top-10": 0.467,
     "top-200": 0.224,
     "exam": 0.00015599989147833636,
     "wasted-effort": 21
    },
    "worst_case": {
     "top-5": 0.236,
     "top-10": 0.483,
     "top-200": 0.224,
     "exam": 0.00015599989147833636,
     "wasted-effort": 21
    }
   },
   "Ochiai": {
    "best_case": {
     "top-5": 0.237,
     "top-10": 0.466,
     "top-200": 0.219,
     "exam": 0.00015599989147833636,
     "wasted-effort": 21
    },
    "avg_case": {
     "top-5": 0.23,
     "top-10": 0.487,
     "top-200": 0.2,
     "exam": 0.00015599989147833636,
     "wasted-effort": 21
    },
    "worst_case": {
     "top-5": 0.227,
     "top-10": 0.476,
     "top-200": 0.227,
     "exam": 0.00015599989147833636,
     "wasted-effort": 21
    }
   },
   "DStar": {
    "best_case": {
     "top-5": 0.292,
     "top-10": 0.524,
     "top-200": 0.201,
     "exam": 0.00012886947556906047,
     "wasted-effort": 19
    },
    "avg_case": {
     "top-5": 0.271,
     "top-10": 0.532,
     "top-200": 0.237,
     "exam": 0.00012886947556906047,
     "wasted-effort": 19
    },
    "worst_case": {
     "top-5": 0.248,
     "top-10": 0.533,
     "top-200": 0.218,
     "exam": 0.00012886947556906047,
     "wasted-effort": 19
    }
   }
  },
  "line_defuses": {
   "Tarantula": {
    "best_case": {
     "top-5": 0.244,
     "top-10": 0.446,
     "top-200": 0.214,
     "exam": 0.00015599989147833636,
     "wasted-effort": 21
    },
    "avg_case": {
     "top-5": 0.236,
     "top-10": 0.452,
     "top-200": 0.197,
     "exam": 0.00015599989147833636,
     "wasted-effort": 21
    },
    "worst_case": {
     "top-5": 0.238,
     "top-10": 0.467,
     "top-200": 0.219,
     "exam": 0.00015599989147833636,
     "wasted-effort": 21
    }
   },
   "Ochiai": {
    "best_case": {
     "top-5": 0.208,
     "top-10": 0.462,
     "top-200": 0.222,
     "exam": 0.00015599989147833636,
     "wasted-effort": 21
    },
    "avg_case": {
     "top-5": 0.256,
     "top-10": 0.466,
     "top-200": 0.246,
     "exam": 0.00015599989147833636,
     "wasted-effort": 21
    },
    "worst_case": {
     "top-5": 0.227,
     "top-10": 0.475,
     "top-200": 0.232,
     "exam": 0.00015599989147833636,
     "wasted-effort": 21
    }
   },
   "DStar": {
    "best_case": {
     "top-5": 0.277,
     "top-10": 0.511,
     "top-200": 0.217,
     "exam": 0.00012886947556906047,
     "wasted-effort": 19
    },
    "avg_case": {
     "top-5": 0.24,
     "top-10": 0.535,
     "top-200": 0.23,
     "exam": 0.00012886947556906047,
     "wasted-effort": 19
    },
    "worst_case": {
     "top-5": 0.245,
     "top-10": 0.511,
     "top-200": 0.219,
     "exam": 0.00012886947556906047,
     "wasted-effort": 19
    }
   }
  },
  "line_assert_use": {
   "Tarantula": {
    "best_case": {
     "top-5": 0.251,
     "top-10": 0.474,
     "top-200": 0.228,
     "exam": 0.00015599989147833636,
     "wasted-effort": 21
    },
    "avg_case": {
     "top-5": 0.234,
     "top-10": 0.472,
     "top-200": 0.19,
     "exam": 0.00015599989147833636,
     "wasted-effort": 21
    },
    "worst_case": {
     "top-5": 0.232,
     "top-10": 0.507,
     "top-200": 0.223,
     "exam": 0.00015599989147833636,
     "wasted-effort": 21
    }
   },
   "Ochiai": {
    "best_case": {
     "top-5": 0.23,
     "top-10": 0.457,
     "top-200": 0.231,
     "exam": 0.00015599989147833636,
     "wasted-effort": 21
    },
    "avg_case": {
     "top-5": 0.228,
     "top-10": 0.481,
     "top-200": 0.217,
     "exam": 0.00015599989147833636,
     "wasted-effort": 21
    },
    "worst_case": {
     "top-5": 0.248,
     "top-10": 0.468,
     "top-200": 0.247,
     "exam": 0.00015599989147833636,
     "wasted-effort": 21
    }
   },
   "DStar": {
    "best_case": {
     "top-5": 0.261,
     "top-10": 0.516,
     "top-200": 0.225,
     "exam": 0.00012886947556906047,
     "wasted-effort": 19
    },
    "avg_case": {
     "top-5": 0.28,
     "top-10": 0.504,
     "top-200": 0.215,
     "exam": 0.00012886947556906047,
     "wasted-effort": 19
    },
    "worst_case": {
     "top-5": 0.249,
     "top-10": 0.545,
     "top-200": 0.22,
     "exam": 0.00012886947556906047,
     "wasted-effort": 19
    }
   }
  },
  "line_assert_uses": {
   "Tarantula": {
    "best_case": {
     "top-5": 0.248,
     "top-10": 0.503,
     "top-200": 0.212,
     "exam": 0.00015599989147833636,
     "wasted-effort": 21
    },
    "avg_case": {
     "top-5": 0.224,
     "top-10": 0.455,
     "top-200": 0.231,
     "exam": 0.00015599989147833636,
     "wasted-effort": 21
    },
    "worst_case": {
     "top-5": 0.246,
     "top-10": 0.49,
     "top-200": 0.234,
     "exam": 0.00015599989147833636,
     "wasted-effort": 21
    }
   },
   "Ochiai": {
    "best_case": {
     "top-5": 0.245,
     "top-10": 0.475,
     "top-200": 0.232,
     "exam": 0.00015599989147833636,