{
 "youtubedl_27": {
  "line": {
   "Tarantula": {
    "best_case": {
     "top-5": 0.884,
     "top-10": 0.006,
     "top-200": 0.081,
     "exam": 1.5736879376819575e-05,
     "wasted-effort": 1
    },
    "avg_case": {
     "top-5": 0.89,
     "top-10": 0.002,
     "top-200": 0.083,
     "exam": 1.5736879376819575e-05,
     "wasted-effort": 1
    },
    "worst_case": {
     "top-5": 0.616,
     "top-10": 0.002,
     "top-200": 0.0295,
     "exam": 7.08159571956881e-05,
     "wasted-effort": 8
    }
   },
   "Ochiai": {
    "best_case": {
     "top-5": 0.9,
     "top-10": 0.004,
     "top-200": 0.079,
     "exam": 1.5736879376819575e-05,
     "wasted-effort": 1
    },
    "avg_case": {
     "top-5": 0.89,
     "top-10": 0.003,
     "top-200": 0.069,
     "exam": 1.5736879376819575e-05,
     "wasted-effort": 1
    },
    "worst_case": {
     "top-5": 0.6125,
     "top-10": 0.001,
     "top-200": 0.036,
     "exam": 7.08159571956881e-05,
     "wasted-effort": 8
    }
   },
   "DStar": {
    "best_case": {
     "top-5": 0.731,
     "top-10": 0.003,
     "top-200": 0.036,
     "exam": 5.5079077818868515e-05,
     "wasted-effort": 7
    },
    "avg_case": {
     "top-5": 0.73,
     "top-10": 0.003,
     "top-200": 0.047,
     "exam": 5.5079077818868515e-05,
     "wasted-effort": 7
    },
    "worst_case": {
     "top-5": 0.361,
     "top-10": 0.0025,
     "top-200": 0.023,
     "exam": 0.08076166496183806,
     "wasted-effort": 5341
    }
   }
  },
  "line_line": {
   "Tarantula": {
    "best_case": {
     "top-5": 1.0,
     "top-10": 0.004,
     "top-200": 0.071,
     "exam": 1.5736879376819575e-05,
     "wasted-effort": 1
    },
    "avg_case": {
     "top-5": 1.0,
     "top-10": 0.001,
     "top-200": 0.087,
     "exam": 1.5736879376819575e-05,
     "wasted-effort": 1
    },
    "worst_case": {
     "top-5": 0.821,
     "top-10": 0.002,
     "top-200": 0.0365,
     "exam": 5.5079077818868515e-05,
     "wasted-effort": 6
    }
   },
   "Ochiai": {
    "best_case": {
     "top-5": 1.0,
     "top-10": 0.004,
     "top-200": 0.076,
     "exam": 1.5736879376819575e-05,
     "wasted-effort": 1
    },
    "avg_case": {
     "top-5": 1.0,
     "top-10": 0.005,
     "top-200": 0.085,
     "exam": 1.5736879376819575e-05,
     "wasted-effort": 1
    },
    "worst_case": {
     "top-5": 0.8225,
     "top-10": 0.001,
     "top-200": 0.0375,
     "exam": 5.5079077818868515e-05,
     "wasted-effort": 6
    }
   },
   "DStar": {
    "best_case": {
     "top-5": 1,
     "top-10": 0.0,
     "top-200": 0.043,
     "exam": 3.934219844204894e-05,
     "wasted-effort": 5
    },
    "avg_case": {
     "top-5": 1.0,
     "top-10": 0.001,
     "top-200": 0.05,
     "exam": 3.934219844204894e-05,
     "wasted-effort": 5
    },
    "worst_case": {
     "top-5": 0.5,
     "top-10": 0.0015,
     "top-200": 0.0215,
     "exam": 0.08076166496183806,
     "wasted-effort": 5341
    }
   }
  },
  "line_defuse": {
   "Tarantula": {
    "best_case": {
     "top-5": 1,
     "top-10": 0.001,
     "top-200": 0.087,
     "exam": 3.934219844204894e-05,
     "wasted-effort": 5
    },
    "avg_case": {
     "top-5": 1.0,
     "top-10": 0.005,
     "top-200": 0.08,
     "exam": 3.934219844204894e-05,
     "wasted-effort": 5
    },
    "worst_case": {
     "top-5": 0.5,
     "top-10": 0.001,
     "top-200": 0.042,
     "exam": 9.442127626091746e-05,
     "wasted-effort": 6
    }
   },
   "Ochiai": {
    "best_case": {
     "top-5": 1.0,
     "top-10": 0.004,
     "top-200": 0.099,
     "exam": 1.5736879376819575e-05,
     "wasted-effort": 1
    },
    "avg_case": {
     "top-5": 1.0,
     "top-10": 0.002,
     "top-200": 0.071,
     "exam": 1.5736879376819575e-05,
     "wasted-effort": 1
    },
    "worst_case": {
     "top-5": 0.8355,
     "top-10": 0.003,
     "top-200": 0.04,
     "exam": 5.5079077818868515e-05,
     "wasted-effort": 6
    }
   },
   "DStar": {
    "best_case": {
     "top-5": 1,
     "top-10": 0.0,
     "top-200": 0.038,
     "exam": 3.934219844204894e-05,
     "wasted-effort": 5
    },
    "avg_case": {
     "top-5": 1.0,
     "top-10": 0.0,
     "top-200": 0.037,
     "exam": 3.934219844204894e-05,
     "wasted-effort": 5
    },
    "worst_case": {
     "top-5": 0.5,
     "top-10": 0.0,
     "top-200": 0.018,
     "exam": 0.08076166496183806,
     "wasted-effort": 5341
    }
   }
  },
  "line_defuses": {
   "Tarantula": {
    "best_case": {
     "top-5": 1,
     "top-10": 0.004,
     "top-200": 0.087,
     "exam": 3.934219844204894e-05,
     "wasted-effort": 5
    },
    "avg_case": {
     "top-5": 1.0,
     "top-10": 0.006,
     "top-200": 0.075,
     "exam": 3.934219844204894e-05,
     "wasted-effort": 5
    },
    "worst_case": {
     "top-5": 0.5,
     "top-10": 0.0015,
     "top-200": 0.0465,
     "exam": 9.442127626091746e-05,
     "wasted-effort": 6
    }
   },
   "Ochiai": {
    "best_case": {
     "top-5": 1.0,
     "top-10": 0.004,
     "top-200": 0.085,
     "exam": 1.5736879376819575e-05,
     "wasted-effort": 1
    },
    "avg_case": {
     "top-5": 1.0,
     "top-10": 0.003,
     "top-200": 0.072,
     "exam": 1.5736879376819575e-05,
     "wasted-effort": 1
    },
    "worst_case": {
     "top-5": 0.83,
     "top-10": 0.003,
     "top-200": 0.047,
     "exam": 5.5079077818868515e-05,
     "wasted-effort": 6
    }
   },
   "DStar": {
    "best_case": {
     "top-5": 1,
     "top-10": 0.003,
     "top-200": 0.037,
     "exam": 3.934219844204894e-05,
     "wasted-effort": 5
    },
    "avg_case": {
     "top-5": 1.0,
     "top-10": 0.001,
     "top-200": 0.04,
     "exam": 3.934219844204894e-05,
     "wasted-effort": 5
    },
    "worst_case": {
     "top-5": 0.5,
     "top-10": 0.0005,
     "top-200": 0.022,
     "exam": 0.08076166496183806,
     "wasted-effort": 5341
    }
   }
  },
  "line_assert_use": {
   "Tarantula": {
    "best_case": {
     "top-5": 1,
     "top-10": 0.005,
     "top-200": 0.077,
     "exam": 3.934219844204894e-05,
     "wasted-effort": 5
    },
    "avg_case": {
     "top-5": 1.0,
     "top-10": 0.001,
     "top-200": 0.067,
     "exam": 3.934219844204894e-05,
     "wasted-effort": 5
    },
    "worst_case": {
     "top-5": 0.5,
     "top-10": 0.004,
     "top-200": 0.044,
     "exam": 9.442127626091746e-05,
     "wasted-effort": 6
    }
   },
   "Ochiai": {
    "best_case": {
     "top-5": 1.0,
     "top-10": 0.006,
     "top-200": 0.088,
     "exam": 1.5736879376819575e-05,
     "wasted-effort": 1
    },
    "avg_case": {
     "top-5": 1.0,
     "top-10": 0.007,
     "top-200": 0.076,
     "exam": 1.5736879376819575e-05,
     "wasted-effort": 1
    },
    "worst_case": {
     "top-5": 0.836,
     "top-10": 0.0025,
     "top-200": 0.034,
     "exam": 5.5079077818868515e-05,
     "wasted-effort": 6
    }
   },
   "DStar": {
    "best_case": {
     "top-5": 1,
     "top-10": 0.003,
     "top-200": 0.043,
     "exam": 3.934219844204894e-05,
     "wasted-effort": 5
    },
    "avg_case": {
     "top-5": 1.0,
     "top-10": 0.002,
     "top-200": 0.04,
     "exam": 3.934219844204894e-05,
     "wasted-effort": 5
    },
    "worst_case": {
     "top-5": 0.5,
     "top-10": 0.0015,
     "top-200": 0.018,
     "exam": 0.08076166496183806,
     "wasted-effort": 5341
    }
   }
  },
  "line_assert_uses": {
   "Tarantula": {
    "best_case": {
     "top-5": 1,
     "top-10": 0.008,
     "top-200": 0.08,
     "exam": 3.934219844204894e-05,
     "wasted-effort": 5
    },
    "avg_case": {
     "top-5": 1.0,
     "top-10": 0.002,
     "top-200": 0.099,
     "exam": 3.934219844204894e-05,
     "wasted-effort": 5
    },
    "worst_case": {
     "top-5": 0.5,
     "top-10": 0.002,
     "top-200": 0.044,
     "exam": 9.442127626091746e-05,
     "wasted-effort": 6
    }
   },
   "Ochiai": {
    "best_case": {
     "top-5": 1.0,
     "top-10": 0.006,
     "top-200": 0.071,
     "exam": 1.5736879376819575e-05,
     "wasted-effort": 1
    },
    "avg_case": {
     "top-5": 1.0,
     "top-10": 0.002,
     "top-200": 0.108,