{
 "youtubedl_13": {
  "line": {
   "Tarantula": {
    "best_case": {
     "top-5": 0.482,
     "top-10": 0.908,
     "top-200": 0.033,
     "exam": 4.925578979420035e-05,
     "wasted-effort": 11
    },
    "avg_case": {
     "top-5": 0.475,
     "top-10": 0.921,
     "top-200": 0.025,
     "exam": 4.925578979420035e-05,
     "wasted-effort": 11
    },
    "worst_case": {
     "top-5": 0.436,
     "top-10": 0.909,
     "top-200": 0.028,
     "exam": 4.925578979420035e-05,
     "wasted-effort": 11
    }
   },
   "Ochiai": {
    "best_case": {
     "top-5": 0.453,
     "top-10": 0.904,
     "top-200": 0.028,
     "exam": 4.925578979420035e-05,
     "wasted-effort": 11
    },
    "avg_case": {
     "top-5": 0.454,
     "top-10": 0.906,
     "top-200": 0.032,
     "exam": 4.925578979420035e-05,
     "wasted-effort": 11
    },
    "worst_case": {
     "top-5": 0.458,
     "top-10": 0.899,
     "top-200": 0.019,
     "exam": 4.925578979420035e-05,
     "wasted-effort": 11
    }
   },
   "DStar": {
    "best_case": {
     "top-5": 0.0,
     "top-10": 0.0,
     "top-200": 0.0,
     "exam": 0.07112088266375312,
     "wasted-effort": 8310
    },
    "avg_case": {
     "top-5": 0.0,
     "top-10": 0.0,
     "top-200": 0.0,
     "exam": 0.07112088266375312,
     "wasted-effort": 8310
    },
    "worst_case": {
     "top-5": 0.0,
     "top-10": 0.0,
     "top-200": 0.0,
     "exam": 0.07112088266375312,
     "wasted-effort": 8310
    }
   }
  },
  "line_line": {
   "Tarantula": {
    "best_case": {
     "top-5": 0.84,
     "top-10": 0.925,
     "top-200": 0.028,
     "exam": 2.6866794433200193e-05,
     "wasted-effort": 6
    },
    "avg_case": {
     "top-5": 0.817,
     "top-10": 0.912,
     "top-200": 0.028,
     "exam": 2.6866794433200193e-05,
     "wasted-effort": 6
    },
    "worst_case": {
     "top-5": 0.812,
     "top-10": 0.904,
     "top-200": 0.019,
     "exam": 2.6866794433200193e-05,
     "wasted-effort": 6
    }
   },
   "Ochiai": {
    "best_case": {
     "top-5": 0.856,
     "top-10": 0.904,
     "top-200": 0.019,
     "exam": 2.6866794433200193e-05,
     "wasted-effort": 6
    },
    "avg_case": {
     "top-5": 0.84,
     "top-10": 0.893,
     "top-200": 0.03,
     "exam": 2.6866794433200193e-05,
     "wasted-effort": 6
    },
    "worst_case": {
     "top-5": 0.834,
     "top-10": 0.902,
     "top-200": 0.026,
     "exam": 2.6866794433200193e-05,
     "wasted-effort": 6
    }
   },
   "DStar": {
    "best_case": {
     "top-5": 0.0,
     "top-10": 0.0,
     "top-200": 0.0,
     "exam": 0.07112088266375312,
     "wasted-effort": 8310
    },
    "avg_case": {
     "top-5": 0.0,
     "top-10": 0.0,
     "top-200": 0.0,
     "exam": 0.07112088266375312,
     "wasted-effort": 8310
    },
    "worst_case": {
     "top-5": 0.0,
     "top-10": 0.0,
     "top-200": 0.0,
     "exam": 0.07112088266375312,
     "wasted-effort": 8310
    }
   }
  },
  "line_defuse": {
   "Tarantula": {
    "best_case": {
     "top-5": 0.838,
     "top-10": 0.919,
     "top-200": 0.022,
     "exam": 2.6866794433200193e-05,
     "wasted-effort": 6
    },
    "avg_case": {
     "top-5": 0.843,
     "top-10": 0.916,
     "top-200": 0.027,
     "exam": 2.6866794433200193e-05,
     "wasted-effort": 6
    },
    "worst_case": {
     "top-5": 0.829,
     "top-10": 0.925,
     "top-200": 0.03,
     "exam": 2.6866794433200193e-05,
     "wasted-effort": 6
    }
   },
   "Ochiai": {
    "best_case": {
     "top-5": 0.832,
     "top-10": 0.919,
     "top-200": 0.024,
     "exam": 2.6866794433200193e-05,
     "wasted-effort": 6
    },
    "avg_case": {
     "top-5": 0.847,
     "top-10": 0.91,
     "top-200": 0.03,
     "exam": 2.6866794433200193e-05,
     "wasted-effort": 6
    },
    "worst_case": {
     "top-5": 0.83,
     "top-10": 0.906,
     "top-200": 0.029,
     "exam": 2.6866794433200193e-05,
     "wasted-effort": 6
    }
   },
   "DStar": {
    "best_case": {
     "top-5": 0.0,
     "top-10": 0.0,
     "top-200": 0.0,
     "exam": 0.07112088266375312,
     "wasted-effort": 8310
    },
    "avg_case": {
     "top-5": 0.0,
     "top-10": 0.0,
     "top-200": 0.0,
     "exam": 0.07112088266375312,
     "wasted-effort": 8310
    },
    "worst_case": {
     "top-5": 0.0,
     "top-10": 0.0,
     "top-200": 0.0,
     "exam": 0.07112088266375312,
     "wasted-effort": 8310
    }
   }
  },
  "line_defuses": {
   "Tarantula": {
    "best_case": {
     "top-5": 0.816,
     "top-10": 0.909,
     "top-200": 0.025,
     "exam": 2.6866794433200193e-05,
     "wasted-effort": 6
    },
    "avg_case": {
     "top-5": 0.821,
     "top-10": 0.904,
     "top-200": 0.025,
     "exam": 2.6866794433200193e-05,
     "wasted-effort": 6
    },
    "worst_case": {
     "top-5": 0.841,
     "top-10": 0.907,
     "top-200": 0.031,
     "exam": 2.6866794433200193e-05,
     "wasted-effort": 6
    }
   },
   "Ochiai": {
    "best_case": {
     "top-5": 0.839,
     "top-10": 0.894,
     "top-200": 0.027,
     "exam": 2.6866794433200193e-05,
     "wasted-effort": 6
    },
    "avg_case": {
     "top-5": 0.828,
     "top-10": 0.918,
     "top-200": 0.026,
     "exam": 2.6866794433200193e-05,
     "wasted-effort": 6
    },
    "worst_case": {
     "top-5": 0.851,
     "top-10": 0.893,
     "top-200": 0.027,
     "exam": 2.6866794433200193e-05,
     "wasted-effort": 6
    }
   },
   "DStar": {
    "best_case": {
     "top-5": 0.0,
     "top-10": 0.0,
     "top-200": 0.0,
     "exam": 0.07112088266375312,
     "wasted-effort": 8310
    },
    "avg_case": {
     "top-5": 0.0,
     "top-10": 0.0,
     "top-200": 0.0,
     "exam": 0.07112088266375312,
     "wasted-effort": 8310
    },
    "worst_case": {
     "top-5": 0.0,
     "top-10": 0.0,
     "top-200": 0.0,
     "exam": 0.07112088266375312,
     "wasted-effort": 8310
    }
   }
  },
  "line_assert_use": {
   "Tarantula": {
    "best_case": {
     "top-5": 0.829,
     "top-10": 0.91,
     "top-200": 0.027,
     "exam": 2.6866794433200193e-05,
     "wasted-effort": 6
    },
    "avg_case": {
     "top-5": 0.85,
     "top-10": 0.907,
     "top-200": 0.037,
     "exam": 2.6866794433200193e-05,
     "wasted-effort": 6
    },
    "worst_case": {
     "top-5": 0.813,
     "top-10": 0.903,
     "top-200": 0.029,
     "exam": 2.6866794433200193e-05,
     "wasted-effort": 6
    }
   },
   "Ochiai": {
    "best_case": {
     "top-5": 0.846,
     "top-10": 0.903,
     "top-200": 0.031,
     "exam": 2.6866794433200193e-05,
     "wasted-effort": 6
    },
    "avg_case": {
     "top-5": 0.831,
     "top-10": 0.896,
     "top-200": 0.024,
     "exam": 2.6866794433200193e-05,
     "wasted-effort": 6
    },
    "worst_case": {
     "top-5": 0.846,
     "top-10": 0.904,
     "top-200": 0.015,
     "exam": 2.6866794433200193e-05,
     "wasted-effort": 6
    }
   },
   "DStar": {
    "best_case": {
     "top-5": 0.0,
     "top-10": 0.0,
     "top-200": 0.0,
     "exam": 0.07112088266375312,
     "wasted-effort": 8310
    },
    "avg_case": {
     "top-5": 0.0,
     "top-10": 0.0,
     "top-200": 0.0,
     "exam": 0.07112088266375312,
     "wasted-effort": 8310
    },
    "worst_case": {
     "top-5": 0.0,
     "top-10": 0.0,
     "top-200": 0.0,
     "exam": 0.07112088266375312,
     "wasted-effort": 8310
    }
   }
  },
  "line_assert_uses": {
   "Tarantula": {
    "best_case": {
     "top-5": 0.849,
     "top-10": 0.901,
     "top-200": 0.03,
     "exam": 2.6866794433200193e-05,
     "wasted-effort": 6
    },
    "avg_case": {
     "top-5": 0.821,
     "top-10": 0.917,
     "top-200": 0.03,
     "exam": 2.6866794433200193e-05,
     "wasted-effort": 6
    },
    "worst_case": {
     "top-5": 0.84,
     "top-10": 0.91,
     "top-200": 0.03,
     "exam": 2.6866794433200193e-05,
     "wasted-effort": 6
    }
   },
   "Ochiai": {
    "best_case": {
     "top-5": 0.839,
     "top-10": 0.913,
     "top-200": 0.026,
     "exam": 2.6866794433200193e-05,
     "wasted-effort": 6
    },
    "avg_case": {
     "top-5": 0.84,
     "top-10": 0.906,
     "top-200": 0.022,