{
 "pysnooper_2": {
  "lines": 0.16587400436401367,
  "lines_line": 0.1809234619140625,
  "lines_defuse": 0.1847672462463379,
  "lines_defuses": 0.18277955055236816,
  "lines_assert_use": 0.18315720558166504,
  "lines_assert_uses": 0.1805131435394287
 },
 "pysnooper_3": {
  "lines": 0.015377283096313477,
  "lines_line": 0.016521453857421875,
  "lines_defuse": 0.016541004180908203,
  "lines_defuses": 0.01656937599182129,
  "lines_assert_use": 0.01663041114807129,
  "lines_assert_uses": 0.01652050018310547
 }
}