{
 "httpie_1": {
  "lines": 0.06015944480895996,
  "lines_line": 0.062215566635131836,
  "lines_defuse": 0.06531095504760742,
  "lines_defuses": 0.06204390525817871,
  "lines_assert_use": 0.06273770332336426,
  "lines_assert_uses": 0.0632016658782959
 },
 "httpie_2": {
  "lines": 0.038132667541503906,
  "lines_line": 0.06780695915222168,
  "lines_defuse": 0.036116838455200195,
  "lines_defuses": 0.03677678108215332,
  "lines_assert_use": 0.03694796562194824,
  "lines_assert_uses": 0.03802657127380371
 },
 "httpie_3": {
  "lines": 0.08244204521179199,
  "lines_line": 0.07304716110229492,
  "lines_defuse": 0.07433438301086426,
  "lines_defuses": 0.07355713844299316,
  "lines_assert_use": 0.07064938545227051,
  "lines_assert_uses": 0.07166433334350586
 },
 "httpie_4": {
  "lines": 0.07457876205444336,
  "lines_line": 0.09328341484069824,
  "lines_defuse": 0.1182551383972168,
  "lines_defuses": 0.10888266563415527,
  "lines_assert_use": 0.07527780532836914,
  "lines_assert_uses": 0.07405662536621094
 },
 "httpie_5": {
  "lines": 0.02740931510925293,
  "lines_line": 0.023035526275634766,
  "lines_defuse": 0.023471832275390625,
  "lines_defuses": 0.023627519607543945,
  "lines_assert_use": 0.023695707321166992,
  "lines_assert_uses": 0.024243593215942383
 }
}