{
 "pysnooper_2": {
  "lines": 0.17509841918945312,
  "lines_line": 0.18823885917663574,
  "lines_defuse": 0.18774056434631348,
  "lines_defuses": 0.1912539005279541,
  "lines_assert_use": 0.18724441528320312,
  "lines_assert_uses": 0.18809843063354492
 },
 "pysnooper_3": {
  "lines": 0.016450881958007812,
  "lines_line": 0.01693582534790039,
  "lines_defuse": 0.016974687576293945,
  "lines_defuses": 0.016750097274780273,
  "lines_assert_use": 0.016809463500976562,
  "lines_assert_uses": 0.01703357696533203
 }
}