{
 "tqdm_1": {
  "lines": 0.012253522872924805,
  "lines_line": 0.011894464492797852,
  "lines_defuse": 0.011826038360595703,
  "lines_defuses": 0.011705875396728516,
  "lines_assert_use": 0.012275218963623047,
  "lines_assert_uses": 0.03097391128540039
 },
 "tqdm_2": {
  "lines": 0.18488335609436035,
  "lines_line": 0.17529296875,
  "lines_defuse": 0.1797184944152832,
  "lines_defuses": 0.2781238555908203,
  "lines_assert_use": 0.18984293937683105,
  "lines_assert_uses": 0.1970839500427246
 },
 "tqdm_3": {
  "lines": 0.378925085067749,
  "lines_line": 0.3715641498565674,
  "lines_defuse": 0.3931267261505127,
  "lines_defuses": 0.47226762771606445,
  "lines_assert_use": 0.3814222812652588,
  "lines_assert_uses": 0.482485294342041
 },
 "tqdm_4": {
  "lines": 0.34748244285583496,
  "lines_line": 0.48087453842163086,
  "lines_defuse": 0.4186592102050781,
  "lines_defuses": 0.4058229923248291,
  "lines_assert_use": 0.3477191925048828,
  "lines_assert_uses": 0.6903398036956787
 },
 "tqdm_5": {
  "lines": 0.36788177490234375,
  "lines_line": 0.3774566650390625,
  "lines_defuse": 0.3160519599914551,
  "lines_defuses": 0.4175436496734619,
  "lines_assert_use": 0.31177735328674316,
  "lines_assert_uses": 0.32224011421203613
 },
 "tqdm_6": {
  "lines": 1.084305763244629,
  "lines_line": 0.8859498500823975,
  "lines_defuse": 0.9885997772216797,
  "lines_defuses": 0.9841530323028564,
  "lines_assert_use": 0.9706952571868896,
  "lines_assert_uses": 0.9617877006530762
 },
 "tqdm_7": {
  "lines": 0.23579692840576172,
  "lines_line": 0.3542056083679199,
  "lines_defuse": 0.24985051155090332,
  "lines_defuses": 0.2531700134277344,
  "lines_assert_use": 0.45406532287597656,
  "lines_assert_uses": 0.3011343479156494
 },
 "tqdm_8": {
  "lines": 0.13485956192016602,
  "lines_line": 0.13609600067138672,
  "lines_defuse": 0.1470811367034912,
  "lines_defuses": 0.14244771003723145,
  "lines_assert_use": 0.19155097007751465,
  "lines_assert_uses": 0.1867058277130127
 },
 "tqdm_9": {
  "lines": 0.01732325553894043,
  "lines_line": 0.017032861709594727,
  "lines_defuse": 0.016997814178466797,
  "lines_defuses": 0.017063379287719727,
  "lines_assert_use": 0.016525745391845703,
  "lines_assert_uses": 0.016669034957885742
 }
}