{
 "tornado_1": {
  "lines": 1.2712790966033936,
  "lines_line": 1.3855664730072021,
  "lines_defuse": 1.3603689670562744,
  "lines_defuses": 1.3625819683074951,
  "lines_assert_use": 1.372483730316162,
  "lines_assert_uses": 1.3491051197052002
 },
 "tornado_2": {
  "lines": 1.1880486011505127,
  "lines_line": 1.2458853721618652,
  "lines_defuse": 1.2558469772338867,
  "lines_defuses": 1.2852213382720947,
  "lines_assert_use": 1.2438647747039795,
  "lines_assert_uses": 1.2632167339324951
 },
 "tornado_3": {
  "lines": 1.0696673393249512,
  "lines_line": 1.141118049621582,
  "lines_defuse": 1.1461689472198486,
  "lines_defuses": 1.1330580711364746,
  "lines_assert_use": 1.1396074295043945,
  "lines_assert_uses": 1.1759474277496338
 },
 "tornado_4": {
  "lines": 1.0268173217773438,
  "lines_line": 1.0808932781219482,
  "lines_defuse": 1.0963163375854492,
  "lines_defuses": 1.098447322845459,
  "lines_assert_use": 1.1008450984954834,
  "lines_assert_uses": 1.1007108688354492
 },
 "tornado_5": {
  "lines": 0.3943169116973877,
  "lines_line": 0.4289572238922119,
  "lines_defuse": 0.4317927360534668,
  "lines_defuses": 0.42630624771118164,
  "lines_assert_use": 0.4401736259460449,
  "lines_assert_uses": 0.4271049499511719
 },
 "tornado_6": {
  "lines": 0.07013058662414551,
  "lines_line": 0.046875953674316406,
  "lines_defuse": 0.04745364189147949,
  "lines_defuses": 0.04650259017944336,
  "lines_assert_use": 0.04739212989807129,
  "lines_assert_uses": 0.0467069149017334
 },
 "tornado_7": {
  "lines": 0.3631613254547119,
  "lines_line": 0.3927767276763916,
  "lines_defuse": 0.3862175941467285,
  "lines_defuses": 0.3896188735961914,
  "lines_assert_use": 0.38545727729797363,
  "lines_assert_uses": 0.38924670219421387
 },
 "tornado_8": {
  "lines": 1.400489330291748,
  "lines_line": 1.5108301639556885,
  "lines_defuse": 1.5265395641326904,
  "lines_defuses": 1.5264956951141357,
  "lines_assert_use": 1.5193836688995361,
  "lines_assert_uses": 1.571969985961914
 },
 "tornado_9": {
  "lines": 0.16307592391967773,
  "lines_line": 0.17483925819396973,
  "lines_defuse": 0.1784496307373047,
  "lines_defuses": 0.17838764190673828,
  "lines_assert_use": 0.1766805648803711,
  "lines_assert_uses": 0.17634320259094238
 },
 "tornado_10": {
  "lines": 1.4500172138214111,
  "lines_line": 1.55781888961792,
  "lines_defuse": 1.5560731887817383,
  "lines_defuses": 1.5515892505645752,
  "lines_assert_use": 1.5689284801483154,
  "lines_assert_uses": 1.580798625946045
 },
 "tornado_11": {
  "lines": 0.2665276527404785,
  "lines_line": 0.3067896366119385,
  "lines_defuse": 0.28827977180480957,
  "lines_defuses": 0.2829134464263916,
  "lines_assert_use": 0.279618501663208,
  "lines_assert_uses": 0.3081328868865967
 },
 "tornado_12": {
  "lines": 1.2837324142456055,
  "lines_line": 1.397078275680542,
  "lines_defuse": 1.3855278491973877,
  "lines_defuses": 1.398026943206787,
  "lines_assert_use": 1.4013779163360596,
  "lines_assert_uses": 1.400663137435913
 },
 "tornado_13": {
  "lines": 1.678727388381958,
  "lines_line": 1.7815942764282227,
  "lines_defuse": 1.7736270427703857,
  "lines_defuses": 1.7697703838348389,
  "lines_assert_use": 1.7791452407836914,
  "lines_assert_uses": 1.7798421382904053
 },
 "tornado_14": {
  "lines": 0.38431668281555176,
  "lines_line": 0.4355301856994629,
  "lines_defuse": 0.40378403663635254,
  "lines_defuses": 0.4056727886199951,
  "lines_assert_use": 0.4103200435638428,
  "lines_assert_uses": 0.4073679447174072
 },
 "tornado_15": {
  "lines": 1.2844204902648926,
  "lines_line": 1.3822393417358398,
  "lines_defuse": 1.3962922096252441,
  "lines_defuses": 1.396263837814331,
  "lines_assert_use": 1.390881061553955,
  "lines_assert_uses": 1.380481481552124
 },
 "tornado_16": {
  "lines": 0.0404055118560791,
  "lines_line": 0.0431058406829834,
  "lines_defuse": 0.04236316680908203,
  "lines_defuses": 0.042849063873291016,
  "lines_assert_use": 0.043564796447753906,
  "lines_assert_uses": 0.04432821273803711
 }
}