{
 "cookiecutter_2": {
  "line": {
   "Tarantula": 0.0003180503845214844,
   "Ochiai": 0.0004017353057861328,
   "DStar": 0.00026488304138183594
  },
  "line_line": {
   "Tarantula": 0.00027441978454589844,
   "Ochiai": 0.00039649009704589844,
   "DStar": 0.0002665519714355469
  },
  "line_defuse": {
   "Tarantula": 0.0002739429473876953,
   "Ochiai": 0.000396728515625,
   "DStar": 0.00027060508728027344
  },
  "line_defuses": {
   "Tarantula": 0.0002758502960205078,
   "Ochiai": 0.00039505958557128906,
   "DStar": 0.00027108192443847656
  },
  "line_assert_use": {
   "Tarantula": 0.0002739429473876953,
   "Ochiai": 0.00039386749267578125,
   "DStar": 0.00027823448181152344
  },
  "line_assert_uses": {
   "Tarantula": 0.00027680397033691406,
   "Ochiai": 0.00039649009704589844,
   "DStar": 0.0002713203430175781
  }
 },
 "cookiecutter_3": {
  "line": {
   "Tarantula": 0.00013828277587890625,
   "Ochiai": 0.00019431114196777344,
   "DStar": 0.00013637542724609375
  },
  "line_line": {
   "Tarantula": 0.00014281272888183594,
   "Ochiai": 0.00019788742065429688,
   "DStar": 0.0001442432403564453
  },
  "line_defuse": {
   "Tarantula": 0.00014162063598632812,
   "Ochiai": 0.0001995563507080078,
   "DStar": 0.00014257431030273438
  },
  "line_defuses": {
   "Tarantula": 0.00014328956604003906,
   "Ochiai": 0.000202178955078125,
   "DStar": 0.00014328956604003906
  },
  "line_assert_use": {
   "Tarantula": 0.00014281272888183594,
   "Ochiai": 0.0001971721649169922,
   "DStar": 0.00014448165893554688
  },
  "line_assert_uses": {
   "Tarantula": 0.0001430511474609375,
   "Ochiai": 0.0001976490020751953,
   "DStar": 0.0001423358917236328
  }
 },
 "cookiecutter_4": {
  "line": {
   "Tarantula": 0.0003800392150878906,
   "Ochiai": 0.0006375312805175781,
   "DStar": 0.00036978721618652344
  },
  "line_line": {
   "Tarantula": 0.0003886222839355469,
   "Ochiai": 0.0005793571472167969,
   "DStar": 0.00038051605224609375
  },
  "line_defuse": {
   "Tarantula": 0.0003910064697265625,
   "Ochiai": 0.0005755424499511719,
   "DStar": 0.0003790855407714844
  },
  "line_defuses": {
   "Tarantula": 0.00039196014404296875,
   "Ochiai": 0.000579833984375,
   "DStar": 0.0003814697265625
  },
  "line_assert_use": {
   "Tarantula": 0.0003972053527832031,
   "Ochiai": 0.0005755424499511719,
   "DStar": 0.00038552284240722656
  },
  "line_assert_uses": {
   "Tarantula": 0.0003960132598876953,
   "Ochiai": 0.0005834102630615234,
   "DStar": 0.0003821849822998047
  }
 }
}