{
 "expression_1": {
  "line": {
   "Tarantula": 0.00027561187744140625,
   "Ochiai": 0.00023126602172851562,
   "DStar": 0.00014472007751464844,
   "Naish1": 0.0001418590545654297,
   "Naish2": 0.0001494884490966797,
   "GP13": 0.00015282630920410156
  },
  "line_line": {
   "Tarantula": 0.00018334388732910156,
   "Ochiai": 0.00023055076599121094,
   "DStar": 0.00014925003051757812,
   "Naish1": 0.0001468658447265625,
   "Naish2": 0.00015211105346679688,
   "GP13": 0.0001513957977294922
  },
  "line_defuse": {
   "Tarantula": 0.00018334388732910156,
   "Ochiai": 0.0002315044403076172,
   "DStar": 0.00015091896057128906,
   "Naish1": 0.00014638900756835938,
   "Naish2": 0.00014710426330566406,
   "GP13": 0.00014901161193847656
  },
  "line_defuses": {
   "Tarantula": 0.00018405914306640625,
   "Ochiai": 0.00022745132446289062,
   "DStar": 0.00015091896057128906,
   "Naish1": 0.00014925003051757812,
   "Naish2": 0.00014853477478027344,
   "GP13": 0.0001513957977294922
  },
  "line_assert_use": {
   "Tarantula": 0.00019168853759765625,
   "Ochiai": 0.0002300739288330078,
   "DStar": 0.0001499652862548828,
   "Naish1": 0.0001456737518310547,
   "Naish2": 0.00014925003051757812,
   "GP13": 0.000148773193359375
  },
  "line_assert_uses": {
   "Tarantula": 0.00018310546875,
   "Ochiai": 0.00022482872009277344,
   "DStar": 0.00015211105346679688,
   "Naish1": 0.000148773193359375,
   "Naish2": 0.00015044212341308594,
   "GP13": 0.00015163421630859375
  }
 }
}