{
 "sanic_1": {
  "line": {
   "Tarantula": 0.003622293472290039,
   "Ochiai": 0.013851404190063477,
   "DStar": 0.0031850337982177734,
   "Naish1": 0.002976655960083008,
   "Naish2": 0.003113985061645508,
   "GP13": 0.003210306167602539
  },
  "line_line": {
   "Tarantula": 0.003418445587158203,
   "Ochiai": 0.004803180694580078,
   "DStar": 0.003322601318359375,
   "Naish1": 0.0032858848571777344,
   "Naish2": 0.003138303756713867,
   "GP13": 0.0032706260681152344
  },
  "line_defuse": {
   "Tarantula": 0.003219127655029297,
   "Ochiai": 0.004832267761230469,
   "DStar": 0.003301382064819336,
   "Naish1": 0.003305196762084961,
   "Naish2": 0.003195524215698242,
   "GP13": 0.003290891647338867
  },
  "line_defuses": {
   "Tarantula": 0.003197193145751953,
   "Ochiai": 0.004746437072753906,
   "DStar": 0.0032792091369628906,
   "Naish1": 0.003327608108520508,
   "Naish2": 0.0032339096069335938,
   "GP13": 0.0032699108123779297
  },
  "line_assert_use": {
   "Tarantula": 0.003183603286743164,
   "Ochiai": 0.0048258304595947266,
   "DStar": 0.0032753944396972656,
   "Naish1": 0.0032737255096435547,
   "Naish2": 0.0031919479370117188,
   "GP13": 0.003304004669189453
  },
  "line_assert_uses": {
   "Tarantula": 0.0031762123107910156,
   "Ochiai": 0.0047757625579833984,
   "DStar": 0.0032951831817626953,
   "Naish1": 0.0033545494079589844,
   "Naish2": 0.0031969547271728516,
   "GP13": 0.0032548904418945312
  }
 },
 "sanic_3": {
  "line": {
   "Tarantula": 0.002637147903442383,
   "Ochiai": 0.00392460823059082,
   "DStar": 0.0027239322662353516,
   "Naish1": 0.002508878707885742,
   "Naish2": 0.0026578903198242188,
   "GP13": 0.0027120113372802734
  },
  "line_line": {
   "Tarantula": 0.0027403831481933594,
   "Ochiai": 0.0041086673736572266,
   "DStar": 0.002827167510986328,
   "Naish1": 0.00275421142578125,
   "Naish2": 0.002717733383178711,
   "GP13": 0.0028007030487060547
  },
  "line_defuse": {
   "Tarantula": 0.002753019332885742,
   "Ochiai": 0.004082679748535156,
   "DStar": 0.002829313278198242,
   "Naish1": 0.0027332305908203125,
   "Naish2": 0.002705097198486328,
   "GP13": 0.0027923583984375
  },
  "line_defuses": {
   "Tarantula": 0.0027866363525390625,
   "Ochiai": 0.00409245491027832,
   "DStar": 0.0028183460235595703,
   "Naish1": 0.002744436264038086,
   "Naish2": 0.002697467803955078,
   "GP13": 0.0027875900268554688
  },
  "line_assert_use": {
   "Tarantula": 0.0029268264770507812,
   "Ochiai": 0.0041086673736572266,
   "DStar": 0.0028121471405029297,
   "Naish1": 0.002710580825805664,
   "Naish2": 0.0027222633361816406,
   "GP13": 0.0027780532836914062
  },
  "line_assert_uses": {
   "Tarantula": 0.0027780532836914062,
   "Ochiai": 0.004256010055541992,
   "DStar": 0.011855363845825195,
   "Naish1": 0.0027594566345214844,
   "Naish2": 0.002726316452026367,
   "GP13": 0.002785921096801758
  }
 },
 "sanic_4": {
  "line": {
   "Tarantula": 0.0033867359161376953,
   "Ochiai": 0.005360126495361328,
   "DStar": 0.003506183624267578,
   "Naish1": 0.0032355785369873047,
   "Naish2": 0.003530740737915039,
   "GP13": 0.003495454788208008
  },
  "line_line": {
   "Tarantula": 0.0035436153411865234,
   "Ochiai": 0.005149126052856445,
   "DStar": 0.0036513805389404297,
   "Naish1": 0.0035507678985595703,
   "Naish2": 0.003384113311767578,
   "GP13": 0.0036573410034179688
  },
  "line_defuse": {
   "Tarantula": 0.003492116928100586,
   "Ochiai": 0.005187034606933594,
   "DStar": 0.003540515899658203,
   "Naish1": 0.0035576820373535156,
   "Naish2": 0.003382444381713867,
   "GP13": 0.0034990310668945312
  },
  "line_defuses": {
   "Tarantula": 0.003516674041748047,
   "Ochiai": 0.00523686408996582,
   "DStar": 0.003568887710571289,
   "Naish1": 0.0035860538482666016,
   "Naish2": 0.0035943984985351562,
   "GP13": 0.0035049915313720703
  },
  "line_assert_use": {
   "Tarantula": 0.0034787654876708984,
   "Ochiai": 0.005193471908569336,
   "DStar": 0.0035102367401123047,
   "Naish1": 0.0035715103149414062,
   "Naish2": 0.003359556198120117,
   "GP13": 0.003508329391479492
  },
  "line_assert_uses": {
   "Tarantula": 0.003510713577270508,
   "Ochiai": 0.005183219909667969,
   "DStar": 0.003535032272338867,
   "Naish1": 0.003826618194580078,
   "Naish2": 0.003370046615600586,
   "GP13": 0.003480672836303711
  }
 },
 "sanic_5": {
  "line": {
   "Tarantula": 0.0016772747039794922,
   "Ochiai": 0.002561330795288086,
   "DStar": 0.0016069412231445312,
   "Naish1": 0.0015063285827636719,
   "Naish2": 0.0016207695007324219,
   "GP13": 0.0016627311706542969
  },
  "line_line": {
   "Tarantula": 0.0017735958099365234,
   "Ochiai": 0.002645254135131836,
   "DStar": 0.0017178058624267578,
   "Naish1": 0.001613616943359375,
   "Naish2": 0.0016679763793945312,
   "GP13": 0.0017104148864746094
  },
  "line_defuse": {
   "Tarantula": 0.0017881393432617188,
   "Ochiai": 0.0026235580444335938,
   "DStar": 0.0017094612121582031,
   "Naish1": 0.0016672611236572266,
   "Naish2": 0.0016787052154541016,
   "GP13": 0.0017170906066894531
  },
  "line_defuses": {
   "Tarantula": 0.0017218589782714844,
   "Ochiai": 0.002641916275024414,
   "DStar": 0.0016911029815673828,
   "Naish1": 0.0015993118286132812,
   "Naish2": 0.0016498565673828125,
   "GP13": 0.0017266273498535156
  },
  "line_assert_use": {
   "Tarantula": 0.0017709732055664062,
   "Ochiai": 0.011418819427490234,
   "DStar": 0.0018019676208496094,
   "Naish1": 0.0016160011291503906,
   "Naish2": 0.001649618148803711,
   "GP13": 0.0017256736755371094
  },
  "line_assert_uses": {
   "Tarantula": 0.0017704963684082031,
   "Ochiai": 0.002674579620361328,
   "DStar": 0.0016837120056152344,
   "Naish1": 0.0016131401062011719,
   "Naish2": 0.0016739368438720703,
   "GP13": 0.0017032623291015625
  }
 }
}