{
 "pysnooper_2": {
  "line": {
   "Tarantula": 0.0007719993591308594,
   "Ochiai": 0.0011658668518066406,
   "DStar": 0.0007181167602539062
  },
  "line_line": {
   "Tarantula": 0.0007593631744384766,
   "Ochiai": 0.001163482666015625,
   "DStar": 0.0007441043853759766
  },
  "line_defuse": {
   "Tarantula": 0.0007469654083251953,
   "Ochiai": 0.0015332698822021484,
   "DStar": 0.0007479190826416016
  },
  "line_defuses": {
   "Tarantula": 0.0007905960083007812,
   "Ochiai": 0.001165151596069336,
   "DStar": 0.0007412433624267578
  },
  "line_assert_use": {
   "Tarantula": 0.0007598400115966797,
   "Ochiai": 0.0011749267578125,
   "DStar": 0.0007469654083251953
  },
  "line_assert_uses": {
   "Tarantula": 0.0007388591766357422,
   "Ochiai": 0.0011625289916992188,
   "DStar": 0.0007781982421875
  }
 },
 "pysnooper_3": {
  "line": {
   "Tarantula": 0.00039124488830566406,
   "Ochiai": 0.0005571842193603516,
   "DStar": 0.000396728515625
  },
  "line_line": {
   "Tarantula": 0.00040650367736816406,
   "Ochiai": 0.0005714893341064453,
   "DStar": 0.00039458274841308594
  },
  "line_defuse": {
   "Tarantula": 0.0003974437713623047,
   "Ochiai": 0.0005733966827392578,
   "DStar": 0.00040459632873535156
  },
  "line_defuses": {
   "Tarantula": 0.000396728515625,
   "Ochiai": 0.0005686283111572266,
   "DStar": 0.00040268898010253906
  },
  "line_assert_use": {
   "Tarantula": 0.0003998279571533203,
   "Ochiai": 0.000568389892578125,
   "DStar": 0.00040149688720703125
  },
  "line_assert_uses": {
   "Tarantula": 0.0003979206085205078,
   "Ochiai": 0.0005731582641601562,
   "DStar": 0.0003986358642578125
  }
 }
}