{
 "tqdm_1": {
  "line": {
   "Tarantula": 0.0012276172637939453,
   "Ochiai": 0.0016055107116699219,
   "DStar": 0.0010676383972167969,
   "Naish1": 0.0009982585906982422,
   "Naish2": 0.0010919570922851562,
   "GP13": 0.0011124610900878906
  },
  "line_line": {
   "Tarantula": 0.001085519790649414,
   "Ochiai": 0.001786947250366211,
   "DStar": 0.0010881423950195312,
   "Naish1": 0.001077890396118164,
   "Naish2": 0.0011091232299804688,
   "GP13": 0.0011188983917236328
  },
  "line_defuse": {
   "Tarantula": 0.001071929931640625,
   "Ochiai": 0.001718282699584961,
   "DStar": 0.0010988712310791016,
   "Naish1": 0.001089334487915039,
   "Naish2": 0.0010993480682373047,
   "GP13": 0.0011391639709472656
  },
  "line_defuses": {
   "Tarantula": 0.0010654926300048828,
   "Ochiai": 0.0017786026000976562,
   "DStar": 0.0010912418365478516,
   "Naish1": 0.0010738372802734375,
   "Naish2": 0.0011179447174072266,
   "GP13": 0.0011289119720458984
  },
  "line_assert_use": {
   "Tarantula": 0.0010852813720703125,
   "Ochiai": 0.0017545223236083984,
   "DStar": 0.0010819435119628906,
   "Naish1": 0.0010662078857421875,
   "Naish2": 0.0010826587677001953,
   "GP13": 0.0011105537414550781
  },
  "line_assert_uses": {
   "Tarantula": 0.0010867118835449219,
   "Ochiai": 0.00177764892578125,
   "DStar": 0.0010840892791748047,
   "Naish1": 0.0010514259338378906,
   "Naish2": 0.0011174678802490234,
   "GP13": 0.0011479854583740234
  }
 },
 "tqdm_2": {
  "line": {
   "Tarantula": 0.0015444755554199219,
   "Ochiai": 0.002431631088256836,
   "DStar": 0.0017361640930175781,
   "Naish1": 0.0014145374298095703,
   "Naish2": 0.0016641616821289062,
   "GP13": 0.0018610954284667969
  },
  "line_line": {
   "Tarantula": 0.0016989707946777344,
   "Ochiai": 0.002624034881591797,
   "DStar": 0.001779794692993164,
   "Naish1": 0.0017483234405517578,
   "Naish2": 0.0017414093017578125,
   "GP13": 0.0017886161804199219
  },
  "line_defuse": {
   "Tarantula": 0.0017070770263671875,
   "Ochiai": 0.0025310516357421875,
   "DStar": 0.0017883777618408203,
   "Naish1": 0.0017502307891845703,
   "Naish2": 0.0016853809356689453,
   "GP13": 0.0017361640930175781
  },
  "line_defuses": {
   "Tarantula": 0.0016906261444091797,
   "Ochiai": 0.002519369125366211,
   "DStar": 0.0018887519836425781,
   "Naish1": 0.0017626285552978516,
   "Naish2": 0.001712799072265625,
   "GP13": 0.0017757415771484375
  },
  "line_assert_use": {
   "Tarantula": 0.0016834735870361328,
   "Ochiai": 0.002552509307861328,
   "DStar": 0.0017504692077636719,
   "Naish1": 0.0017588138580322266,
   "Naish2": 0.0017189979553222656,
   "GP13": 0.0018754005432128906
  },
  "line_assert_uses": {
   "Tarantula": 0.0016965866088867188,
   "Ochiai": 0.0025491714477539062,
   "DStar": 0.0017688274383544922,
   "Naish1": 0.0017633438110351562,
   "Naish2": 0.0017104148864746094,
   "GP13": 0.0017690658569335938
  }
 },
 "tqdm_3": {
  "line": {
   "Tarantula": 0.001523733139038086,
   "Ochiai": 0.0023140907287597656,
   "DStar": 0.0014717578887939453,
   "Naish1": 0.00142669677734375,
   "Naish2": 0.0016202926635742188,
   "GP13": 0.0015492439270019531
  },
  "line_line": {
   "Tarantula": 0.0017023086547851562,
   "Ochiai": 0.0025124549865722656,
   "DStar": 0.0015747547149658203,
   "Naish1": 0.0016641616821289062,
   "Naish2": 0.0016388893127441406,
   "GP13": 0.0016596317291259766
  },
  "line_defuse": {
   "Tarantula": 0.0015914440155029297,
   "Ochiai": 0.002490520477294922,
   "DStar": 0.001636505126953125,
   "Naish1": 0.0016481876373291016,
   "Naish2": 0.0016140937805175781,
   "GP13": 0.0016543865203857422
  },
  "line_defuses": {
   "Tarantula": 0.0016036033630371094,
   "Ochiai": 0.0024826526641845703,
   "DStar": 0.0015819072723388672,
   "Naish1": 0.0017726421356201172,
   "Naish2": 0.0016071796417236328,
   "GP13": 0.0016407966613769531
  },
  "line_assert_use": {
   "Tarantula": 0.0016167163848876953,
   "Ochiai": 0.002532958984375,
   "DStar": 0.0016026496887207031,
   "Naish1": 0.0016758441925048828,
   "Naish2": 0.0015842914581298828,
   "GP13": 0.0016224384307861328
  },
  "line_assert_uses": {
   "Tarantula": 0.001706838607788086,
   "Ochiai": 0.0025267601013183594,
   "DStar": 0.0017337799072265625,
   "Naish1": 0.0016598701477050781,
   "Naish2": 0.001575469970703125,
   "GP13": 0.0016236305236816406
  }
 },
 "tqdm_4": {
  "line": {
   "Tarantula": 0.0014848709106445312,
   "Ochiai": 0.002318859100341797,
   "DStar": 0.0014481544494628906,
   "Naish1": 0.0013985633850097656,
   "Naish2": 0.0014810562133789062,
   "GP13": 0.0015316009521484375
  },
  "line_line": {
   "Tarantula": 0.0015437602996826172,
   "Ochiai": 0.0026769638061523438,
   "DStar": 0.001535654067993164,
   "Naish1": 0.0016019344329833984,
   "Naish2": 0.001522064208984375,
   "GP13": 0.0015513896942138672
  },
  "line_defuse": {
   "Tarantula": 0.0015444755554199219,
   "Ochiai": 0.002290964126586914,
   "DStar": 0.001527547836303711,
   "Naish1": 0.0016813278198242188,
   "Naish2": 0.0015673637390136719,
   "GP13": 0.0015578269958496094
  },
  "line_defuses": {
   "Tarantula": 0.001527547836303711,
   "Ochiai": 0.002425670623779297,
   "DStar": 0.0015370845794677734,
   "Naish1": 0.001546621322631836,
   "Naish2": 0.001634836196899414,
   "GP13": 0.001580953598022461
  },
  "line_assert_use": {
   "Tarantula": 0.0015215873718261719,
   "Ochiai": 0.0023682117462158203,
   "DStar": 0.0015473365783691406,
   "Naish1": 0.0015575885772705078,
   "Naish2": 0.0015151500701904297,
   "GP13": 0.0015339851379394531
  },
  "line_assert_uses": {
   "Tarantula": 0.0015330314636230469,
   "Ochiai": 0.002460956573486328,
   "DStar": 0.0015575885772705078,
   "Naish1": 0.0015742778778076172,
   "Naish2": 0.0015387535095214844,
   "GP13": 0.0015892982482910156
  }
 },
 "tqdm_5": {
  "line": {
   "Tarantula": 0.0014033317565917969,
   "Ochiai": 0.002254009246826172,
   "DStar": 0.001421213150024414,
   "Naish1": 0.001361846923828125,
   "Naish2": 0.0014309883117675781,
   "GP13": 0.0014362335205078125
  },
  "line_line": {
   "Tarantula": 0.001462697982788086,
   "Ochiai": 0.0023305416107177734,
   "DStar": 0.001512765884399414,
   "Naish1": 0.0015571117401123047,
   "Naish2": 0.0014958381652832031,
   "GP13": 0.001516580581665039
  },
  "line_defuse": {
   "Tarantula": 0.0014755725860595703,
   "Ochiai": 0.002298116683959961,
   "DStar": 0.0014810562133789062,
   "Naish1": 0.001561880111694336,
   "Naish2": 0.0014753341674804688,
   "GP13": 0.0015268325805664062
  },
  "line_defuses": {
   "Tarantula": 0.0014710426330566406,
   "Ochiai": 0.0023479461669921875,
   "DStar": 0.0014848709106445312,
   "Naish1": 0.0015532970428466797,
   "Naish2": 0.0015103816986083984,
   "GP13": 0.0014903545379638672
  },
  "line_assert_use": {
   "Tarantula": 0.001470327377319336,
   "Ochiai": 0.0023086071014404297,
   "DStar": 0.0014491081237792969,
   "Naish1": 0.0015096664428710938,
   "Naish2": 0.0014336109161376953,
   "GP13": 0.001508951187133789
  },
  "line_assert_uses": {
   "Tarantula": 0.0014619827270507812,
   "Ochiai": 0.0022897720336914062,
   "DStar": 0.0014591217041015625,
   "Naish1": 0.0015087127685546875,
   "Naish2": 0.0014379024505615234,
   "GP13": 0.001497507095336914
  }
 },
 "tqdm_6": {
  "line": {
   "Tarantula": 0.0008785724639892578,
   "Ochiai": 0.001434326171875,
   "DStar": 0.0009222030639648438,
   "Naish1": 0.0008091926574707031,
   "Naish2": 0.0008630752563476562,
   "GP13": 0.0008819103240966797
  },
  "line_line": {
   "Tarantula": 0.0008981227874755859,
   "Ochiai": 0.0014567375183105469,
   "DStar": 0.0009300708770751953,
   "Naish1": 0.0008864402770996094,
   "Naish2": 0.0009126663208007812,
   "GP13": 0.000949859619140625
  },
  "line_defuse": {
   "Tarantula": 0.0009126663208007812,
   "Ochiai": 0.0014438629150390625,
   "DStar": 0.0009298324584960938,
   "Naish1": 0.0009109973907470703,
   "Naish2": 0.0008940696716308594,
   "GP13": 0.0009219646453857422
  },
  "line_defuses": {
   "Tarantula": 0.0009052753448486328,