{
 "cookiecutter_2": {
  "line": {
   "Tarantula": 0.00032067298889160156,
   "Ochiai": 0.0004074573516845703,
   "DStar": 0.0002665519714355469
  },
  "line_line": {
   "Tarantula": 0.00027632713317871094,
   "Ochiai": 0.0003979206085205078,
   "DStar": 0.0002727508544921875
  },
  "line_defuse": {
   "Tarantula": 0.0002715587615966797,
   "Ochiai": 0.00039458274841308594,
   "DStar": 0.0002770423889160156
  },
  "line_defuses": {
   "Tarantula": 0.0002701282501220703,
   "Ochiai": 0.0003952980041503906,
   "DStar": 0.00026917457580566406
  },
  "line_assert_use": {
   "Tarantula": 0.0002703666687011719,
   "Ochiai": 0.00039696693420410156,
   "DStar": 0.0002713203430175781
  },
  "line_assert_uses": {
   "Tarantula": 0.0002694129943847656,
   "Ochiai": 0.00038909912109375,
   "DStar": 0.00027251243591308594
  }
 },
 "cookiecutter_3": {
  "line": {
   "Tarantula": 0.00014066696166992188,
   "Ochiai": 0.00019550323486328125,
   "DStar": 0.0001373291015625
  },
  "line_line": {
   "Tarantula": 0.00014257431030273438,
   "Ochiai": 0.00020241737365722656,
   "DStar": 0.00014328956604003906
  },
  "line_defuse": {
   "Tarantula": 0.00014281272888183594,
   "Ochiai": 0.00020051002502441406,
   "DStar": 0.00014162063598632812
  },
  "line_defuses": {
   "Tarantula": 0.00014328956604003906,
   "Ochiai": 0.00019979476928710938,
   "DStar": 0.00014162063598632812
  },
  "line_assert_use": {
   "Tarantula": 0.0001437664031982422,
   "Ochiai": 0.00019788742065429688,
   "DStar": 0.000141143798828125
  },
  "line_assert_uses": {
   "Tarantula": 0.0001442432403564453,
   "Ochiai": 0.0001983642578125,
   "DStar": 0.0001461505889892578
  }
 },
 "cookiecutter_4": {
  "line": {
   "Tarantula": 0.00038552284240722656,
   "Ochiai": 0.0006382465362548828,
   "DStar": 0.0003604888916015625
  },
  "line_line": {
   "Tarantula": 0.00039696693420410156,
   "Ochiai": 0.0005705356597900391,
   "DStar": 0.0003752708435058594
  },
  "line_defuse": {
   "Tarantula": 0.0003991127014160156,
   "Ochiai": 0.0005710124969482422,
   "DStar": 0.00038123130798339844
  },
  "line_defuses": {
   "Tarantula": 0.0003883838653564453,
   "Ochiai": 0.0005741119384765625,
   "DStar": 0.0003840923309326172
  },
  "line_assert_use": {
   "Tarantula": 0.00039696693420410156,
   "Ochiai": 0.0005717277526855469,
   "DStar": 0.0003743171691894531
  },
  "line_assert_uses": {
   "Tarantula": 0.00039386749267578125,
   "Ochiai": 0.0005743503570556641,
   "DStar": 0.0003802776336669922
  }
 }
}