{
 "httpie_1": {
  "line": {
   "Tarantula": 0.0019865036010742188,
   "Ochiai": 0.002706289291381836,
   "DStar": 0.0017693042755126953,
   "Naish1": 0.002213716506958008,
   "Naish2": 0.010543584823608398,
   "GP13": 0.0020956993103027344
  },
  "line_line": {
   "Tarantula": 0.0019659996032714844,
   "Ochiai": 0.002798318862915039,
   "DStar": 0.0018334388732910156,
   "Naish1": 0.0017495155334472656,
   "Naish2": 0.00179290771484375,
   "GP13": 0.0018391609191894531
  },
  "line_defuse": {
   "Tarantula": 0.0019593238830566406,
   "Ochiai": 0.0027594566345214844,
   "DStar": 0.0018208026885986328,
   "Naish1": 0.001756906509399414,
   "Naish2": 0.0018315315246582031,
   "GP13": 0.00185394287109375
  },
  "line_defuses": {
   "Tarantula": 0.002015829086303711,
   "Ochiai": 0.0027534961700439453,
   "DStar": 0.0018131732940673828,
   "Naish1": 0.001737833023071289,
   "Naish2": 0.0018110275268554688,
   "GP13": 0.0018749237060546875
  },
  "line_assert_use": {
   "Tarantula": 0.0019490718841552734,
   "Ochiai": 0.0027849674224853516,
   "DStar": 0.0018608570098876953,
   "Naish1": 0.0017457008361816406,
   "Naish2": 0.0018105506896972656,
   "GP13": 0.001856088638305664
  },
  "line_assert_uses": {
   "Tarantula": 0.001960277557373047,
   "Ochiai": 0.0027785301208496094,
   "DStar": 0.0018579959869384766,
   "Naish1": 0.0017464160919189453,
   "Naish2": 0.0017898082733154297,
   "GP13": 0.001878976821899414
  }
 },
 "httpie_2": {
  "line": {
   "Tarantula": 0.0016036033630371094,
   "Ochiai": 0.0024051666259765625,
   "DStar": 0.0015664100646972656,
   "Naish1": 0.001439809799194336,
   "Naish2": 0.0015583038330078125,
   "GP13": 0.0016384124755859375
  },
  "line_line": {
   "Tarantula": 0.0016655921936035156,
   "Ochiai": 0.0024628639221191406,
   "DStar": 0.0016198158264160156,
   "Naish1": 0.0015726089477539062,
   "Naish2": 0.0015671253204345703,
   "GP13": 0.0016589164733886719
  },
  "line_defuse": {
   "Tarantula": 0.0016241073608398438,
   "Ochiai": 0.0024313926696777344,
   "DStar": 0.0015692710876464844,
   "Naish1": 0.0015802383422851562,
   "Naish2": 0.0015759468078613281,
   "GP13": 0.0016150474548339844
  },
  "line_defuses": {
   "Tarantula": 0.0016083717346191406,
   "Ochiai": 0.002446889877319336,
   "DStar": 0.001580953598022461,
   "Naish1": 0.0015919208526611328,
   "Naish2": 0.0015740394592285156,
   "GP13": 0.0016117095947265625
  },
  "line_assert_use": {
   "Tarantula": 0.0017688274383544922,
   "Ochiai": 0.002458333969116211,
   "DStar": 0.0015795230865478516,
   "Naish1": 0.0016117095947265625,
   "Naish2": 0.0015685558319091797,
   "GP13": 0.001611471176147461
  },
  "line_assert_uses": {
   "Tarantula": 0.0016090869903564453,
   "Ochiai": 0.0024602413177490234,
   "DStar": 0.0015826225280761719,
   "Naish1": 0.0016052722930908203,
   "Naish2": 0.001552581787109375,
   "GP13": 0.0016481876373291016
  }
 },
 "httpie_3": {
  "line": {
   "Tarantula": 0.002358675003051758,
   "Ochiai": 0.0033745765686035156,
   "DStar": 0.002546548843383789,
   "Naish1": 0.002180337905883789,
   "Naish2": 0.0023267269134521484,
   "GP13": 0.002405881881713867
  },
  "line_line": {
   "Tarantula": 0.0024154186248779297,
   "Ochiai": 0.0034601688385009766,
   "DStar": 0.0024576187133789062,
   "Naish1": 0.002421140670776367,
   "Naish2": 0.002546548843383789,
   "GP13": 0.0024404525756835938
  },
  "line_defuse": {
   "Tarantula": 0.002402782440185547,
   "Ochiai": 0.0034873485565185547,
   "DStar": 0.002443552017211914,
   "Naish1": 0.0024755001068115234,
   "Naish2": 0.0023932456970214844,
   "GP13": 0.002451181411743164
  },
  "line_defuses": {
   "Tarantula": 0.002407073974609375,
   "Ochiai": 0.0034716129302978516,
   "DStar": 0.0024712085723876953,
   "Naish1": 0.0024154186248779297,
   "Naish2": 0.0023393630981445312,
   "GP13": 0.002416372299194336
  },
  "line_assert_use": {
   "Tarantula": 0.0023899078369140625,
   "Ochiai": 0.0034685134887695312,
   "DStar": 0.002449512481689453,
   "Naish1": 0.002398252487182617,
   "Naish2": 0.0023229122161865234,
   "GP13": 0.002410411834716797
  },
  "line_assert_uses": {
   "Tarantula": 0.002525806427001953,
   "Ochiai": 0.003457784652709961,
   "DStar": 0.0024442672729492188,
   "Naish1": 0.002409219741821289,
   "Naish2": 0.0023381710052490234,
   "GP13": 0.0024518966674804688
  }
 },
 "httpie_4": {
  "line": {
   "Tarantula": 0.0018260478973388672,
   "Ochiai": 0.0026502609252929688,
   "DStar": 0.0018305778503417969,
   "Naish1": 0.001828908920288086,
   "Naish2": 0.010480165481567383,
   "GP13": 0.002000093460083008
  },
  "line_line": {
   "Tarantula": 0.0018668174743652344,
   "Ochiai": 0.0027048587799072266,
   "DStar": 0.0018455982208251953,
   "Naish1": 0.0018818378448486328,
   "Naish2": 0.001832723617553711,
   "GP13": 0.0018572807312011719
  },
  "line_defuse": {
   "Tarantula": 0.0019044876098632812,
   "Ochiai": 0.002691507339477539,
   "DStar": 0.00183868408203125,
   "Naish1": 0.0018589496612548828,
   "Naish2": 0.001813650131225586,
   "GP13": 0.0018718242645263672
  },
  "line_defuses": {
   "Tarantula": 0.0018911361694335938,
   "Ochiai": 0.0028362274169921875,
   "DStar": 0.0018410682678222656,
   "Naish1": 0.0018627643585205078,
   "Naish2": 0.0017979145050048828,
   "GP13": 0.0019152164459228516
  },
  "line_assert_use": {
   "Tarantula": 0.0018796920776367188,
   "Ochiai": 0.0027108192443847656,
   "DStar": 0.0018575191497802734,
   "Naish1": 0.0018684864044189453,
   "Naish2": 0.0019598007202148438,
   "GP13": 0.0018994808197021484
  },
  "line_assert_uses": {
   "Tarantula": 0.001882314682006836,
   "Ochiai": 0.0027129650115966797,
   "DStar": 0.0018546581268310547,
   "Naish1": 0.00189208984375,
   "Naish2": 0.001825094223022461,
   "GP13": 0.0018525123596191406
  }
 },
 "httpie_5": {
  "line": {
   "Tarantula": 0.0006339550018310547,
   "Ochiai": 0.000911712646484375,
   "DStar": 0.0006296634674072266,
   "Naish1": 0.0005774497985839844,
   "Naish2": 0.000621795654296875,
   "GP13": 0.00063323974609375
  },
  "line_line": {
   "Tarantula": 0.0006573200225830078,
   "Ochiai": 0.000965118408203125,
   "DStar": 0.0006380081176757812,
   "Naish1": 0.000667572021484375,
   "Naish2": 0.0006253719329833984,
   "GP13": 0.0006563663482666016
  },
  "line_defuse": {
   "Tarantula": 0.0006694793701171875,
   "Ochiai": 0.0009474754333496094,
   "DStar": 0.0006358623504638672,
   "Naish1": 0.0006725788116455078,
   "Naish2": 0.0006306171417236328,
   "GP13": 0.0006740093231201172
  },
  "line_defuses": {
   "Tarantula": 0.0006589889526367188,
   "Ochiai": 0.000949859619140625,
   "DStar": 0.0006361007690429688,
   "Naish1": 0.0006721019744873047,
   "Naish2": 0.0006196498870849609,
   "GP13": 0.0006544589996337891
  },
  "line_assert_use": {
   "Tarantula": 0.0006527900695800781,
   "Ochiai": 0.0009458065032958984,
   "DStar": 0.0006449222564697266,
   "Naish1": 0.0006659030914306641,
   "Naish2": 0.0006279945373535156,
   "GP13": 0.0006651878356933594
  },
  "line_assert_uses": {
   "Tarantula": 0.0006623268127441406,
   "Ochiai": 0.0009589195251464844,
   "DStar": 0.0006356239318847656,
   "Naish1": 0.0006651878356933594,
   "Naish2": 0.0006277561187744141,
   "GP13": 0.0006635189056396484
  }
 }
}