{
 "calculator_1": {
  "line": {
   "Tarantula": 6.890296936035156e-05,
   "Ochiai": 7.700920104980469e-05,
   "DStar": 9.441375732421875e-05,
   "Naish2": 4.315376281738281e-05,
   "GP13": 4.410743713378906e-05
  },
  "line_line": {
   "Tarantula": 3.9577484130859375e-05,
   "Ochiai": 6.365776062011719e-05,
   "DStar": 3.838539123535156e-05,
   "Naish2": 3.647804260253906e-05,
   "GP13": 3.933906555175781e-05
  },
  "line_defuse": {
   "Tarantula": 3.62396240234375e-05,
   "Ochiai": 5.936622619628906e-05,
   "DStar": 3.504753112792969e-05,
   "Naish2": 3.6716461181640625e-05,
   "GP13": 3.600120544433594e-05
  },
  "line_defuses": {
   "Tarantula": 3.600120544433594e-05,
   "Ochiai": 5.9604644775390625e-05,
   "DStar": 3.6716461181640625e-05,
   "Naish2": 4.839897155761719e-05,
   "GP13": 3.8623809814453125e-05
  },
  "line_assert_use": {
   "Tarantula": 3.552436828613281e-05,
   "Ochiai": 6.0558319091796875e-05,
   "DStar": 3.5762786865234375e-05,
   "Naish2": 3.719329833984375e-05,
   "GP13": 3.743171691894531e-05
  },
  "line_assert_uses": {
   "Tarantula": 3.62396240234375e-05,
   "Ochiai": 5.793571472167969e-05,
   "DStar": 3.62396240234375e-05,
   "Naish2": 3.62396240234375e-05,
   "GP13": 3.790855407714844e-05
  }
 }
}