{
 "tqdm_1": {
  "line": {
   "Tarantula": 0.0011944770812988281,
   "Ochiai": 0.0016150474548339844,
   "DStar": 0.0010728836059570312
  },
  "line_line": {
   "Tarantula": 0.0010709762573242188,
   "Ochiai": 0.001734018325805664,
   "DStar": 0.001089334487915039
  },
  "line_defuse": {
   "Tarantula": 0.0011272430419921875,
   "Ochiai": 0.0017840862274169922,
   "DStar": 0.0011038780212402344
  },
  "line_defuses": {
   "Tarantula": 0.0010769367218017578,
   "Ochiai": 0.0017135143280029297,
   "DStar": 0.0011434555053710938
  },
  "line_assert_use": {
   "Tarantula": 0.0010840892791748047,
   "Ochiai": 0.0017826557159423828,
   "DStar": 0.001085519790649414
  },
  "line_assert_uses": {
   "Tarantula": 0.0010991096496582031,
   "Ochiai": 0.0017125606536865234,
   "DStar": 0.0011029243469238281
  }
 },
 "tqdm_2": {
  "line": {
   "Tarantula": 0.0015597343444824219,
   "Ochiai": 0.0024018287658691406,
   "DStar": 0.0017383098602294922
  },
  "line_line": {
   "Tarantula": 0.0017139911651611328,
   "Ochiai": 0.0025582313537597656,
   "DStar": 0.0017642974853515625
  },
  "line_defuse": {
   "Tarantula": 0.0016858577728271484,
   "Ochiai": 0.002566814422607422,
   "DStar": 0.0017762184143066406
  },
  "line_defuses": {
   "Tarantula": 0.0017099380493164062,
   "Ochiai": 0.0025682449340820312,
   "DStar": 0.0017497539520263672
  },
  "line_assert_use": {
   "Tarantula": 0.0017094612121582031,
   "Ochiai": 0.0025374889373779297,
   "DStar": 0.001764535903930664
  },
  "line_assert_uses": {
   "Tarantula": 0.001699209213256836,
   "Ochiai": 0.0026001930236816406,
   "DStar": 0.001764059066772461
  }
 },
 "tqdm_3": {
  "line": {
   "Tarantula": 0.0015430450439453125,
   "Ochiai": 0.0023415088653564453,
   "DStar": 0.001567840576171875
  },
  "line_line": {
   "Tarantula": 0.0017361640930175781,
   "Ochiai": 0.0024809837341308594,
   "DStar": 0.0015892982482910156
  },
  "line_defuse": {
   "Tarantula": 0.0015950202941894531,
   "Ochiai": 0.0024971961975097656,
   "DStar": 0.0016007423400878906
  },
  "line_defuses": {
   "Tarantula": 0.0016019344329833984,
   "Ochiai": 0.002485036849975586,
   "DStar": 0.0015447139739990234
  },
  "line_assert_use": {
   "Tarantula": 0.0016062259674072266,
   "Ochiai": 0.002539396286010742,
   "DStar": 0.0015597343444824219
  },
  "line_assert_uses": {
   "Tarantula": 0.0016002655029296875,
   "Ochiai": 0.0025539398193359375,
   "DStar": 0.0015559196472167969
  }
 },
 "tqdm_4": {
  "line": {
   "Tarantula": 0.00148773193359375,
   "Ochiai": 0.0022683143615722656,
   "DStar": 0.0014667510986328125
  },
  "line_line": {
   "Tarantula": 0.0015416145324707031,
   "Ochiai": 0.0024030208587646484,
   "DStar": 0.0014955997467041016
  },
  "line_defuse": {
   "Tarantula": 0.0015301704406738281,
   "Ochiai": 0.0024073123931884766,
   "DStar": 0.0014979839324951172
  },
  "line_defuses": {
   "Tarantula": 0.0015916824340820312,
   "Ochiai": 0.002329111099243164,
   "DStar": 0.0015344619750976562
  },
  "line_assert_use": {
   "Tarantula": 0.0015447139739990234,
   "Ochiai": 0.002359151840209961,
   "DStar": 0.0015113353729248047
  },
  "line_assert_uses": {
   "Tarantula": 0.001519918441772461,
   "Ochiai": 0.0023589134216308594,
   "DStar": 0.0015056133270263672
  }
 },
 "tqdm_5": {
  "line": {
   "Tarantula": 0.0014216899871826172,
   "Ochiai": 0.0022199153900146484,
   "DStar": 0.0014102458953857422
  },
  "line_line": {
   "Tarantula": 0.0014922618865966797,
   "Ochiai": 0.002268075942993164,
   "DStar": 0.0014431476593017578
  },
  "line_defuse": {
   "Tarantula": 0.0014848709106445312,
   "Ochiai": 0.0023355484008789062,
   "DStar": 0.0014519691467285156
  },
  "line_defuses": {
   "Tarantula": 0.001512765884399414,
   "Ochiai": 0.002329111099243164,
   "DStar": 0.0014483928680419922
  },
  "line_assert_use": {
   "Tarantula": 0.0014777183532714844,
   "Ochiai": 0.0023784637451171875,
   "DStar": 0.0014886856079101562
  },
  "line_assert_uses": {
   "Tarantula": 0.0014722347259521484,
   "Ochiai": 0.0023779869079589844,
   "DStar": 0.0014634132385253906
  }
 },
 "tqdm_6": {
  "line": {
   "Tarantula": 0.0008897781372070312,
   "Ochiai": 0.0014362335205078125,
   "DStar": 0.0009398460388183594
  },
  "line_line": {
   "Tarantula": 0.0009343624114990234,
   "Ochiai": 0.001470327377319336,
   "DStar": 0.0009634494781494141
  },
  "line_defuse": {
   "Tarantula": 0.0009212493896484375,
   "Ochiai": 0.0015139579772949219,
   "DStar": 0.0009336471557617188
  },
  "line_defuses": {
   "Tarantula": 0.0009205341339111328,
   "Ochiai": 0.0015492439270019531,
   "DStar": 0.0009183883666992188
  },
  "line_assert_use": {
   "Tarantula": 0.0009179115295410156,
   "Ochiai": 0.0014576911926269531,
   "DStar": 0.0009262561798095703
  },
  "line_assert_uses": {
   "Tarantula": 0.0009307861328125,
   "Ochiai": 0.001438140869140625,
   "DStar": 0.0009372234344482422
  }
 },
 "tqdm_7": {
  "line": {
   "Tarantula": 0.0014832019805908203,
   "Ochiai": 0.002511739730834961,
   "DStar": 0.0014812946319580078
  },
  "line_line": {
   "Tarantula": 0.0015294551849365234,
   "Ochiai": 0.0024421215057373047,
   "DStar": 0.0015344619750976562
  },
  "line_defuse": {
   "Tarantula": 0.0015480518341064453,
   "Ochiai": 0.002385854721069336,
   "DStar": 0.0015561580657958984
  },
  "line_defuses": {
   "Tarantula": 0.0015189647674560547,
   "Ochiai": 0.0023496150970458984,
   "DStar": 0.0015337467193603516
  },
  "line_assert_use": {
   "Tarantula": 0.0016417503356933594,
   "Ochiai": 0.0024411678314208984,
   "DStar": 0.0015363693237304688
  },
  "line_assert_uses": {
   "Tarantula": 0.0015461444854736328,
   "Ochiai": 0.0023529529571533203,
   "DStar": 0.0015447139739990234
  }
 },
 "tqdm_8": {
  "line": {
   "Tarantula": 0.0010781288146972656,
   "Ochiai": 0.0015201568603515625,
   "DStar": 0.0010182857513427734
  },
  "line_line": {
   "Tarantula": 0.0010454654693603516,
   "Ochiai": 0.0016133785247802734,
   "DStar": 0.0010352134704589844
  },
  "line_defuse": {
   "Tarantula": 0.0010259151458740234,
   "Ochiai": 0.0015888214111328125,
   "DStar": 0.0010497570037841797
  },
  "line_defuses": {
   "Tarantula": 0.0010356903076171875,
   "Ochiai": 0.0016210079193115234,
   "DStar": 0.0010132789611816406
  },
  "line_assert_use": {
   "Tarantula": 0.0010271072387695312,
   "Ochiai": 0.0016131401062011719,
   "DStar": 0.0010619163513183594
  },
  "line_assert_uses": {
   "Tarantula": 0.0010268688201904297,
   "Ochiai": 0.0016188621520996094,
   "DStar": 0.001088857650756836
  }
 },
 "tqdm_9": {
  "line": {
   "Tarantula": 0.0004734992980957031,
   "Ochiai": 0.0006749629974365234,
   "DStar": 0.0004429817199707031
  },
  "line_line": {
   "Tarantula": 0.00047898292541503906,
   "Ochiai": 0.0006902217864990234,
   "DStar": 0.0004639625549316406
  },
  "line_defuse": {
   "Tarantula": 0.00047469139099121094,
   "Ochiai": 0.0006985664367675781,
   "DStar": 0.0004658699035644531
  },
  "line_defuses": {
   "Tarantula": 0.0004849433898925781,
   "Ochiai": 0.0007047653198242188,
   "DStar": 0.0004661083221435547
  },
  "line_assert_use": {
   "Tarantula": 0.00047135353088378906,
   "Ochiai": 0.0006973743438720703,
   "DStar": 0.0004570484161376953
  },
  "line_assert_uses": {
   "Tarantula": 0.00047659873962402344,
   "Ochiai": 0.0006976127624511719,
   "DStar": 0.00046443939208984375
  }
 }
}