{
 "cookiecutter_2": {
  "line": {
   "Tarantula": 0.00032210350036621094,
   "Ochiai": 0.00041675567626953125,
   "DStar": 0.0002810955047607422,
   "Naish1": 0.00025391578674316406,
   "Naish2": 0.0002598762512207031,
   "GP13": 0.0002689361572265625
  },
  "line_line": {
   "Tarantula": 0.0002772808074951172,
   "Ochiai": 0.00042510032653808594,
   "DStar": 0.00027823448181152344,
   "Naish1": 0.0002734661102294922,
   "Naish2": 0.000270843505859375,
   "GP13": 0.0002758502960205078
  },
  "line_defuse": {
   "Tarantula": 0.00027751922607421875,
   "Ochiai": 0.0004169940948486328,
   "DStar": 0.00027942657470703125,
   "Naish1": 0.00027251243591308594,
   "Naish2": 0.00026988983154296875,
   "GP13": 0.00027370452880859375
  },
  "line_defuses": {
   "Tarantula": 0.00027823448181152344,
   "Ochiai": 0.00041174888610839844,
   "DStar": 0.0002791881561279297,
   "Naish1": 0.000274658203125,
   "Naish2": 0.00026869773864746094,
   "GP13": 0.0002760887145996094
  },
  "line_assert_use": {
   "Tarantula": 0.0002944469451904297,
   "Ochiai": 0.0004227161407470703,
   "DStar": 0.0002918243408203125,
   "Naish1": 0.0002751350402832031,
   "Naish2": 0.0002694129943847656,
   "GP13": 0.00027370452880859375
  },
  "line_assert_uses": {
   "Tarantula": 0.0002827644348144531,
   "Ochiai": 0.00041294097900390625,
   "DStar": 0.0002779960632324219,
   "Naish1": 0.0002753734588623047,
   "Naish2": 0.00027060508728027344,
   "GP13": 0.0002779960632324219
  }
 },
 "cookiecutter_3": {
  "line": {
   "Tarantula": 0.00013875961303710938,
   "Ochiai": 0.0002040863037109375,
   "DStar": 0.0001418590545654297,
   "Naish1": 0.00012874603271484375,
   "Naish2": 0.00013327598571777344,
   "GP13": 0.00013875961303710938
  },
  "line_line": {
   "Tarantula": 0.00014829635620117188,
   "Ochiai": 0.00021266937255859375,
   "DStar": 0.0001499652862548828,
   "Naish1": 0.00014472007751464844,
   "Naish2": 0.0001418590545654297,
   "GP13": 0.00014400482177734375
  },
  "line_defuse": {
   "Tarantula": 0.00014352798461914062,
   "Ochiai": 0.00022363662719726562,
   "DStar": 0.00014662742614746094,
   "Naish1": 0.00014448165893554688,
   "Naish2": 0.0001392364501953125,
   "GP13": 0.00014328956604003906
  },
  "line_defuses": {
   "Tarantula": 0.0001423358917236328,
   "Ochiai": 0.00021409988403320312,
   "DStar": 0.0001461505889892578,
   "Naish1": 0.00014281272888183594,
   "Naish2": 0.00013971328735351562,
   "GP13": 0.00014162063598632812
  },
  "line_assert_use": {
   "Tarantula": 0.0001430511474609375,
   "Ochiai": 0.00021028518676757812,
   "DStar": 0.0001468658447265625,
   "Naish1": 0.0001437664031982422,
   "Naish2": 0.000141143798828125,
   "GP13": 0.00014400482177734375
  },
  "line_assert_uses": {
   "Tarantula": 0.00014257431030273438,
   "Ochiai": 0.000209808349609375,
   "DStar": 0.00014734268188476562,
   "Naish1": 0.00014591217041015625,
   "Naish2": 0.00014019012451171875,
   "GP13": 0.00014400482177734375
  }
 },
 "cookiecutter_4": {
  "line": {
   "Tarantula": 0.0003769397735595703,
   "Ochiai": 0.0005865097045898438,
   "DStar": 0.0003764629364013672,
   "Naish1": 0.0003604888916015625,
   "Naish2": 0.0003895759582519531,
   "GP13": 0.0004067420959472656
  },
  "line_line": {
   "Tarantula": 0.00040912628173828125,
   "Ochiai": 0.0006060600280761719,
   "DStar": 0.0003991127014160156,
   "Naish1": 0.00037932395935058594,
   "Naish2": 0.0003972053527832031,
   "GP13": 0.0004069805145263672
  },
  "line_defuse": {
   "Tarantula": 0.00040793418884277344,
   "Ochiai": 0.0006017684936523438,
   "DStar": 0.00039768218994140625,
   "Naish1": 0.00037741661071777344,
   "Naish2": 0.00039577484130859375,
   "GP13": 0.00040531158447265625
  },
  "line_defuses": {
   "Tarantula": 0.0004038810729980469,
   "Ochiai": 0.0006055831909179688,
   "DStar": 0.0004031658172607422,
   "Naish1": 0.00037741661071777344,
   "Naish2": 0.0003974437713623047,
   "GP13": 0.0004062652587890625
  },
  "line_assert_use": {
   "Tarantula": 0.0004055500030517578,
   "Ochiai": 0.0006103515625,
   "DStar": 0.0004019737243652344,
   "Naish1": 0.0003790855407714844,
   "Naish2": 0.0003948211669921875,
   "GP13": 0.00040721893310546875
  },
  "line_assert_uses": {
   "Tarantula": 0.0004069805145263672,
   "Ochiai": 0.0006074905395507812,
   "DStar": 0.0003998279571533203,
   "Naish1": 0.0003809928894042969,
   "Naish2": 0.00039696693420410156,
   "GP13": 0.0004138946533203125
  }
 }
}