{
 "sanic_1": {
  "line": {
   "Tarantula": 0.003625631332397461,
   "Ochiai": 0.013957738876342773,
   "DStar": 0.003134012222290039
  },
  "line_line": {
   "Tarantula": 0.0031189918518066406,
   "Ochiai": 0.004724979400634766,
   "DStar": 0.0034253597259521484
  },
  "line_defuse": {
   "Tarantula": 0.0030934810638427734,
   "Ochiai": 0.004655122756958008,
   "DStar": 0.003232717514038086
  },
  "line_defuses": {
   "Tarantula": 0.0031387805938720703,
   "Ochiai": 0.004698753356933594,
   "DStar": 0.003226757049560547
  },
  "line_assert_use": {
   "Tarantula": 0.0031692981719970703,
   "Ochiai": 0.004667520523071289,
   "DStar": 0.0032427310943603516
  },
  "line_assert_uses": {
   "Tarantula": 0.0031239986419677734,
   "Ochiai": 0.0047338008880615234,
   "DStar": 0.0032339096069335938
  }
 },
 "sanic_3": {
  "line": {
   "Tarantula": 0.002595663070678711,
   "Ochiai": 0.003995418548583984,
   "DStar": 0.0028123855590820312
  },
  "line_line": {
   "Tarantula": 0.0027387142181396484,
   "Ochiai": 0.004078865051269531,
   "DStar": 0.002943277359008789
  },
  "line_defuse": {
   "Tarantula": 0.0027256011962890625,
   "Ochiai": 0.004051685333251953,
   "DStar": 0.0028357505798339844
  },
  "line_defuses": {
   "Tarantula": 0.0027506351470947266,
   "Ochiai": 0.004082679748535156,
   "DStar": 0.0030219554901123047
  },
  "line_assert_use": {
   "Tarantula": 0.002707242965698242,
   "Ochiai": 0.0041773319244384766,
   "DStar": 0.0028297901153564453
  },
  "line_assert_uses": {
   "Tarantula": 0.0026900768280029297,
   "Ochiai": 0.004037380218505859,
   "DStar": 0.0028994083404541016
  }
 },
 "sanic_4": {
  "line": {
   "Tarantula": 0.0036072731018066406,
   "Ochiai": 0.005448579788208008,
   "DStar": 0.003515958786010742
  },
  "line_line": {
   "Tarantula": 0.003488779067993164,
   "Ochiai": 0.005110263824462891,
   "DStar": 0.003566265106201172
  },
  "line_defuse": {
   "Tarantula": 0.0037348270416259766,
   "Ochiai": 0.005269765853881836,
   "DStar": 0.003668546676635742
  },
  "line_defuses": {
   "Tarantula": 0.0036787986755371094,
   "Ochiai": 0.0050547122955322266,
   "DStar": 0.0035321712493896484
  },
  "line_assert_use": {
   "Tarantula": 0.0034525394439697266,
   "Ochiai": 0.005288362503051758,
   "DStar": 0.003525972366333008
  },
  "line_assert_uses": {
   "Tarantula": 0.0035257339477539062,
   "Ochiai": 0.005147695541381836,
   "DStar": 0.0035400390625
  }
 },
 "sanic_5": {
  "line": {
   "Tarantula": 0.001613616943359375,
   "Ochiai": 0.0025396347045898438,
   "DStar": 0.0016324520111083984
  },
  "line_line": {
   "Tarantula": 0.0017211437225341797,
   "Ochiai": 0.002576112747192383,
   "DStar": 0.0016937255859375
  },
  "line_defuse": {
   "Tarantula": 0.0017027854919433594,
   "Ochiai": 0.002633810043334961,
   "DStar": 0.0016961097717285156
  },
  "line_defuses": {
   "Tarantula": 0.0017137527465820312,
   "Ochiai": 0.002669811248779297,
   "DStar": 0.0016605854034423828
  },
  "line_assert_use": {
   "Tarantula": 0.0017313957214355469,
   "Ochiai": 0.002636432647705078,
   "DStar": 0.0017206668853759766
  },
  "line_assert_uses": {
   "Tarantula": 0.0016973018646240234,
   "Ochiai": 0.0025975704193115234,
   "DStar": 0.0017101764678955078
  }
 }
}