{
 "pysnooper_2": {
  "line": {
   "Tarantula": 0.0007746219635009766,
   "Ochiai": 0.0011723041534423828,
   "DStar": 0.0007224082946777344
  },
  "line_line": {
   "Tarantula": 0.0007510185241699219,
   "Ochiai": 0.0011606216430664062,
   "DStar": 0.0007622241973876953
  },
  "line_defuse": {
   "Tarantula": 0.0007421970367431641,
   "Ochiai": 0.0015463829040527344,
   "DStar": 0.0007424354553222656
  },
  "line_defuses": {
   "Tarantula": 0.0007798671722412109,
   "Ochiai": 0.0012078285217285156,
   "DStar": 0.0007894039154052734
  },
  "line_assert_use": {
   "Tarantula": 0.0007510185241699219,
   "Ochiai": 0.0011827945709228516,
   "DStar": 0.0007483959197998047
  },
  "line_assert_uses": {
   "Tarantula": 0.0007426738739013672,
   "Ochiai": 0.0011646747589111328,
   "DStar": 0.0007390975952148438
  }
 },
 "pysnooper_3": {
  "line": {
   "Tarantula": 0.00039505958557128906,
   "Ochiai": 0.0005600452423095703,
   "DStar": 0.0003871917724609375
  },
  "line_line": {
   "Tarantula": 0.0004105567932128906,
   "Ochiai": 0.0006108283996582031,
   "DStar": 0.0004024505615234375
  },
  "line_defuse": {
   "Tarantula": 0.0003991127014160156,
   "Ochiai": 0.0005815029144287109,
   "DStar": 0.0004055500030517578
  },
  "line_defuses": {
   "Tarantula": 0.0003962516784667969,
   "Ochiai": 0.0005781650543212891,
   "DStar": 0.0004024505615234375
  },
  "line_assert_use": {
   "Tarantula": 0.0003979206085205078,
   "Ochiai": 0.0005793571472167969,
   "DStar": 0.0004029273986816406
  },
  "line_assert_uses": {
   "Tarantula": 0.0003952980041503906,
   "Ochiai": 0.0005826950073242188,
   "DStar": 0.0004048347473144531
  }
 }
}