{
 "httpie_1": {
  "line": {
   "Tarantula": 0.0014433860778808594,
   "Ochiai": 0.002304553985595703,
   "DStar": 0.001392364501953125,
   "Naish2": 0.0014128684997558594,
   "GP13": 0.0014047622680664062
  },
  "line_line": {
   "Tarantula": 0.0013065338134765625,
   "Ochiai": 0.00226593017578125,
   "DStar": 0.0014133453369140625,
   "Naish2": 0.0013840198516845703,
   "GP13": 0.0014293193817138672
  },
  "line_defuse": {
   "Tarantula": 0.00128936767578125,
   "Ochiai": 0.0022652149200439453,
   "DStar": 0.0014505386352539062,
   "Naish2": 0.0014481544494628906,
   "GP13": 0.0014567375183105469
  },
  "line_defuses": {
   "Tarantula": 0.001356363296508789,
   "Ochiai": 0.0022263526916503906,
   "DStar": 0.0014314651489257812,
   "Naish2": 0.0013742446899414062,
   "GP13": 0.0014503002166748047
  },
  "line_assert_use": {
   "Tarantula": 0.0014872550964355469,
   "Ochiai": 0.0022878646850585938,
   "DStar": 0.0014138221740722656,
   "Naish2": 0.0014529228210449219,
   "GP13": 0.0014820098876953125
  },
  "line_assert_uses": {
   "Tarantula": 0.0012831687927246094,
   "Ochiai": 0.0022335052490234375,
   "DStar": 0.0014197826385498047,
   "Naish2": 0.001405477523803711,
   "GP13": 0.0015180110931396484
  }
 },
 "httpie_2": {
  "line": {
   "Tarantula": 0.0011544227600097656,
   "Ochiai": 0.0019571781158447266,
   "DStar": 0.00125885009765625,
   "Naish2": 0.001219034194946289,
   "GP13": 0.0012862682342529297
  },
  "line_line": {
   "Tarantula": 0.0011525154113769531,
   "Ochiai": 0.001980304718017578,
   "DStar": 0.001252889633178711,
   "Naish2": 0.0026586055755615234,
   "GP13": 0.0012826919555664062
  },
  "line_defuse": {
   "Tarantula": 0.0011644363403320312,
   "Ochiai": 0.0019958019256591797,
   "DStar": 0.0012485980987548828,
   "Naish2": 0.001270294189453125,
   "GP13": 0.0013523101806640625
  },
  "line_defuses": {
   "Tarantula": 0.001178741455078125,
   "Ochiai": 0.002010822296142578,
   "DStar": 0.0012555122375488281,
   "Naish2": 0.0012431144714355469,
   "GP13": 0.0013127326965332031
  },
  "line_assert_use": {
   "Tarantula": 0.0012927055358886719,
   "Ochiai": 0.0019741058349609375,
   "DStar": 0.0012359619140625,
   "Naish2": 0.001226663589477539,
   "GP13": 0.0012755393981933594
  },
  "line_assert_uses": {
   "Tarantula": 0.0011453628540039062,
   "Ochiai": 0.0020148754119873047,
   "DStar": 0.0012559890747070312,
   "Naish2": 0.0012359619140625,
   "GP13": 0.0012714862823486328
  }
 },
 "httpie_3": {
  "line": {
   "Tarantula": 0.001779794692993164,
   "Ochiai": 0.002783536911010742,
   "DStar": 0.0019049644470214844,
   "Naish2": 0.0018601417541503906,
   "GP13": 0.0019304752349853516
  },
  "line_line": {
   "Tarantula": 0.0017535686492919922,
   "Ochiai": 0.002824068069458008,
   "DStar": 0.002271413803100586,
   "Naish2": 0.0019106864929199219,
   "GP13": 0.0019464492797851562
  },
  "line_defuse": {
   "Tarantula": 0.0017077922821044922,
   "Ochiai": 0.002954244613647461,
   "DStar": 0.0019495487213134766,
   "Naish2": 0.002019643783569336,
   "GP13": 0.0020055770874023438
  },
  "line_defuses": {
   "Tarantula": 0.0017046928405761719,
   "Ochiai": 0.002881765365600586,
   "DStar": 0.001953601837158203,
   "Naish2": 0.0019147396087646484,
   "GP13": 0.0019266605377197266
  },
  "line_assert_use": {
   "Tarantula": 0.0017189979553222656,
   "Ochiai": 0.0028133392333984375,
   "DStar": 0.0020110607147216797,
   "Naish2": 0.0018794536590576172,
   "GP13": 0.0019338130950927734
  },
  "line_assert_uses": {
   "Tarantula": 0.0017178058624267578,
   "Ochiai": 0.00284576416015625,
   "DStar": 0.002162456512451172,
   "Naish2": 0.0020253658294677734,
   "GP13": 0.001953125
  }
 },
 "httpie_4": {
  "line": {
   "Tarantula": 0.0012645721435546875,
   "Ochiai": 0.002137422561645508,
   "DStar": 0.0014350414276123047,
   "Naish2": 0.001331329345703125,
   "GP13": 0.0013740062713623047
  },
  "line_line": {
   "Tarantula": 0.0012617111206054688,
   "Ochiai": 0.002121448516845703,
   "DStar": 0.001371145248413086,
   "Naish2": 0.0013532638549804688,
   "GP13": 0.001402139663696289
  },
  "line_defuse": {
   "Tarantula": 0.0012917518615722656,
   "Ochiai": 0.002101421356201172,
   "DStar": 0.001458883285522461,
   "Naish2": 0.001485586166381836,
   "GP13": 0.0014078617095947266
  },
  "line_defuses": {
   "Tarantula": 0.0012614727020263672,
   "Ochiai": 0.0020656585693359375,
   "DStar": 0.001361846923828125,
   "Naish2": 0.0013680458068847656,
   "GP13": 0.0017011165618896484
  },
  "line_assert_use": {
   "Tarantula": 0.0012671947479248047,
   "Ochiai": 0.0021049976348876953,
   "DStar": 0.0014121532440185547,
   "Naish2": 0.001428365707397461,
   "GP13": 0.0014500617980957031
  },
  "line_assert_uses": {
   "Tarantula": 0.0012981891632080078,
   "Ochiai": 0.002070903778076172,
   "DStar": 0.0014820098876953125,
   "Naish2": 0.0013797283172607422,
   "GP13": 0.0013964176177978516
  }
 },
 "httpie_5": {
  "line": {
   "Tarantula": 0.0004684925079345703,
   "Ochiai": 0.0007860660552978516,
   "DStar": 0.0005171298980712891,
   "Naish2": 0.0005042552947998047,
   "GP13": 0.0005085468292236328
  },
  "line_line": {
   "Tarantula": 0.0004558563232421875,
   "Ochiai": 0.0007476806640625,
   "DStar": 0.0004935264587402344,
   "Naish2": 0.0004906654357910156,
   "GP13": 0.0004973411560058594
  },
  "line_defuse": {
   "Tarantula": 0.0004489421844482422,
   "Ochiai": 0.0007784366607666016,
   "DStar": 0.0005099773406982422,
   "Naish2": 0.0011649131774902344,
   "GP13": 0.0005028247833251953
  },
  "line_defuses": {
   "Tarantula": 0.0004563331604003906,
   "Ochiai": 0.0007534027099609375,
   "DStar": 0.0004980564117431641,
   "Naish2": 0.0004928112030029297,
   "GP13": 0.0005040168762207031
  },
  "line_assert_use": {
   "Tarantula": 0.0006563663482666016,
   "Ochiai": 0.0007627010345458984,
   "DStar": 0.0004947185516357422,
   "Naish2": 0.0008873939514160156,
   "GP13": 0.0004968643188476562
  },
  "line_assert_uses": {
   "Tarantula": 0.0004525184631347656,
   "Ochiai": 0.0007627010345458984,
   "DStar": 0.000499725341796875,
   "Naish2": 0.0004856586456298828,
   "GP13": 0.0005030632019042969
  }
 }
}