{
 "markup_1": {
  "line": {
   "Tarantula": 6.866455078125e-05,
   "Ochiai": 8.0108642578125e-05,
   "DStar": 5.984306335449219e-05,
   "Naish2": 5.626678466796875e-05,
   "GP13": 6.008148193359375e-05
  },
  "line_line": {
   "Tarantula": 4.673004150390625e-05,
   "Ochiai": 7.224082946777344e-05,
   "DStar": 5.5789947509765625e-05,
   "Naish2": 5.030632019042969e-05,
   "GP13": 5.173683166503906e-05
  },
  "line_defuse": {
   "Tarantula": 4.458427429199219e-05,
   "Ochiai": 7.224082946777344e-05,
   "DStar": 5.364418029785156e-05,
   "Naish2": 4.9591064453125e-05,
   "GP13": 5.054473876953125e-05
  },
  "line_defuses": {
   "Tarantula": 4.506111145019531e-05,
   "Ochiai": 7.319450378417969e-05,
   "DStar": 5.507469177246094e-05,
   "Naish2": 4.935264587402344e-05,
   "GP13": 5.340576171875e-05
  },
  "line_assert_use": {
   "Tarantula": 4.3392181396484375e-05,
   "Ochiai": 7.2479248046875e-05,
   "DStar": 5.459785461425781e-05,
   "Naish2": 5.125999450683594e-05,
   "GP13": 5.0067901611328125e-05
  },
  "line_assert_uses": {
   "Tarantula": 4.315376281738281e-05,
   "Ochiai": 7.2479248046875e-05,
   "DStar": 5.412101745605469e-05,
   "Naish2": 4.9591064453125e-05,
   "GP13": 4.982948303222656e-05
  }
 },
 "markup_2": {
  "line": {
   "Tarantula": 4.5299530029296875e-05,
   "Ochiai": 6.175041198730469e-05,
   "DStar": 5.1021575927734375e-05,
   "Naish2": 5.0067901611328125e-05,
   "GP13": 5.1021575927734375e-05
  },
  "line_line": {
   "Tarantula": 4.38690185546875e-05,
   "Ochiai": 7.200241088867188e-05,
   "DStar": 5.078315734863281e-05,
   "Naish2": 5.221366882324219e-05,
   "GP13": 5.245208740234375e-05
  },
  "line_defuse": {
   "Tarantula": 4.38690185546875e-05,
   "Ochiai": 7.200241088867188e-05,
   "DStar": 5.078315734863281e-05,
   "Naish2": 4.57763671875e-05,
   "GP13": 5.078315734863281e-05
  },
  "line_defuses": {
   "Tarantula": 4.363059997558594e-05,
   "Ochiai": 7.510185241699219e-05,
   "DStar": 4.792213439941406e-05,
   "Naish2": 4.7206878662109375e-05,
   "GP13": 5.125999450683594e-05
  },
  "line_assert_use": {
   "Tarantula": 4.363059997558594e-05,
   "Ochiai": 7.534027099609375e-05,
   "DStar": 5.7220458984375e-05,
   "Naish2": 5.4836273193359375e-05,
   "GP13": 4.935264587402344e-05
  },
  "line_assert_uses": {
   "Tarantula": 4.291534423828125e-05,
   "Ochiai": 7.176399230957031e-05,
   "DStar": 6.532669067382812e-05,
   "Naish2": 4.839897155761719e-05,
   "GP13": 4.8160552978515625e-05
  }
 }
}