{
 "pysnooper_2": {
  "line": {
   "Tarantula": 0.0008344650268554688,
   "Ochiai": 0.0013704299926757812,
   "DStar": 0.0008192062377929688,
   "Naish2": 0.0008327960968017578,
   "GP13": 0.0008318424224853516
  },
  "line_line": {
   "Tarantula": 0.0007810592651367188,
   "Ochiai": 0.0012264251708984375,
   "DStar": 0.0008249282836914062,
   "Naish2": 0.0008144378662109375,
   "GP13": 0.0008375644683837891
  },
  "line_defuse": {
   "Tarantula": 0.0007929801940917969,
   "Ochiai": 0.0012323856353759766,
   "DStar": 0.0008301734924316406,
   "Naish2": 0.0007917881011962891,
   "GP13": 0.0008456707000732422
  },
  "line_defuses": {
   "Tarantula": 0.0008115768432617188,
   "Ochiai": 0.0012311935424804688,
   "DStar": 0.0008394718170166016,
   "Naish2": 0.0008084774017333984,
   "GP13": 0.0008406639099121094
  },
  "line_assert_use": {
   "Tarantula": 0.0008082389831542969,
   "Ochiai": 0.0012509822845458984,
   "DStar": 0.0008611679077148438,
   "Naish2": 0.0008349418640136719,
   "GP13": 0.0008537769317626953
  },
  "line_assert_uses": {
   "Tarantula": 0.0008182525634765625,
   "Ochiai": 0.0012385845184326172,
   "DStar": 0.0008220672607421875,
   "Naish2": 0.0008397102355957031,
   "GP13": 0.0008373260498046875
  }
 },
 "pysnooper_3": {
  "line": {
   "Tarantula": 0.00043010711669921875,
   "Ochiai": 0.0006320476531982422,
   "DStar": 0.0004265308380126953,
   "Naish2": 0.00041675567626953125,
   "GP13": 0.0004353523254394531
  },
  "line_line": {
   "Tarantula": 0.0004210472106933594,
   "Ochiai": 0.0006284713745117188,
   "DStar": 0.000423431396484375,
   "Naish2": 0.00041174888610839844,
   "GP13": 0.0004444122314453125
  },
  "line_defuse": {
   "Tarantula": 0.00043010711669921875,
   "Ochiai": 0.0006372928619384766,
   "DStar": 0.00043511390686035156,
   "Naish2": 0.0004298686981201172,
   "GP13": 0.0004279613494873047
  },
  "line_defuses": {
   "Tarantula": 0.00043129920959472656,
   "Ochiai": 0.0006468296051025391,
   "DStar": 0.00042748451232910156,
   "Naish2": 0.0004391670227050781,
   "GP13": 0.0004303455352783203
  },
  "line_assert_use": {
   "Tarantula": 0.00043082237243652344,
   "Ochiai": 0.0006337165832519531,
   "DStar": 0.00042724609375,
   "Naish2": 0.00041556358337402344,
   "GP13": 0.00045561790466308594
  },
  "line_assert_uses": {
   "Tarantula": 0.0004322528839111328,
   "Ochiai": 0.0006415843963623047,
   "DStar": 0.0004279613494873047,
   "Naish2": 0.00043082237243652344,
   "GP13": 0.0004374980926513672
  }
 }
}