{
 "PASS": {
  "methods": {
   "_load_plugin_filter (28)": 0.9074664298020977,
   "_configure_collection_loader (29)": 0.9074664298020977,
   "__init__ (4)": 0.9074664298020977,
   "get (22)": 0.46742906708274246,
   "find_plugin_with_name (17)": 0.46742906708274246,
   "_find_plugin_legacy (18)": 0.46742906708274246,
   "_get_paths (12)": 0.46742906708274246,
   "_get_package_paths (11)": 0.46742906708274246,
   "_all_directories (10)": 0.46742906708274246,
   "_load_module_source (20)": 0.46742906708274246,
   "_load_config_defs (13)": 0.46742906708274246,
   "get_plugin_class (30)": 0.46742906708274246,
   "_display_plugin_load (23)": 0.46742906708274246,
   "__init__ (1061)": 0.8771620172810918,
   "__init__ (31)": 0.8771620172810918,
   "_update_object (21)": 0.46742906708274246,
   "run (1072)": 0.0,
   "run (958)": 0.22723612403661278,
   "__init__ (952)": 1.0,
   "request (953)": 1.0,
   "get_teams (955)": 0.11034942683198229,
   "_fetch_conjur_token (965)": 0.40689961788798873,
   "_parse_parameters (1102)": 0.1194788300199457,
   "_write_password_file (1107)": 0.015269061979426844,
   "__init__ (1091)": 0.29213253418851437,
   "assert_logged_in (1093)": 0.12128968085590838,
   "run (971)": 0.04258947566178092,
   "run (1005)": 0.4248395914209616,
   "set_options (34)": 0.41063819695010817,
   "get_option (32)": 0.41063819695010817,
   "_format_content (1106)": 0.09042099860807627,
   "_load_identity_from_file (964)": 0.2712664119253262,
   "get_credentials (957)": 0.055174713415991145,
   "get_resources (954)": 0.16552414024797346,
   "get_laps_password (1004)": 0.061076247917707376,
   "__init__ (986)": 0.17155810608839783,
   "get_field (991)": 0.07387552525524607,
   "_build_args (990)": 0.1501294333604667,
   "run (1110)": 0.07391599116221477,
   "_gen_candidate_chars (1104)": 0.10427229984265153,
   "_get_lock (1108)": 0.07391599116221477,
   "_read_password_file (1103)": 0.08943218370540604,
   "_parse_content (1105)": 0.07516767558681114,
   "_release_lock (1109)": 0.059071335746969315,
   "_parse_params (1126)": 0.1356332059626631,
   "get_raw (1094)": 0.20323874465260014,
   "logged_in (988)": 0.09115148682673543,
   "get_field (1095)": 0.16300007686689544,
   "_parse_field (1098)": 0.12071438084229377,
   "run (992)": 0.052458973906853563,
   "get_projects (956)": 0.11034942683198229,
   "run (1099)": 0.03765929960500166,
   "cli_path (987)": 0.02142867272793117,
   "run (1114)": 0.018462561487666562,
   "_load_conf_from_file (963)": 0.1356332059626631,
   "_api (970)": 0.014182651009436994
  },
  "tests": {
   "Pass Test (7)": 0.17167499044909387,
   "Pass Test (9)": 0.22580552540999718,
   "Pass Test (11)": 0.22701648860476623,
   "Pass Test (14)": 0.8974839048109332,
   "Pass Test (16)": 1.0,
   "Pass Test (17)": 0.22629580067795121,
   "Pass Test (18)": 1.0,
   "Pass Test (20)": 1.0,
   "Pass Test (22)": 1.0,
   "Pass Test (25)": 1.0,
   "Pass Test (28)": 0.22701648860476623,
   "Pass Test (30)": 0.22580552540999718,
   "Pass Test (33)": 0.658626710563908,
   "Pass Test (34)": 0.22629580067795121,
   "Pass Test (36)": 1.0,
   "Pass Test (39)": 1.0,
   "Pass Test (41)": 1.0,
   "Pass Test (45)": 0.17167499044909387,
   "Pass Test (46)": 1.0,
   "Pass Test (47)": 0.22616306836634426,
   "Pass Test (49)": 0.6587594428755148,
   "Pass Test (50)": 1.0,
   "Pass Test (51)": 0.17167499044909387,
   "Pass Test (52)": 1.0,
   "Pass Test (53)": 1.0,
   "Pass Test (55)": 0.22701648860476623,
   "Pass Test (57)": 1.0,
   "Pass Test (61)": 0.22701648860476623,
   "Pass Test (63)": 1.0,
   "Pass Test (64)": 1.0,
   "Pass Test (65)": 1.0,
   "Pass Test (67)": 1.0,
   "Pass Test (68)": 1.0,
   "Pass Test (72)": 0.22629580067795121,
   "Pass Test (73)": 1.0,
   "Pass Test (75)": 0.49658967202956594,
   "Pass Test (81)": 0.6587594428755148,
   "Pass Test (82)": 0.2256648971927817,
   "Pass Test (85)": 0.8973564007556334,
   "Pass Test (86)": 0.2256648971927817,
   "Pass Test (87)": 1.0,
   "Pass Test (92)": 0.22580552540999718,
   "Pass Test (93)": 1.0,
   "Pass Test (96)": 1.0,
   "Pass Test (99)": 0.22629580067795121,
   "Pass Test (101)": 1.0,
   "Pass Test (102)": 1.0,
   "Pass Test (106)": 1.0,
   "Pass Test (108)": 0.22569864160202363,
   "Pass Test (109)": 0.17167499044909387,
   "Pass Test (111)": 1.0,
   "Pass Test (114)": 0.9488880430397857,
   "Pass Test (115)": 0.22616306836634426,
   "Pass Test (117)": 1.0,
   "Pass Test (118)": 0.22701648860476623,
   "Pass Test (120)": 1.0,
   "Pass Test (121)": 0.8974839048109332,
   "Pass Test (122)": 0.22616306836634426,
   "Pass Test (124)": 1.0,
   "Pass Test (125)": 0.17167499044909387,
   "Pass Test (126)": 0.658626710563908,
   "Pass Test (127)": 0.22569864160202363,
   "Pass Test (4)": 0.18099044363760494,
   "Pass Test (10)": 0.18099044363760494,
   "Pass Test (23)": 0.18099044363760494,
   "Pass Test (27)": 0.18099044363760494,
   "Pass Test (29)": 0.18099044363760494,
   "Pass Test (37)": 0.18099044363760494,
   "Pass Test (48)": 0.45568717510624623,
   "Pass Test (56)": 0.3887417947701608,
   "Pass Test (58)": 0.45568717510624623,
   "Pass Test (66)": 0.5599087862215392,
   "Pass Test (74)": 0.18099044363760494,
   "Pass Test (77)": 0.18099044363760494,
   "Pass Test (91)": 0.18099044363760494,
   "Pass Test (97)": 0.18099044363760494,
   "Pass Test (104)": 0.18099044363760494,
   "Pass Test (105)": 0.5599087862215392,
   "Pass Test (107)": 0.41174492760854403,
   "Pass Test (110)": 0.18099044363760494,
   "Pass Test (119)": 0.18099044363760494,
   "Pass Test (123)": 0.18099044363760494,
   "Pass Test (5)": 0.41525776494930955,
   "Pass Test (6)": 0.6152425923257061,
   "Pass Test (12)": 0.6152425923257061,
   "Pass Test (15)": 0.41525776494930955,
   "Pass Test (21)": 0.6152425923257061,
   "Pass Test (24)": 0.6152425923257061,
   "Pass Test (26)": 0.41525776494930955,
   "Pass Test (31)": 0.6152425923257061,
   "Pass Test (40)": 0.41525776494930955,
   "Pass Test (44)": 0.41525776494930955,
   "Pass Test (62)": 0.6152425923257061,
   "Pass Test (70)": 0.6152425923257061,
   "Pass Test (76)": 0.41525776494930955,
   "Pass Test (83)": 0.41525776494930955,
   "Pass Test (84)": 0.41525776494930955,
   "Pass Test (90)": 0.41525776494930955,
   "Pass Test (94)": 0.6152425923257061,
   "Pass Test (103)": 0.41525776494930955,
   "Pass Test (8)": 0.5041399104499309,
   "Pass Test (79)": 0.5041399104499309,
   "Pass Test (98)": 0.5041399104499309,
   "Pass Test (13)": 0.1614830654802979,
   "Pass Test (38)": 0.1618807754505663,
   "Pass Test (43)": 0.3087103996414162,
   "Pass Test (54)": 0.23575982211565588,
   "Pass Test (59)": 0.3087103996414162,
   "Pass Test (71)": 0.23575982211565588,
   "Pass Test (78)": 0.08818790495762792,
   "Pass Test (88)": 0.3087103996414162,
   "Pass Test (89)": 0.3087103996414162,
   "Pass Test (112)": 0.1614830654802979,
   "Pass Test (116)": 0.1614830654802979,
   "Pass Test (19)": 0.5041399104499316,
   "Pass Test (60)": 0.5041399104499316,
   "Pass Test (32)": 0.21659136631750356,
   "Pass Test (42)": 0.21572637607506426,
   "Pass Test (69)": 0.14964598598141812,
   "Pass Test (80)": 0.15929799894421073,
   "Pass Test (95)": 0.21659136631750356,
   "Pass Test (100)": 0.21572637607506426,
   "Pass Test (35)": 0.5041399104499316,
   "Pass Test (113)": 0.5041399104499316
  }
 },
 "FAIL": {
  "methods": {
   "_load_plugin_filter (28)": 1.0,
   "_configure_collection_loader (29)": 1.0,
   "__init__ (4)": 1.0,
   "get (22)": 1.0,
   "find_plugin_with_name (17)": 1.0,
   "_find_plugin_legacy (18)": 1.0,
   "_get_paths (12)": 1.0,
   "_get_package_paths (11)": 1.0,
   "_all_directories (10)": 1.0,
   "_load_module_source (20)": 1.0,
   "_load_config_defs (13)": 1.0,
   "get_plugin_class (30)": 1.0,
   "_display_plugin_load (23)": 1.0,
   "__init__ (1061)": 1.0,
   "__init__ (31)": 1.0,
   "_update_object (21)": 1.0,
   "run (1072)": 1.0,
   "run (958)": 0.0,
   "__init__ (952)": 0.0,
   "request (953)": 0.0,
   "get_teams (955)": 0.0,