{
 "PASS": {
  "methods": {
   "g_connect (72)": 1.0,
   "decorator (73)": 1.0,
   "validate_collection_name (27)": 0.23340591902671495,
   "__init__ (48)": 0.23340591902671495,
   "__init__ (61)": 0.23340591902671495,
   "__init__ (78)": 0.5406558159196353,
   "build_collection (24)": 0.23340591902671495,
   "_get_galaxy_yml (36)": 0.23340591902671495,
   "get_collections_galaxy_meta_info (47)": 0.23340591902671495,
   "_build_files_manifest (37)": 0.23340591902671495,
   "_walk (38)": 0.23340591902671495,
   "_build_manifest (39)": 0.23340591902671495,
   "_build_collection_tar (40)": 0.23340591902671495,
   "_tempdir (29)": 0.23340591902671495,
   "reset_stat (41)": 0.23340591902671495,
   "from_path (22)": 0.10380911988458462,
   "__init__ (77)": 0.28966931311157257,
   "__init__ (10)": 0.7961657550926519,
   "add_requirement (16)": 0.7961657550926519,
   "_meets_requirements (20)": 0.7961657550926519,
   "latest_version (14)": 0.7121640159263681,
   "__str__ (11)": 0.2975936564047369,
   "from_name (23)": 0.2511732236914381,
   "dependencies (15)": 0.32272286953711554,
   "__init__ (76)": 0.08582877749309645,
   "from_tar (21)": 0.24919711380165668,
   "_tarfile_extract (30)": 0.21407675800335724,
   "install (17)": 0.15725423795103935,
   "_extract_tar_file (46)": 0.10351942232897261,
   "install_collections (26)": 0.07739098621863874,
   "find_existing_collections (42)": 0.07739098621863874,
   "_display_progress (31)": 0.07739098621863874,
   "_build_dependency_map (43)": 0.07739098621863874,
   "_get_collection_info (44)": 0.07739098621863874,
   "set_latest_version (18)": 0.025771281103729983,
   "_get_metadata (19)": 0.053064536809280666,
   "_add_auth_token (81)": 0.02593534214891401
  },
  "tests": {
   "Pass Test (3)": 0.3229901905790553,
   "Pass Test (4)": 0.23118648477502185,
   "Pass Test (5)": 0.17091178770182577,
   "Pass Test (6)": 0.200567220540041,
   "Pass Test (7)": 0.1379741364223804,
   "Pass Test (8)": 0.1379741364223804,
   "Pass Test (9)": 0.672996682225969,
   "Pass Test (10)": 0.1076880495940474,
   "Pass Test (11)": 0.32556618041079916,
   "Pass Test (12)": 0.23118648477502185,
   "Pass Test (13)": 0.3229901905790553,
   "Pass Test (14)": 0.200567220540041,
   "Pass Test (15)": 0.22984883123102334,
   "Pass Test (16)": 0.29318626416393745,
   "Pass Test (17)": 0.764382797822891,
   "Pass Test (18)": 1.0,
   "Pass Test (19)": 0.29318626416393745,
   "Pass Test (20)": 0.17091178770182577,
   "Pass Test (21)": 0.1076880495940474,
   "Pass Test (22)": 0.48853836310187765,
   "Pass Test (23)": 0.9104479007035506,
   "Pass Test (24)": 0.70524788201548,
   "Pass Test (25)": 0.2307811521543234,
   "Pass Test (26)": 0.3530190006942834,
   "Pass Test (27)": 0.2307811521543234,
   "Pass Test (28)": 0.672996682225969,
   "Pass Test (29)": 0.200567220540041,
   "Pass Test (30)": 0.9408036657296273,
   "Pass Test (31)": 0.200567220540041,
   "Pass Test (32)": 0.7623985162928618,
   "Pass Test (33)": 0.200567220540041,
   "Pass Test (34)": 0.200567220540041,
   "Pass Test (35)": 0.29318626416393745,
   "Pass Test (36)": 0.200567220540041,
   "Pass Test (37)": 0.23118648477502185,
   "Pass Test (38)": 0.200567220540041
  }
 },
 "FAIL": {
  "methods": {
   "g_connect (72)": 1.0,
   "decorator (73)": 1.0,
   "validate_collection_name (27)": 0.6271388383241,
   "__init__ (48)": 0.6271388383241,
   "__init__ (61)": 0.6271388383241,
   "__init__ (78)": 0.6271388383241,
   "build_collection (24)": 0.6271388383241,
   "_get_galaxy_yml (36)": 0.6271388383241,
   "get_collections_galaxy_meta_info (47)": 0.6271388383241,
   "_build_files_manifest (37)": 0.6271388383241,
   "_walk (38)": 0.6271388383241,
   "_build_manifest (39)": 0.6271388383241,
   "_build_collection_tar (40)": 0.6271388383241,
   "_tempdir (29)": 0.6271388383241,
   "reset_stat (41)": 0.6271388383241,
   "from_path (22)": 0.6271388383241,
   "__init__ (77)": 0.6271388383241,
   "__init__ (10)": 1.0,
   "add_requirement (16)": 1.0,
   "_meets_requirements (20)": 1.0,
   "latest_version (14)": 0.37286116167590005,
   "__str__ (11)": 0.37286116167590005,
   "from_name (23)": 0.0,
   "dependencies (15)": 0.0,
   "__init__ (76)": 0.0,
   "from_tar (21)": 0.0,
   "_tarfile_extract (30)": 0.0,
   "install (17)": 0.0,
   "_extract_tar_file (46)": 0.0,
   "install_collections (26)": 0.0,
   "find_existing_collections (42)": 0.0,
   "_display_progress (31)": 0.0,
   "_build_dependency_map (43)": 0.0,
   "_get_collection_info (44)": 0.0,
   "set_latest_version (18)": 0.0,
   "_get_metadata (19)": 0.0,
   "_add_auth_token (81)": 0.0
  },
  "tests": {
   "Fail Test (0)": 1.0,
   "Fail Test (1)": 1.0,
   "Fail Test (2)": 0.4161794114701323
  }
 }
}