{
 "PASS": {
  "methods": {
   "Form (68)": 1.0,
   "__init__ (59)": 1.0,
   "__init__ (58)": 1.0,
   "__init__ (24)": 1.0,
   "__init__ (7)": 1.0,
   "setup (26)": 1.0,
   "get (38)": 1.0,
   "get (15)": 1.0,
   "api_route (9)": 1.0,
   "decorator (10)": 1.0,
   "add_api_route (8)": 1.0,
   "__init__ (6)": 1.0,
   "generate_operation_id_for_path (50)": 1.0,
   "create_cloned_field (49)": 0.0,
   "get_dependant (83)": 1.0,
   "get_path_param_names (48)": 1.0,
   "__init__ (76)": 1.0,
   "get_body_field (92)": 1.0,
   "get_flat_dependant (80)": 1.0,
   "get_app (1)": 1.0,
   "app (2)": 1.0,
   "solve_dependencies (88)": 1.0,
   "request_params_to_args (89)": 1.0,
   "serialize_response (0)": 0.624855749998006,
   "jsonable_encoder (23)": 0.624855749998006,
   "Depends (70)": 1.0,
   "__init__ (61)": 1.0,
   "get_param_sub_dependant (77)": 1.0,
   "get_sub_dependant (79)": 1.0,
   "add_non_field_param_to_dependency (84)": 1.0,
   "get_param_field (85)": 1.0,
   "__init__ (55)": 1.0,
   "__init__ (53)": 1.0,
   "is_scalar_field (81)": 1.0,
   "add_param_to_fields (86)": 1.0,
   "get_parameterless_sub_dependant (78)": 1.0,
   "include_router (37)": 1.0,
   "include_router (14)": 1.0,
   "is_scalar_sequence_field (82)": 1.0,
   "is_coroutine_callable (87)": 0.624855749998006,
   "request_validation_exception_handler (74)": 0.3751442500019942
  },
  "tests": {
   "Pass Test (1)": 1.0,
   "Pass Test (2)": 1.0,
   "Pass Test (3)": 1.0,
   "Pass Test (4)": 0.9493017889227465,
   "Pass Test (5)": 1.0,
   "Pass Test (6)": 1.0,
   "Pass Test (7)": 1.0,
   "Pass Test (8)": 1.0,
   "Pass Test (9)": 1.0,
   "Pass Test (10)": 1.0,
   "Pass Test (11)": 1.0,
   "Pass Test (12)": 1.0,
   "Pass Test (13)": 0.9493017889227465,
   "Pass Test (14)": 1.0,
   "Pass Test (15)": 1.0,
   "Pass Test (16)": 0.9493017889227465,
   "Pass Test (17)": 0.9493017889227465,
   "Pass Test (18)": 0.9493017889227465,
   "Pass Test (19)": 0.9493017889227465,
   "Pass Test (20)": 0.9493017889227465,
   "Pass Test (21)": 0.9493017889227465,
   "Pass Test (22)": 1.0,
   "Pass Test (23)": 0.9493017889227465,
   "Pass Test (24)": 0.9493017889227465,
   "Pass Test (25)": 1.0,
   "Pass Test (26)": 1.0,
   "Pass Test (27)": 1.0,
   "Pass Test (28)": 0.9493017889227465,
   "Pass Test (29)": 1.0,
   "Pass Test (30)": 1.0,
   "Pass Test (31)": 0.9493017889227465,
   "Pass Test (32)": 1.0
  }
 },
 "FAIL": {
  "methods": {
   "Form (68)": 1.0,
   "__init__ (59)": 1.0,
   "__init__ (58)": 1.0,
   "__init__ (24)": 1.0,
   "__init__ (7)": 1.0,
   "setup (26)": 1.0,
   "get (38)": 1.0,
   "get (15)": 1.0,
   "api_route (9)": 1.0,
   "decorator (10)": 1.0,
   "add_api_route (8)": 1.0,
   "__init__ (6)": 1.0,
   "generate_operation_id_for_path (50)": 1.0,
   "create_cloned_field (49)": 1.0,
   "get_dependant (83)": 1.0,
   "get_path_param_names (48)": 1.0,
   "__init__ (76)": 1.0,
   "get_body_field (92)": 1.0,
   "get_flat_dependant (80)": 1.0,
   "get_app (1)": 1.0,
   "app (2)": 1.0,
   "solve_dependencies (88)": 1.0,
   "request_params_to_args (89)": 1.0,
   "serialize_response (0)": 1.0,
   "jsonable_encoder (23)": 1.0,
   "Depends (70)": 0.0,
   "__init__ (61)": 0.0,
   "get_param_sub_dependant (77)": 0.0,
   "get_sub_dependant (79)": 0.0,
   "add_non_field_param_to_dependency (84)": 0.0,
   "get_param_field (85)": 0.0,
   "__init__ (55)": 0.0,
   "__init__ (53)": 0.0,
   "is_scalar_field (81)": 0.0,
   "add_param_to_fields (86)": 0.0,
   "get_parameterless_sub_dependant (78)": 0.0,
   "include_router (37)": 0.0,
   "include_router (14)": 0.0,
   "is_scalar_sequence_field (82)": 0.0,
   "is_coroutine_callable (87)": 0.0,
   "request_validation_exception_handler (74)": 0.0
  },
  "tests": {
   "Fail Test (0)": 1.0
  }
 }
}