{
 "PASS": {
  "methods": {
   "floatx (1570)": 1.0,
   "epsilon (1568)": 1.0,
   "image_data_format (1573)": 1.0,
   "set_floatx (1571)": 1.0,
   "set_epsilon (1569)": 1.0,
   "set_image_data_format (1574)": 1.0,
   "generate_legacy_interface (502)": 1.0,
   "legacy_support (503)": 1.0,
   "backend (1404)": 1.0,
   "__init__ (321)": 0.7673044673113423,
   "flow_from_directory (323)": 0.30542272123851744,
   "__init__ (344)": 0.30542272123851744,
   "_count_valid_files_in_directory (342)": 0.30542272123851744,
   "_iter_valid_files (340)": 0.30542272123851744,
   "_recursive_list (341)": 0.30542272123851744,
   "_list_valid_filenames_in_directory (343)": 0.30542272123851744,
   "__init__ (327)": 0.45716693747959836,
   "__len__ (330)": 0.45716693747959836,
   "__getitem__ (329)": 0.15174421624108098,
   "_set_index_array (328)": 0.2274311062765094,
   "_get_batches_of_transformed_samples (345)": 0.0756868900354284,
   "load_img (319)": 0.15338558429843302,
   "img_to_array (318)": 0.4595574085699132,
   "random_transform (325)": 0.3039001944941196,
   "standardize (324)": 0.3039001944941196,
   "fit (326)": 0.3073417439830266,
   "flow (322)": 0.22918388213109367,
   "__init__ (337)": 0.22918388213109367,
   "array_to_img (317)": 0.30759416885206076,
   "__next__ (335)": 0.1511547565940855,
   "next (346)": 0.0756868900354284,
   "_flow_index (333)": 0.1511547565940855,
   "reset (332)": 0.1511547565940855,
   "transform_matrix_offset_center (314)": 0.22897527338913157,
   "apply_transform (315)": 0.22897527338913157,
   "flip_axis (316)": 0.15193695477626729,
   "random_brightness (313)": 0.15193695477626729,
   "random_rotation (308)": 0.07703831861286425,
   "random_shift (309)": 0.07703831861286425,
   "random_shear (310)": 0.07703831861286425,
   "random_zoom (311)": 0.07703831861286425,
   "random_channel_shift (312)": 0.07703831861286425,
   "_get_batches_of_transformed_samples (338)": 0.15174421624108098,
   "__iter__ (334)": 0.07546786655865709,
   "next (339)": 0.07546786655865709,
   "on_epoch_end (331)": 0.07546786655865709
  },
  "tests": {
   "Pass Test (1)": 0.41686436495943063,
   "Pass Test (2)": 0.5707789330058637,
   "Pass Test (3)": 0.3550947231934449,
   "Pass Test (4)": 0.38608498791972756,
   "Pass Test (5)": 0.5707789330058637,
   "Pass Test (6)": 0.8775394323559678,
   "Pass Test (7)": 0.35512480161740184,
   "Pass Test (8)": 0.5707789330058637,
   "Pass Test (9)": 0.6016271984304257,
   "Pass Test (10)": 0.5104047730896603,
   "Pass Test (11)": 0.6316955907911022,
   "Pass Test (12)": 0.32407688851645317,
   "Pass Test (13)": 1.0
  }
 },
 "FAIL": {
  "methods": {
   "floatx (1570)": 1.0,
   "epsilon (1568)": 1.0,
   "image_data_format (1573)": 1.0,
   "set_floatx (1571)": 1.0,
   "set_epsilon (1569)": 1.0,
   "set_image_data_format (1574)": 1.0,
   "generate_legacy_interface (502)": 1.0,
   "legacy_support (503)": 1.0,
   "backend (1404)": 1.0,
   "__init__ (321)": 1.0,
   "flow_from_directory (323)": 1.0,
   "__init__ (344)": 1.0,
   "_count_valid_files_in_directory (342)": 1.0,
   "_iter_valid_files (340)": 1.0,
   "_recursive_list (341)": 1.0,
   "_list_valid_filenames_in_directory (343)": 1.0,
   "__init__ (327)": 1.0,
   "__len__ (330)": 1.0,
   "__getitem__ (329)": 1.0,
   "_set_index_array (328)": 1.0,
   "_get_batches_of_transformed_samples (345)": 1.0,
   "load_img (319)": 1.0,
   "img_to_array (318)": 1.0,
   "random_transform (325)": 1.0,
   "standardize (324)": 1.0,
   "fit (326)": 0.0,
   "flow (322)": 0.0,
   "__init__ (337)": 0.0,
   "array_to_img (317)": 0.0,
   "__next__ (335)": 0.0,
   "next (346)": 0.0,
   "_flow_index (333)": 0.0,
   "reset (332)": 0.0,
   "transform_matrix_offset_center (314)": 0.0,
   "apply_transform (315)": 0.0,
   "flip_axis (316)": 0.0,
   "random_brightness (313)": 0.0,
   "random_rotation (308)": 0.0,
   "random_shift (309)": 0.0,
   "random_shear (310)": 0.0,
   "random_zoom (311)": 0.0,
   "random_channel_shift (312)": 0.0,
   "_get_batches_of_transformed_samples (338)": 0.0,
   "__iter__ (334)": 0.0,
   "next (339)": 0.0,
   "on_epoch_end (331)": 0.0
  },
  "tests": {
   "Fail Test (0)": 1.0
  }
 }
}