{
 "PASS": {
  "methods": {
   "floatx (1709)": 1.0,
   "epsilon (1707)": 1.0,
   "image_data_format (1712)": 1.0,
   "set_floatx (1710)": 1.0,
   "set_epsilon (1708)": 1.0,
   "set_image_data_format (1713)": 1.0,
   "generate_legacy_interface (461)": 1.0,
   "legacy_support (462)": 1.0,
   "backend (1443)": 1.0,
   "allow_write_to_gcs (317)": 1.0,
   "allow_read_from_gcs (319)": 1.0,
   "keras_modules_injection (236)": 1.0,
   "get_file (1035)": 0.0,
   "dl_progress (1036)": 0.0,
   "__init__ (1077)": 0.0,
   "update (1078)": 0.0,
   "_extract_archive (1034)": 0.0,
   "clear_session (1446)": 0.9325723415062163,
   "reset_uids (1445)": 0.9325723415062163,
   "__init__ (1060)": 0.46613084633510604,
   "__init__ (1045)": 0.7323506666572133,
   "start (1047)": 0.7989599656320372,
   "_run (1062)": 0.46613084633510604,
   "_send_sequence (1048)": 0.9325723415062163,
   "get (1063)": 0.46613084633510604,
   "is_running (1046)": 0.9325723415062163,
   "next_sample (1059)": 0.2663604836200606,
   "stop (1049)": 0.9325723415062163,
   "init_pool (1043)": 0.2676493333427866,
   "get_index (1044)": 0.5338691536648938,
   "_wait_queue (1055)": 0.33323950803505803,
   "_get_executor_init (1061)": 0.19977036271504542,
   "_get_executor_init (1054)": 0.066609298974824,
   "_run (1056)": 0.33282911929693115,
   "get (1057)": 0.33282911929693115,
   "__init__ (1053)": 0.2662198203221071
  },
  "tests": {
   "Pass Test (1)": 0.9590212130184581,
   "Pass Test (2)": 0.8366371482767632,
   "Pass Test (3)": 0.9590212130184581,
   "Pass Test (4)": 0.8366371482767632,
   "Pass Test (5)": 0.9590212130184581,
   "Pass Test (6)": 0.9590212130184581,
   "Pass Test (7)": 0.5910940237296674,
   "Pass Test (8)": 0.9590212130184581,
   "Pass Test (9)": 0.9592971014303835,
   "Pass Test (10)": 1.0,
   "Pass Test (11)": 0.9590212130184581,
   "Pass Test (12)": 1.0,
   "Pass Test (13)": 1.0,
   "Pass Test (14)": 0.9590212130184581,
   "Pass Test (15)": 0.959057925907745
  }
 },
 "FAIL": {
  "methods": {
   "floatx (1709)": 1.0,
   "epsilon (1707)": 1.0,
   "image_data_format (1712)": 1.0,
   "set_floatx (1710)": 1.0,
   "set_epsilon (1708)": 1.0,
   "set_image_data_format (1713)": 1.0,
   "generate_legacy_interface (461)": 1.0,
   "legacy_support (462)": 1.0,
   "backend (1443)": 1.0,
   "allow_write_to_gcs (317)": 1.0,
   "allow_read_from_gcs (319)": 1.0,
   "keras_modules_injection (236)": 1.0,
   "get_file (1035)": 1.0,
   "dl_progress (1036)": 1.0,
   "__init__ (1077)": 1.0,
   "update (1078)": 1.0,
   "_extract_archive (1034)": 1.0,
   "clear_session (1446)": 1.0,
   "reset_uids (1445)": 1.0,
   "__init__ (1060)": 0.0,
   "__init__ (1045)": 0.0,
   "start (1047)": 0.0,
   "_run (1062)": 0.0,
   "_send_sequence (1048)": 0.0,
   "get (1063)": 0.0,
   "is_running (1046)": 0.0,
   "next_sample (1059)": 0.0,
   "stop (1049)": 0.0,
   "init_pool (1043)": 0.0,
   "get_index (1044)": 0.0,
   "_wait_queue (1055)": 0.0,
   "_get_executor_init (1061)": 0.0,
   "_get_executor_init (1054)": 0.0,
   "_run (1056)": 0.0,
   "get (1057)": 0.0,
   "__init__ (1053)": 0.0
  },
  "tests": {
   "Fail Test (0)": 1.0
  }
 }
}