{
 "PASS": {
  "methods": {
   "__init__ (197)": 1.0,
   "__init__ (195)": 1.0,
   "__init__ (188)": 1.0,
   "__init__ (190)": 1.0,
   "_add_module (198)": 1.0,
   "__init__ (193)": 1.0,
   "_get_module (199)": 1.0,
   "_add_doc (186)": 1.0,
   "__get__ (189)": 1.0,
   "_resolve (191)": 1.0,
   "_import_module (187)": 1.0,
   "find_module (200)": 1.0,
   "deprecate_kwarg (410)": 1.0,
   "real_decorator (411)": 1.0,
   "add_metaclass (242)": 1.0,
   "wrapper (243)": 1.0,
   "__new__ (136)": 1.0,
   "__init__ (471)": 1.0,
   "__init__ (474)": 1.0,
   "is_package (203)": 1.0,
   "__get_module (201)": 1.0,
   "load_module (202)": 1.0,
   "_resolve (196)": 1.0,
   "new_function (412)": 1.0,
   "__init__ (104)": 1.0,
   "__init__ (126)": 1.0,
   "instance (267)": 0.8726046273556687,
   "reload (268)": 0.8726046273556687,
   "iteritems (216)": 0.8979980493016732,
   "set (275)": 0.4063574675365425,
   "run (328)": 0.36397867140480344,
   "parse (322)": 0.35143201223865705,
   "parse_task (321)": 0.35143201223865705,
   "add_global_parameters (318)": 0.36397867140480344,
   "get_global_parameters (317)": 0.36397867140480344,
   "get_all_params (146)": 0.36397867140480344,
   "__get_reg (142)": 0.36397867140480344,
   "task_family (141)": 0.6817469105941207,
   "get_params (526)": 0.6817469105941207,
   "add_to_cmdline_parser (118)": 0.36397867140480344,
   "parser_dest (117)": 0.36397867140480344,
   "has_value (107)": 0.4021858901075667,
   "_get_value (106)": 0.8980208290126896,
   "value (108)": 0.6440245421079195,
   "_get_value_from_config (105)": 0.8726046273556687,
   "get_config (276)": 0.8726046273556687,
   "get (270)": 0.8726046273556687,
   "_get_with_default (269)": 0.8726046273556687,
   "task_names (143)": 0.36397867140480344,
   "get_task_cls (145)": 0.36397867140480344,
   "add_task_parameters (316)": 0.36397867140480344,
   "set_global_parameters (320)": 0.36397867140480344,
   "set_global_from_args (120)": 0.36397867140480344,
   "reset_global (112)": 0.440236542573563,
   "parse_from_input (115)": 0.36397867140480344,
   "parse (127)": 0.37670757379145714,
   "set_global (111)": 0.5421249181991791,
   "get_task_parameters (319)": 0.36397867140480344,
   "parse_from_args (119)": 0.27611785082354384,
   "__call__ (137)": 0.6563358989027778,
   "get_param_values (527)": 0.6563358989027778,
   "list_to_tuple (528)": 0.5798547912846973,
   "instantiate (138)": 0.5798547912846973,
   "__init__ (529)": 0.5798547912846973,
   "serialize (114)": 0.5671565564594381,
   "task_family (525)": 0.5798547912846973,
   "run (313)": 0.35133766338263056,
   "has_task_value (109)": 0.5671267315846372,
   "task_value (110)": 0.5290194228191253,
   "getboolean (271)": 0.35133766338263056,
   "setup_interface_logging (308)": 0.35133766338263056,
   "create_local_scheduler (309)": 0.35133766338263056,
   "__init__ (365)": 0.35133766338263056,
   "__init__ (347)": 0.35133766338263056,
   "getintdict (274)": 0.35133766338263056,
   "create_worker (311)": 0.35133766338263056,
   "__init__ (564)": 0.35133766338263056,
   "_generate_worker_info (566)": 0.35133766338263056,
   "__init__ (561)": 0.35133766338263056,
   "run (563)": 0.35133766338263056,
   "add (572)": 0.35133766338263056,
   "_validate_task (567)": 0.35133766338263056,
   "initialized (530)": 0.35133766338263056,
   "apply_async (557)": 0.35133766338263056,
   "check_complete (560)": 0.35133766338263056,
   "__repr__ (535)": 0.35133766338263056,
   "__init__ (559)": 0.0,
   "_add (573)": 0.35133766338263056,
   "_check_complete_value (575)": 0.35133766338263056,
   "__init__ (558)": 0.0,
   "_log_complete_error (568)": 0.0,
   "trigger_event (523)": 0.35133766338263056,
   "_email_complete_error (570)": 0.0,
   "wrap_traceback (403)": 0.012561006951008837,
   "email_type (401)": 0.012561006951008837,
   "send_error_email (408)": 0.012561006951008837,
   "run (584)": 0.35133766338263056,
   "_add_worker (576)": 0.35133766338263056,
   "add_worker (372)": 0.35133766338263056,
   "get_worker (362)": 0.35133766338263056,
   "__init__ (341)": 0.35133766338263056,
   "add_info (342)": 0.35133766338263056,
   "_get_work (578)": 0.35133766338263056,
   "get_work (379)": 0.35133766338263056,
   "update (369)": 0.35133766338263056,
   "update (343)": 0.35133766338263056,
   "_used_resources (375)": 0.35133766338263056,
   "get_active_tasks (350)": 0.35133766338263056,
   "itervalues (215)": 0.35133766338263056,
   "get_active_workers (359)": 0.35133766338263056,
   "get_pending_tasks (352)": 0.35133766338263056,
   "_rank (376)": 0.35133766338263056,
   "_log_remote_tasks (577)": 0.35133766338263056,
   "_keep_alive (583)": 0.35133766338263056,
   "stop (565)": 0.35133766338263056,
   "stop (562)": 0.35133766338263056,
   "parse (135)": 0.11452249029264173,
   "_parseIso8601 (131)": 0.11452249029264173,
   "field (132)": 0.11452249029264173,
   "optional_field (133)": 0.11452249029264173,
   "_apply_regex (130)": 0.11452249029264173,
   "_parseSimple (134)": 0.06361977972136927,
   "clear (89)": 0.11288492544196609,
   "get_all_data (83)": 0.11288492544196609,
   "parse (113)": 0.31508975494822067,
   "complete (537)": 0.3262362368555325,
   "__init__ (90)": 0.11288492544196609,
   "get_default_format (479)": 0.11288492544196609,
   "flatten (552)": 0.35133766338263056,
   "exists (91)": 0.11288492544196609,
   "deps (544)": 0.35133766338263056,
   "_requires (541)": 0.35133766338263056,
   "_validate_dependency (574)": 0.1630776681350489,
   "process_resources (542)": 0.3387766564316218,
   "to_str_params (532)": 0.3387766564316218,
   "task_module (524)": 0.3387766564316218,
   "add_task (371)": 0.3387766564316218,
   "__init__ (336)": 0.3387766564316218,
   "_get_default (335)": 0.3387766564316218,
   "__init__ (331)": 0.3387766564316218,
   "get_task (353)": 0.3387766564316218,
   "_update_task_history (393)": 0.3387766564316218,
   "task_scheduled (20)": 0.3387766564316218,
   "set_status (356)": 0.3387766564316218,
   "_update_priority (370)": 0.3387766564316218,
   "requires (540)": 0.32622696342183233,
   "not_done (377)": 0.1630776681350489,
   "_upstream_status (381)": 0.3387766564316218,
   "has_task (354)": 0.3387766564316218,
   "_schedulable (378)": 0.3387766564316218,
   "_has_resources (374)": 0.3387766564316218,
   "task_started (22)": 0.3387766564316218,
   "_run_task (579)": 0.3387766564316218,
   "__init__ (554)": 0.3387766564316218,
   "run (556)": 0.3387766564316218,
   "_run_get_new_deps (555)": 0.3387766564316218,
   "open (94)": 0.11288492544196609,
   "pipe_writer (473)": 0.11288492544196609,
   "__init__ (466)": 0.11288492544196609,
   "readable (100)": 0.11288492544196609,
   "seekable (102)": 0.11288492544196609,
   "__getattr__ (467)": 0.11288492544196609,
   "set_wrapper (95)": 0.11288492544196609,
   "close (97)": 0.11288492544196609,
   "on_success (547)": 0.3387766564316218,
   "_handle_next_task (581)": 0.3387766564316218,
   "_purge_children (580)": 0.3387766564316218,
   "task_finished (21)": 0.3387766564316218,
   "output (539)": 0.21335131141356642,
   "run (545)": 0.1380411166172392,
   "_log_unexpected_error (569)": 0.012561006951008837,
   "_email_unexpected_error (571)": 0.012561006951008837,
   "send_email (407)": 0.012561006951008837,
   "_prefix (409)": 0.012561006951008837,
   "send_email_smtp (404)": 0.012561006951008837,
   "getint (272)": 0.012561006951008837,
   "getfloat (273)": 0.012561006951008837,
   "generate_email (402)": 0.012561006951008837,
   "parse (124)": 0.2143933624656744,
   "parse (123)": 0.012733652840351991,
   "__init__ (325)": 0.012546659166146428,
   "parse (326)": 0.012546659166146428,
   "add_task_option (327)": 0.012546659166146428,
   "tasks_str (144)": 0.012546659166146428,
   "_process_args (324)": 0.012546659166146428,
   "parse (121)": 0.012733652840351991,
   "parse (60)": 0.01271797661648033,
   "__init__ (23)": 0.01271797661648033,
   "parse (129)": 0.01271797661648033,
   "parse (58)": 0.01271797661648033,