{
 "PASS": {
  "methods": {
   "__init__ (272)": 1.0,
   "__init__ (270)": 1.0,
   "__init__ (263)": 1.0,
   "__init__ (265)": 1.0,
   "_add_module (273)": 1.0,
   "__init__ (268)": 1.0,
   "_get_module (274)": 1.0,
   "_add_doc (261)": 1.0,
   "__get__ (264)": 1.0,
   "_resolve (266)": 1.0,
   "_import_module (262)": 1.0,
   "find_module (275)": 1.0,
   "add_metaclass (317)": 1.0,
   "wrapper (318)": 1.0,
   "__new__ (181)": 1.0,
   "__init__ (572)": 1.0,
   "__init__ (575)": 1.0,
   "is_package (278)": 1.0,
   "__get_module (276)": 1.0,
   "load_module (277)": 1.0,
   "_resolve (271)": 1.0,
   "__init__ (150)": 1.0,
   "__init__ (115)": 1.0,
   "__init__ (128)": 1.0,
   "__init__ (139)": 1.0,
   "__init__ (440)": 1.0,
   "__call__ (182)": 1.0,
   "get_params (634)": 1.0,
   "task_family (186)": 1.0,
   "get_param_values (636)": 1.0,
   "iteritems (291)": 1.0,
   "normalize (123)": 1.0,
   "has_task_value (119)": 1.0,
   "_get_value (117)": 1.0,
   "_value_iterator (118)": 1.0,
   "get_instance (487)": 1.0,
   "_get_value_from_config (116)": 1.0,
   "get_config (351)": 1.0,
   "instance (342)": 1.0,
   "reload (343)": 1.0,
   "get (345)": 1.0,
   "_get_with_default (344)": 1.0,
   "task_value (120)": 1.0,
   "normalize (152)": 1.0,
   "list_to_tuple (637)": 1.0,
   "instantiate (183)": 1.0,
   "__init__ (638)": 1.0,
   "task_family (633)": 1.0,
   "to_str_params (641)": 1.0,
   "serialize (122)": 1.0,
   "task_id_str (626)": 1.0,
   "__init__ (415)": 1.0,
   "getintdict (349)": 1.0,
   "add_worker (449)": 0.17995803550766995,
   "get_worker (435)": 1.0,
   "__init__ (407)": 1.0,
   "add_info (408)": 0.17995803550766995,
   "ping (458)": 0.12992466913082895,
   "update (446)": 0.98998856665798,
   "update (409)": 0.98998856665798,
   "add_task (448)": 0.98998856665798,
   "__init__ (401)": 0.9799768319646317,
   "_get_default (400)": 0.9799768319646315,
   "__init__ (396)": 0.9799768319646315,
   "get_task (424)": 0.98998856665798,
   "_update_task_history (479)": 0.9799768319646315,
   "task_scheduled (22)": 0.8999992042765312,
   "set_status (427)": 0.9799768319646315,
   "_update_priority (447)": 0.9799768319646315,
   "get_work (457)": 0.6899682295679123,
   "is_trivial_worker (412)": 0.6899682295679123,
   "assistant (413)": 0.9599498399327737,
   "get_pending_tasks (411)": 0.5900120581313496,
   "num_pending_tasks (423)": 0.5900120581313496,
   "get_pending_tasks (422)": 0.6999796629099323,
   "itervalues (290)": 0.9699612732747938,
   "_rank (454)": 0.6399840433641261,
   "_upstream_status (459)": 0.6099702984779798,
   "has_task (425)": 0.6099702984779798,
   "_schedulable (455)": 0.6399840433641261,
   "_has_resources (452)": 0.619976442587038,
   "task_started (24)": 0.5899487455599159,
   "task_finished (23)": 0.4299113038695681,
   "can_disable (405)": 0.2198520041786169,
   "add_failure (403)": 0.23989888162049167,
   "add_failure (397)": 0.23989888162049167,
   "has_excessive_failures (404)": 0.21987176157171556,
   "num_failures (398)": 0.21987176157171556,
   "__repr__ (402)": 0.0,
   "update_resources (451)": 0.19003472280508657,
   "_used_resources (453)": 0.3099973172267924,
   "get_active_tasks (420)": 0.7698838215787881,
   "get_active_workers (432)": 0.7498679733487736,
   "__str__ (414)": 0.0800220263871707,
   "_retry_time (456)": 0.1898767875476354,
   "task_list (467)": 0.45983487810305634,
   "prune (443)": 0.5198171962090637,
   "_prune_workers (444)": 0.5198171962090637,
   "prune (410)": 0.5198171962090637,
   "inactivate_workers (436)": 0.5198171962090637,
   "_remove_workers_from_tasks (437)": 0.5398330444390784,
   "_prune_tasks (445)": 0.5198171962090637,
   "get_assistants (433)": 0.5198171962090637,
   "fail_dead_worker_task (428)": 0.5098057628670437,
   "update_status (429)": 0.5098057628670438,
   "may_prune (430)": 0.5098057628670438,
   "inactivate_tasks (431)": 0.5198171962090637,
   "filter_func (468)": 0.3398337696562777,
   "_serialize_task (460)": 0.42983841702666903,
   "pretty_id (406)": 0.43983956747747044,
   "get_necessary_tasks (439)": 0.08993553363151496,
   "disable_worker (450)": 0.0699783420368868,
   "disable_workers (438)": 0.0699783420368868,
   "send_error_email (508)": 0.07993710792570095,
   "_email_recipients (507)": 0.07993710792570095,
   "filter_func (469)": 0.10000579782119273,
   "re_enable_task (475)": 0.019978316116777837,
   "re_enable (426)": 0.04995699354108767,
   "clear (399)": 0.04995699354108767,
   "worker_list (471)": 0.020004321182079437,
   "get_running_tasks (421)": 0.020007292726684615,
   "_first_task_display_name (470)": 0.009992887840059455
  },
  "tests": {
   "Pass Test (1)": 0.7879766640532124,
   "Pass Test (2)": 0.9539209580017713,
   "Pass Test (3)": 0.7326280502251141,
   "Pass Test (4)": 0.7418561087922806,
   "Pass Test (5)": 0.7879269043052616,
   "Pass Test (6)": 0.7418561087922806,
   "Pass Test (7)": 0.760305173292331,
   "Pass Test (8)": 0.778707113976491,
   "Pass Test (9)": 0.7971488858675045,
   "Pass Test (10)": 0.7787030278713863,
   "Pass Test (11)": 0.8617274885523363,
   "Pass Test (12)": 0.7879269043052616,
   "Pass Test (13)": 0.7418561087922806,
   "Pass Test (14)": 0.7971981502890721,
   "Pass Test (15)": 0.7879261114806423,
   "Pass Test (16)": 0.7971686955796387,
   "Pass Test (17)": 0.6311677172967245,
   "Pass Test (18)": 0.9723603576095102,
   "Pass Test (19)": 0.6496130367859009,
   "Pass Test (20)": 0.7418561087922806,
   "Pass Test (21)": 0.8801168788860437,
   "Pass Test (22)": 0.8617246328298099,
   "Pass Test (23)": 0.769528256901587,
   "Pass Test (24)": 0.7879717246996897,
   "Pass Test (25)": 0.760305173292331,
   "Pass Test (26)": 0.8616708584613444,
   "Pass Test (27)": 0.787931948840017,
   "Pass Test (28)": 0.7787486410904338,
   "Pass Test (29)": 0.7787502384638301,
   "Pass Test (30)": 0.769528256901587,
   "Pass Test (31)": 0.7971499879145173,
   "Pass Test (32)": 0.787931948840017,
   "Pass Test (33)": 1.0,
   "Pass Test (34)": 0.787931948840017,
   "Pass Test (35)": 0.7510746473864308,
   "Pass Test (36)": 0.7418497563346935,
   "Pass Test (37)": 0.9170134197788581,
   "Pass Test (38)": 0.7603026853412698,
   "Pass Test (39)": 0.9078284503893843,
   "Pass Test (40)": 0.9170504319516273,
   "Pass Test (41)": 0.769528256901587,
   "Pass Test (42)": 0.9078227917646902,
   "Pass Test (43)": 0.8524606798302433,
   "Pass Test (44)": 0.7787502384638301,
   "Pass Test (45)": 0.8709225114578134,
   "Pass Test (46)": 0.8524614726548626,
   "Pass Test (47)": 1.0,
   "Pass Test (48)": 0.9446683604855284,
   "Pass Test (49)": 0.769528256901587,
   "Pass Test (50)": 0.7879269043052616,
   "Pass Test (51)": 0.7971488858675045,
   "Pass Test (52)": 0.9447006746710586,
   "Pass Test (53)": 0.787931948840017,
   "Pass Test (54)": 0.787931948840017,
   "Pass Test (55)": 0.8986030014359195,
   "Pass Test (56)": 0.8801027559390683,
   "Pass Test (57)": 0.8801027559390683,
   "Pass Test (58)": 0.7418561087922806,
   "Pass Test (59)": 0.6311677172967245,
   "Pass Test (60)": 0.944698891559092,
   "Pass Test (61)": 0.7418561087922806,
   "Pass Test (62)": 0.787931948840017,
   "Pass Test (63)": 0.9631360156511242,
   "Pass Test (64)": 0.787931948840017,
   "Pass Test (65)": 0.787931948840017,
   "Pass Test (66)": 0.7879766640532124,
   "Pass Test (67)": 0.7879717246996897,
   "Pass Test (68)": 0.649593483555853,
   "Pass Test (69)": 0.7326280502251141,
   "Pass Test (70)": 0.769528256901587,
   "Pass Test (71)": 0.769528256901587,
   "Pass Test (72)": 0.7418561087922806,
   "Pass Test (73)": 0.8893863896521703,
   "Pass Test (74)": 0.7326341272300374,
   "Pass Test (75)": 0.7510796017320138,
   "Pass Test (76)": 0.9723630187389853,
   "Pass Test (77)": 0.7510825343816628,
   "Pass Test (78)": 0.769528256901587,
   "Pass Test (79)": 0.7510878022603633,
   "Pass Test (80)": 0.7879717246996897,
   "Pass Test (81)": 0.7418605528194199,
   "Pass Test (82)": 0.7418561087922806,
   "Pass Test (83)": 0.9262586139338446,