{
 "PASS": {
  "methods": {
   "__init__ (266)": 1.0,
   "__init__ (264)": 1.0,
   "__init__ (257)": 1.0,
   "__init__ (259)": 1.0,
   "_add_module (267)": 1.0,
   "__init__ (262)": 1.0,
   "_get_module (268)": 1.0,
   "_add_doc (255)": 1.0,
   "__get__ (258)": 1.0,
   "_resolve (260)": 1.0,
   "_import_module (256)": 1.0,
   "find_module (269)": 1.0,
   "deprecate_kwarg (540)": 1.0,
   "real_decorator (541)": 1.0,
   "add_metaclass (311)": 1.0,
   "wrapper (312)": 1.0,
   "__new__ (205)": 1.0,
   "__init__ (601)": 1.0,
   "__init__ (604)": 1.0,
   "is_package (272)": 1.0,
   "__get_module (270)": 1.0,
   "load_module (271)": 1.0,
   "_resolve (265)": 1.0,
   "new_function (542)": 1.0,
   "__init__ (173)": 1.0,
   "__init__ (195)": 1.0,
   "load_task (216)": 0.0,
   "get_task_cls (214)": 0.0,
   "__get_reg (211)": 0.0,
   "task_family (210)": 0.1980901144629036,
   "tasks_str (213)": 0.0,
   "task_names (212)": 0.0,
   "id_to_name_and_params (657)": 0.601465898599027,
   "id_to_name_and_params (755)": 0.601465898599027,
   "__call__ (206)": 0.1980901144629036,
   "get_params (664)": 0.1980901144629036,
   "get_param_values (665)": 0.1980901144629036,
   "iteritems (285)": 0.3985341014009729,
   "list_to_tuple (666)": 0.1980901144629036,
   "instantiate (207)": 0.1980901144629036,
   "__init__ (667)": 0.1980901144629036,
   "serialize (183)": 0.1980901144629036,
   "serialize (191)": 0.1980901144629036,
   "task_family (663)": 0.1980901144629036,
   "to_str_params (670)": 0.1980901144629036,
   "from_str_params (669)": 0.1980901144629036,
   "parse_from_input (184)": 0.1980901144629036,
   "parse (182)": 0.1980901144629036,
   "parse (196)": 0.1980901144629036,
   "parse (193)": 0.1980901144629036,
   "parse (194)": 0.1980901144629036,
   "parse (192)": 0.1980901144629036,
   "parse (190)": 0.1980901144629036,
   "parse (204)": 0.1980901144629036,
   "_parseIso8601 (200)": 0.1980901144629036,
   "field (201)": 0.1980901144629036,
   "optional_field (202)": 0.1980901144629036,
   "_apply_regex (199)": 0.1980901144629036,
   "_parseSimple (203)": 0.1980901144629036,
   "__eq__ (674)": 0.1980901144629036,
   "flatten (690)": 0.20044398693806934
  },
  "tests": {
   "Pass Test (1)": 0.5346986815112544,
   "Pass Test (2)": 0.5346986815112544,
   "Pass Test (3)": 1.0,
   "Pass Test (4)": 0.5345796118231574,
   "Pass Test (5)": 0.5346986815112544
  }
 },
 "FAIL": {
  "methods": {
   "__init__ (266)": 1.0,
   "__init__ (264)": 1.0,
   "__init__ (257)": 1.0,
   "__init__ (259)": 1.0,
   "_add_module (267)": 1.0,
   "__init__ (262)": 1.0,
   "_get_module (268)": 1.0,
   "_add_doc (255)": 1.0,
   "__get__ (258)": 1.0,
   "_resolve (260)": 1.0,
   "_import_module (256)": 1.0,
   "find_module (269)": 1.0,
   "deprecate_kwarg (540)": 1.0,
   "real_decorator (541)": 1.0,
   "add_metaclass (311)": 1.0,
   "wrapper (312)": 1.0,
   "__new__ (205)": 1.0,
   "__init__ (601)": 1.0,
   "__init__ (604)": 1.0,
   "is_package (272)": 1.0,
   "__get_module (270)": 1.0,
   "load_module (271)": 1.0,
   "_resolve (265)": 1.0,
   "new_function (542)": 1.0,
   "__init__ (173)": 1.0,
   "__init__ (195)": 1.0,
   "load_task (216)": 1.0,
   "get_task_cls (214)": 1.0,
   "__get_reg (211)": 1.0,
   "task_family (210)": 1.0,
   "tasks_str (213)": 1.0,
   "task_names (212)": 1.0,
   "id_to_name_and_params (657)": 0.0,
   "id_to_name_and_params (755)": 0.0,
   "__call__ (206)": 0.0,
   "get_params (664)": 0.0,
   "get_param_values (665)": 0.0,
   "iteritems (285)": 0.0,
   "list_to_tuple (666)": 0.0,
   "instantiate (207)": 0.0,
   "__init__ (667)": 0.0,
   "serialize (183)": 0.0,
   "serialize (191)": 0.0,
   "task_family (663)": 0.0,
   "to_str_params (670)": 0.0,
   "from_str_params (669)": 0.0,
   "parse_from_input (184)": 0.0,
   "parse (182)": 0.0,
   "parse (196)": 0.0,
   "parse (193)": 0.0,
   "parse (194)": 0.0,
   "parse (192)": 0.0,
   "parse (190)": 0.0,
   "parse (204)": 0.0,
   "_parseIso8601 (200)": 0.0,
   "field (201)": 0.0,
   "optional_field (202)": 0.0,
   "_apply_regex (199)": 0.0,
   "_parseSimple (203)": 0.0,
   "__eq__ (674)": 0.0,
   "flatten (690)": 0.0
  },
  "tests": {
   "Fail Test (0)": 1.0
  }
 }
}