{
 "PASS": {
  "methods": {
   "__init__ (266)": 1.0,
   "__init__ (264)": 1.0,
   "__init__ (257)": 1.0,
   "__init__ (259)": 1.0,
   "_add_module (267)": 1.0,
   "__init__ (262)": 1.0,
   "_get_module (268)": 1.0,
   "_add_doc (255)": 1.0,
   "__get__ (258)": 1.0,
   "_resolve (260)": 1.0,
   "_import_module (256)": 1.0,
   "find_module (269)": 1.0,
   "deprecate_kwarg (540)": 1.0,
   "real_decorator (541)": 1.0,
   "add_metaclass (311)": 1.0,
   "wrapper (312)": 1.0,
   "__new__ (205)": 1.0,
   "__init__ (601)": 1.0,
   "__init__ (604)": 1.0,
   "is_package (272)": 1.0,
   "__get_module (270)": 1.0,
   "load_module (271)": 1.0,
   "_resolve (265)": 1.0,
   "new_function (542)": 1.0,
   "__init__ (173)": 1.0,
   "__init__ (195)": 1.0,
   "get_autoconfig_client (117)": 1.0,
   "get_configured_hdfs_client (115)": 1.0,
   "__call__ (206)": 1.0,
   "get_params (664)": 1.0,
   "task_family (210)": 1.0,
   "get_param_values (665)": 1.0,
   "iteritems (285)": 1.0,
   "has_task_value (178)": 1.0,
   "_get_value (175)": 1.0,
   "_get_value_from_config (174)": 1.0,
   "get_config (345)": 1.0,
   "instance (336)": 1.0,
   "reload (337)": 1.0,
   "get (339)": 1.0,
   "_get_with_default (338)": 1.0,
   "task_value (179)": 1.0,
   "list_to_tuple (666)": 1.0,
   "instantiate (207)": 1.0,
   "__init__ (667)": 1.0,
   "serialize (183)": 1.0,
   "task_family (663)": 1.0,
   "create_hadoopcli_client (116)": 1.0,
   "get_configured_hadoop_version (114)": 1.0,
   "get_default_client (789)": 1.0,
   "get_hive_syntax (768)": 1.0,
   "table_exists (777)": 0.0,
   "run_hive (769)": 0.06253952553817962,
   "load_hive_cmd (767)": 0.18677120210895287,
   "__init__ (766)": 0.06253952553817962,
   "partition_spec (786)": 0.06256267635041735,
   "__init__ (796)": 0.06253952553817964,
   "exists (797)": 0.06253952553817964,
   "run_hive_cmd (770)": 0.06256267635041735,
   "run_hive_script (771)": 0.1251253527008347,
   "__init__ (800)": 0.06255384811318368,
   "exists (801)": 0.06255384811318368,
   "partition_spec (779)": 0.06256267635041735,
   "run (397)": 0.06169215103259359,
   "parse (391)": 0.06169215103259359,
   "parse_task (390)": 0.06169215103259359,
   "add_global_parameters (387)": 0.06169215103259359,
   "get_global_parameters (386)": 0.06169215103259359,
   "get_all_params (215)": 0.06169215103259359,
   "__get_reg (211)": 0.06169215103259359,
   "add_to_cmdline_parser (187)": 0.06169215103259359,
   "parser_dest (186)": 0.06169215103259359,
   "has_value (176)": 0.06169215103259359,
   "value (177)": 0.06169215103259359,
   "task_names (212)": 0.06169215103259359,
   "get_task_cls (214)": 0.06169215103259359,
   "add_task_parameters (385)": 0.06169215103259359,
   "set_global_parameters (389)": 0.06169215103259359,
   "set_global_from_args (189)": 0.06169215103259359,
   "reset_global (181)": 0.06169215103259359,
   "parse_from_input (184)": 0.06169215103259359,
   "parse (196)": 0.06169215103259359,
   "set_global (180)": 0.06169215103259359,
   "get_task_parameters (388)": 0.06169215103259359,
   "parse_from_args (188)": 0.06169215103259359,
   "parse (182)": 0.06169215103259359,
   "run (382)": 0.06169215103259359,
   "getboolean (340)": 0.06169215103259359,
   "setup_interface_logging (377)": 0.06169215103259359,
   "create_local_scheduler (378)": 0.06169215103259359,
   "__init__ (434)": 0.06169215103259359,
   "__init__ (416)": 0.06169215103259359,
   "getintdict (343)": 0.06169215103259359,
   "create_worker (380)": 0.06169215103259359,
   "__init__ (702)": 0.06169215103259359,
   "_generate_worker_info (704)": 0.06169215103259359,
   "__init__ (699)": 0.06169215103259359,
   "run (701)": 0.06169215103259359,
   "add (710)": 0.06169215103259359,
   "_validate_task (705)": 0.06169215103259359,
   "initialized (668)": 0.06169215103259359,
   "apply_async (695)": 0.06169215103259359,
   "check_complete (698)": 0.06169215103259359,
   "__repr__ (673)": 0.06169215103259359,
   "complete (675)": 0.06169215103259359,
   "output (677)": 0.06169215103259359,
   "flatten (690)": 0.12417765345843175,
   "_add (711)": 0.06169215103259359,
   "_check_complete_value (713)": 0.06169215103259359,
   "deps (499)": 0.06169215103259359,
   "requires_hadoop (496)": 0.06169215103259359,
   "requires (678)": 0.06169215103259359,
   "requires_local (495)": 0.06169215103259359,
   "process_resources (680)": 0.06169215103259359,
   "to_str_params (670)": 0.06169215103259359,
   "task_module (662)": 0.06169215103259359,
   "add_task (440)": 0.06169215103259359,
   "update (438)": 0.06169215103259359,
   "get_worker (431)": 0.06169215103259359,
   "__init__ (410)": 0.06169215103259359,
   "update (412)": 0.06169215103259359,
   "__init__ (405)": 0.06169215103259359,
   "_get_default (404)": 0.06169215103259359,
   "__init__ (400)": 0.06169215103259359,
   "get_task (422)": 0.06169215103259359,
   "_update_task_history (462)": 0.06169215103259359,
   "task_scheduled (20)": 0.06169215103259359,
   "set_status (425)": 0.06169215103259359,
   "_update_priority (439)": 0.06169215103259359,
   "run (722)": 0.06169215103259359,
   "_add_worker (714)": 0.06169215103259359,
   "add_worker (441)": 0.06169215103259359,
   "add_info (411)": 0.06169215103259359,
   "_get_work (716)": 0.06169215103259359,
   "get_work (448)": 0.06169215103259359,
   "_used_resources (444)": 0.06169215103259359,
   "get_active_tasks (419)": 0.06169215103259359,
   "itervalues (284)": 0.06169215103259359,
   "get_active_workers (428)": 0.06169215103259359,
   "get_pending_tasks (421)": 0.06169215103259359,
   "_rank (445)": 0.06169215103259359,
   "_upstream_status (450)": 0.06169215103259359,
   "has_task (423)": 0.06169215103259359,
   "_schedulable (447)": 0.06169215103259359,
   "_has_resources (443)": 0.06169215103259359,
   "task_started (22)": 0.06169215103259359,
   "_run_task (717)": 0.06169215103259359,
   "__init__ (692)": 0.06169215103259359,
   "run (694)": 0.06169215103259359,
   "trigger_event (661)": 0.06169215103259359,
   "_run_get_new_deps (693)": 0.06169215103259359,
   "run (494)": 0.06169215103259359,
   "init_local (492)": 0.06169215103259359,
   "job_runner (793)": 0.06169215103259359,
   "run_job (795)": 0.06169215103259359,
   "prepare_outputs (794)": 0.12417765345843175,
   "hiverc (791)": 0.06169215103259359,
   "hiveconfs (792)": 0.06169215103259359,
   "on_success (685)": 0.06169215103259359,
   "_handle_next_task (719)": 0.06169215103259359,
   "_purge_children (718)": 0.06169215103259359,
   "task_finished (21)": 0.06169215103259359,
   "_log_remote_tasks (715)": 0.06169215103259359,
   "_keep_alive (721)": 0.06169215103259359,
   "stop (703)": 0.06169215103259359,
   "stop (700)": 0.06169215103259359,
   "table_location (776)": 0.06256267635041735,
   "table_schema (778)": 0.06256267635041735,
   "__init__ (646)": 0.06248550242583814,
   "get_default_format (609)": 0.06248550242583814,
   "__init__ (615)": 0.06248550242583814,
   "exists (642)": 0.06248550242583814,
   "mkdir (643)": 0.06248550242583814,
   "__del__ (654)": 0.06248550242583814,
   "table_schema (780)": 0.06256267635041735,
   "table_exists (782)": 0.06254502237456765,
   "_existing_partitions (783)": 0.06254502237456765,
   "_parse_partition_string (784)": 0.06254502237456765
  },
  "tests": {
   "Pass Test (2)": 0.3531723788390971,
   "Pass Test (3)": 0.34021781521365807,
   "Pass Test (4)": 0.35317237883909713,
   "Pass Test (5)": 0.34021781521365807,
   "Pass Test (6)": 0.3337222632499531,
   "Pass Test (7)": 0.34021781521365807,
   "Pass Test (8)": 0.3467115340373188,
   "Pass Test (9)": 0.34021781521365807,
   "Pass Test (10)": 1.0,
   "Pass Test (11)": 0.34021781521365807,
   "Pass Test (12)": 0.34021781521365807,
   "Pass Test (13)": 0.3337222632499531,
   "Pass Test (14)": 0.34021781521365807,
   "Pass Test (15)": 0.38554019840585335,
   "Pass Test (16)": 0.34021781521365807,
   "Pass Test (17)": 0.35320342050061493
  }
 },
 "FAIL": {
  "methods": {
   "__init__ (266)": 1.0,
   "__init__ (264)": 1.0,