{
 "PASS": {
  "methods": {
   "__init__ (0)": 1.0,
   "memoize (9)": 1.0,
   "__init__ (25)": 1.0,
   "cache (31)": 1.0,
   "cache_decorator (32)": 1.0,
   "_get_shell_from_env (156)": 1.0,
   "_get_shell_from_proc (157)": 1.0,
   "__setattr__ (81)": 1.0,
   "__init__ (59)": 1.0,
   "git_support (495)": 1.0,
   "wrapper (10)": 1.0,
   "is_app (22)": 1.0,
   "script_parts (62)": 1.0,
   "split_command (110)": 1.0,
   "encode_utf8 (111)": 1.0,
   "decode_utf8 (112)": 1.0,
   "eager (19)": 0.24944169587094148,
   "get_new_command (466)": 0.24944169587094148,
   "__repr__ (64)": 0.0,
   "match (465)": 0.7505583041290584,
   "and_ (107)": 0.24944169587094148
  },
  "tests": {
   "Pass Test (1)": 0.8974065956352355,
   "Pass Test (2)": 0.8974065956352355,
   "Pass Test (3)": 0.8974065956352355,
   "Pass Test (4)": 1.0,
   "Pass Test (5)": 0.8974065956352355,
   "Pass Test (6)": 0.8974065956352355,
   "Pass Test (7)": 1.0,
   "Pass Test (8)": 0.8974065956352355
  }
 },
 "FAIL": {
  "methods": {
   "__init__ (0)": 1.0,
   "memoize (9)": 1.0,
   "__init__ (25)": 1.0,
   "cache (31)": 1.0,
   "cache_decorator (32)": 1.0,
   "_get_shell_from_env (156)": 1.0,
   "_get_shell_from_proc (157)": 1.0,
   "__setattr__ (81)": 1.0,
   "__init__ (59)": 1.0,
   "git_support (495)": 1.0,
   "wrapper (10)": 1.0,
   "is_app (22)": 1.0,
   "script_parts (62)": 1.0,
   "split_command (110)": 1.0,
   "encode_utf8 (111)": 1.0,
   "decode_utf8 (112)": 1.0,
   "eager (19)": 1.0,
   "get_new_command (466)": 1.0,
   "__repr__ (64)": 1.0,
   "match (465)": 0.0,
   "and_ (107)": 0.0
  },
  "tests": {
   "Fail Test (0)": 1.0
  }
 }
}