{
 "PASS": {
  "methods": {
   "strip_jsonp (215)": 0.0,
   "unified_strdate (151)": 0.666666666666667,
   "js_to_json (216)": 0.666666666666667,
   "fix_kv (217)": 0.666666666666667,
   "parse_duration (195)": 0.666666666666667,
   "sanitize_filename (128)": 1.0,
   "replace_insane (129)": 1.0,
   "encodeFilename (133)": 0.22222222222222213,
   "shell_quote (178)": 0.22222222222222213,
   "get_filesystem_encoding (177)": 0.22222222222222213,
   "limit_length (220)": 0.666666666666667,
   "xpath_with_ns (121)": 0.666666666666667,
   "__init__ (200)": 0.16666666666666674,
   "getslice (201)": 0.16666666666666674,
   "__init__ (202)": 0.16666666666666674,
   "getslice (203)": 0.16666666666666674,
   "unescapeHTML (132)": 0.666666666666667,
   "_htmlentity_transform (131)": 0.3333333333333335,
   "parse_iso8601 (150)": 0.666666666666667,
   "urlencode_postdata (211)": 0.666666666666667,
   "orderedSet (130)": 0.666666666666667,
   "escape_url (206)": 0.4411440324745989,
   "escape_rfc3986 (205)": 0.8921893008587347,
   "read_batch_urls (209)": 0.3333333333333335,
   "fixup (210)": 0.3333333333333335,
   "timeconvert (127)": 0.666666666666667,
   "url_basename (189)": 0.666666666666667,
   "fix_xml_ampersands (185)": 0.666666666666667,
   "str_to_int (193)": 0.666666666666667,
   "__init__ (156)": 0.22222222222222213,
   "date_from_str (154)": 0.22222222222222213,
   "__contains__ (158)": 0.22222222222222213,
   "uppercase_escape (204)": 0.666666666666667,
   "clean_html (125)": 0.3333333333333335,
   "smuggle_url (180)": 0.3333333333333335,
   "unsmuggle_url (181)": 0.3333333333333335,
   "find_xpath_attr (119)": 0.666666666666667,
   "intlist_to_bytes (166)": 0.666666666666667
  },
  "tests": {
   "Pass Test (1)": 0.7556111129136193,
   "Pass Test (2)": 0.7556111129136193,
   "Pass Test (22)": 0.7556111129136193,
   "Pass Test (3)": 0.7556111129136193,
   "Pass Test (4)": 0.7556111129136189,
   "Pass Test (24)": 0.7556111129136189,
   "Pass Test (29)": 0.7556111129136189,
   "Pass Test (5)": 0.7556111129136188,
   "Pass Test (6)": 0.7556111129136193,
   "Pass Test (7)": 0.7556111129136193,
   "Pass Test (8)": 0.7556111129136193,
   "Pass Test (9)": 0.7556111129136193,
   "Pass Test (23)": 0.7556111129136193,
   "Pass Test (10)": 0.7556111129136193,
   "Pass Test (11)": 0.7556111129136193,
   "Pass Test (12)": 0.7556111129136193,
   "Pass Test (13)": 1.0,
   "Pass Test (26)": 0.5112222258272383,
   "Pass Test (14)": 0.7556111129136193,
   "Pass Test (15)": 0.7556111129136193,
   "Pass Test (16)": 0.7556111129136193,
   "Pass Test (17)": 0.7556111129136193,
   "Pass Test (18)": 0.7556111129136193,
   "Pass Test (19)": 0.7556111129136188,
   "Pass Test (20)": 0.7556111129136193,
   "Pass Test (25)": 0.7556111129136193,
   "Pass Test (27)": 0.7556111129136193,
   "Pass Test (28)": 0.7556111129136193
  }
 },
 "FAIL": {
  "methods": {
   "strip_jsonp (215)": 1.0,
   "unified_strdate (151)": 0.0,
   "js_to_json (216)": 0.0,
   "fix_kv (217)": 0.0,
   "parse_duration (195)": 0.0,
   "sanitize_filename (128)": 0.0,
   "replace_insane (129)": 0.0,
   "encodeFilename (133)": 0.0,
   "shell_quote (178)": 0.0,
   "get_filesystem_encoding (177)": 0.0,
   "limit_length (220)": 0.0,
   "xpath_with_ns (121)": 0.0,
   "__init__ (200)": 0.0,
   "getslice (201)": 0.0,
   "__init__ (202)": 0.0,
   "getslice (203)": 0.0,
   "unescapeHTML (132)": 0.0,
   "_htmlentity_transform (131)": 0.0,
   "parse_iso8601 (150)": 0.0,
   "urlencode_postdata (211)": 0.0,
   "orderedSet (130)": 0.0,
   "escape_url (206)": 0.0,
   "escape_rfc3986 (205)": 0.0,
   "read_batch_urls (209)": 0.0,
   "fixup (210)": 0.0,
   "timeconvert (127)": 0.0,
   "url_basename (189)": 0.0,
   "fix_xml_ampersands (185)": 0.0,
   "str_to_int (193)": 0.0,
   "__init__ (156)": 0.0,
   "date_from_str (154)": 0.0,
   "__contains__ (158)": 0.0,
   "uppercase_escape (204)": 0.0,
   "clean_html (125)": 0.0,
   "smuggle_url (180)": 0.0,
   "unsmuggle_url (181)": 0.0,
   "find_xpath_attr (119)": 0.0,
   "intlist_to_bytes (166)": 0.0
  },
  "tests": {
   "Fail Test (0)": 1.0
  }
 }
}