{
 "PASS": {
  "methods": {
   "_testfunc (129)": 1.0,
   "random_user_agent (199)": 1.0,
   "preferredencoding (200)": 1.0,
   "get_basename (466)": 1.0,
   "__init__ (169)": 1.0,
   "__init__ (167)": 1.0,
   "ie_key (2221)": 1.0,
   "_make_valid_url (2474)": 1.0,
   "__init__ (2705)": 0.765088906649525,
   "__init__ (2210)": 0.8403871777511209,
   "set_downloader (2218)": 0.8403871777511209,
   "__init__ (0)": 0.8403871777511209,
   "__init__ (191)": 0.8403871777511209,
   "check_deprecated (1)": 0.8403871777511209,
   "_setup_opener (83)": 0.8403871777511209,
   "__init__ (263)": 0.8403871777511209,
   "__init__ (393)": 0.8403871777511209,
   "make_HTTPS_handler (236)": 0.8403871777511209,
   "__init__ (258)": 0.8403871777511209,
   "__init__ (250)": 0.8403871777511209,
   "register_socks_protocols (198)": 0.8403871777511209,
   "_parse_sig_js (2716)": 0.6888800133442141,
   "_search_regex (2247)": 0.7641782844458102,
   "__init__ (88)": 0.6888800133442141,
   "extract_function (92)": 0.6888800133442141,
   "build_function (94)": 0.6888800133442141,
   "resf (95)": 0.6888800133442141,
   "interpret_statement (89)": 0.6888800133442141,
   "interpret_expression (90)": 0.6888800133442141,
   "remove_quotes (314)": 0.6888800133442141,
   "extract (2216)": 0.15150716440690673,
   "initialize (2214)": 0.15150716440690673,
   "_initialize_geo_bypass (2215)": 0.15150716440690673,
   "_real_initialize (2740)": 0.15150716440690673,
   "_login (2694)": 0.15150716440690673,
   "_get_login_info (2250)": 0.15150716440690673,
   "_get_netrc_login_info (2249)": 0.15150716440690673,
   "_real_extract (2745)": 0.15150716440690673,
   "_check_download_just_video (2744)": 0.15150716440690673,
   "_extract_playlist (2743)": 0.07529827110159595,
   "_download_webpage (2229)": 0.07529827110159595,
   "_download_webpage_handle (2697)": 0.07529827110159595,
   "_download_webpage_handle (2225)": 0.07529827110159595,
   "_request_webpage (2224)": 0.07529827110159595,
   "report_download_webpage (2239)": 0.07529827110159595,
   "to_screen (2237)": 0.15150716440690673,
   "update_url_query (345)": 0.07529827110159595,
   "urlopen (80)": 0.07529827110159595,
   "sanitized_Request (224)": 0.07529827110159595,
   "sanitize_url (223)": 0.07529827110159595,
   "http_request (253)": 0.07529827110159595,
   "escape_url (341)": 0.07529827110159595,
   "escape_rfc3986 (340)": 0.07529827110159595,
   "handle_youtubedl_headers (249)": 0.07529827110159595,
   "proxy_open (394)": 0.07529827110159595,
   "https_open (259)": 0.07529827110159595,
   "_create_http_connection (246)": 0.07529827110159595,
   "http_response (264)": 0.07529827110159595,
   "http_response (254)": 0.07529827110159595,
   "_webpage_read_content (2228)": 0.07529827110159595,
   "_guess_encoding_from_content (2226)": 0.07529827110159595,
   "__check_blocked (2227)": 0.07529827110159595,
   "_html_search_regex (2248)": 0.07529827110159595,
   "_entries (2699)": 0.07529827110159595,
   "_process_page (2700)": 0.07529827110159595,
   "extract_videos_from_page (2741)": 0.07529827110159595,
   "extract_videos_from_page_impl (2701)": 0.07529827110159595,
   "playlist_result (2246)": 0.07529827110159595,
   "extract_object (91)": 0.382629574064945,
   "url_result (2244)": 0.07620889330531078,
   "extract_id (2726)": 0.07620889330531078,
   "_extract_player_info (2711)": 0.07973472272435755
  },
  "tests": {
   "Pass Test (1)": 0.5170124096716829,
   "Pass Test (2)": 1.0,
   "Pass Test (3)": 0.533990102610168,
   "Pass Test (4)": 0.533990102610168,
   "Pass Test (5)": 0.5170124096716829,
   "Pass Test (6)": 0.5170124096716829,
   "Pass Test (7)": 0.5170124096716829,
   "Pass Test (8)": 0.5660862139471075,
   "Pass Test (9)": 0.533990102610168,
   "Pass Test (10)": 0.533990102610168,
   "Pass Test (11)": 0.1615299213045634,
   "Pass Test (12)": 0.14384033777447636,
   "Pass Test (13)": 0.533990102610168
  }
 },
 "FAIL": {
  "methods": {
   "_testfunc (129)": 1.0,
   "random_user_agent (199)": 1.0,
   "preferredencoding (200)": 1.0,
   "get_basename (466)": 1.0,
   "__init__ (169)": 1.0,
   "__init__ (167)": 1.0,
   "ie_key (2221)": 1.0,
   "_make_valid_url (2474)": 1.0,
   "__init__ (2705)": 1.0,
   "__init__ (2210)": 1.0,
   "set_downloader (2218)": 1.0,
   "__init__ (0)": 0.0,
   "__init__ (191)": 0.0,
   "check_deprecated (1)": 0.0,
   "_setup_opener (83)": 0.0,
   "__init__ (263)": 0.0,
   "__init__ (393)": 0.0,
   "make_HTTPS_handler (236)": 0.0,
   "__init__ (258)": 0.0,
   "__init__ (250)": 0.0,
   "register_socks_protocols (198)": 0.0,
   "_parse_sig_js (2716)": 0.0,
   "_search_regex (2247)": 0.0,
   "__init__ (88)": 0.0,
   "extract_function (92)": 0.0,
   "build_function (94)": 0.0,
   "resf (95)": 0.0,
   "interpret_statement (89)": 0.0,
   "interpret_expression (90)": 0.0,
   "remove_quotes (314)": 0.0,
   "extract (2216)": 0.0,
   "initialize (2214)": 0.0,
   "_initialize_geo_bypass (2215)": 0.0,
   "_real_initialize (2740)": 0.0,
   "_login (2694)": 0.0,
   "_get_login_info (2250)": 0.0,
   "_get_netrc_login_info (2249)": 0.0,
   "_real_extract (2745)": 0.0,
   "_check_download_just_video (2744)": 0.0,
   "_extract_playlist (2743)": 0.0,
   "_download_webpage (2229)": 0.0,
   "_download_webpage_handle (2697)": 0.0,
   "_download_webpage_handle (2225)": 0.0,
   "_request_webpage (2224)": 0.0,
   "report_download_webpage (2239)": 0.0,
   "to_screen (2237)": 0.0,
   "update_url_query (345)": 0.0,
   "urlopen (80)": 0.0,
   "sanitized_Request (224)": 0.0,
   "sanitize_url (223)": 0.0,
   "http_request (253)": 0.0,
   "escape_url (341)": 0.0,
   "escape_rfc3986 (340)": 0.0,
   "handle_youtubedl_headers (249)": 0.0,
   "proxy_open (394)": 0.0,
   "https_open (259)": 0.0,
   "_create_http_connection (246)": 0.0,
   "http_response (264)": 0.0,
   "http_response (254)": 0.0,
   "_webpage_read_content (2228)": 0.0,
   "_guess_encoding_from_content (2226)": 0.0,
   "__check_blocked (2227)": 0.0,
   "_html_search_regex (2248)": 0.0,
   "_entries (2699)": 0.0,
   "_process_page (2700)": 0.0,
   "extract_videos_from_page (2741)": 0.0,
   "extract_videos_from_page_impl (2701)": 0.0,
   "playlist_result (2246)": 0.0,
   "extract_object (91)": 0.0,
   "url_result (2244)": 0.0,
   "extract_id (2726)": 0.0,
   "_extract_player_info (2711)": 0.0
  },
  "tests": {
   "Fail Test (0)": 1.0
  }
 }
}