{
 "PASS": {
  "methods": {
   "parse_iso8601 (160)": 0.0,
   "unified_strdate (161)": 0.6666666666666666,
   "js_to_json (226)": 0.6666666666666666,
   "fix_kv (227)": 0.6666666666666666,
   "parse_duration (205)": 0.6666666666666666,
   "sanitize_filename (138)": 1.0,
   "replace_insane (139)": 1.0,
   "encodeFilename (143)": 0.2222222222222222,
   "shell_quote (188)": 0.2222222222222222,
   "get_filesystem_encoding (187)": 0.2222222222222222,
   "limit_length (231)": 0.6666666666666666,
   "xpath_with_ns (119)": 0.6666666666666666,
   "__init__ (209)": 0.16666666666666666,
   "getslice (210)": 0.16666666666666666,
   "__init__ (211)": 0.16666666666666666,
   "getslice (212)": 0.16666666666666666,
   "unescapeHTML (142)": 0.3333333333333333,
   "_htmlentity_transform (141)": 0.3333333333333333,
   "urlencode_postdata (220)": 0.6666666666666666,
   "orderedSet (140)": 0.6666666666666666,
   "escape_url (215)": 0.44102555985609454,
   "escape_rfc3986 (214)": 0.8923077734772382,
   "read_batch_urls (218)": 0.3333333333333333,
   "fixup (219)": 0.3333333333333333,
   "timeconvert (137)": 0.6666666666666666,
   "url_basename (199)": 0.6666666666666666,
   "fix_xml_ampersands (195)": 0.6666666666666666,
   "str_to_int (203)": 0.6666666666666666,
   "__init__ (166)": 0.2222222222222222,
   "date_from_str (164)": 0.2222222222222222,
   "__contains__ (168)": 0.2222222222222222,
   "get_meta_content (134)": 0.13333333333333344,
   "__init__ (131)": 0.13333333333333344,
   "loads (122)": 0.13333333333333344,
   "handle_starttag (132)": 0.13333333333333344,
   "get_result (133)": 0.13333333333333344,
   "uppercase_escape (213)": 0.6666666666666666,
   "smuggle_url (190)": 0.3333333333333333,
   "unsmuggle_url (191)": 0.3333333333333333,
   "find_xpath_attr (117)": 0.6666666666666666,
   "strip_jsonp (225)": 0.6666666666666666
  },
  "tests": {
   "Pass Test (1)": 0.7558140925938603,
   "Pass Test (2)": 0.7558140925938603,
   "Pass Test (22)": 0.7558140925938603,
   "Pass Test (3)": 0.7558140925938603,
   "Pass Test (4)": 0.7558140925938603,
   "Pass Test (23)": 0.7558140925938603,
   "Pass Test (27)": 0.7558140925938603,
   "Pass Test (5)": 0.7558140925938602,
   "Pass Test (6)": 0.7558140925938603,
   "Pass Test (7)": 0.7558140925938603,
   "Pass Test (8)": 0.7558140925938603,
   "Pass Test (9)": 0.7558140925938603,
   "Pass Test (10)": 0.7558140925938603,
   "Pass Test (11)": 0.7558140925938603,
   "Pass Test (12)": 1.0,
   "Pass Test (25)": 0.51162818518772,
   "Pass Test (13)": 0.7558140925938603,
   "Pass Test (14)": 0.7558140925938603,
   "Pass Test (15)": 0.7558140925938603,
   "Pass Test (16)": 0.7558140925938603,
   "Pass Test (17)": 0.7558140925938603,
   "Pass Test (18)": 0.7558140925938602,
   "Pass Test (19)": 0.7558140925938608,
   "Pass Test (20)": 0.7558140925938603,
   "Pass Test (24)": 0.7558140925938603,
   "Pass Test (26)": 0.7558140925938603,
   "Pass Test (28)": 0.7558140925938603
  }
 },
 "FAIL": {
  "methods": {
   "parse_iso8601 (160)": 1.0,
   "unified_strdate (161)": 0.0,
   "js_to_json (226)": 0.0,
   "fix_kv (227)": 0.0,
   "parse_duration (205)": 0.0,
   "sanitize_filename (138)": 0.0,
   "replace_insane (139)": 0.0,
   "encodeFilename (143)": 0.0,
   "shell_quote (188)": 0.0,
   "get_filesystem_encoding (187)": 0.0,
   "limit_length (231)": 0.0,
   "xpath_with_ns (119)": 0.0,
   "__init__ (209)": 0.0,
   "getslice (210)": 0.0,
   "__init__ (211)": 0.0,
   "getslice (212)": 0.0,
   "unescapeHTML (142)": 0.0,
   "_htmlentity_transform (141)": 0.0,
   "urlencode_postdata (220)": 0.0,
   "orderedSet (140)": 0.0,
   "escape_url (215)": 0.0,
   "escape_rfc3986 (214)": 0.0,
   "read_batch_urls (218)": 0.0,
   "fixup (219)": 0.0,
   "timeconvert (137)": 0.0,
   "url_basename (199)": 0.0,
   "fix_xml_ampersands (195)": 0.0,
   "str_to_int (203)": 0.0,
   "__init__ (166)": 0.0,
   "date_from_str (164)": 0.0,
   "__contains__ (168)": 0.0,
   "get_meta_content (134)": 0.0,
   "__init__ (131)": 0.0,
   "loads (122)": 0.0,
   "handle_starttag (132)": 0.0,
   "get_result (133)": 0.0,
   "uppercase_escape (213)": 0.0,
   "smuggle_url (190)": 0.0,
   "unsmuggle_url (191)": 0.0,
   "find_xpath_attr (117)": 0.0,
   "strip_jsonp (225)": 0.0
  },
  "tests": {
   "Fail Test (0)": 1.0
  }
 }
}