{
 "PASS": {
  "methods": {
   "_testfunc (119)": 1.0,
   "preferredencoding (183)": 1.0,
   "get_basename (430)": 1.0,
   "__init__ (153)": 1.0,
   "__init__ (151)": 1.0,
   "ie_key (1948)": 1.0,
   "cli_bool_option (359)": 0.0,
   "age_restricted (342)": 0.013433988514989443,
   "replace_extension (303)": 0.013433988514989443,
   "parse_filesize (282)": 0.02642066243305263,
   "lookup_unit_table (281)": 0.03964345506277278,
   "unified_strdate (247)": 0.013213943836195976,
   "extract_timezone (244)": 0.039738416418615245,
   "date_formats (246)": 0.026427887672391952,
   "multipart_encode (322)": 0.013320535059492383,
   "_multipart_encode_impl (321)": 0.013320535059492383,
   "base_url (292)": 0.013433988514989443,
   "encode_base_n (372)": 0.013433988514989443,
   "compat_setenv (110)": 0.013320535059492383,
   "expand_path (208)": 0.013320535059492383,
   "js_to_json (328)": 0.026641070118984766,
   "fix_kv (329)": 0.026641070118984766,
   "pkcs1pad (371)": 0.013433988514989443,
   "compat_etree_fromstring (97)": 0.06470603121849447,
   "xpath_text (190)": 0.012811980898705723,
   "xpath_element (188)": 0.03825330477898844,
   "_find_xpath (189)": 0.03825330477898844,
   "__init__ (221)": 0.03863772134818186,
   "bug_reports_message (220)": 0.03863772134818186,
   "ytdl_is_updateable (335)": 0.03863772134818186,
   "cli_valueless_option (360)": 0.013433988514989443,
   "parse_duration (301)": 0.013433988514989443,
   "urljoin (293)": 0.013433988514989443,
   "sanitize_filename (203)": 0.039961605178477154,
   "replace_insane (204)": 0.039961605178477154,
   "encodeFilename (213)": 0.01320898263158414,
   "shell_quote (277)": 0.01320898263158414,
   "get_filesystem_encoding (276)": 0.01320898263158414,
   "get_elements_by_class (195)": 0.026343940194665454,
   "get_elements_by_attribute (196)": 0.052857094531291456,
   "unescapeHTML (211)": 0.07947821397928649,
   "parse_codecs (339)": 0.013320535059492383,
   "write_string (261)": 0.013320535059492383,
   "limit_length (332)": 0.013433988514989443,
   "xpath_attr (191)": 0.012904826414409506,
   "find_xpath_attr (185)": 0.026151348491856914,
   "unified_timestamp (248)": 0.013213943836195976,
   "determine_ext (249)": 0.013433988514989443,
   "args_to_str (336)": 0.013433988514989443,
   "get_element_by_attribute (194)": 0.013214009834423885,
   "lowercase_escape (313)": 0.013433988514989443,
   "extract_attributes (199)": 0.01320898263158414,
   "__init__ (197)": 0.01320898263158414,
   "handle_starttag (198)": 0.01320898263158414,
   "xpath_with_ns (187)": 0.025742701827931834,
   "__init__ (308)": 0.013099284212455426,
   "getslice (309)": 0.013099284212455426,
   "__init__ (310)": 0.013099284212455426,
   "getslice (311)": 0.013099284212455426,
   "_htmlentity_transform (210)": 0.013310559723997516,
   "get_element_by_class (193)": 0.013134360607850719,
   "parse_iso8601 (245)": 0.013310528746223292,
   "parse_dfxp_time_expr (350)": 0.025887997322638905,
   "remove_end (289)": 0.013433988514989443,
   "mimetype2ext (338)": 0.013433988514989443,
   "urlencode_postdata (318)": 0.013433988514989443,
   "month_by_name (284)": 0.013433988514989443,
   "orderedSet (209)": 0.013433988514989443,
   "escape_url (315)": 0.013328160505583376,
   "escape_rfc3986 (314)": 0.026754458585383098,
   "read_batch_urls (316)": 0.013320535059492383,
   "fixup (317)": 0.013320535059492383,
   "version_tuple (333)": 0.013433988514989443,
   "remove_quotes (290)": 0.013433988514989443,
   "render_table (345)": 0.013433988514989443,
   "match_str (347)": 0.013125765294724912,
   "_match_one (346)": 0.013125765294724912,
   "cli_option (358)": 0.013433988514989443,
   "remove_start (288)": 0.013433988514989443,
   "is_html (343)": 0.013433988514989443,
   "dfxp2srt (352)": 0.012520409845216079,
   "srt_subtitles_timecode (351)": 0.012520409845216079,
   "parse_node (357)": 0.012520409845216079,
   "start (353)": 0.012520409845216079,
   "data (355)": 0.012520409845216079,
   "end (354)": 0.012520409845216079,
   "close (356)": 0.012520409845216079,
   "dict_get (323)": 0.013433988514989443,
   "timeconvert (202)": 0.013433988514989443,
   "url_basename (291)": 0.013433988514989443,
   "fix_xml_ampersands (286)": 0.013433988514989443,
   "urshift (375)": 0.013433988514989443,
   "str_to_int (298)": 0.026641433769826164,
   "__init__ (253)": 0.013223987361378994,
   "date_from_str (251)": 0.026642715307547155,
   "__contains__ (255)": 0.013223987361378994,
   "uppercase_escape (312)": 0.013433988514989443,
   "parse_age_limit (326)": 0.013433988514989443,
   "clean_html (200)": 0.013310559723997516,
   "smuggle_url (278)": 0.013320535059492383,
   "unsmuggle_url (279)": 0.013320535059492383,
   "parse_count (283)": 0.013222792629720157,
   "detect_exe_version (306)": 0.013433988514989443,
   "intlist_to_bytes (263)": 0.013433988514989443,
   "strip_jsonp (327)": 0.013433988514989443,
   "ohdave_rsa_encrypt (370)": 0.013433988514989443,
   "prepend_extension (302)": 0.013433988514989443,
   "update_url_query (319)": 0.013433988514989443,
   "encode_compat_str (325)": 0.013433988514989443
  },
  "tests": {
   "Pass Test (1)": 0.41726500422320445,
   "Pass Test (2)": 0.41726500422320445,
   "Pass Test (3)": 0.4719368811115878,
   "Pass Test (4)": 0.5276961377284661,
   "Pass Test (5)": 0.4728469656670942,
   "Pass Test (6)": 0.41726500422320445,
   "Pass Test (7)": 0.41726500422320445,
   "Pass Test (8)": 0.4728469656670942,
   "Pass Test (9)": 0.4728469656670942,
   "Pass Test (10)": 0.41726500422320445,
   "Pass Test (11)": 0.7390410881212026,
   "Pass Test (12)": 0.41726500422320445,
   "Pass Test (13)": 0.41726500422320445,
   "Pass Test (14)": 0.41726500422320445,
   "Pass Test (15)": 0.4728469656670942,
   "Pass Test (16)": 0.5274980130395315,
   "Pass Test (17)": 0.5275218523242663,
   "Pass Test (18)": 0.4728469656670942,
   "Pass Test (19)": 0.47208765231643257,
   "Pass Test (20)": 0.41726500422320445,
   "Pass Test (21)": 0.6871354624939485,
   "Pass Test (22)": 0.5276961377284661,
   "Pass Test (23)": 0.41726500422320445,
   "Pass Test (24)": 0.41726500422320445,
   "Pass Test (25)": 0.5276987733541655,
   "Pass Test (26)": 0.41726500422320445,
   "Pass Test (27)": 0.5274980130395315,
   "Pass Test (28)": 0.46935957266492473,
   "Pass Test (29)": 0.5812413657378319,
   "Pass Test (30)": 0.4724928652425097,
   "Pass Test (31)": 0.5827977753579343,
   "Pass Test (32)": 0.47249176560601014,
   "Pass Test (33)": 0.41520256169619585,
   "Pass Test (34)": 0.41726500422320445,
   "Pass Test (35)": 0.41726500422320445,
   "Pass Test (36)": 0.41726500422320445,
   "Pass Test (37)": 0.41726500422320445,
   "Pass Test (38)": 0.41726500422320445,
   "Pass Test (39)": 0.4731176506681006,
   "Pass Test (40)": 0.3607281182659124,
   "Pass Test (41)": 0.4728469656670942,
   "Pass Test (42)": 0.41726500422320445,
   "Pass Test (43)": 0.41726500422320445,
   "Pass Test (44)": 0.41726500422320445,
   "Pass Test (45)": 0.5824163841720374,
   "Pass Test (46)": 0.41726500422320445,
   "Pass Test (47)": 0.41726500422320445,
   "Pass Test (48)": 0.41726500422320445,
   "Pass Test (49)": 1.0,
   "Pass Test (50)": 0.41726500422320445,
   "Pass Test (51)": 0.41726500422320445,
   "Pass Test (52)": 0.41726500422320445,
   "Pass Test (53)": 0.41726500422320445,
   "Pass Test (54)": 0.41726500422320445,
   "Pass Test (55)": 0.41678830868052147,
   "Pass Test (56)": 0.5280972238473385,
   "Pass Test (57)": 0.41726500422320445,
   "Pass Test (58)": 0.4728469656670942,
   "Pass Test (59)": 0.41726500422320445,
   "Pass Test (60)": 0.4724928652425097,
   "Pass Test (61)": 0.4728469656670942,
   "Pass Test (62)": 0.4728469656670942,
   "Pass Test (63)": 0.41702613626017637,
   "Pass Test (64)": 0.5280495124835091,
   "Pass Test (65)": 0.41726500422320445,
   "Pass Test (66)": 0.47021968276714793,
   "Pass Test (67)": 0.41726500422320445,
   "Pass Test (68)": 0.6306593977478895,
   "Pass Test (69)": 0.4728469656670942,