{
 "PASS": {
  "methods": {
   "_testfunc (100)": 1.0,
   "get_basename (332)": 1.0,
   "__init__ (131)": 1.0,
   "__init__ (129)": 1.0,
   "unescapeHTML (179)": 0.020299824871639054,
   "_htmlentity_transform (178)": 0.0,
   "age_restricted (287)": 0.020649378729811887,
   "replace_extension (254)": 0.020649378729811887,
   "parse_filesize (239)": 0.04060915488654632,
   "unified_strdate (208)": 0.020649378729811887,
   "js_to_json (275)": 0.04059964974327811,
   "fix_kv (276)": 0.04059964974327811,
   "xpath_text (167)": 0.019126128133977124,
   "xpath_element (165)": 0.03840120846852884,
   "_find_xpath (166)": 0.03840120846852884,
   "__init__ (189)": 0.057770507708426025,
   "bug_reports_message (188)": 0.057770507708426025,
   "ytdl_is_updateable (282)": 0.057770507708426025,
   "cli_valueless_option (301)": 0.020649378729811887,
   "parse_duration (252)": 0.020299824871639054,
   "float_or_none (251)": 0.020299824871639054,
   "sanitize_filename (174)": 0.06089947461491717,
   "replace_insane (175)": 0.06089947461491717,
   "encodeFilename (181)": 0.01996191238499113,
   "shell_quote (235)": 0.01996191238499113,
   "get_filesystem_encoding (234)": 0.01996191238499113,
   "cli_bool_option (300)": 0.020649378729811887,
   "limit_length (279)": 0.020649378729811887,
   "xpath_attr (168)": 0.01936929923989718,
   "find_xpath_attr (162)": 0.03988742594482291,
   "args_to_str (283)": 0.020649378729811887,
   "lowercase_escape (264)": 0.020649378729811887,
   "xpath_with_ns (164)": 0.039780594231839946,
   "__init__ (259)": 0.01963505791408777,
   "getslice (260)": 0.01963505791408777,
   "__init__ (261)": 0.01963505791408777,
   "getslice (262)": 0.01963505791408777,
   "parse_iso8601 (207)": 0.020649378729811887,
   "parse_dfxp_time_expr (295)": 0.039780594231839946,
   "urlencode_postdata (271)": 0.020649378729811887,
   "orderedSet (177)": 0.020649378729811887,
   "escape_url (266)": 0.0203318299139662,
   "escape_rfc3986 (265)": 0.0409486521927118,
   "read_batch_urls (269)": 0.020299824871639054,
   "fixup (270)": 0.020299824871639054,
   "version_tuple (280)": 0.020649378729811887,
   "render_table (290)": 0.020649378729811887,
   "match_str (292)": 0.020023902336437006,
   "_match_one (291)": 0.020023902336437006,
   "cli_option (299)": 0.020649378729811887,
   "is_html (288)": 0.020649378729811887,
   "dfxp2srt (297)": 0.019272393555958018,
   "srt_subtitles_timecode (296)": 0.019272393555958018,
   "parse_node (298)": 0.019272393555958018,
   "str_or_none (249)": 0.019272393555958018,
   "timeconvert (173)": 0.020649378729811887,
   "url_basename (246)": 0.020649378729811887,
   "fix_xml_ampersands (242)": 0.020649378729811887,
   "str_to_int (250)": 0.020649378729811887,
   "__init__ (213)": 0.01996191238499113,
   "date_from_str (211)": 0.01996191238499113,
   "__contains__ (215)": 0.01996191238499113,
   "uppercase_escape (263)": 0.020649378729811887,
   "clean_html (171)": 0.020299824871639054,
   "smuggle_url (236)": 0.020299824871639054,
   "unsmuggle_url (237)": 0.020299824871639054,
   "detect_exe_version (257)": 0.020649378729811887,
   "intlist_to_bytes (223)": 0.020649378729811887,
   "strip_jsonp (274)": 0.020649378729811887,
   "prepend_extension (253)": 0.020649378729811887
  },
  "tests": {
   "Pass Test (1)": 0.5357242905468838,
   "Pass Test (2)": 0.5357242905468838,
   "Pass Test (3)": 0.5340606108509398,
   "Pass Test (4)": 0.5357242905468838,
   "Pass Test (5)": 0.6319866231259088,
   "Pass Test (6)": 0.9924106249928838,
   "Pass Test (7)": 0.5357242905468838,
   "Pass Test (8)": 0.6319866231259088,
   "Pass Test (9)": 0.6319866231259088,
   "Pass Test (10)": 0.7250442779160642,
   "Pass Test (11)": 0.5357242905468838,
   "Pass Test (12)": 0.5357242905468838,
   "Pass Test (13)": 0.9045253909584201,
   "Pass Test (14)": 0.5357242905468838,
   "Pass Test (15)": 0.5357242905468838,
   "Pass Test (16)": 0.5320615889338213,
   "Pass Test (17)": 0.8150542528960606,
   "Pass Test (18)": 0.5357242905468838,
   "Pass Test (19)": 0.5320615889338213,
   "Pass Test (20)": 0.5357242905468838,
   "Pass Test (21)": 0.5357242905468838,
   "Pass Test (22)": 0.6329830237722806,
   "Pass Test (23)": 0.43608872383544905,
   "Pass Test (24)": 0.6319866231259088,
   "Pass Test (25)": 0.5357242905468838,
   "Pass Test (26)": 0.5357242905468838,
   "Pass Test (27)": 0.7272958387243322,
   "Pass Test (28)": 0.5357242905468838,
   "Pass Test (29)": 0.5357242905468838,
   "Pass Test (30)": 1.0,
   "Pass Test (31)": 0.5357242905468838,
   "Pass Test (32)": 0.5357242905468838,
   "Pass Test (33)": 0.5357242905468838,
   "Pass Test (34)": 0.5357242905468838,
   "Pass Test (35)": 0.7250442779160642,
   "Pass Test (36)": 0.5357242905468838,
   "Pass Test (37)": 0.43608872383544905,
   "Pass Test (38)": 0.6319866231259088,
   "Pass Test (39)": 0.6319866231259088,
   "Pass Test (40)": 0.6319866231259088,
   "Pass Test (41)": 0.6319866231259088,
   "Pass Test (42)": 0.5348796510117954,
   "Pass Test (43)": 0.5357242905468838,
   "Pass Test (44)": 0.5323191082973344,
   "Pass Test (45)": 0.5357242905468838,
   "Pass Test (46)": 0.9001254696635013,
   "Pass Test (47)": 0.6319866231259088,
   "Pass Test (48)": 0.5357242905468838,
   "Pass Test (49)": 0.5357242905468838
  }
 },
 "FAIL": {
  "methods": {
   "_testfunc (100)": 1.0,
   "get_basename (332)": 1.0,
   "__init__ (131)": 1.0,
   "__init__ (129)": 1.0,
   "unescapeHTML (179)": 1.0,
   "_htmlentity_transform (178)": 1.0,
   "age_restricted (287)": 0.0,
   "replace_extension (254)": 0.0,
   "parse_filesize (239)": 0.0,
   "unified_strdate (208)": 0.0,
   "js_to_json (275)": 0.0,
   "fix_kv (276)": 0.0,
   "xpath_text (167)": 0.0,
   "xpath_element (165)": 0.0,
   "_find_xpath (166)": 0.0,
   "__init__ (189)": 0.0,
   "bug_reports_message (188)": 0.0,
   "ytdl_is_updateable (282)": 0.0,
   "cli_valueless_option (301)": 0.0,
   "parse_duration (252)": 0.0,
   "float_or_none (251)": 0.0,
   "sanitize_filename (174)": 0.0,
   "replace_insane (175)": 0.0,
   "encodeFilename (181)": 0.0,
   "shell_quote (235)": 0.0,
   "get_filesystem_encoding (234)": 0.0,
   "cli_bool_option (300)": 0.0,
   "limit_length (279)": 0.0,
   "xpath_attr (168)": 0.0,
   "find_xpath_attr (162)": 0.0,
   "args_to_str (283)": 0.0,
   "lowercase_escape (264)": 0.0,
   "xpath_with_ns (164)": 0.0,
   "__init__ (259)": 0.0,
   "getslice (260)": 0.0,
   "__init__ (261)": 0.0,
   "getslice (262)": 0.0,
   "parse_iso8601 (207)": 0.0,
   "parse_dfxp_time_expr (295)": 0.0,
   "urlencode_postdata (271)": 0.0,
   "orderedSet (177)": 0.0,
   "escape_url (266)": 0.0,
   "escape_rfc3986 (265)": 0.0,
   "read_batch_urls (269)": 0.0,
   "fixup (270)": 0.0,
   "version_tuple (280)": 0.0,
   "render_table (290)": 0.0,
   "match_str (292)": 0.0,
   "_match_one (291)": 0.0,
   "cli_option (299)": 0.0,
   "is_html (288)": 0.0,
   "dfxp2srt (297)": 0.0,
   "srt_subtitles_timecode (296)": 0.0,
   "parse_node (298)": 0.0,
   "str_or_none (249)": 0.0,
   "timeconvert (173)": 0.0,
   "url_basename (246)": 0.0,
   "fix_xml_ampersands (242)": 0.0,
   "str_to_int (250)": 0.0,
   "__init__ (213)": 0.0,
   "date_from_str (211)": 0.0,
   "__contains__ (215)": 0.0,
   "uppercase_escape (263)": 0.0,
   "clean_html (171)": 0.0,
   "smuggle_url (236)": 0.0,
   "unsmuggle_url (237)": 0.0,
   "detect_exe_version (257)": 0.0,
   "intlist_to_bytes (223)": 0.0,
   "strip_jsonp (274)": 0.0,
   "prepend_extension (253)": 0.0
  },
  "tests": {
   "Fail Test (0)": 1.0
  }
 }
}