{
 "PASS": {
  "methods": {
   "_testfunc (100)": 1.0,
   "get_basename (332)": 1.0,
   "__init__ (131)": 1.0,
   "__init__ (129)": 1.0,
   "unified_strdate (208)": 0.0,
   "age_restricted (287)": 0.020655809052141302,
   "replace_extension (254)": 0.020655809052141302,
   "parse_filesize (239)": 0.040624011515214255,
   "js_to_json (275)": 0.040614565235235135,
   "fix_kv (276)": 0.040614565235235135,
   "xpath_text (167)": 0.019136784569919234,
   "xpath_element (165)": 0.03842210317683453,
   "_find_xpath (166)": 0.03842210317683453,
   "__init__ (189)": 0.05780140511659457,
   "bug_reports_message (188)": 0.05780140511659457,
   "ytdl_is_updateable (282)": 0.05780140511659457,
   "cli_valueless_option (301)": 0.020655809052141302,
   "parse_duration (252)": 0.020307282617617568,
   "float_or_none (251)": 0.020307282617617568,
   "sanitize_filename (174)": 0.060921847852852706,
   "replace_insane (175)": 0.060921847852852706,
   "encodeFilename (181)": 0.019970326234361815,
   "shell_quote (235)": 0.019970326234361815,
   "get_filesystem_encoding (234)": 0.019970326234361815,
   "cli_bool_option (300)": 0.020655809052141302,
   "limit_length (279)": 0.020655809052141302,
   "xpath_attr (168)": 0.01937930193976003,
   "find_xpath_attr (162)": 0.03990418861311432,
   "args_to_str (283)": 0.020655809052141302,
   "lowercase_escape (264)": 0.020655809052141302,
   "xpath_with_ns (164)": 0.039797695681494445,
   "__init__ (259)": 0.019644361826872885,
   "getslice (260)": 0.019644361826872885,
   "__init__ (261)": 0.019644361826872885,
   "getslice (262)": 0.019644361826872885,
   "unescapeHTML (179)": 0.040614565235235135,
   "_htmlentity_transform (178)": 0.020307282617617568,
   "parse_iso8601 (207)": 0.020655809052141302,
   "parse_dfxp_time_expr (295)": 0.039797695681494445,
   "urlencode_postdata (271)": 0.020655809052141302,
   "orderedSet (177)": 0.020655809052141302,
   "escape_url (266)": 0.020339203316638108,
   "escape_rfc3986 (265)": 0.040962543532876955,
   "read_batch_urls (269)": 0.020307282617617568,
   "fixup (270)": 0.020307282617617568,
   "version_tuple (280)": 0.020655809052141302,
   "render_table (290)": 0.020655809052141302,
   "match_str (292)": 0.020032159248730398,
   "_match_one (291)": 0.020032159248730398,
   "cli_option (299)": 0.020655809052141302,
   "is_html (288)": 0.020655809052141302,
   "dfxp2srt (297)": 0.019282706036879933,
   "srt_subtitles_timecode (296)": 0.019282706036879933,
   "parse_node (298)": 0.019282706036879933,
   "str_or_none (249)": 0.019282706036879933,
   "timeconvert (173)": 0.020655809052141302,
   "url_basename (246)": 0.020655809052141302,
   "fix_xml_ampersands (242)": 0.020655809052141302,
   "str_to_int (250)": 0.020655809052141302,
   "__init__ (213)": 0.019970326234361815,
   "date_from_str (211)": 0.019970326234361815,
   "__contains__ (215)": 0.019970326234361815,
   "uppercase_escape (263)": 0.020655809052141302,
   "clean_html (171)": 0.020307282617617568,
   "smuggle_url (236)": 0.020307282617617568,
   "unsmuggle_url (237)": 0.020307282617617568,
   "detect_exe_version (257)": 0.020655809052141302,
   "intlist_to_bytes (223)": 0.020655809052141302,
   "strip_jsonp (274)": 0.020655809052141302,
   "prepend_extension (253)": 0.020655809052141302
  },
  "tests": {
   "Pass Test (1)": 0.5356045207720115,
   "Pass Test (2)": 0.5356045207720115,
   "Pass Test (3)": 0.5339461232023154,
   "Pass Test (4)": 0.6318806886993362,
   "Pass Test (5)": 0.9924325213130558,
   "Pass Test (6)": 0.5356045207720115,
   "Pass Test (7)": 0.6318806886993362,
   "Pass Test (8)": 0.6318806886993362,
   "Pass Test (9)": 0.7249619600753505,
   "Pass Test (10)": 0.5356045207720115,
   "Pass Test (11)": 0.5356045207720115,
   "Pass Test (12)": 0.9045085120535371,
   "Pass Test (13)": 0.5356045207720115,
   "Pass Test (14)": 0.5356045207720115,
   "Pass Test (15)": 0.5319530776794947,
   "Pass Test (16)": 0.8150043583841915,
   "Pass Test (17)": 0.6318806886993362,
   "Pass Test (18)": 0.5356045207720115,
   "Pass Test (19)": 0.5319530776794947,
   "Pass Test (20)": 0.5356045207720115,
   "Pass Test (21)": 0.5356045207720115,
   "Pass Test (22)": 0.6328739320426561,
   "Pass Test (23)": 0.43596597992456804,
   "Pass Test (24)": 0.6318806886993362,
   "Pass Test (25)": 0.5356045207720115,
   "Pass Test (26)": 0.5356045207720115,
   "Pass Test (27)": 0.7272066196151074,
   "Pass Test (28)": 0.5356045207720115,
   "Pass Test (29)": 0.5356045207720115,
   "Pass Test (30)": 1.0,
   "Pass Test (31)": 0.5356045207720115,
   "Pass Test (32)": 0.5356045207720115,
   "Pass Test (33)": 0.5356045207720115,
   "Pass Test (34)": 0.5356045207720115,
   "Pass Test (35)": 0.7249619600753505,
   "Pass Test (36)": 0.5356045207720115,
   "Pass Test (37)": 0.43596597992456804,
   "Pass Test (38)": 0.6318806886993362,
   "Pass Test (39)": 0.6318806886993362,
   "Pass Test (40)": 0.6318806886993362,
   "Pass Test (41)": 0.6318806886993362,
   "Pass Test (42)": 0.5347626048126967,
   "Pass Test (43)": 0.5356045207720115,
   "Pass Test (44)": 0.5322097073434241,
   "Pass Test (45)": 0.5356045207720115,
   "Pass Test (46)": 0.9001219389554211,
   "Pass Test (47)": 0.6318806886993362,
   "Pass Test (48)": 0.5356045207720115,
   "Pass Test (49)": 0.5356045207720115
  }
 },
 "FAIL": {
  "methods": {
   "_testfunc (100)": 1.0,
   "get_basename (332)": 1.0,
   "__init__ (131)": 1.0,
   "__init__ (129)": 1.0,
   "unified_strdate (208)": 1.0,
   "age_restricted (287)": 0.0,
   "replace_extension (254)": 0.0,
   "parse_filesize (239)": 0.0,
   "js_to_json (275)": 0.0,
   "fix_kv (276)": 0.0,
   "xpath_text (167)": 0.0,
   "xpath_element (165)": 0.0,
   "_find_xpath (166)": 0.0,
   "__init__ (189)": 0.0,
   "bug_reports_message (188)": 0.0,
   "ytdl_is_updateable (282)": 0.0,
   "cli_valueless_option (301)": 0.0,
   "parse_duration (252)": 0.0,
   "float_or_none (251)": 0.0,
   "sanitize_filename (174)": 0.0,
   "replace_insane (175)": 0.0,
   "encodeFilename (181)": 0.0,
   "shell_quote (235)": 0.0,
   "get_filesystem_encoding (234)": 0.0,
   "cli_bool_option (300)": 0.0,
   "limit_length (279)": 0.0,
   "xpath_attr (168)": 0.0,
   "find_xpath_attr (162)": 0.0,
   "args_to_str (283)": 0.0,
   "lowercase_escape (264)": 0.0,
   "xpath_with_ns (164)": 0.0,
   "__init__ (259)": 0.0,
   "getslice (260)": 0.0,
   "__init__ (261)": 0.0,
   "getslice (262)": 0.0,
   "unescapeHTML (179)": 0.0,
   "_htmlentity_transform (178)": 0.0,
   "parse_iso8601 (207)": 0.0,
   "parse_dfxp_time_expr (295)": 0.0,
   "urlencode_postdata (271)": 0.0,
   "orderedSet (177)": 0.0,
   "escape_url (266)": 0.0,
   "escape_rfc3986 (265)": 0.0,
   "read_batch_urls (269)": 0.0,
   "fixup (270)": 0.0,
   "version_tuple (280)": 0.0,
   "render_table (290)": 0.0,
   "match_str (292)": 0.0,
   "_match_one (291)": 0.0,
   "cli_option (299)": 0.0,
   "is_html (288)": 0.0,
   "dfxp2srt (297)": 0.0,
   "srt_subtitles_timecode (296)": 0.0,
   "parse_node (298)": 0.0,
   "str_or_none (249)": 0.0,
   "timeconvert (173)": 0.0,
   "url_basename (246)": 0.0,
   "fix_xml_ampersands (242)": 0.0,
   "str_to_int (250)": 0.0,
   "__init__ (213)": 0.0,
   "date_from_str (211)": 0.0,
   "__contains__ (215)": 0.0,
   "uppercase_escape (263)": 0.0,
   "clean_html (171)": 0.0,
   "smuggle_url (236)": 0.0,
   "unsmuggle_url (237)": 0.0,
   "detect_exe_version (257)": 0.0,
   "intlist_to_bytes (223)": 0.0,
   "strip_jsonp (274)": 0.0,
   "prepend_extension (253)": 0.0
  },
  "tests": {
   "Fail Test (0)": 1.0
  }
 }
}