{
 "PASS": {
  "methods": {
   "_testfunc (124)": 1.0,
   "preferredencoding (194)": 1.0,
   "get_basename (455)": 1.0,
   "__init__ (164)": 1.0,
   "__init__ (162)": 1.0,
   "ie_key (2171)": 1.0,
   "_make_valid_url (2423)": 1.0,
   "__init__ (0)": 1.0,
   "__init__ (186)": 1.0,
   "check_deprecated (1)": 1.0,
   "_setup_opener (80)": 1.0,
   "__init__ (256)": 1.0,
   "__init__ (384)": 1.0,
   "make_HTTPS_handler (230)": 1.0,
   "__init__ (252)": 1.0,
   "__init__ (244)": 1.0,
   "register_socks_protocols (193)": 1.0,
   "process_ie_result (27)": 0.9155185265862907,
   "add_extra_info (24)": 0.9155185265862907,
   "process_video_result (55)": 0.9155185265862907,
   "sanitize_string_field (57)": 0.9155185265862907,
   "sanitize_numeric_fields (58)": 0.9155185265862907,
   "process_subtitles (60)": 0.9155185265862907,
   "is_wellformed (59)": 0.9155185265862907,
   "sanitize_url (217)": 0.9155185265862907,
   "format_resolution (72)": 0.9155185265862907,
   "determine_protocol (362)": 0.9155185265862907,
   "determine_ext (263)": 0.9155185265862907,
   "_calc_headers (53)": 0.9155185265862907,
   "_calc_cookies (54)": 0.9155185265862907,
   "sanitized_Request (218)": 0.9155185265862907,
   "build_format_selector (37)": 0.9155185265862907,
   "_remove_unused_ops (40)": 0.9155185265862907,
   "__init__ (49)": 0.9155185265862907,
   "__iter__ (50)": 0.9155185265862907,
   "_parse_format_selection (41)": 0.9155185265862907,
   "__next__ (51)": 0.9155185265862907,
   "_parse_filter (39)": 0.41589074306429374,
   "_build_selector_function (42)": 0.8321405290184155,
   "_build_format_filter (32)": 0.41589074306429374,
   "selector_function (43)": 0.8321405290184155,
   "final_selector (48)": 0.8321405290184155,
   "_filter (33)": 0.41589074306429374,
   "selector_function (45)": 0.8321405290184155,
   "__init__ (232)": 0.16639673815099115,
   "selector_function (44)": 0.33281604920951025,
   "__init__ (2654)": 0.24947037184887424,
   "__init__ (2160)": 0.24947037184887424,
   "set_downloader (2168)": 0.24947037184887424,
   "_sort_formats (2222)": 0.24947037184887424,
   "_formats_key (2223)": 0.24947037184887424,
   "selector_function (47)": 0.16625785497174494,
   "_merge (46)": 0.16625785497174494,
   "_default_format_spec (34)": 0.08448147341370921,
   "prefer_best (36)": 0.08448147341370921,
   "parse_filesize (296)": 0.08317990041802353,
   "lookup_unit_table (295)": 0.08317990041802353,
   "syntax_error (38)": 0.08337799756787523,
   "restore_last_token (52)": 0.08307998503495062
  },
  "tests": {
   "Pass Test (1)": 0.7943518986315533,
   "Pass Test (2)": 0.7943518986315533,
   "Pass Test (3)": 0.869128006270313,
   "Pass Test (4)": 0.8878371815019742,
   "Pass Test (5)": 0.3645372767901994,
   "Pass Test (6)": 0.887858833849271,
   "Pass Test (7)": 0.8317490500429372,
   "Pass Test (8)": 0.775644600273977,
   "Pass Test (9)": 0.8504550795971704,
   "Pass Test (10)": 0.869128006270313,
   "Pass Test (11)": 0.7195527934655372,
   "Pass Test (12)": 1.0
  }
 },
 "FAIL": {
  "methods": {
   "_testfunc (124)": 1.0,
   "preferredencoding (194)": 1.0,
   "get_basename (455)": 1.0,
   "__init__ (164)": 1.0,
   "__init__ (162)": 1.0,
   "ie_key (2171)": 1.0,
   "_make_valid_url (2423)": 1.0,
   "__init__ (0)": 1.0,
   "__init__ (186)": 1.0,
   "check_deprecated (1)": 1.0,
   "_setup_opener (80)": 1.0,
   "__init__ (256)": 1.0,
   "__init__ (384)": 1.0,
   "make_HTTPS_handler (230)": 1.0,
   "__init__ (252)": 1.0,
   "__init__ (244)": 1.0,
   "register_socks_protocols (193)": 1.0,
   "process_ie_result (27)": 1.0,
   "add_extra_info (24)": 1.0,
   "process_video_result (55)": 1.0,
   "sanitize_string_field (57)": 1.0,
   "sanitize_numeric_fields (58)": 1.0,
   "process_subtitles (60)": 1.0,
   "is_wellformed (59)": 1.0,
   "sanitize_url (217)": 1.0,
   "format_resolution (72)": 1.0,
   "determine_protocol (362)": 1.0,
   "determine_ext (263)": 1.0,
   "_calc_headers (53)": 1.0,
   "_calc_cookies (54)": 1.0,
   "sanitized_Request (218)": 1.0,
   "build_format_selector (37)": 1.0,
   "_remove_unused_ops (40)": 1.0,
   "__init__ (49)": 1.0,
   "__iter__ (50)": 1.0,
   "_parse_format_selection (41)": 1.0,
   "__next__ (51)": 1.0,
   "_parse_filter (39)": 1.0,
   "_build_selector_function (42)": 1.0,
   "_build_format_filter (32)": 1.0,
   "selector_function (43)": 1.0,
   "final_selector (48)": 1.0,
   "_filter (33)": 1.0,
   "selector_function (45)": 1.0,
   "__init__ (232)": 1.0,
   "selector_function (44)": 0.0,
   "__init__ (2654)": 0.0,
   "__init__ (2160)": 0.0,
   "set_downloader (2168)": 0.0,
   "_sort_formats (2222)": 0.0,
   "_formats_key (2223)": 0.0,
   "selector_function (47)": 0.0,
   "_merge (46)": 0.0,
   "_default_format_spec (34)": 0.0,
   "prefer_best (36)": 0.0,
   "parse_filesize (296)": 0.0,
   "lookup_unit_table (295)": 0.0,
   "syntax_error (38)": 0.0,
   "restore_last_token (52)": 0.0
  },
  "tests": {
   "Fail Test (0)": 1.0
  }
 }
}