{
 "PASS": {
  "methods": {
   "_testfunc (91)": 1.0,
   "get_basename (307)": 1.0,
   "__init__ (121)": 1.0,
   "__init__ (119)": 1.0,
   "__init__ (0)": 1.0,
   "__init__ (143)": 1.0,
   "_setup_opener (67)": 1.0,
   "__init__ (287)": 1.0,
   "make_HTTPS_handler (174)": 1.0,
   "__init__ (190)": 1.0,
   "__init__ (184)": 1.0,
   "__init__ (1427)": 0.3329237114753205,
   "__init__ (1181)": 0.3329237114753205,
   "set_downloader (1187)": 0.3329237114753205,
   "_sort_formats (1225)": 0.3329237114753205,
   "_formats_key (1226)": 0.3329237114753205,
   "process_ie_result (26)": 1.0,
   "add_extra_info (23)": 1.0,
   "process_video_result (48)": 1.0,
   "process_subtitles (49)": 1.0,
   "format_resolution (60)": 1.0,
   "_calc_headers (46)": 1.0,
   "_calc_cookies (47)": 1.0,
   "build_format_selector (31)": 1.0,
   "__init__ (42)": 1.0,
   "__iter__ (43)": 1.0,
   "_parse_format_selection (34)": 1.0,
   "__next__ (44)": 1.0,
   "_build_selector_function (35)": 1.0,
   "selector_function (36)": 1.0,
   "final_selector (41)": 1.0,
   "selector_function (40)": 0.0,
   "selector_function (38)": 1.0,
   "_merge (39)": 0.0,
   "_parse_filter (33)": 0.1665495413114669,
   "_build_format_filter (29)": 0.1665495413114669,
   "_filter (30)": 0.1665495413114669,
   "selector_function (37)": 0.33362584139323126,
   "__init__ (176)": 0.0,
   "parse_filesize (224)": 0.1665495413114669
  },
  "tests": {
   "Pass Test (1)": 0.8768451807895727,
   "Pass Test (2)": 0.8768451807895727,
   "Pass Test (3)": 1.0,
   "Pass Test (4)": 0.9692599607808803,
   "Pass Test (5)": 0.8459752671624697,
   "Pass Test (6)": 1.0
  }
 },
 "FAIL": {
  "methods": {
   "_testfunc (91)": 1.0,
   "get_basename (307)": 1.0,
   "__init__ (121)": 1.0,
   "__init__ (119)": 1.0,
   "__init__ (0)": 1.0,
   "__init__ (143)": 1.0,
   "_setup_opener (67)": 1.0,
   "__init__ (287)": 1.0,
   "make_HTTPS_handler (174)": 1.0,
   "__init__ (190)": 1.0,
   "__init__ (184)": 1.0,
   "__init__ (1427)": 1.0,
   "__init__ (1181)": 1.0,
   "set_downloader (1187)": 1.0,
   "_sort_formats (1225)": 1.0,
   "_formats_key (1226)": 1.0,
   "process_ie_result (26)": 1.0,
   "add_extra_info (23)": 1.0,
   "process_video_result (48)": 1.0,
   "process_subtitles (49)": 1.0,
   "format_resolution (60)": 1.0,
   "_calc_headers (46)": 1.0,
   "_calc_cookies (47)": 1.0,
   "build_format_selector (31)": 1.0,
   "__init__ (42)": 1.0,
   "__iter__ (43)": 1.0,
   "_parse_format_selection (34)": 1.0,
   "__next__ (44)": 1.0,
   "_build_selector_function (35)": 1.0,
   "selector_function (36)": 1.0,
   "final_selector (41)": 1.0,
   "selector_function (40)": 1.0,
   "selector_function (38)": 1.0,
   "_merge (39)": 1.0,
   "_parse_filter (33)": 1.0,
   "_build_format_filter (29)": 1.0,
   "_filter (30)": 1.0,
   "selector_function (37)": 1.0,
   "__init__ (176)": 1.0,
   "parse_filesize (224)": 0.0
  },
  "tests": {
   "Fail Test (0)": 1.0
  }
 }
}