{
 "ansible_9": {
  "line": {
   "Tarantula": {
    "best_case": {
     "top-5": 0.83,
     "top-10": 1.0,
     "top-200": 0.994,
     "exam": 1.392689771389974e-06,
     "wasted-effort": 1
    },
    "avg_case": {
     "top-5": 0.6953333333333311,
     "top-10": 0.9833333333333326,
     "top-200": 0.9579999999999986,
     "exam": 1.392689771389974e-06,
     "wasted-effort": 1
    },
    "worst_case": {
     "top-5": 0.41766666666666474,
     "top-10": 0.8319999999999964,
     "top-200": 0.7769999999999988,
     "exam": 9.748828399729819e-06,
     "wasted-effort": 12
    }
   },
   "Ochiai": {
    "best_case": {
     "top-5": 0.842,
     "top-10": 1.0,
     "top-200": 0.994,
     "exam": 1.392689771389974e-06,
     "wasted-effort": 1
    },
    "avg_case": {
     "top-5": 0.6859999999999984,
     "top-10": 0.9796666666666657,
     "top-200": 0.9523333333333319,
     "exam": 1.392689771389974e-06,
     "wasted-effort": 1
    },
    "worst_case": {
     "top-5": 0.4233333333333327,
     "top-10": 0.8249999999999961,
     "top-200": 0.7909999999999977,
     "exam": 9.748828399729819e-06,
     "wasted-effort": 12
    }
   },
   "DStar": {
    "best_case": {
     "top-5": 0.727,
     "top-10": 1.0,
     "top-200": 0.993,
     "exam": 8.356138628339843e-06,
     "wasted-effort": 11
    },
    "avg_case": {
     "top-5": 0.5276666666666698,
     "top-10": 0.9419999999999978,
     "top-200": 0.9593333333333324,
     "exam": 8.356138628339843e-06,
     "wasted-effort": 11
    },
    "worst_case": {
     "top-5": 0.3083333333333336,
     "top-10": 0.6050000000000006,
     "top-200": 0.8013333333333297,
     "exam": 0.0002715745054210449,
     "wasted-effort": 251
    }
   }
  },
  "line_line": {
   "Tarantula": {
    "best_case": {
     "top-5": 0.849,
     "top-10": 1.0,
     "top-200": 0.99,
     "exam": 1.392689771389974e-06,
     "wasted-effort": 1
    },
    "avg_case": {
     "top-5": 0.6873333333333317,
     "top-10": 0.9839999999999995,
     "top-200": 0.9646666666666652,
     "exam": 1.392689771389974e-06,
     "wasted-effort": 1
    },
    "worst_case": {
     "top-5": 0.4249999999999988,
     "top-10": 0.8306666666666636,
     "top-200": 0.7879999999999981,
     "exam": 9.748828399729819e-06,
     "wasted-effort": 12
    }
   },
   "Ochiai": {
    "best_case": {
     "top-5": 0.825,
     "top-10": 1.0,
     "top-200": 0.991,
     "exam": 1.392689771389974e-06,
     "wasted-effort": 1
    },
    "avg_case": {
     "top-5": 0.6903333333333311,
     "top-10": 0.9866666666666659,
     "top-200": 0.953333333333332,
     "exam": 1.392689771389974e-06,
     "wasted-effort": 1
    },
    "worst_case": {
     "top-5": 0.41133333333333244,
     "top-10": 0.8393333333333295,
     "top-200": 0.7993333333333311,
     "exam": 9.748828399729819e-06,
     "wasted-effort": 12
    }
   },
   "DStar": {
    "best_case": {
     "top-5": 0.742,
     "top-10": 1.0,
     "top-200": 0.992,
     "exam": 8.356138628339843e-06,
     "wasted-effort": 11
    },
    "avg_case": {
     "top-5": 0.5503333333333356,
     "top-10": 0.9363333333333307,
     "top-200": 0.9703333333333326,
     "exam": 8.356138628339843e-06,
     "wasted-effort": 11
    },
    "worst_case": {
     "top-5": 0.3000000000000005,
     "top-10": 0.6046666666666674,
     "top-200": 0.7953333333333301,
     "exam": 0.0002715745054210449,
     "wasted-effort": 251
    }
   }
  },
  "line_defuse": {
   "Tarantula": {
    "best_case": {
     "top-5": 0.837,
     "top-10": 1.0,
     "top-200": 0.99,
     "exam": 1.392689771389974e-06,
     "wasted-effort": 1
    },
    "avg_case": {
     "top-5": 0.6789999999999979,
     "top-10": 0.9853333333333325,
     "top-200": 0.9549999999999988,
     "exam": 1.392689771389974e-06,
     "wasted-effort": 1
    },
    "worst_case": {
     "top-5": 0.41233333333333255,
     "top-10": 0.8423333333333292,
     "top-200": 0.7973333333333313,
     "exam": 9.748828399729819e-06,
     "wasted-effort": 12
    }
   },
   "Ochiai": {
    "best_case": {
     "top-5": 0.839,
     "top-10": 1.0,
     "top-200": 0.989,
     "exam": 1.392689771389974e-06,
     "wasted-effort": 1
    },
    "avg_case": {
     "top-5": 0.6763333333333312,
     "top-10": 0.9849999999999991,
     "top-200": 0.9596666666666651,
     "exam": 1.392689771389974e-06,
     "wasted-effort": 1
    },
    "worst_case": {
     "top-5": 0.405333333333333,
     "top-10": 0.8366666666666636,
     "top-200": 0.7953333333333312,
     "exam": 9.748828399729819e-06,
     "wasted-effort": 12
    }
   },
   "DStar": {
    "best_case": {
     "top-5": 0.741,
     "top-10": 1.0,
     "top-200": 0.994,
     "exam": 8.356138628339843e-06,
     "wasted-effort": 11
    },
    "avg_case": {
     "top-5": 0.5456666666666689,
     "top-10": 0.9376666666666639,
     "top-200": 0.967999999999999,
     "exam": 8.356138628339843e-06,
     "wasted-effort": 11
    },
    "worst_case": {
     "top-5": 0.2980000000000001,
     "top-10": 0.6076666666666667,
     "top-200": 0.7976666666666625,
     "exam": 0.0002715745054210449,
     "wasted-effort": 251
    }
   }
  },
  "line_defuses": {
   "Tarantula": {
    "best_case": {
     "top-5": 0.87,
     "top-10": 1.0,
     "top-200": 0.986,
     "exam": 1.392689771389974e-06,
     "wasted-effort": 1
    },
    "avg_case": {
     "top-5": 0.6769999999999988,
     "top-10": 0.9866666666666659,
     "top-200": 0.9623333333333318,
     "exam": 1.392689771389974e-06,
     "wasted-effort": 1
    },
    "worst_case": {
     "top-5": 0.4249999999999989,
     "top-10": 0.8303333333333299,
     "top-200": 0.8069999999999976,
     "exam": 9.748828399729819e-06,
     "wasted-effort": 12
    }
   },
   "Ochiai": {
    "best_case": {
     "top-5": 0.857,
     "top-10": 1.0,
     "top-200": 0.992,
     "exam": 1.392689771389974e-06,
     "wasted-effort": 1
    },
    "avg_case": {
     "top-5": 0.6699999999999983,
     "top-10": 0.9849999999999992,
     "top-200": 0.9596666666666657,
     "exam": 1.392689771389974e-06,
     "wasted-effort": 1
    },
    "worst_case": {
     "top-5": 0.4239999999999994,
     "top-10": 0.830666666666662,
     "top-200": 0.8019999999999976,
     "exam": 9.748828399729819e-06,
     "wasted-effort": 12
    }
   },
   "DStar": {
    "best_case": {
     "top-5": 0.74,
     "top-10": 1.0,
     "top-200": 0.994,
     "exam": 8.356138628339843e-06,
     "wasted-effort": 11
    },
    "avg_case": {
     "top-5": 0.5636666666666682,
     "top-10": 0.9353333333333306,
     "top-200": 0.9603333333333319,
     "exam": 8.356138628339843e-06,
     "wasted-effort": 11
    },
    "worst_case": {
     "top-5": 0.3113333333333334,
     "top-10": 0.6076666666666675,
     "top-200": 0.7873333333333312,
     "exam": 0.0002715745054210449,
     "wasted-effort": 251
    }
   }
  },
  "line_assert_use": {
   "Tarantula": {
    "best_case": {
     "top-5": 0.839,
     "top-10": 1.0,
     "top-200": 0.992,
     "exam": 1.392689771389974e-06,
     "wasted-effort": 1
    },
    "avg_case": {
     "top-5": 0.6913333333333309,
     "top-10": 0.9883333333333331,
     "top-200": 0.955666666666665,
     "exam": 1.392689771389974e-06,
     "wasted-effort": 1
    },
    "worst_case": {
     "top-5": 0.41533333333333206,
     "top-10": 0.841999999999996,
     "top-200": 0.7989999999999979,
     "exam": 9.748828399729819e-06,
     "wasted-effort": 12
    }
   },
   "Ochiai": {
    "best_case": {
     "top-5": 0.861,
     "top-10": 1.0,
     "top-200": 0.99,
     "exam": 1.392689771389974e-06,
     "wasted-effort": 1
    },
    "avg_case": {
     "top-5": 0.6816666666666645,
     "top-10": 0.9843333333333327,
     "top-200": 0.9523333333333319,
     "exam": 1.392689771389974e-06,
     "wasted-effort": 1
    },
    "worst_case": {
     "top-5": 0.4329999999999993,
     "top-10": 0.8356666666666638,
     "top-200": 0.798666666666664,
     "exam": 9.748828399729819e-06,
     "wasted-effort": 12
    }
   },
   "DStar": {
    "best_case": {
     "top-5": 0.733,
     "top-10": 1.0,
     "top-200": 0.992,