{
 "black_12": {
  "line": {
   "Tarantula": {
    "best_case": {
     "top-5": 0.0,
     "top-10": 0.0,
     "top-200": 0.999,
     "exam": 0.03574950690335306,
     "wasted-effort": 178
    },
    "avg_case": {
     "top-5": 0.0,
     "top-10": 0.0,
     "top-200": 0.4745,
     "exam": 0.05276134122287968,
     "wasted-effort": 217
    },
    "worst_case": {
     "top-5": 0.0,
     "top-10": 0.0,
     "top-200": 0.238625,
     "exam": 0.23323471400394477,
     "wasted-effort": 1009
    }
   },
   "Ochiai": {
    "best_case": {
     "top-5": 0.0,
     "top-10": 0.0,
     "top-200": 1.0,
     "exam": 0.01775147928994083,
     "wasted-effort": 75
    },
    "avg_case": {
     "top-5": 0.0,
     "top-10": 0.0,
     "top-200": 0.9515,
     "exam": 0.038461538461538464,
     "wasted-effort": 189
    },
    "worst_case": {
     "top-5": 0.0,
     "top-10": 0.0,
     "top-200": 0.478625,
     "exam": 0.1957593688362919,
     "wasted-effort": 857
    }
   },
   "DStar": {
    "best_case": {
     "top-5": 0.0,
     "top-10": 0.0,
     "top-200": 1.0,
     "exam": 0.015285996055226824,
     "wasted-effort": 65
    },
    "avg_case": {
     "top-5": 0.0,
     "top-10": 0.0,
     "top-200": 0.95175,
     "exam": 0.038708086785009865,
     "wasted-effort": 191
    },
    "worst_case": {
     "top-5": 0.0,
     "top-10": 0.0,
     "top-200": 0.475,
     "exam": 0.1940335305719921,
     "wasted-effort": 850
    }
   }
  },
  "line_line": {
   "Tarantula": {
    "best_case": {
     "top-5": 0.0,
     "top-10": 0.0,
     "top-200": 0.998,
     "exam": 0.03574950690335306,
     "wasted-effort": 178
    },
    "avg_case": {
     "top-5": 0.0,
     "top-10": 0.0,
     "top-200": 0.47375,
     "exam": 0.05276134122287968,
     "wasted-effort": 217
    },
    "worst_case": {
     "top-5": 0.0,
     "top-10": 0.0,
     "top-200": 0.23775,
     "exam": 0.23348126232741617,
     "wasted-effort": 1010
    }
   },
   "Ochiai": {
    "best_case": {
     "top-5": 0.0,
     "top-10": 0.0,
     "top-200": 1.0,
     "exam": 0.01775147928994083,
     "wasted-effort": 75
    },
    "avg_case": {
     "top-5": 0.0,
     "top-10": 0.0,
     "top-200": 0.95525,
     "exam": 0.038461538461538464,
     "wasted-effort": 189
    },
    "worst_case": {
     "top-5": 0.0,
     "top-10": 0.0,
     "top-200": 0.478125,
     "exam": 0.23348126232741617,
     "wasted-effort": 1010
    }
   },
   "DStar": {
    "best_case": {
     "top-5": 0.0,
     "top-10": 0.0,
     "top-200": 1.0,
     "exam": 0.015285996055226824,
     "wasted-effort": 65
    },
    "avg_case": {
     "top-5": 0.0,
     "top-10": 0.0,
     "top-200": 0.9515,
     "exam": 0.038461538461538464,
     "wasted-effort": 189
    },
    "worst_case": {
     "top-5": 0.0,
     "top-10": 0.0,
     "top-200": 0.472875,
     "exam": 0.23348126232741617,
     "wasted-effort": 1010
    }
   }
  },
  "line_defuse": {
   "Tarantula": {
    "best_case": {
     "top-5": 0.0,
     "top-10": 0.0,
     "top-200": 0.998,
     "exam": 0.03574950690335306,
     "wasted-effort": 178
    },
    "avg_case": {
     "top-5": 0.0,
     "top-10": 0.0,
     "top-200": 0.4785,
     "exam": 0.05276134122287968,
     "wasted-effort": 217
    },
    "worst_case": {
     "top-5": 0.0,
     "top-10": 0.0,
     "top-200": 0.237625,
     "exam": 0.23348126232741617,
     "wasted-effort": 1010
    }
   },
   "Ochiai": {
    "best_case": {
     "top-5": 0.0,
     "top-10": 0.0,
     "top-200": 1.0,
     "exam": 0.01775147928994083,
     "wasted-effort": 75
    },
    "avg_case": {
     "top-5": 0.0,
     "top-10": 0.0,
     "top-200": 0.957,
     "exam": 0.038461538461538464,
     "wasted-effort": 189
    },
    "worst_case": {
     "top-5": 0.0,
     "top-10": 0.0,
     "top-200": 0.4815,
     "exam": 0.23348126232741617,
     "wasted-effort": 1010
    }
   },
   "DStar": {
    "best_case": {
     "top-5": 0.0,
     "top-10": 0.0,
     "top-200": 1.0,
     "exam": 0.015285996055226824,
     "wasted-effort": 65
    },
    "avg_case": {
     "top-5": 0.0,
     "top-10": 0.0,
     "top-200": 0.9525,
     "exam": 0.038461538461538464,
     "wasted-effort": 189
    },
    "worst_case": {
     "top-5": 0.0,
     "top-10": 0.0,
     "top-200": 0.4745,
     "exam": 0.23348126232741617,
     "wasted-effort": 1010
    }
   }
  },
  "line_defuses": {
   "Tarantula": {
    "best_case": {
     "top-5": 0.0,
     "top-10": 0.0,
     "top-200": 0.998,
     "exam": 0.03574950690335306,
     "wasted-effort": 178
    },
    "avg_case": {
     "top-5": 0.0,
     "top-10": 0.0,
     "top-200": 0.48,
     "exam": 0.05276134122287968,
     "wasted-effort": 217
    },
    "worst_case": {
     "top-5": 0.0,
     "top-10": 0.0,
     "top-200": 0.238875,
     "exam": 0.23348126232741617,
     "wasted-effort": 1010
    }
   },
   "Ochiai": {
    "best_case": {
     "top-5": 0.0,
     "top-10": 0.0,
     "top-200": 1.0,
     "exam": 0.01775147928994083,
     "wasted-effort": 75
    },
    "avg_case": {
     "top-5": 0.0,
     "top-10": 0.0,
     "top-200": 0.957,
     "exam": 0.038461538461538464,
     "wasted-effort": 189
    },
    "worst_case": {
     "top-5": 0.0,
     "top-10": 0.0,
     "top-200": 0.479,
     "exam": 0.23348126232741617,
     "wasted-effort": 1010
    }
   },
   "DStar": {
    "best_case": {
     "top-5": 0.0,
     "top-10": 0.0,
     "top-200": 1.0,
     "exam": 0.015285996055226824,
     "wasted-effort": 65
    },
    "avg_case": {
     "top-5": 0.0,
     "top-10": 0.0,
     "top-200": 0.94975,
     "exam": 0.038461538461538464,
     "wasted-effort": 189
    },
    "worst_case": {
     "top-5": 0.0,
     "top-10": 0.0,
     "top-200": 0.474625,
     "exam": 0.23348126232741617,
     "wasted-effort": 1010
    }
   }
  },
  "line_assert_use": {
   "Tarantula": {
    "best_case": {
     "top-5": 0.0,
     "top-10": 0.0,
     "top-200": 0.998,
     "exam": 0.03574950690335306,
     "wasted-effort": 178
    },
    "avg_case": {
     "top-5": 0.0,
     "top-10": 0.0,
     "top-200": 0.4765,
     "exam": 0.05276134122287968,
     "wasted-effort": 217
    },
    "worst_case": {
     "top-5": 0.0,
     "top-10": 0.0,
     "top-200": 0.23725,
     "exam": 0.23348126232741617,
     "wasted-effort": 1010
    }
   },
   "Ochiai": {
    "best_case": {
     "top-5": 0.0,
     "top-10": 0.0,
     "top-200": 1.0,
     "exam": 0.01775147928994083,
     "wasted-effort": 75
    },
    "avg_case": {
     "top-5": 0.0,
     "top-10": 0.0,
     "top-200": 0.96025,
     "exam": 0.038461538461538464,
     "wasted-effort": 189
    },
    "worst_case": {
     "top-5": 0.0,
     "top-10": 0.0,
     "top-200": 0.479125,
     "exam": 0.23348126232741617,
     "wasted-effort": 1010
    }
   },
   "DStar": {
    "best_case": {
     "top-5": 0.0,
     "top-10": 0.0,
     "top-200": 1.0,
     "exam": 0.015285996055226824,
     "wasted-effort": 65
    },
    "avg_case": {
     "top-5": 0.0,
     "top-10": 0.0,
     "top-200": 0.94775,
     "exam": 0.038461538461538464,
     "wasted-effort": 189
    },
    "worst_case": {
     "top-5": 0.0,
     "top-10": 0.0,
     "top-200": 0.476375,
     "exam": 0.23348126232741617,
     "wasted-effort": 1010
    }
   }
  },
  "line_assert_uses": {
   "Tarantula": {
    "best_case": {
     "top-5": 0.0,
     "top-10": 0.0,
     "top-200": 1.0,
     "exam": 0.03574950690335306,
     "wasted-effort": 178
    },
    "avg_case": {
     "top-5": 0.0,
     "top-10": 0.0,
     "top-200": 0.478,
     "exam": 0.05276134122287968,
     "wasted-effort": 217
    },
    "worst_case": {
     "top-5": 0.0,
     "top-10": 0.0,
     "top-200": 0.237375,
     "exam": 0.23348126232741617,
     "wasted-effort": 1010
    }
   },
   "Ochiai": {
    "best_case": {
     "top-5": 0.0,
     "top-10": 0.0,
     "top-200": 1.0,
     "exam": 0.01775147928994083,
     "wasted-effort": 75
    },
    "avg_case": {
     "top-5": 0.0,
     "top-10": 0.0,
     "top-200": 0.954,
     "exam": 0.038461538461538464,
     "wasted-effort": 189
    },
    "worst_case": {
     "top-5": 0.0,