{
 "black_9": {
  "line": {
   "Tarantula": {
    "best_case": {
     "top-5": 0.247,
     "top-10": 0.508,
     "top-200": 0.939,
     "exam": 0.002318571759795966,
     "wasted-effort": 19
    },
    "avg_case": {
     "top-5": 0.257,
     "top-10": 0.544,
     "top-200": 0.933,
     "exam": 0.002318571759795966,
     "wasted-effort": 19
    },
    "worst_case": {
     "top-5": 0.1365,
     "top-10": 0.278,
     "top-200": 0.477,
     "exam": 0.6924414560630652,
     "wasted-effort": 4313
    }
   },
   "Ochiai": {
    "best_case": {
     "top-5": 0.0,
     "top-10": 0.0,
     "top-200": 0.975,
     "exam": 0.013795501970785997,
     "wasted-effort": 67
    },
    "avg_case": {
     "top-5": 0.0,
     "top-10": 0.0,
     "top-200": 0.973,
     "exam": 0.013795501970785997,
     "wasted-effort": 67
    },
    "worst_case": {
     "top-5": 0.0,
     "top-10": 0.0,
     "top-200": 0.4815,
     "exam": 0.6924414560630652,
     "wasted-effort": 4313
    }
   },
   "DStar": {
    "best_case": {
     "top-5": 0.0,
     "top-10": 0.0,
     "top-200": 0.969,
     "exam": 0.043936934848133546,
     "wasted-effort": 194
    },
    "avg_case": {
     "top-5": 0.0,
     "top-10": 0.0,
     "top-200": 0.979,
     "exam": 0.043936934848133546,
     "wasted-effort": 194
    },
    "worst_case": {
     "top-5": 0.0,
     "top-10": 0.0,
     "top-200": 0.4845,
     "exam": 0.6924414560630652,
     "wasted-effort": 4313
    }
   }
  },
  "line_line": {
   "Tarantula": {
    "best_case": {
     "top-5": 0.0,
     "top-10": 0.0,
     "top-200": 0.938,
     "exam": 0.004405286343612335,
     "wasted-effort": 19
    },
    "avg_case": {
     "top-5": 0.0,
     "top-10": 0.0,
     "top-200": 0.939,
     "exam": 0.004405286343612335,
     "wasted-effort": 19
    },
    "worst_case": {
     "top-5": 0.0,
     "top-10": 0.0,
     "top-200": 0.47,
     "exam": 0.6924414560630652,
     "wasted-effort": 4313
    }
   },
   "Ochiai": {
    "best_case": {
     "top-5": 0.0,
     "top-10": 0.0,
     "top-200": 0.968,
     "exam": 0.01553443079063297,
     "wasted-effort": 67
    },
    "avg_case": {
     "top-5": 0.0,
     "top-10": 0.0,
     "top-200": 0.972,
     "exam": 0.01553443079063297,
     "wasted-effort": 67
    },
    "worst_case": {
     "top-5": 0.0,
     "top-10": 0.0,
     "top-200": 0.479,
     "exam": 0.6924414560630652,
     "wasted-effort": 4313
    }
   },
   "DStar": {
    "best_case": {
     "top-5": 0.0,
     "top-10": 0.0,
     "top-200": 0.979,
     "exam": 0.04498029214004173,
     "wasted-effort": 194
    },
    "avg_case": {
     "top-5": 0.0,
     "top-10": 0.0,
     "top-200": 0.979,
     "exam": 0.04498029214004173,
     "wasted-effort": 194
    },
    "worst_case": {
     "top-5": 0.0,
     "top-10": 0.0,
     "top-200": 0.487,
     "exam": 0.6924414560630652,
     "wasted-effort": 4313
    }
   }
  },
  "line_defuse": {
   "Tarantula": {
    "best_case": {
     "top-5": 0.0,
     "top-10": 0.0,
     "top-200": 0.922,
     "exam": 0.004405286343612335,
     "wasted-effort": 19
    },
    "avg_case": {
     "top-5": 0.0,
     "top-10": 0.0,
     "top-200": 0.947,
     "exam": 0.004405286343612335,
     "wasted-effort": 19
    },
    "worst_case": {
     "top-5": 0.0,
     "top-10": 0.0,
     "top-200": 0.4685,
     "exam": 0.6924414560630652,
     "wasted-effort": 4313
    }
   },
   "Ochiai": {
    "best_case": {
     "top-5": 0.0,
     "top-10": 0.0,
     "top-200": 0.976,
     "exam": 0.01553443079063297,
     "wasted-effort": 67
    },
    "avg_case": {
     "top-5": 0.0,
     "top-10": 0.0,
     "top-200": 0.969,
     "exam": 0.01553443079063297,
     "wasted-effort": 67
    },
    "worst_case": {
     "top-5": 0.0,
     "top-10": 0.0,
     "top-200": 0.4885,
     "exam": 0.6924414560630652,
     "wasted-effort": 4313
    }
   },
   "DStar": {
    "best_case": {
     "top-5": 0.0,
     "top-10": 0.0,
     "top-200": 0.976,
     "exam": 0.04498029214004173,
     "wasted-effort": 194
    },
    "avg_case": {
     "top-5": 0.0,
     "top-10": 0.0,
     "top-200": 0.974,
     "exam": 0.04498029214004173,
     "wasted-effort": 194
    },
    "worst_case": {
     "top-5": 0.0,
     "top-10": 0.0,
     "top-200": 0.484,
     "exam": 0.6924414560630652,
     "wasted-effort": 4313
    }
   }
  },
  "line_defuses": {
   "Tarantula": {
    "best_case": {
     "top-5": 0.0,
     "top-10": 0.0,
     "top-200": 0.936,
     "exam": 0.004405286343612335,
     "wasted-effort": 19
    },
    "avg_case": {
     "top-5": 0.0,
     "top-10": 0.0,
     "top-200": 0.944,
     "exam": 0.004405286343612335,
     "wasted-effort": 19
    },
    "worst_case": {
     "top-5": 0.0,
     "top-10": 0.0,
     "top-200": 0.471,
     "exam": 0.6924414560630652,
     "wasted-effort": 4313
    }
   },
   "Ochiai": {
    "best_case": {
     "top-5": 0.0,
     "top-10": 0.0,
     "top-200": 0.972,
     "exam": 0.01553443079063297,
     "wasted-effort": 67
    },
    "avg_case": {
     "top-5": 0.0,
     "top-10": 0.0,
     "top-200": 0.97,
     "exam": 0.01553443079063297,
     "wasted-effort": 67
    },
    "worst_case": {
     "top-5": 0.0,
     "top-10": 0.0,
     "top-200": 0.4855,
     "exam": 0.6924414560630652,
     "wasted-effort": 4313
    }
   },
   "DStar": {
    "best_case": {
     "top-5": 0.0,
     "top-10": 0.0,
     "top-200": 0.972,
     "exam": 0.04498029214004173,
     "wasted-effort": 194
    },
    "avg_case": {
     "top-5": 0.0,
     "top-10": 0.0,
     "top-200": 0.973,
     "exam": 0.04498029214004173,
     "wasted-effort": 194
    },
    "worst_case": {
     "top-5": 0.0,
     "top-10": 0.0,
     "top-200": 0.488,
     "exam": 0.6924414560630652,
     "wasted-effort": 4313
    }
   }
  },
  "line_assert_use": {
   "Tarantula": {
    "best_case": {
     "top-5": 0.0,
     "top-10": 0.0,
     "top-200": 0.943,
     "exam": 0.004405286343612335,
     "wasted-effort": 19
    },
    "avg_case": {
     "top-5": 0.0,
     "top-10": 0.0,
     "top-200": 0.932,
     "exam": 0.004405286343612335,
     "wasted-effort": 19
    },
    "worst_case": {
     "top-5": 0.0,
     "top-10": 0.0,
     "top-200": 0.4735,
     "exam": 0.6924414560630652,
     "wasted-effort": 4313
    }
   },
   "Ochiai": {
    "best_case": {
     "top-5": 0.0,
     "top-10": 0.0,
     "top-200": 0.964,
     "exam": 0.01553443079063297,
     "wasted-effort": 67
    },
    "avg_case": {
     "top-5": 0.0,
     "top-10": 0.0,
     "top-200": 0.976,
     "exam": 0.01553443079063297,
     "wasted-effort": 67
    },
    "worst_case": {
     "top-5": 0.0,
     "top-10": 0.0,
     "top-200": 0.486,
     "exam": 0.6924414560630652,
     "wasted-effort": 4313
    }
   },
   "DStar": {
    "best_case": {
     "top-5": 0.0,
     "top-10": 0.0,
     "top-200": 0.979,
     "exam": 0.04498029214004173,
     "wasted-effort": 194
    },
    "avg_case": {
     "top-5": 0.0,
     "top-10": 0.0,
     "top-200": 0.985,
     "exam": 0.04498029214004173,
     "wasted-effort": 194
    },
    "worst_case": {
     "top-5": 0.0,
     "top-10": 0.0,
     "top-200": 0.4895,
     "exam": 0.6924414560630652,
     "wasted-effort": 4313
    }
   }
  },
  "line_assert_uses": {
   "Tarantula": {
    "best_case": {
     "top-5": 0.0,
     "top-10": 0.0,
     "top-200": 0.948,
     "exam": 0.004405286343612335,
     "wasted-effort": 19
    },
    "avg_case": {
     "top-5": 0.0,
     "top-10": 0.0,
     "top-200": 0.938,
     "exam": 0.004405286343612335,
     "wasted-effort": 19
    },
    "worst_case": {
     "top-5": 0.0,
     "top-10": 0.0,
     "top-200": 0.475,
     "exam": 0.6924414560630652,
     "wasted-effort": 4313
    }
   },
   "Ochiai": {
    "best_case": {
     "top-5": 0.0,
     "top-10": 0.0,
     "top-200": 0.966,
     "exam": 0.01553443079063297,
     "wasted-effort": 67
    },
    "avg_case": {
     "top-5": 0.0,
     "top-10": 0.0,
     "top-200": 0.97,
     "exam": 0.01553443079063297,
     "wasted-effort": 67
    },
    "worst_case": {
     "top-5": 0.0,
     "top-10": 0.0,
     "top-200": 0.486,