{
 "fastapi_13": {
  "line": {
   "Tarantula": {
    "best_case": {
     "top-5": 0.0,
     "top-10": 0.0,
     "top-200": 0.732,
     "exam": 0.041250462449130595,
     "wasted-effort": 114
    },
    "avg_case": {
     "top-5": 0.0,
     "top-10": 0.0,
     "top-200": 0.403999999999999,
     "exam": 0.041250462449130595,
     "wasted-effort": 114
    },
    "worst_case": {
     "top-5": 0.0,
     "top-10": 0.0,
     "top-200": 0.2087999999999993,
     "exam": 0.6289308176100629,
     "wasted-effort": 2703
    }
   },
   "Ochiai": {
    "best_case": {
     "top-5": 0.0,
     "top-10": 0.0,
     "top-200": 0.724,
     "exam": 0.041250462449130595,
     "wasted-effort": 114
    },
    "avg_case": {
     "top-5": 0.0,
     "top-10": 0.0,
     "top-200": 0.42859999999999826,
     "exam": 0.041250462449130595,
     "wasted-effort": 114
    },
    "worst_case": {
     "top-5": 0.0,
     "top-10": 0.0,
     "top-200": 0.20799999999999916,
     "exam": 0.6289308176100629,
     "wasted-effort": 2703
    }
   },
   "DStar": {
    "best_case": {
     "top-5": 0.0,
     "top-10": 0.0,
     "top-200": 0.724,
     "exam": 0.03903070662227155,
     "wasted-effort": 108
    },
    "avg_case": {
     "top-5": 0.0,
     "top-10": 0.0,
     "top-200": 0.40519999999999823,
     "exam": 0.03903070662227155,
     "wasted-effort": 108
    },
    "worst_case": {
     "top-5": 0.0,
     "top-10": 0.0,
     "top-200": 0.21239999999999923,
     "exam": 0.6289308176100629,
     "wasted-effort": 2703
    }
   }
  },
  "line_line": {
   "Tarantula": {
    "best_case": {
     "top-5": 0.0,
     "top-10": 0.0,
     "top-200": 1.0,
     "exam": 0.04772475027746948,
     "wasted-effort": 131
    },
    "avg_case": {
     "top-5": 0.0,
     "top-10": 0.0,
     "top-200": 0.9675999999999972,
     "exam": 0.04772475027746948,
     "wasted-effort": 131
    },
    "worst_case": {
     "top-5": 0.0,
     "top-10": 0.0,
     "top-200": 0.5744000000000082,
     "exam": 0.6289308176100629,
     "wasted-effort": 2703
    }
   },
   "Ochiai": {
    "best_case": {
     "top-5": 0.0,
     "top-10": 0.0,
     "top-200": 1.0,
     "exam": 0.04772475027746948,
     "wasted-effort": 131
    },
    "avg_case": {
     "top-5": 0.0,
     "top-10": 0.0,
     "top-200": 0.9729999999999978,
     "exam": 0.04772475027746948,
     "wasted-effort": 131
    },
    "worst_case": {
     "top-5": 0.0,
     "top-10": 0.0,
     "top-200": 0.5726000000000082,
     "exam": 0.6289308176100629,
     "wasted-effort": 2703
    }
   },
   "DStar": {
    "best_case": {
     "top-5": 0.0,
     "top-10": 0.0,
     "top-200": 1.0,
     "exam": 0.04550499445061043,
     "wasted-effort": 125
    },
    "avg_case": {
     "top-5": 0.0,
     "top-10": 0.0,
     "top-200": 0.9871999999999989,
     "exam": 0.04550499445061043,
     "wasted-effort": 125
    },
    "worst_case": {
     "top-5": 0.0,
     "top-10": 0.0,
     "top-200": 0.5862000000000094,
     "exam": 0.6289308176100629,
     "wasted-effort": 2703
    }
   }
  },
  "line_defuse": {
   "Tarantula": {
    "best_case": {
     "top-5": 0.0,
     "top-10": 0.0,
     "top-200": 1.0,
     "exam": 0.05771365149833518,
     "wasted-effort": 158
    },
    "avg_case": {
     "top-5": 0.0,
     "top-10": 0.0,
     "top-200": 0.791199999999989,
     "exam": 0.05771365149833518,
     "wasted-effort": 158
    },
    "worst_case": {
     "top-5": 0.0,
     "top-10": 0.0,
     "top-200": 0.39519999999999456,
     "exam": 0.6289308176100629,
     "wasted-effort": 2703
    }
   },
   "Ochiai": {
    "best_case": {
     "top-5": 0.0,
     "top-10": 0.0,
     "top-200": 0.999,
     "exam": 0.05771365149833518,
     "wasted-effort": 158
    },
    "avg_case": {
     "top-5": 0.0,
     "top-10": 0.0,
     "top-200": 0.790399999999989,
     "exam": 0.05771365149833518,
     "wasted-effort": 158
    },
    "worst_case": {
     "top-5": 0.0,
     "top-10": 0.0,
     "top-200": 0.3957999999999945,
     "exam": 0.6289308176100629,
     "wasted-effort": 2703
    }
   },
   "DStar": {
    "best_case": {
     "top-5": 0.0,
     "top-10": 0.0,
     "top-200": 1,
     "exam": 0.04550499445061043,
     "wasted-effort": 125
    },
    "avg_case": {
     "top-5": 0.0,
     "top-10": 0.0,
     "top-200": 0.8,
     "exam": 0.04550499445061043,
     "wasted-effort": 125
    },
    "worst_case": {
     "top-5": 0.0,
     "top-10": 0.0,
     "top-200": 0.4,
     "exam": 0.6289308176100629,
     "wasted-effort": 2703
    }
   }
  },
  "line_defuses": {
   "Tarantula": {
    "best_case": {
     "top-5": 0.0,
     "top-10": 0.0,
     "top-200": 1.0,
     "exam": 0.04772475027746948,
     "wasted-effort": 131
    },
    "avg_case": {
     "top-5": 0.0,
     "top-10": 0.0,
     "top-200": 0.9655999999999971,
     "exam": 0.04772475027746948,
     "wasted-effort": 131
    },
    "worst_case": {
     "top-5": 0.0,
     "top-10": 0.0,
     "top-200": 0.5734000000000077,
     "exam": 0.6289308176100629,
     "wasted-effort": 2703
    }
   },
   "Ochiai": {
    "best_case": {
     "top-5": 0.0,
     "top-10": 0.0,
     "top-200": 1.0,
     "exam": 0.04772475027746948,
     "wasted-effort": 131
    },
    "avg_case": {
     "top-5": 0.0,
     "top-10": 0.0,
     "top-200": 0.9697999999999978,
     "exam": 0.04772475027746948,
     "wasted-effort": 131
    },
    "worst_case": {
     "top-5": 0.0,
     "top-10": 0.0,
     "top-200": 0.5696000000000081,
     "exam": 0.6289308176100629,
     "wasted-effort": 2703
    }
   },
   "DStar": {
    "best_case": {
     "top-5": 0.0,
     "top-10": 0.0,
     "top-200": 1.0,
     "exam": 0.04550499445061043,
     "wasted-effort": 125
    },
    "avg_case": {
     "top-5": 0.0,
     "top-10": 0.0,
     "top-200": 0.9877999999999989,
     "exam": 0.04550499445061043,
     "wasted-effort": 125
    },
    "worst_case": {
     "top-5": 0.0,
     "top-10": 0.0,
     "top-200": 0.5872000000000097,
     "exam": 0.6289308176100629,
     "wasted-effort": 2703
    }
   }
  },
  "line_assert_use": {
   "Tarantula": {
    "best_case": {
     "top-5": 0.0,
     "top-10": 0.0,
     "top-200": 1.0,
     "exam": 0.04772475027746948,
     "wasted-effort": 131
    },
    "avg_case": {
     "top-5": 0.0,
     "top-10": 0.0,
     "top-200": 0.9733999999999976,
     "exam": 0.04772475027746948,
     "wasted-effort": 131
    },
    "worst_case": {
     "top-5": 0.0,
     "top-10": 0.0,
     "top-200": 0.5698000000000074,
     "exam": 0.6289308176100629,
     "wasted-effort": 2703
    }
   },
   "Ochiai": {
    "best_case": {
     "top-5": 0.0,
     "top-10": 0.0,
     "top-200": 1.0,
     "exam": 0.04772475027746948,
     "wasted-effort": 131
    },
    "avg_case": {
     "top-5": 0.0,
     "top-10": 0.0,
     "top-200": 0.9677999999999978,
     "exam": 0.04772475027746948,
     "wasted-effort": 131
    },
    "worst_case": {
     "top-5": 0.0,
     "top-10": 0.0,
     "top-200": 0.5710000000000077,
     "exam": 0.6289308176100629,
     "wasted-effort": 2703
    }
   },
   "DStar": {
    "best_case": {
     "top-5": 0.0,
     "top-10": 0.0,
     "top-200": 1.0,
     "exam": 0.04550499445061043,
     "wasted-effort": 125
    },
    "avg_case": {
     "top-5": 0.0,
     "top-10": 0.0,
     "top-200": 0.9871999999999992,
     "exam": 0.04550499445061043,
     "wasted-effort": 125
    },
    "worst_case": {
     "top-5": 0.0,
     "top-10": 0.0,
     "top-200": 0.5864000000000094,
     "exam": 0.6289308176100629,
     "wasted-effort": 2703
    }
   }
  },
  "line_assert_uses": {
   "Tarantula": {
    "best_case": {
     "top-5": 0.0,
     "top-10": 0.0,
     "top-200": 1.0,
     "exam": 0.04772475027746948,
     "wasted-effort": 131
    },
    "avg_case": {
     "top-5": 0.0,
     "top-10": 0.0,
     "top-200": 0.9735999999999975,
     "exam": 0.04772475027746948,
     "wasted-effort": 131
    },
    "worst_case": {
     "top-5": 0.0,
     "top-10": 0.0,
     "top-200": 0.5756000000000081,
     "exam": 0.6289308176100629,
     "wasted-effort": 2703
    }
   },