{
 "keras_4": {
  "line": {
   "Tarantula": {
    "best_case": {
     "top-5": 0.834,
     "top-10": 0.112,
     "top-200": 0.105,
     "exam": 0.00013357673983703638,
     "wasted-effort": 6
    },
    "avg_case": {
     "top-5": 0.844,
     "top-10": 0.114,
     "top-200": 0.108,
     "exam": 0.00013357673983703638,
     "wasted-effort": 6
    },
    "worst_case": {
     "top-5": 0.844,
     "top-10": 0.132,
     "top-200": 0.115,
     "exam": 0.00013357673983703638,
     "wasted-effort": 6
    }
   },
   "Ochiai": {
    "best_case": {
     "top-5": 0.84,
     "top-10": 0.143,
     "top-200": 0.117,
     "exam": 0.00013357673983703638,
     "wasted-effort": 6
    },
    "avg_case": {
     "top-5": 0.823,
     "top-10": 0.133,
     "top-200": 0.131,
     "exam": 0.00013357673983703638,
     "wasted-effort": 6
    },
    "worst_case": {
     "top-5": 0.824,
     "top-10": 0.129,
     "top-200": 0.127,
     "exam": 0.00013357673983703638,
     "wasted-effort": 6
    }
   },
   "DStar": {
    "best_case": {
     "top-5": 0.848,
     "top-10": 0.108,
     "top-200": 0.127,
     "exam": 0.00013357673983703638,
     "wasted-effort": 6
    },
    "avg_case": {
     "top-5": 0.831,
     "top-10": 0.122,
     "top-200": 0.113,
     "exam": 0.00013357673983703638,
     "wasted-effort": 6
    },
    "worst_case": {
     "top-5": 0.837,
     "top-10": 0.13,
     "top-200": 0.1,
     "exam": 0.00013357673983703638,
     "wasted-effort": 6
    }
   }
  },
  "line_line": {
   "Tarantula": {
    "best_case": {
     "top-5": 0.699,
     "top-10": 0.854,
     "top-200": 0.917,
     "exam": 6.678836991851819e-05,
     "wasted-effort": 3
    },
    "avg_case": {
     "top-5": 0.729,
     "top-10": 0.82,
     "top-200": 0.913,
     "exam": 6.678836991851819e-05,
     "wasted-effort": 3
    },
    "worst_case": {
     "top-5": 0.729,
     "top-10": 0.831,
     "top-200": 0.926,
     "exam": 6.678836991851819e-05,
     "wasted-effort": 3
    }
   },
   "Ochiai": {
    "best_case": {
     "top-5": 0.823,
     "top-10": 0.849,
     "top-200": 0.926,
     "exam": 6.678836991851819e-05,
     "wasted-effort": 3
    },
    "avg_case": {
     "top-5": 0.85,
     "top-10": 0.838,
     "top-200": 0.922,
     "exam": 6.678836991851819e-05,
     "wasted-effort": 3
    },
    "worst_case": {
     "top-5": 0.824,
     "top-10": 0.839,
     "top-200": 0.923,
     "exam": 6.678836991851819e-05,
     "wasted-effort": 3
    }
   },
   "DStar": {
    "best_case": {
     "top-5": 0.821,
     "top-10": 0.835,
     "top-200": 0.702,
     "exam": 6.678836991851819e-05,
     "wasted-effort": 3
    },
    "avg_case": {
     "top-5": 0.835,
     "top-10": 0.844,
     "top-200": 0.721,
     "exam": 6.678836991851819e-05,
     "wasted-effort": 3
    },
    "worst_case": {
     "top-5": 0.841,
     "top-10": 0.834,
     "top-200": 0.703,
     "exam": 6.678836991851819e-05,
     "wasted-effort": 3
    }
   }
  },
  "line_defuse": {
   "Tarantula": {
    "best_case": {
     "top-5": 0.84,
     "top-10": 1,
     "top-200": 0.472,
     "exam": 4.452557994567879e-05,
     "wasted-effort": 1
    },
    "avg_case": {
     "top-5": 0.846,
     "top-10": 1,
     "top-200": 0.5,
     "exam": 4.452557994567879e-05,
     "wasted-effort": 1
    },
    "worst_case": {
     "top-5": 0.855,
     "top-10": 1.0,
     "top-200": 0.503,
     "exam": 4.452557994567879e-05,
     "wasted-effort": 1
    }
   },
   "Ochiai": {
    "best_case": {
     "top-5": 0.829,
     "top-10": 1,
     "top-200": 0.522,
     "exam": 4.452557994567879e-05,
     "wasted-effort": 1
    },
    "avg_case": {
     "top-5": 0.835,
     "top-10": 1,
     "top-200": 0.48,
     "exam": 4.452557994567879e-05,
     "wasted-effort": 1
    },
    "worst_case": {
     "top-5": 0.834,
     "top-10": 1.0,
     "top-200": 0.52,
     "exam": 4.452557994567879e-05,
     "wasted-effort": 1
    }
   },
   "DStar": {
    "best_case": {
     "top-5": 0.819,
     "top-10": 1,
     "top-200": 0.945,
     "exam": 4.452557994567879e-05,
     "wasted-effort": 1
    },
    "avg_case": {
     "top-5": 0.838,
     "top-10": 1,
     "top-200": 0.933,
     "exam": 4.452557994567879e-05,
     "wasted-effort": 1
    },
    "worst_case": {
     "top-5": 0.829,
     "top-10": 1.0,
     "top-200": 0.937,
     "exam": 4.452557994567879e-05,
     "wasted-effort": 1
    }
   }
  },
  "line_defuses": {
   "Tarantula": {
    "best_case": {
     "top-5": 0.857,
     "top-10": 1,
     "top-200": 0.565,
     "exam": 4.452557994567879e-05,
     "wasted-effort": 1
    },
    "avg_case": {
     "top-5": 0.828,
     "top-10": 1,
     "top-200": 0.575,
     "exam": 4.452557994567879e-05,
     "wasted-effort": 1
    },
    "worst_case": {
     "top-5": 0.836,
     "top-10": 1.0,
     "top-200": 0.584,
     "exam": 4.452557994567879e-05,
     "wasted-effort": 1
    }
   },
   "Ochiai": {
    "best_case": {
     "top-5": 0.828,
     "top-10": 1,
     "top-200": 0.58,
     "exam": 4.452557994567879e-05,
     "wasted-effort": 1
    },
    "avg_case": {
     "top-5": 0.849,
     "top-10": 1,
     "top-200": 0.576,
     "exam": 4.452557994567879e-05,
     "wasted-effort": 1
    },
    "worst_case": {
     "top-5": 0.823,
     "top-10": 1.0,
     "top-200": 0.617,
     "exam": 4.452557994567879e-05,
     "wasted-effort": 1
    }
   },
   "DStar": {
    "best_case": {
     "top-5": 0.828,
     "top-10": 1,
     "top-200": 0.994,
     "exam": 4.452557994567879e-05,
     "wasted-effort": 1
    },
    "avg_case": {
     "top-5": 0.834,
     "top-10": 1,
     "top-200": 0.994,
     "exam": 4.452557994567879e-05,
     "wasted-effort": 1
    },
    "worst_case": {
     "top-5": 0.813,
     "top-10": 1.0,
     "top-200": 0.99,
     "exam": 4.452557994567879e-05,
     "wasted-effort": 1
    }
   }
  },
  "line_assert_use": {
   "Tarantula": {
    "best_case": {
     "top-5": 0.841,
     "top-10": 1,
     "top-200": 0.53,
     "exam": 4.452557994567879e-05,
     "wasted-effort": 1
    },
    "avg_case": {
     "top-5": 0.833,
     "top-10": 1,
     "top-200": 0.511,
     "exam": 4.452557994567879e-05,
     "wasted-effort": 1
    },
    "worst_case": {
     "top-5": 0.824,
     "top-10": 1.0,
     "top-200": 0.54,
     "exam": 4.452557994567879e-05,
     "wasted-effort": 1
    }
   },
   "Ochiai": {
    "best_case": {
     "top-5": 0.832,
     "top-10": 1,
     "top-200": 0.485,
     "exam": 4.452557994567879e-05,
     "wasted-effort": 1
    },
    "avg_case": {
     "top-5": 0.816,
     "top-10": 1,
     "top-200": 0.526,
     "exam": 4.452557994567879e-05,
     "wasted-effort": 1
    },
    "worst_case": {
     "top-5": 0.837,
     "top-10": 1.0,
     "top-200": 0.492,
     "exam": 4.452557994567879e-05,
     "wasted-effort": 1
    }
   },
   "DStar": {
    "best_case": {
     "top-5": 0.822,
     "top-10": 1,
     "top-200": 0.933,
     "exam": 4.452557994567879e-05,
     "wasted-effort": 1
    },
    "avg_case": {
     "top-5": 0.844,
     "top-10": 1,
     "top-200": 0.937,
     "exam": 4.452557994567879e-05,
     "wasted-effort": 1
    },
    "worst_case": {
     "top-5": 0.824,
     "top-10": 1.0,
     "top-200": 0.945,
     "exam": 4.452557994567879e-05,
     "wasted-effort": 1
    }
   }
  },
  "line_assert_uses": {
   "Tarantula": {
    "best_case": {
     "top-5": 0.824,
     "top-10": 1,
     "top-200": 0.574,
     "exam": 4.452557994567879e-05,
     "wasted-effort": 1
    },
    "avg_case": {
     "top-5": 0.839,
     "top-10": 1,
     "top-200": 0.595,
     "exam": 4.452557994567879e-05,
     "wasted-effort": 1
    },
    "worst_case": {
     "top-5": 0.829,
     "top-10": 1.0,
     "top-200": 0.621,
     "exam": 4.452557994567879e-05,
     "wasted-effort": 1
    }
   },
   "Ochiai": {
    "best_case": {
     "top-5": 0.831,
     "top-10": 1,
     "top-200": 0.572,
     "exam": 4.452557994567879e-05,
     "wasted-effort": 1
    },
    "avg_case": {
     "top-5": 0.821,
     "top-10": 1,
     "top-200": 0.574,
     "exam": 4.452557994567879e-05,
     "wasted-effort": 1
    },