{
 "youtubedl_6": {
  "line": {
   "Tarantula": {
    "best_case": {
     "top-5": 0.55,
     "top-10": 0.851,
     "top-200": 0.158,
     "exam": 0.00022033364809568776,
     "wasted-effort": 28
    },
    "avg_case": {
     "top-5": 0.345,
     "top-10": 0.6555,
     "top-200": 0.082,
     "exam": 0.00022033364809568776,
     "wasted-effort": 28
    },
    "worst_case": {
     "top-5": 0.18025,
     "top-10": 0.35725,
     "top-200": 0.0395,
     "exam": 0.00022033364809568776,
     "wasted-effort": 28
    }
   },
   "Ochiai": {
    "best_case": {
     "top-5": 0.592,
     "top-10": 0.847,
     "top-200": 0.134,
     "exam": 1.5738117721120555e-05,
     "wasted-effort": 2
    },
    "avg_case": {
     "top-5": 0.3615,
     "top-10": 0.66,
     "top-200": 0.076,
     "exam": 0.00023607176581680832,
     "wasted-effort": 28
    },
    "worst_case": {
     "top-5": 0.17675,
     "top-10": 0.368,
     "top-200": 0.043,
     "exam": 0.00023607176581680832,
     "wasted-effort": 28
    }
   },
   "DStar": {
    "best_case": {
     "top-5": 0.507,
     "top-10": 0.792,
     "top-200": 0.108,
     "exam": 0.0002045955303745672,
     "wasted-effort": 26
    },
    "avg_case": {
     "top-5": 0.29,
     "top-10": 0.5565,
     "top-200": 0.059,
     "exam": 0.0002045955303745672,
     "wasted-effort": 26
    },
    "worst_case": {
     "top-5": 0.1405,
     "top-10": 0.293,
     "top-200": 0.0305,
     "exam": 0.08092540132200189,
     "wasted-effort": 5334
    }
   }
  },
  "line_line": {
   "Tarantula": {
    "best_case": {
     "top-5": 0.492,
     "top-10": 0.783,
     "top-200": 0.146,
     "exam": 0.0002045955303745672,
     "wasted-effort": 26
    },
    "avg_case": {
     "top-5": 0.2965,
     "top-10": 0.5455,
     "top-200": 0.0755,
     "exam": 0.0002045955303745672,
     "wasted-effort": 26
    },
    "worst_case": {
     "top-5": 0.148,
     "top-10": 0.28125,
     "top-200": 0.03875,
     "exam": 0.00042492917847025496,
     "wasted-effort": 28
    }
   },
   "Ochiai": {
    "best_case": {
     "top-5": 0.579,
     "top-10": 0.84,
     "top-200": 0.138,
     "exam": 1.5738117721120555e-05,
     "wasted-effort": 2
    },
    "avg_case": {
     "top-5": 0.339,
     "top-10": 0.657,
     "top-200": 0.0875,
     "exam": 0.00023607176581680832,
     "wasted-effort": 28
    },
    "worst_case": {
     "top-5": 0.17875,
     "top-10": 0.34675,
     "top-200": 0.041,
     "exam": 0.00023607176581680832,
     "wasted-effort": 28
    }
   },
   "DStar": {
    "best_case": {
     "top-5": 0.486,
     "top-10": 0.788,
     "top-200": 0.129,
     "exam": 0.0002045955303745672,
     "wasted-effort": 26
    },
    "avg_case": {
     "top-5": 0.2905,
     "top-10": 0.549,
     "top-200": 0.0545,
     "exam": 0.0002045955303745672,
     "wasted-effort": 26
    },
    "worst_case": {
     "top-5": 0.1475,
     "top-10": 0.281,
     "top-200": 0.027,
     "exam": 0.08092540132200189,
     "wasted-effort": 5334
    }
   }
  },
  "line_defuse": {
   "Tarantula": {
    "best_case": {
     "top-5": 0.489,
     "top-10": 0.78,
     "top-200": 0.149,
     "exam": 0.0002045955303745672,
     "wasted-effort": 26
    },
    "avg_case": {
     "top-5": 0.283,
     "top-10": 0.5665,
     "top-200": 0.0735,
     "exam": 0.0002045955303745672,
     "wasted-effort": 26
    },
    "worst_case": {
     "top-5": 0.13975,
     "top-10": 0.2855,
     "top-200": 0.03925,
     "exam": 0.00042492917847025496,
     "wasted-effort": 28
    }
   },
   "Ochiai": {
    "best_case": {
     "top-5": 0.553,
     "top-10": 0.845,
     "top-200": 0.186,
     "exam": 1.5738117721120555e-05,
     "wasted-effort": 2
    },
    "avg_case": {
     "top-5": 0.3425,
     "top-10": 0.634,
     "top-200": 0.0975,
     "exam": 0.00023607176581680832,
     "wasted-effort": 28
    },
    "worst_case": {
     "top-5": 0.1795,
     "top-10": 0.36425,
     "top-200": 0.03875,
     "exam": 0.00023607176581680832,
     "wasted-effort": 28
    }
   },
   "DStar": {
    "best_case": {
     "top-5": 0.493,
     "top-10": 0.778,
     "top-200": 0.119,
     "exam": 0.0002045955303745672,
     "wasted-effort": 26
    },
    "avg_case": {
     "top-5": 0.283,
     "top-10": 0.555,
     "top-200": 0.069,
     "exam": 0.0002045955303745672,
     "wasted-effort": 26
    },
    "worst_case": {
     "top-5": 0.14775,
     "top-10": 0.289,
     "top-200": 0.03475,
     "exam": 0.08092540132200189,
     "wasted-effort": 5334
    }
   }
  },
  "line_defuses": {
   "Tarantula": {
    "best_case": {
     "top-5": 0.473,
     "top-10": 0.781,
     "top-200": 0.16,
     "exam": 0.0002045955303745672,
     "wasted-effort": 26
    },
    "avg_case": {
     "top-5": 0.2815,
     "top-10": 0.5615,
     "top-200": 0.083,
     "exam": 0.0002045955303745672,
     "wasted-effort": 26
    },
    "worst_case": {
     "top-5": 0.146,
     "top-10": 0.281,
     "top-200": 0.04175,
     "exam": 0.00042492917847025496,
     "wasted-effort": 28
    }
   },
   "Ochiai": {
    "best_case": {
     "top-5": 0.575,
     "top-10": 0.841,
     "top-200": 0.17,
     "exam": 1.5738117721120555e-05,
     "wasted-effort": 2
    },
    "avg_case": {
     "top-5": 0.316,
     "top-10": 0.654,
     "top-200": 0.0885,
     "exam": 0.00023607176581680832,
     "wasted-effort": 28
    },
    "worst_case": {
     "top-5": 0.19075,
     "top-10": 0.35,
     "top-200": 0.044,
     "exam": 0.00023607176581680832,
     "wasted-effort": 28
    }
   },
   "DStar": {
    "best_case": {
     "top-5": 0.459,
     "top-10": 0.763,
     "top-200": 0.11,
     "exam": 0.0002045955303745672,
     "wasted-effort": 26
    },
    "avg_case": {
     "top-5": 0.292,
     "top-10": 0.5535,
     "top-200": 0.0605,
     "exam": 0.0002045955303745672,
     "wasted-effort": 26
    },
    "worst_case": {
     "top-5": 0.1445,
     "top-10": 0.28575,
     "top-200": 0.03125,
     "exam": 0.08092540132200189,
     "wasted-effort": 5334
    }
   }
  },
  "line_assert_use": {
   "Tarantula": {
    "best_case": {
     "top-5": 0.478,
     "top-10": 0.766,
     "top-200": 0.169,
     "exam": 0.0002045955303745672,
     "wasted-effort": 26
    },
    "avg_case": {
     "top-5": 0.293,
     "top-10": 0.5375,
     "top-200": 0.0715,
     "exam": 0.0002045955303745672,
     "wasted-effort": 26
    },
    "worst_case": {
     "top-5": 0.14625,
     "top-10": 0.28225,
     "top-200": 0.0425,
     "exam": 0.00042492917847025496,
     "wasted-effort": 28
    }
   },
   "Ochiai": {
    "best_case": {
     "top-5": 0.543,
     "top-10": 0.846,
     "top-200": 0.159,
     "exam": 1.5738117721120555e-05,
     "wasted-effort": 2
    },
    "avg_case": {
     "top-5": 0.3655,
     "top-10": 0.637,
     "top-200": 0.093,
     "exam": 0.00023607176581680832,
     "wasted-effort": 28
    },
    "worst_case": {
     "top-5": 0.178,
     "top-10": 0.35325,
     "top-200": 0.039,
     "exam": 0.00023607176581680832,
     "wasted-effort": 28
    }
   },
   "DStar": {
    "best_case": {
     "top-5": 0.495,
     "top-10": 0.789,
     "top-200": 0.114,
     "exam": 0.0002045955303745672,
     "wasted-effort": 26
    },
    "avg_case": {
     "top-5": 0.2805,
     "top-10": 0.5565,
     "top-200": 0.068,
     "exam": 0.0002045955303745672,
     "wasted-effort": 26
    },
    "worst_case": {
     "top-5": 0.144,
     "top-10": 0.28775,
     "top-200": 0.0325,
     "exam": 0.08092540132200189,
     "wasted-effort": 5334
    }
   }
  },
  "line_assert_uses": {
   "Tarantula": {
    "best_case": {
     "top-5": 0.488,
     "top-10": 0.798,
     "top-200": 0.16,
     "exam": 0.0002045955303745672,
     "wasted-effort": 26
    },
    "avg_case": {
     "top-5": 0.2945,
     "top-10": 0.5645,
     "top-200": 0.087,
     "exam": 0.0002045955303745672,
     "wasted-effort": 26
    },
    "worst_case": {
     "top-5": 0.153,
     "top-10": 0.279,
     "top-200": 0.0355,
     "exam": 0.00042492917847025496,
     "wasted-effort": 28
    }
   },
   "Ochiai": {
    "best_case": {
     "top-5": 0.579,
     "top-10": 0.857,