{
 "youtubedl_12": {
  "line": {
   "Tarantula": {
    "best_case": {
     "top-5": 0.217,
     "top-10": 0.503,
     "top-200": 0.823,
     "exam": 8.947905295370353e-06,
     "wasted-effort": 1
    },
    "avg_case": {
     "top-5": 0.249,
     "top-10": 0.466,
     "top-200": 0.811,
     "exam": 8.947905295370353e-06,
     "wasted-effort": 1
    },
    "worst_case": {
     "top-5": 0.227,
     "top-10": 0.448,
     "top-200": 0.802,
     "exam": 8.947905295370353e-06,
     "wasted-effort": 1
    }
   },
   "Ochiai": {
    "best_case": {
     "top-5": 0.239,
     "top-10": 0.487,
     "top-200": 0.807,
     "exam": 8.947905295370353e-06,
     "wasted-effort": 1
    },
    "avg_case": {
     "top-5": 0.24,
     "top-10": 0.491,
     "top-200": 0.828,
     "exam": 8.947905295370353e-06,
     "wasted-effort": 1
    },
    "worst_case": {
     "top-5": 0.251,
     "top-10": 0.49,
     "top-200": 0.806,
     "exam": 8.947905295370353e-06,
     "wasted-effort": 1
    }
   },
   "DStar": {
    "best_case": {
     "top-5": 0.0,
     "top-10": 0.0,
     "top-200": 0.0,
     "exam": 0.07129690939351098,
     "wasted-effort": 8049
    },
    "avg_case": {
     "top-5": 0.0,
     "top-10": 0.0,
     "top-200": 0.0,
     "exam": 0.07129690939351098,
     "wasted-effort": 8049
    },
    "worst_case": {
     "top-5": 0.0,
     "top-10": 0.0,
     "top-200": 0.0,
     "exam": 0.07129690939351098,
     "wasted-effort": 8049
    }
   }
  },
  "line_line": {
   "Tarantula": {
    "best_case": {
     "top-5": 0.258,
     "top-10": 0.493,
     "top-200": 0.947,
     "exam": 8.947905295370353e-06,
     "wasted-effort": 1
    },
    "avg_case": {
     "top-5": 0.255,
     "top-10": 0.506,
     "top-200": 0.946,
     "exam": 8.947905295370353e-06,
     "wasted-effort": 1
    },
    "worst_case": {
     "top-5": 0.239,
     "top-10": 0.491,
     "top-200": 0.948,
     "exam": 8.947905295370353e-06,
     "wasted-effort": 1
    }
   },
   "Ochiai": {
    "best_case": {
     "top-5": 0.254,
     "top-10": 0.491,
     "top-200": 0.937,
     "exam": 8.947905295370353e-06,
     "wasted-effort": 1
    },
    "avg_case": {
     "top-5": 0.246,
     "top-10": 0.49,
     "top-200": 0.952,
     "exam": 8.947905295370353e-06,
     "wasted-effort": 1
    },
    "worst_case": {
     "top-5": 0.26,
     "top-10": 0.494,
     "top-200": 0.951,
     "exam": 8.947905295370353e-06,
     "wasted-effort": 1
    }
   },
   "DStar": {
    "best_case": {
     "top-5": 0.0,
     "top-10": 0.0,
     "top-200": 0.0,
     "exam": 0.07129690939351098,
     "wasted-effort": 8049
    },
    "avg_case": {
     "top-5": 0.0,
     "top-10": 0.0,
     "top-200": 0.0,
     "exam": 0.07129690939351098,
     "wasted-effort": 8049
    },
    "worst_case": {
     "top-5": 0.0,
     "top-10": 0.0,
     "top-200": 0.0,
     "exam": 0.07129690939351098,
     "wasted-effort": 8049
    }
   }
  },
  "line_defuse": {
   "Tarantula": {
    "best_case": {
     "top-5": 0.261,
     "top-10": 0.496,
     "top-200": 0.949,
     "exam": 8.947905295370353e-06,
     "wasted-effort": 1
    },
    "avg_case": {
     "top-5": 0.254,
     "top-10": 0.515,
     "top-200": 0.955,
     "exam": 8.947905295370353e-06,
     "wasted-effort": 1
    },
    "worst_case": {
     "top-5": 0.264,
     "top-10": 0.516,
     "top-200": 0.964,
     "exam": 8.947905295370353e-06,
     "wasted-effort": 1
    }
   },
   "Ochiai": {
    "best_case": {
     "top-5": 0.235,
     "top-10": 0.491,
     "top-200": 0.966,
     "exam": 8.947905295370353e-06,
     "wasted-effort": 1
    },
    "avg_case": {
     "top-5": 0.249,
     "top-10": 0.479,
     "top-200": 0.948,
     "exam": 8.947905295370353e-06,
     "wasted-effort": 1
    },
    "worst_case": {
     "top-5": 0.268,
     "top-10": 0.482,
     "top-200": 0.946,
     "exam": 8.947905295370353e-06,
     "wasted-effort": 1
    }
   },
   "DStar": {
    "best_case": {
     "top-5": 0.0,
     "top-10": 0.0,
     "top-200": 0.0,
     "exam": 0.07129690939351098,
     "wasted-effort": 8049
    },
    "avg_case": {
     "top-5": 0.0,
     "top-10": 0.0,
     "top-200": 0.0,
     "exam": 0.07129690939351098,
     "wasted-effort": 8049
    },
    "worst_case": {
     "top-5": 0.0,
     "top-10": 0.0,
     "top-200": 0.0,
     "exam": 0.07129690939351098,
     "wasted-effort": 8049
    }
   }
  },
  "line_defuses": {
   "Tarantula": {
    "best_case": {
     "top-5": 0.255,
     "top-10": 0.505,
     "top-200": 0.869,
     "exam": 8.947905295370353e-06,
     "wasted-effort": 1
    },
    "avg_case": {
     "top-5": 0.245,
     "top-10": 0.494,
     "top-200": 0.868,
     "exam": 8.947905295370353e-06,
     "wasted-effort": 1
    },
    "worst_case": {
     "top-5": 0.242,
     "top-10": 0.494,
     "top-200": 0.867,
     "exam": 8.947905295370353e-06,
     "wasted-effort": 1
    }
   },
   "Ochiai": {
    "best_case": {
     "top-5": 0.248,
     "top-10": 0.467,
     "top-200": 0.864,
     "exam": 8.947905295370353e-06,
     "wasted-effort": 1
    },
    "avg_case": {
     "top-5": 0.255,
     "top-10": 0.497,
     "top-200": 0.878,
     "exam": 8.947905295370353e-06,
     "wasted-effort": 1
    },
    "worst_case": {
     "top-5": 0.254,
     "top-10": 0.499,
     "top-200": 0.895,
     "exam": 8.947905295370353e-06,
     "wasted-effort": 1
    }
   },
   "DStar": {
    "best_case": {
     "top-5": 0.0,
     "top-10": 0.0,
     "top-200": 0.0,
     "exam": 0.07129690939351098,
     "wasted-effort": 8049
    },
    "avg_case": {
     "top-5": 0.0,
     "top-10": 0.0,
     "top-200": 0.0,
     "exam": 0.07129690939351098,
     "wasted-effort": 8049
    },
    "worst_case": {
     "top-5": 0.0,
     "top-10": 0.0,
     "top-200": 0.0,
     "exam": 0.07129690939351098,
     "wasted-effort": 8049
    }
   }
  },
  "line_assert_use": {
   "Tarantula": {
    "best_case": {
     "top-5": 0.247,
     "top-10": 0.476,
     "top-200": 0.945,
     "exam": 8.947905295370353e-06,
     "wasted-effort": 1
    },
    "avg_case": {
     "top-5": 0.264,
     "top-10": 0.508,
     "top-200": 0.961,
     "exam": 8.947905295370353e-06,
     "wasted-effort": 1
    },
    "worst_case": {
     "top-5": 0.256,
     "top-10": 0.506,
     "top-200": 0.97,
     "exam": 8.947905295370353e-06,
     "wasted-effort": 1
    }
   },
   "Ochiai": {
    "best_case": {
     "top-5": 0.246,
     "top-10": 0.507,
     "top-200": 0.963,
     "exam": 8.947905295370353e-06,
     "wasted-effort": 1
    },
    "avg_case": {
     "top-5": 0.242,
     "top-10": 0.513,
     "top-200": 0.956,
     "exam": 8.947905295370353e-06,
     "wasted-effort": 1
    },
    "worst_case": {
     "top-5": 0.26,
     "top-10": 0.504,
     "top-200": 0.966,
     "exam": 8.947905295370353e-06,
     "wasted-effort": 1
    }
   },
   "DStar": {
    "best_case": {
     "top-5": 0.0,
     "top-10": 0.0,
     "top-200": 0.0,
     "exam": 0.07129690939351098,
     "wasted-effort": 8049
    },
    "avg_case": {
     "top-5": 0.0,
     "top-10": 0.0,
     "top-200": 0.0,
     "exam": 0.07129690939351098,
     "wasted-effort": 8049
    },
    "worst_case": {
     "top-5": 0.0,
     "top-10": 0.0,
     "top-200": 0.0,
     "exam": 0.07129690939351098,
     "wasted-effort": 8049
    }
   }
  },
  "line_assert_uses": {
   "Tarantula": {
    "best_case": {
     "top-5": 0.243,
     "top-10": 0.51,
     "top-200": 0.863,
     "exam": 8.947905295370353e-06,
     "wasted-effort": 1
    },
    "avg_case": {
     "top-5": 0.259,
     "top-10": 0.51,
     "top-200": 0.89,
     "exam": 8.947905295370353e-06,
     "wasted-effort": 1
    },
    "worst_case": {
     "top-5": 0.272,
     "top-10": 0.509,
     "top-200": 0.901,
     "exam": 8.947905295370353e-06,
     "wasted-effort": 1
    }
   },
   "Ochiai": {
    "best_case": {
     "top-5": 0.235,
     "top-10": 0.517,
     "top-200": 0.871,
     "exam": 8.947905295370353e-06,
     "wasted-effort": 1
    },
    "avg_case": {
     "top-5": 0.252,
     "top-10": 0.495,
     "top-200": 0.868,
     "exam": 8.947905295370353e-06,