{
 "ansible_1": {
  "line": {
   "Tarantula": {
    "best_case": {
     "top-1": 0,
     "top-5": 0.6197,
     "top-10": 0.6638,
     "top-200": 0.37,
     "exam": 0.00010716199321307377,
     "wasted-effort": 8
    },
    "avg_case": {
     "top-1": 0.0,
     "top-5": 0.6281,
     "top-10": 0.6732,
     "top-200": 0.3791,
     "exam": 0.00010716199321307377,
     "wasted-effort": 8
    },
    "worst_case": {
     "top-1": 0.0,
     "top-5": 0.6213,
     "top-10": 0.6607,
     "top-200": 0.3787,
     "exam": 0.00010716199321307377,
     "wasted-effort": 8
    }
   },
   "Ochiai": {
    "best_case": {
     "top-1": 0,
     "top-5": 0.6291,
     "top-10": 0.6641,
     "top-200": 0.3729,
     "exam": 0.00010716199321307377,
     "wasted-effort": 8
    },
    "avg_case": {
     "top-1": 0.0,
     "top-5": 0.6282,
     "top-10": 0.6596,
     "top-200": 0.3773,
     "exam": 0.00010716199321307377,
     "wasted-effort": 8
    },
    "worst_case": {
     "top-1": 0.0,
     "top-5": 0.6188,
     "top-10": 0.6642,
     "top-200": 0.3779,
     "exam": 0.00010716199321307377,
     "wasted-effort": 8
    }
   },
   "DStar": {
    "best_case": {
     "top-1": 0,
     "top-5": 0.6326,
     "top-10": 0.6623,
     "top-200": 0.38,
     "exam": 0.00010716199321307377,
     "wasted-effort": 8
    },
    "avg_case": {
     "top-1": 0.0,
     "top-5": 0.6192,
     "top-10": 0.6702,
     "top-200": 0.3811,
     "exam": 0.00010716199321307377,
     "wasted-effort": 8
    },
    "worst_case": {
     "top-1": 0.0,
     "top-5": 0.6175,
     "top-10": 0.6633,
     "top-200": 0.3823,
     "exam": 0.00010716199321307377,
     "wasted-effort": 8
    }
   },
   "Naish1": {
    "best_case": {
     "top-1": 0,
     "top-5": 0.6235,
     "top-10": 0.6695,
     "top-200": 0.3812,
     "exam": 0.00010716199321307377,
     "wasted-effort": 8
    },
    "avg_case": {
     "top-1": 0.0,
     "top-5": 0.6161,
     "top-10": 0.655,
     "top-200": 0.3863,
     "exam": 0.00010716199321307377,
     "wasted-effort": 8
    },
    "worst_case": {
     "top-1": 0.0,
     "top-5": 0.626,
     "top-10": 0.6633,
     "top-200": 0.3791,
     "exam": 0.00010716199321307377,
     "wasted-effort": 8
    }
   },
   "Naish2": {
    "best_case": {
     "top-1": 0,
     "top-5": 0.6254,
     "top-10": 0.6672,
     "top-200": 0.647,
     "exam": 0.00010716199321307377,
     "wasted-effort": 8
    },
    "avg_case": {
     "top-1": 0.0,
     "top-5": 0.6284,
     "top-10": 0.6634,
     "top-200": 0.6529,
     "exam": 0.00010716199321307377,
     "wasted-effort": 8
    },
    "worst_case": {
     "top-1": 0.0,
     "top-5": 0.6284,
     "top-10": 0.6719,
     "top-200": 0.649,
     "exam": 0.00010716199321307377,
     "wasted-effort": 8
    }
   },
   "GP13": {
    "best_case": {
     "top-1": 0,
     "top-5": 0.6165,
     "top-10": 0.6616,
     "top-200": 0.3781,
     "exam": 0.00010716199321307377,
     "wasted-effort": 8
    },
    "avg_case": {
     "top-1": 0.0,
     "top-5": 0.626,
     "top-10": 0.6699,
     "top-200": 0.3727,
     "exam": 0.00010716199321307377,
     "wasted-effort": 8
    },
    "worst_case": {
     "top-1": 0.0,
     "top-5": 0.6316,
     "top-10": 0.6723,
     "top-200": 0.3772,
     "exam": 0.00010716199321307377,
     "wasted-effort": 8
    }
   }
  },
  "line_line": {
   "Tarantula": {
    "best_case": {
     "top-1": 0.0,
     "top-5": 0.7105,
     "top-10": 0.7089,
     "top-200": 0.3797,
     "exam": 8.93016610108948e-05,
     "wasted-effort": 7
    },
    "avg_case": {
     "top-1": 0.0,
     "top-5": 0.7127,
     "top-10": 0.7144,
     "top-200": 0.3716,
     "exam": 8.93016610108948e-05,
     "wasted-effort": 7
    },
    "worst_case": {
     "top-1": 0.0,
     "top-5": 0.7121,
     "top-10": 0.7112,
     "top-200": 0.375,
     "exam": 8.93016610108948e-05,
     "wasted-effort": 7
    }
   },
   "Ochiai": {
    "best_case": {
     "top-1": 0,
     "top-5": 0.635,
     "top-10": 0.6728,
     "top-200": 0.373,
     "exam": 0.00010716199321307377,
     "wasted-effort": 8
    },
    "avg_case": {
     "top-1": 0.0,
     "top-5": 0.627,
     "top-10": 0.6677,
     "top-200": 0.3827,
     "exam": 0.00010716199321307377,
     "wasted-effort": 8
    },
    "worst_case": {
     "top-1": 0.0,
     "top-5": 0.6211,
     "top-10": 0.664,
     "top-200": 0.3833,
     "exam": 0.00010716199321307377,
     "wasted-effort": 8
    }
   },
   "DStar": {
    "best_case": {
     "top-1": 0,
     "top-5": 0.6287,
     "top-10": 0.6681,
     "top-200": 0.3766,
     "exam": 0.00010716199321307377,
     "wasted-effort": 8
    },
    "avg_case": {
     "top-1": 0.0,
     "top-5": 0.6254,
     "top-10": 0.6691,
     "top-200": 0.3777,
     "exam": 0.00010716199321307377,
     "wasted-effort": 8
    },
    "worst_case": {
     "top-1": 0.0,
     "top-5": 0.6296,
     "top-10": 0.6727,
     "top-200": 0.3815,
     "exam": 0.00010716199321307377,
     "wasted-effort": 8
    }
   },
   "Naish1": {
    "best_case": {
     "top-1": 0.0,
     "top-5": 0.7146,
     "top-10": 0.7209,
     "top-200": 0.3769,
     "exam": 8.93016610108948e-05,
     "wasted-effort": 7
    },
    "avg_case": {
     "top-1": 0.0,
     "top-5": 0.7109,
     "top-10": 0.7148,
     "top-200": 0.377,
     "exam": 8.93016610108948e-05,
     "wasted-effort": 7
    },
    "worst_case": {
     "top-1": 0.0,
     "top-5": 0.7113,
     "top-10": 0.7169,
     "top-200": 0.3678,
     "exam": 8.93016610108948e-05,
     "wasted-effort": 7
    }
   },
   "Naish2": {
    "best_case": {
     "top-1": 0.0,
     "top-5": 0.7216,
     "top-10": 0.7187,
     "top-200": 0.3828,
     "exam": 8.93016610108948e-05,
     "wasted-effort": 7
    },
    "avg_case": {
     "top-1": 0.0,
     "top-5": 0.7106,
     "top-10": 0.7121,
     "top-200": 0.3706,
     "exam": 8.93016610108948e-05,
     "wasted-effort": 7
    },
    "worst_case": {
     "top-1": 0.0,
     "top-5": 0.7097,
     "top-10": 0.7086,
     "top-200": 0.3763,
     "exam": 8.93016610108948e-05,
     "wasted-effort": 7
    }
   },
   "GP13": {
    "best_case": {
     "top-1": 0,
     "top-5": 0.6245,
     "top-10": 0.6689,
     "top-200": 0.3784,
     "exam": 0.00010716199321307377,
     "wasted-effort": 8
    },
    "avg_case": {
     "top-1": 0.0,
     "top-5": 0.6239,
     "top-10": 0.6702,
     "top-200": 0.3762,
     "exam": 0.00010716199321307377,
     "wasted-effort": 8
    },
    "worst_case": {
     "top-1": 0.0,
     "top-5": 0.6221,
     "top-10": 0.6662,
     "top-200": 0.3765,
     "exam": 0.00010716199321307377,
     "wasted-effort": 8
    }
   }
  },
  "line_defuse": {
   "Tarantula": {
    "best_case": {
     "top-1": 0.0,
     "top-5": 0.7214,
     "top-10": 0.7125,
     "top-200": 0.3804,
     "exam": 8.93016610108948e-05,
     "wasted-effort": 7
    },
    "avg_case": {
     "top-1": 0.0,
     "top-5": 0.7153,
     "top-10": 0.7176,
     "top-200": 0.3759,
     "exam": 8.93016610108948e-05,
     "wasted-effort": 7
    },
    "worst_case": {
     "top-1": 0.0,
     "top-5": 0.7235,
     "top-10": 0.7111,
     "top-200": 0.3815,
     "exam": 8.93016610108948e-05,
     "wasted-effort": 7
    }
   },
   "Ochiai": {
    "best_case": {
     "top-1": 0,
     "top-5": 0.6211,
     "top-10": 0.6708,
     "top-200": 0.3759,
     "exam": 0.00010716199321307377,
     "wasted-effort": 8
    },
    "avg_case": {
     "top-1": 0.0,
     "top-5": 0.6189,
     "top-10": 0.673,
     "top-200": 0.3798,
     "exam": 0.00010716199321307377,
     "wasted-effort": 8
    },
    "worst_case": {
     "top-1": 0.0,
     "top-5": 0.6258,
     "top-10": 0.661,
     "top-200": 0.3815,
     "exam": 0.00010716199321307377,
     "wasted-effort": 8
    }
   },
   "DStar": {
    "best_case": {
     "top-1": 0,
     "top-5": 0.6237,
     "top-10": 0.664,
     "top-200": 0.382,
     "exam": 0.00010716199321307377,
     "wasted-effort": 8
    },
    "avg_case": {
     "top-1": 0.0,
     "top-5": 0.6269,
     "top-10": 0.6677,
     "top-200": 0.3737,
     "exam": 0.00010716199321307377,