{
 "ansible_6": {
  "line": {
   "Tarantula": {
    "best_case": {
     "top-1": 1,
     "top-5": 1.0,
     "top-10": 0.937,
     "top-200": 0.9701,
     "exam": 1.3914495425609629e-06,
     "wasted-effort": 1
    },
    "avg_case": {
     "top-1": 0.25,
     "top-5": 0.417775,
     "top-10": 0.355975,
     "top-200": 0.516625,
     "exam": 0.0004090861655129231,
     "wasted-effort": 296
    },
    "worst_case": {
     "top-1": 0.125,
     "top-5": 0.2094125,
     "top-10": 0.1781875,
     "top-200": 0.2574375,
     "exam": 0.5003562110828956,
     "wasted-effort": 718675
    }
   },
   "Ochiai": {
    "best_case": {
     "top-1": 0.1925,
     "top-5": 1,
     "top-10": 0.9343,
     "top-200": 0.917,
     "exam": 3.4786238564024073e-06,
     "wasted-effort": 5
    },
    "avg_case": {
     "top-1": 0.05085,
     "top-5": 0.25,
     "top-10": 0.35895,
     "top-200": 0.357675,
     "exam": 0.0004090861655129231,
     "wasted-effort": 296
    },
    "worst_case": {
     "top-1": 0.0243125,
     "top-5": 0.125,
     "top-10": 0.1788,
     "top-200": 0.179925,
     "exam": 0.5003562110828956,
     "wasted-effort": 718675
    }
   },
   "DStar": {
    "best_case": {
     "top-1": 0.2013,
     "top-5": 1,
     "top-10": 0.7729,
     "top-200": 0.9196,
     "exam": 3.4786238564024073e-06,
     "wasted-effort": 5
    },
    "avg_case": {
     "top-1": 0.051625,
     "top-5": 0.25,
     "top-10": 0.193175,
     "top-200": 0.3567,
     "exam": 0.0004090861655129231,
     "wasted-effort": 296
    },
    "worst_case": {
     "top-1": 0.0249,
     "top-5": 0.125,
     "top-10": 0.0965875,
     "top-200": 0.1799375,
     "exam": 0.5003562110828956,
     "wasted-effort": 718675
    }
   },
   "Naish1": {
    "best_case": {
     "top-1": 0.0,
     "top-5": 0.0,
     "top-10": 0.0,
     "top-200": 0.9512,
     "exam": 0.0004466553031620691,
     "wasted-effort": 512
    },
    "avg_case": {
     "top-1": 0.0,
     "top-5": 0.0,
     "top-10": 0.0,
     "top-200": 0.575675,
     "exam": 0.0004466553031620691,
     "wasted-effort": 512
    },
    "worst_case": {
     "top-1": 0.0,
     "top-5": 0.0,
     "top-10": 0.0,
     "top-200": 0.2937125,
     "exam": 0.5003562110828956,
     "wasted-effort": 718675
    }
   },
   "Naish2": {
    "best_case": {
     "top-1": 0.0,
     "top-5": 0.0,
     "top-10": 0.0,
     "top-200": 0.7422,
     "exam": 0.0001843670643893276,
     "wasted-effort": 135
    },
    "avg_case": {
     "top-1": 0.0,
     "top-5": 0.0,
     "top-10": 0.0,
     "top-200": 0.1868,
     "exam": 0.0004090861655129231,
     "wasted-effort": 296
    },
    "worst_case": {
     "top-1": 0.0,
     "top-5": 0.0,
     "top-10": 0.0,
     "top-200": 0.0933125,
     "exam": 0.5003562110828956,
     "wasted-effort": 718675
    }
   },
   "GP13": {
    "best_case": {
     "top-1": 0.0,
     "top-5": 0.0,
     "top-10": 0.0,
     "top-200": 0.7501,
     "exam": 0.0001843670643893276,
     "wasted-effort": 135
    },
    "avg_case": {
     "top-1": 0.0,
     "top-5": 0.0,
     "top-10": 0.0,
     "top-200": 0.187275,
     "exam": 0.0004090861655129231,
     "wasted-effort": 296
    },
    "worst_case": {
     "top-1": 0.0,
     "top-5": 0.0,
     "top-10": 0.0,
     "top-200": 0.093375,
     "exam": 0.5003562110828956,
     "wasted-effort": 718675
    }
   }
  },
  "line_line": {
   "Tarantula": {
    "best_case": {
     "top-1": 1,
     "top-5": 1.0,
     "top-10": 0.9303,
     "top-200": 0.9964,
     "exam": 1.3914495425609629e-06,
     "wasted-effort": 1
    },
    "avg_case": {
     "top-1": 0.25,
     "top-5": 0.415675,
     "top-10": 0.357675,
     "top-200": 0.787875,
     "exam": 0.0002323720736076808,
     "wasted-effort": 169
    },
    "worst_case": {
     "top-1": 0.125,
     "top-5": 0.2077625,
     "top-10": 0.17785,
     "top-200": 0.4087875,
     "exam": 0.5003562110828956,
     "wasted-effort": 718675
    }
   },
   "Ochiai": {
    "best_case": {
     "top-1": 0.1974,
     "top-5": 1,
     "top-10": 0.9358,
     "top-200": 0.9952,
     "exam": 3.4786238564024073e-06,
     "wasted-effort": 5
    },
    "avg_case": {
     "top-1": 0.0531,
     "top-5": 0.25,
     "top-10": 0.3588,
     "top-200": 0.788625,
     "exam": 0.00024906946811841234,
     "wasted-effort": 181
    },
    "worst_case": {
     "top-1": 0.0245375,
     "top-5": 0.125,
     "top-10": 0.1775875,
     "top-200": 0.412625,
     "exam": 0.5003562110828956,
     "wasted-effort": 718675
    }
   },
   "DStar": {
    "best_case": {
     "top-1": 0.1967,
     "top-5": 1,
     "top-10": 0.7593,
     "top-200": 0.9089,
     "exam": 3.4786238564024073e-06,
     "wasted-effort": 5
    },
    "avg_case": {
     "top-1": 0.050425,
     "top-5": 0.25,
     "top-10": 0.192125,
     "top-200": 0.34325,
     "exam": 0.0004090861655129231,
     "wasted-effort": 296
    },
    "worst_case": {
     "top-1": 0.0249875,
     "top-5": 0.125,
     "top-10": 0.0952375,
     "top-200": 0.172775,
     "exam": 0.5003562110828956,
     "wasted-effort": 718675
    }
   },
   "Naish1": {
    "best_case": {
     "top-1": 0.0,
     "top-5": 0.0,
     "top-10": 0.0,
     "top-200": 0.5829,
     "exam": 0.00024489511949072945,
     "wasted-effort": 337
    },
    "avg_case": {
     "top-1": 0.0,
     "top-5": 0.0,
     "top-10": 0.0,
     "top-200": 0.147525,
     "exam": 0.0004772671930984103,
     "wasted-effort": 349
    },
    "worst_case": {
     "top-1": 0.0,
     "top-5": 0.0,
     "top-10": 0.0,
     "top-200": 0.074225,
     "exam": 0.5003562110828956,
     "wasted-effort": 718675
    }
   },
   "Naish2": {
    "best_case": {
     "top-1": 0.0,
     "top-5": 0.0,
     "top-10": 0.0,
     "top-200": 0.9731,
     "exam": 2.435036699481685e-05,
     "wasted-effort": 20
    },
    "avg_case": {
     "top-1": 0.0,
     "top-5": 0.0,
     "top-10": 0.0,
     "top-200": 0.517,
     "exam": 0.0004090861655129231,
     "wasted-effort": 296
    },
    "worst_case": {
     "top-1": 0.0,
     "top-5": 0.0,
     "top-10": 0.0,
     "top-200": 0.2575375,
     "exam": 0.5003562110828956,
     "wasted-effort": 718675
    }
   },
   "GP13": {
    "best_case": {
     "top-1": 0.0,
     "top-5": 0.0,
     "top-10": 0.0,
     "top-200": 0.9974,
     "exam": 2.435036699481685e-05,
     "wasted-effort": 20
    },
    "avg_case": {
     "top-1": 0.0,
     "top-5": 0.0,
     "top-10": 0.0,
     "top-200": 0.818425,
     "exam": 0.00024628656903329045,
     "wasted-effort": 179
    },
    "worst_case": {
     "top-1": 0.0,
     "top-5": 0.0,
     "top-10": 0.0,
     "top-200": 0.4284125,
     "exam": 0.5003562110828956,
     "wasted-effort": 718675
    }
   }
  },
  "line_defuse": {
   "Tarantula": {
    "best_case": {
     "top-1": 1,
     "top-5": 1.0,
     "top-10": 0.9344,
     "top-200": 0.9958,
     "exam": 1.3914495425609629e-06,
     "wasted-effort": 1
    },
    "avg_case": {
     "top-1": 0.25,
     "top-5": 0.416125,
     "top-10": 0.356475,
     "top-200": 0.7879,
     "exam": 0.00023167634883640033,
     "wasted-effort": 168
    },
    "worst_case": {
     "top-1": 0.125,
     "top-5": 0.2089875,
     "top-10": 0.1783,
     "top-200": 0.410575,
     "exam": 0.5003562110828956,
     "wasted-effort": 718675
    }
   },
   "Ochiai": {
    "best_case": {
     "top-1": 0.1934,
     "top-5": 1,
     "top-10": 0.9336,
     "top-200": 0.9945,
     "exam": 3.4786238564024073e-06,
     "wasted-effort": 5
    },
    "avg_case": {
     "top-1": 0.051975,
     "top-5": 0.25,
     "top-10": 0.3565,
     "top-200": 0.79015,
     "exam": 0.00024837374334713187,
     "wasted-effort": 180
    },
    "worst_case": {
     "top-1": 0.0257,
     "top-5": 0.125,
     "top-10": 0.178625,
     "top-200": 0.4115625,
     "exam": 0.5003562110828956,
     "wasted-effort": 718675
    }
   },
   "DStar": {
    "best_case": {
     "top-1": 0.1969,
     "top-5": 1,
     "top-10": 0.7711,
     "top-200": 0.9019,
     "exam": 3.4786238564024073e-06,
     "wasted-effort": 5
    },
    "avg_case": {
     "top-1": 0.05115,
     "top-5": 0.25,