{
 "ansible_3": {
  "line": {
   "Tarantula": {
    "best_case": {
     "top-1": 0,
     "top-5": 0.0,
     "top-10": 0.0,
     "top-200": 0.1604,
     "exam": 0.0003219920575292476,
     "wasted-effort": 19
    },
    "avg_case": {
     "top-1": 0.0,
     "top-5": 0.0,
     "top-10": 0.0,
     "top-200": 0.1638,
     "exam": 0.0003219920575292476,
     "wasted-effort": 19
    },
    "worst_case": {
     "top-1": 0.0,
     "top-5": 0.0,
     "top-10": 0.0,
     "top-200": 0.1608,
     "exam": 0.0003219920575292476,
     "wasted-effort": 19
    }
   },
   "Ochiai": {
    "best_case": {
     "top-1": 0,
     "top-5": 0.0,
     "top-10": 0.0,
     "top-200": 0.1579,
     "exam": 0.0003219920575292476,
     "wasted-effort": 19
    },
    "avg_case": {
     "top-1": 0.0,
     "top-5": 0.0,
     "top-10": 0.0,
     "top-200": 0.1534,
     "exam": 0.0003219920575292476,
     "wasted-effort": 19
    },
    "worst_case": {
     "top-1": 0.0,
     "top-5": 0.0,
     "top-10": 0.0,
     "top-200": 0.1595,
     "exam": 0.0003219920575292476,
     "wasted-effort": 19
    }
   },
   "DStar": {
    "best_case": {
     "top-1": 0.0,
     "top-5": 0,
     "top-10": 0.0,
     "top-200": 0.1602,
     "exam": 0.0003041036098887339,
     "wasted-effort": 18
    },
    "avg_case": {
     "top-1": 0.0,
     "top-5": 0.0,
     "top-10": 0.0,
     "top-200": 0.1593,
     "exam": 0.0003041036098887339,
     "wasted-effort": 18
    },
    "worst_case": {
     "top-1": 0.0,
     "top-5": 0.0,
     "top-10": 0.0,
     "top-200": 0.1559,
     "exam": 0.0003041036098887339,
     "wasted-effort": 18
    }
   },
   "Naish1": {
    "best_case": {
     "top-1": 0,
     "top-5": 0.0,
     "top-10": 0.0,
     "top-200": 0.163,
     "exam": 0.0003219920575292476,
     "wasted-effort": 19
    },
    "avg_case": {
     "top-1": 0.0,
     "top-5": 0.0,
     "top-10": 0.0,
     "top-200": 0.1608,
     "exam": 0.0003219920575292476,
     "wasted-effort": 19
    },
    "worst_case": {
     "top-1": 0.0,
     "top-5": 0.0,
     "top-10": 0.0,
     "top-200": 0.1567,
     "exam": 0.0003219920575292476,
     "wasted-effort": 19
    }
   },
   "Naish2": {
    "best_case": {
     "top-1": 0,
     "top-5": 0.0,
     "top-10": 0.0,
     "top-200": 0.1574,
     "exam": 0.0003219920575292476,
     "wasted-effort": 19
    },
    "avg_case": {
     "top-1": 0.0,
     "top-5": 0.0,
     "top-10": 0.0,
     "top-200": 0.1614,
     "exam": 0.0003219920575292476,
     "wasted-effort": 19
    },
    "worst_case": {
     "top-1": 0.0,
     "top-5": 0.0,
     "top-10": 0.0,
     "top-200": 0.1595,
     "exam": 0.0003219920575292476,
     "wasted-effort": 19
    }
   },
   "GP13": {
    "best_case": {
     "top-1": 0,
     "top-5": 0.0,
     "top-10": 0.0,
     "top-200": 0.1531,
     "exam": 0.0003219920575292476,
     "wasted-effort": 19
    },
    "avg_case": {
     "top-1": 0.0,
     "top-5": 0.0,
     "top-10": 0.0,
     "top-200": 0.152,
     "exam": 0.0003219920575292476,
     "wasted-effort": 19
    },
    "worst_case": {
     "top-1": 0.0,
     "top-5": 0.0,
     "top-10": 0.0,
     "top-200": 0.1583,
     "exam": 0.0003219920575292476,
     "wasted-effort": 19
    }
   }
  },
  "line_line": {
   "Tarantula": {
    "best_case": {
     "top-1": 0.0,
     "top-5": 0.0,
     "top-10": 0.0,
     "top-200": 0.5903,
     "exam": 0.0003219920575292476,
     "wasted-effort": 19
    },
    "avg_case": {
     "top-1": 0.0,
     "top-5": 0.0,
     "top-10": 0.0,
     "top-200": 0.5899,
     "exam": 0.0003219920575292476,
     "wasted-effort": 19
    },
    "worst_case": {
     "top-1": 0.0,
     "top-5": 0.0,
     "top-10": 0.0,
     "top-200": 0.5884,
     "exam": 0.0003219920575292476,
     "wasted-effort": 19
    }
   },
   "Ochiai": {
    "best_case": {
     "top-1": 0,
     "top-5": 0.0,
     "top-10": 0.0,
     "top-200": 0.5902,
     "exam": 0.0003219920575292476,
     "wasted-effort": 19
    },
    "avg_case": {
     "top-1": 0.0,
     "top-5": 0.0,
     "top-10": 0.0,
     "top-200": 0.5925,
     "exam": 0.0003219920575292476,
     "wasted-effort": 19
    },
    "worst_case": {
     "top-1": 0.0,
     "top-5": 0.0,
     "top-10": 0.0,
     "top-200": 0.5926,
     "exam": 0.0003219920575292476,
     "wasted-effort": 19
    }
   },
   "DStar": {
    "best_case": {
     "top-1": 0.0,
     "top-5": 0,
     "top-10": 0.0,
     "top-200": 0.5874,
     "exam": 0.0003041036098887339,
     "wasted-effort": 18
    },
    "avg_case": {
     "top-1": 0.0,
     "top-5": 0.0,
     "top-10": 0.0,
     "top-200": 0.5925,
     "exam": 0.0003041036098887339,
     "wasted-effort": 18
    },
    "worst_case": {
     "top-1": 0.0,
     "top-5": 0.0,
     "top-10": 0.0,
     "top-200": 0.5934,
     "exam": 0.0003041036098887339,
     "wasted-effort": 18
    }
   },
   "Naish1": {
    "best_case": {
     "top-1": 0.0,
     "top-5": 0.0,
     "top-10": 0.0,
     "top-200": 0.1432,
     "exam": 0.0003219920575292476,
     "wasted-effort": 19
    },
    "avg_case": {
     "top-1": 0.0,
     "top-5": 0.0,
     "top-10": 0.0,
     "top-200": 0.1464,
     "exam": 0.0003219920575292476,
     "wasted-effort": 19
    },
    "worst_case": {
     "top-1": 0.0,
     "top-5": 0.0,
     "top-10": 0.0,
     "top-200": 0.1412,
     "exam": 0.0003219920575292476,
     "wasted-effort": 19
    }
   },
   "Naish2": {
    "best_case": {
     "top-1": 0.0,
     "top-5": 0.0,
     "top-10": 0.0,
     "top-200": 0.6014,
     "exam": 0.0003219920575292476,
     "wasted-effort": 19
    },
    "avg_case": {
     "top-1": 0.0,
     "top-5": 0.0,
     "top-10": 0.0,
     "top-200": 0.5984,
     "exam": 0.0003219920575292476,
     "wasted-effort": 19
    },
    "worst_case": {
     "top-1": 0.0,
     "top-5": 0.0,
     "top-10": 0.0,
     "top-200": 0.5915,
     "exam": 0.0003219920575292476,
     "wasted-effort": 19
    }
   },
   "GP13": {
    "best_case": {
     "top-1": 0,
     "top-5": 0.0,
     "top-10": 0.0,
     "top-200": 0.5885,
     "exam": 0.0009480877249472291,
     "wasted-effort": 54
    },
    "avg_case": {
     "top-1": 0.0,
     "top-5": 0.0,
     "top-10": 0.0,
     "top-200": 0.5892,
     "exam": 0.0009480877249472291,
     "wasted-effort": 54
    },
    "worst_case": {
     "top-1": 0.0,
     "top-5": 0.0,
     "top-10": 0.0,
     "top-200": 0.5994,
     "exam": 0.0009480877249472291,
     "wasted-effort": 54
    }
   }
  },
  "line_defuse": {
   "Tarantula": {
    "best_case": {
     "top-1": 0.0,
     "top-5": 0.0,
     "top-10": 0.0,
     "top-200": 0.6004,
     "exam": 0.0004114342957318164,
     "wasted-effort": 24
    },
    "avg_case": {
     "top-1": 0.0,
     "top-5": 0.0,
     "top-10": 0.0,
     "top-200": 0.5886,
     "exam": 0.0004114342957318164,
     "wasted-effort": 24
    },
    "worst_case": {
     "top-1": 0.0,
     "top-5": 0.0,
     "top-10": 0.0,
     "top-200": 0.6008,
     "exam": 0.0004114342957318164,
     "wasted-effort": 24
    }
   },
   "Ochiai": {
    "best_case": {
     "top-1": 0,
     "top-5": 0.0,
     "top-10": 0.0,
     "top-200": 0.585,
     "exam": 0.0003219920575292476,
     "wasted-effort": 19
    },
    "avg_case": {
     "top-1": 0.0,
     "top-5": 0.0,
     "top-10": 0.0,
     "top-200": 0.5916,
     "exam": 0.0003219920575292476,
     "wasted-effort": 19
    },
    "worst_case": {
     "top-1": 0.0,
     "top-5": 0.0,
     "top-10": 0.0,
     "top-200": 0.6008,
     "exam": 0.0003219920575292476,
     "wasted-effort": 19
    }
   },
   "DStar": {
    "best_case": {
     "top-1": 0.0,
     "top-5": 0,
     "top-10": 0.0,
     "top-200": 0.5987,
     "exam": 0.0003041036098887339,
     "wasted-effort": 18
    },
    "avg_case": {
     "top-1": 0.0,
     "top-5": 0.0,
     "top-10": 0.0,
     "top-200": 0.5889,
     "exam": 0.0003041036098887339,
     "wasted-effort": 18
    },
    "worst_case": {
     "top-1": 0.0,
     "top-5": 0.0,
     "top-10": 0.0,
     "top-200": 0.5912,
     "exam": 0.0003041036098887339,
     "wasted-effort": 18
    }
   },