{
 "ansible_12": {
  "line": {
   "Tarantula": {
    "best_case": {
     "top-5": 0.873,
     "top-10": 1.0,
     "top-200": 1.0,
     "exam": 7.697539866258744e-06,
     "wasted-effort": 11
    },
    "avg_case": {
     "top-5": 0.7383333333333306,
     "top-10": 1.0,
     "top-200": 1.0,
     "exam": 7.697539866258744e-06,
     "wasted-effort": 11
    },
    "worst_case": {
     "top-5": 0.46266666666666606,
     "top-10": 0.9096666666666631,
     "top-200": 0.9753333333333319,
     "exam": 7.697539866258744e-06,
     "wasted-effort": 11
    }
   },
   "Ochiai": {
    "best_case": {
     "top-5": 0.855,
     "top-10": 1.0,
     "top-200": 1.0,
     "exam": 7.697539866258744e-06,
     "wasted-effort": 11
    },
    "avg_case": {
     "top-5": 0.7393333333333296,
     "top-10": 1.0,
     "top-200": 1.0,
     "exam": 7.697539866258744e-06,
     "wasted-effort": 11
    },
    "worst_case": {
     "top-5": 0.4439999999999995,
     "top-10": 0.908333333333329,
     "top-200": 0.9786666666666658,
     "exam": 7.697539866258744e-06,
     "wasted-effort": 11
    }
   },
   "DStar": {
    "best_case": {
     "top-5": 0.0,
     "top-10": 0.0,
     "top-200": 0.0,
     "exam": 0.000682981719042594,
     "wasted-effort": 764
    },
    "avg_case": {
     "top-5": 0.0,
     "top-10": 0.0,
     "top-200": 0.0,
     "exam": 0.000682981719042594,
     "wasted-effort": 764
    },
    "worst_case": {
     "top-5": 0.0,
     "top-10": 0.0,
     "top-200": 0.0,
     "exam": 0.000682981719042594,
     "wasted-effort": 764
    }
   }
  },
  "line_line": {
   "Tarantula": {
    "best_case": {
     "top-5": 1,
     "top-10": 1.0,
     "top-200": 1.0,
     "exam": 3.498881757390338e-06,
     "wasted-effort": 5
    },
    "avg_case": {
     "top-5": 0.6666666666666666,
     "top-10": 1.0,
     "top-200": 0.999,
     "exam": 3.498881757390338e-06,
     "wasted-effort": 5
    },
    "worst_case": {
     "top-5": 0.3333333333333333,
     "top-10": 0.915666666666663,
     "top-200": 0.9483333333333315,
     "exam": 1.1196421623649082e-05,
     "wasted-effort": 11
    }
   },
   "Ochiai": {
    "best_case": {
     "top-5": 1,
     "top-10": 1.0,
     "top-200": 1.0,
     "exam": 3.498881757390338e-06,
     "wasted-effort": 5
    },
    "avg_case": {
     "top-5": 0.6666666666666666,
     "top-10": 1.0,
     "top-200": 0.9966666666666666,
     "exam": 3.498881757390338e-06,
     "wasted-effort": 5
    },
    "worst_case": {
     "top-5": 0.3333333333333333,
     "top-10": 0.9099999999999965,
     "top-200": 0.9499999999999982,
     "exam": 1.1196421623649082e-05,
     "wasted-effort": 11
    }
   },
   "DStar": {
    "best_case": {
     "top-5": 0.0,
     "top-10": 0.0,
     "top-200": 0,
     "exam": 0.000682981719042594,
     "wasted-effort": 764
    },
    "avg_case": {
     "top-5": 0.0,
     "top-10": 0.0,
     "top-200": 0.0,
     "exam": 0.000682981719042594,
     "wasted-effort": 764
    },
    "worst_case": {
     "top-5": 0.0,
     "top-10": 0.0,
     "top-200": 0.0,
     "exam": 0.000682981719042594,
     "wasted-effort": 764
    }
   }
  },
  "line_defuse": {
   "Tarantula": {
    "best_case": {
     "top-5": 1,
     "top-10": 1.0,
     "top-200": 1.0,
     "exam": 3.498881757390338e-06,
     "wasted-effort": 5
    },
    "avg_case": {
     "top-5": 0.6666666666666666,
     "top-10": 1.0,
     "top-200": 0.996,
     "exam": 3.498881757390338e-06,
     "wasted-effort": 5
    },
    "worst_case": {
     "top-5": 0.3333333333333333,
     "top-10": 0.8999999999999965,
     "top-200": 0.9516666666666647,
     "exam": 1.1196421623649082e-05,
     "wasted-effort": 11
    }
   },
   "Ochiai": {
    "best_case": {
     "top-5": 1,
     "top-10": 1.0,
     "top-200": 1.0,
     "exam": 3.498881757390338e-06,
     "wasted-effort": 5
    },
    "avg_case": {
     "top-5": 0.6666666666666666,
     "top-10": 1.0,
     "top-200": 0.998,
     "exam": 3.498881757390338e-06,
     "wasted-effort": 5
    },
    "worst_case": {
     "top-5": 0.3333333333333333,
     "top-10": 0.903999999999996,
     "top-200": 0.9429999999999983,
     "exam": 1.1196421623649082e-05,
     "wasted-effort": 11
    }
   },
   "DStar": {
    "best_case": {
     "top-5": 0.0,
     "top-10": 0.0,
     "top-200": 0,
     "exam": 0.000682981719042594,
     "wasted-effort": 764
    },
    "avg_case": {
     "top-5": 0.0,
     "top-10": 0.0,
     "top-200": 0.0,
     "exam": 0.000682981719042594,
     "wasted-effort": 764
    },
    "worst_case": {
     "top-5": 0.0,
     "top-10": 0.0,
     "top-200": 0.0,
     "exam": 0.000682981719042594,
     "wasted-effort": 764
    }
   }
  },
  "line_defuses": {
   "Tarantula": {
    "best_case": {
     "top-5": 1,
     "top-10": 1.0,
     "top-200": 1.0,
     "exam": 3.498881757390338e-06,
     "wasted-effort": 5
    },
    "avg_case": {
     "top-5": 0.6666666666666666,
     "top-10": 1.0,
     "top-200": 0.9959999999999999,
     "exam": 3.498881757390338e-06,
     "wasted-effort": 5
    },
    "worst_case": {
     "top-5": 0.3333333333333333,
     "top-10": 0.9073333333333293,
     "top-200": 0.9459999999999984,
     "exam": 1.1196421623649082e-05,
     "wasted-effort": 11
    }
   },
   "Ochiai": {
    "best_case": {
     "top-5": 1,
     "top-10": 1.0,
     "top-200": 1.0,
     "exam": 3.498881757390338e-06,
     "wasted-effort": 5
    },
    "avg_case": {
     "top-5": 0.6666666666666666,
     "top-10": 1.0,
     "top-200": 0.9966666666666667,
     "exam": 3.498881757390338e-06,
     "wasted-effort": 5
    },
    "worst_case": {
     "top-5": 0.3333333333333333,
     "top-10": 0.90633333333333,
     "top-200": 0.9439999999999986,
     "exam": 1.1196421623649082e-05,
     "wasted-effort": 11
    }
   },
   "DStar": {
    "best_case": {
     "top-5": 0.0,
     "top-10": 0.0,
     "top-200": 0,
     "exam": 0.000682981719042594,
     "wasted-effort": 764
    },
    "avg_case": {
     "top-5": 0.0,
     "top-10": 0.0,
     "top-200": 0.0,
     "exam": 0.000682981719042594,
     "wasted-effort": 764
    },
    "worst_case": {
     "top-5": 0.0,
     "top-10": 0.0,
     "top-200": 0.0,
     "exam": 0.000682981719042594,
     "wasted-effort": 764
    }
   }
  },
  "line_assert_use": {
   "Tarantula": {
    "best_case": {
     "top-5": 1,
     "top-10": 1.0,
     "top-200": 1.0,
     "exam": 3.498881757390338e-06,
     "wasted-effort": 5
    },
    "avg_case": {
     "top-5": 0.6666666666666666,
     "top-10": 1.0,
     "top-200": 0.9969999999999998,
     "exam": 3.498881757390338e-06,
     "wasted-effort": 5
    },
    "worst_case": {
     "top-5": 0.3333333333333333,
     "top-10": 0.900666666666663,
     "top-200": 0.949999999999998,
     "exam": 1.1196421623649082e-05,
     "wasted-effort": 11
    }
   },
   "Ochiai": {
    "best_case": {
     "top-5": 1,
     "top-10": 1.0,
     "top-200": 1.0,
     "exam": 3.498881757390338e-06,
     "wasted-effort": 5
    },
    "avg_case": {
     "top-5": 0.6666666666666666,
     "top-10": 1.0,
     "top-200": 0.9963333333333333,
     "exam": 3.498881757390338e-06,
     "wasted-effort": 5
    },
    "worst_case": {
     "top-5": 0.3333333333333333,
     "top-10": 0.9143333333333296,
     "top-200": 0.9439999999999978,
     "exam": 1.1196421623649082e-05,
     "wasted-effort": 11
    }
   },
   "DStar": {
    "best_case": {
     "top-5": 0.0,
     "top-10": 0.0,
     "top-200": 0,
     "exam": 0.000682981719042594,
     "wasted-effort": 764
    },
    "avg_case": {
     "top-5": 0.0,
     "top-10": 0.0,
     "top-200": 0.0,
     "exam": 0.000682981719042594,
     "wasted-effort": 764
    },
    "worst_case": {
     "top-5": 0.0,
     "top-10": 0.0,
     "top-200": 0.0,
     "exam": 0.000682981719042594,
     "wasted-effort": 764
    }
   }
  },
  "line_assert_uses": {
   "Tarantula": {
    "best_case": {
     "top-5": 1,
     "top-10": 1.0,
     "top-200": 1.0,
     "exam": 3.498881757390338e-06,
     "wasted-effort": 5
    },
    "avg_case": {
     "top-5": 0.6666666666666666,
     "top-10": 1.0,
     "top-200": 0.9976666666666665,