{
 "ansible_1": {
  "line": {
   "Tarantula": {
    "best_case": {
     "top-5": 0.606,
     "top-10": 0.681,
     "top-200": 0.373,
     "exam": 0.00010716199321307377,
     "wasted-effort": 8
    },
    "avg_case": {
     "top-5": 0.638,
     "top-10": 0.667,
     "top-200": 0.348,
     "exam": 0.00010716199321307377,
     "wasted-effort": 8
    },
    "worst_case": {
     "top-5": 0.62,
     "top-10": 0.671,
     "top-200": 0.411,
     "exam": 0.00010716199321307377,
     "wasted-effort": 8
    }
   },
   "Ochiai": {
    "best_case": {
     "top-5": 0.628,
     "top-10": 0.706,
     "top-200": 0.404,
     "exam": 0.00010716199321307377,
     "wasted-effort": 8
    },
    "avg_case": {
     "top-5": 0.627,
     "top-10": 0.632,
     "top-200": 0.377,
     "exam": 0.00010716199321307377,
     "wasted-effort": 8
    },
    "worst_case": {
     "top-5": 0.609,
     "top-10": 0.661,
     "top-200": 0.379,
     "exam": 0.00010716199321307377,
     "wasted-effort": 8
    }
   },
   "DStar": {
    "best_case": {
     "top-5": 0.63,
     "top-10": 0.652,
     "top-200": 0.392,
     "exam": 0.00010716199321307377,
     "wasted-effort": 8
    },
    "avg_case": {
     "top-5": 0.611,
     "top-10": 0.681,
     "top-200": 0.377,
     "exam": 0.00010716199321307377,
     "wasted-effort": 8
    },
    "worst_case": {
     "top-5": 0.651,
     "top-10": 0.664,
     "top-200": 0.371,
     "exam": 0.00010716199321307377,
     "wasted-effort": 8
    }
   }
  },
  "line_line": {
   "Tarantula": {
    "best_case": {
     "top-5": 0.681,
     "top-10": 0.696,
     "top-200": 0.392,
     "exam": 8.93016610108948e-05,
     "wasted-effort": 7
    },
    "avg_case": {
     "top-5": 0.718,
     "top-10": 0.718,
     "top-200": 0.369,
     "exam": 8.93016610108948e-05,
     "wasted-effort": 7
    },
    "worst_case": {
     "top-5": 0.725,
     "top-10": 0.728,
     "top-200": 0.395,
     "exam": 8.93016610108948e-05,
     "wasted-effort": 7
    }
   },
   "Ochiai": {
    "best_case": {
     "top-5": 0.626,
     "top-10": 0.668,
     "top-200": 0.383,
     "exam": 0.00010716199321307377,
     "wasted-effort": 8
    },
    "avg_case": {
     "top-5": 0.602,
     "top-10": 0.645,
     "top-200": 0.363,
     "exam": 0.00010716199321307377,
     "wasted-effort": 8
    },
    "worst_case": {
     "top-5": 0.623,
     "top-10": 0.66,
     "top-200": 0.353,
     "exam": 0.00010716199321307377,
     "wasted-effort": 8
    }
   },
   "DStar": {
    "best_case": {
     "top-5": 0.615,
     "top-10": 0.657,
     "top-200": 0.378,
     "exam": 0.00010716199321307377,
     "wasted-effort": 8
    },
    "avg_case": {
     "top-5": 0.614,
     "top-10": 0.654,
     "top-200": 0.37,
     "exam": 0.00010716199321307377,
     "wasted-effort": 8
    },
    "worst_case": {
     "top-5": 0.61,
     "top-10": 0.686,
     "top-200": 0.378,
     "exam": 0.00010716199321307377,
     "wasted-effort": 8
    }
   }
  },
  "line_defuse": {
   "Tarantula": {
    "best_case": {
     "top-5": 0.729,
     "top-10": 0.715,
     "top-200": 0.381,
     "exam": 8.93016610108948e-05,
     "wasted-effort": 7
    },
    "avg_case": {
     "top-5": 0.718,
     "top-10": 0.71,
     "top-200": 0.392,
     "exam": 8.93016610108948e-05,
     "wasted-effort": 7
    },
    "worst_case": {
     "top-5": 0.702,
     "top-10": 0.719,
     "top-200": 0.388,
     "exam": 8.93016610108948e-05,
     "wasted-effort": 7
    }
   },
   "Ochiai": {
    "best_case": {
     "top-5": 0.654,
     "top-10": 0.643,
     "top-200": 0.395,
     "exam": 0.00010716199321307377,
     "wasted-effort": 8
    },
    "avg_case": {
     "top-5": 0.603,
     "top-10": 0.645,
     "top-200": 0.38,
     "exam": 0.00010716199321307377,
     "wasted-effort": 8
    },
    "worst_case": {
     "top-5": 0.624,
     "top-10": 0.669,
     "top-200": 0.4,
     "exam": 0.00010716199321307377,
     "wasted-effort": 8
    }
   },
   "DStar": {
    "best_case": {
     "top-5": 0.617,
     "top-10": 0.641,
     "top-200": 0.365,
     "exam": 0.00010716199321307377,
     "wasted-effort": 8
    },
    "avg_case": {
     "top-5": 0.619,
     "top-10": 0.657,
     "top-200": 0.404,
     "exam": 0.00010716199321307377,
     "wasted-effort": 8
    },
    "worst_case": {
     "top-5": 0.624,
     "top-10": 0.664,
     "top-200": 0.374,
     "exam": 0.00010716199321307377,
     "wasted-effort": 8
    }
   }
  },
  "line_defuses": {
   "Tarantula": {
    "best_case": {
     "top-5": 0.715,
     "top-10": 0.652,
     "top-200": 0.367,
     "exam": 8.93016610108948e-05,
     "wasted-effort": 7
    },
    "avg_case": {
     "top-5": 0.705,
     "top-10": 0.647,
     "top-200": 0.363,
     "exam": 8.93016610108948e-05,
     "wasted-effort": 7
    },
    "worst_case": {
     "top-5": 0.701,
     "top-10": 0.664,
     "top-200": 0.4,
     "exam": 8.93016610108948e-05,
     "wasted-effort": 7
    }
   },
   "Ochiai": {
    "best_case": {
     "top-5": 0.611,
     "top-10": 0.685,
     "top-200": 0.386,
     "exam": 0.00010716199321307377,
     "wasted-effort": 8
    },
    "avg_case": {
     "top-5": 0.638,
     "top-10": 0.664,
     "top-200": 0.371,
     "exam": 0.00010716199321307377,
     "wasted-effort": 8
    },
    "worst_case": {
     "top-5": 0.612,
     "top-10": 0.661,
     "top-200": 0.383,
     "exam": 0.00010716199321307377,
     "wasted-effort": 8
    }
   },
   "DStar": {
    "best_case": {
     "top-5": 0.617,
     "top-10": 0.656,
     "top-200": 0.381,
     "exam": 0.00010716199321307377,
     "wasted-effort": 8
    },
    "avg_case": {
     "top-5": 0.616,
     "top-10": 0.652,
     "top-200": 0.358,
     "exam": 0.00010716199321307377,
     "wasted-effort": 8
    },
    "worst_case": {
     "top-5": 0.599,
     "top-10": 0.644,
     "top-200": 0.374,
     "exam": 0.00010716199321307377,
     "wasted-effort": 8
    }
   }
  },
  "line_assert_use": {
   "Tarantula": {
    "best_case": {
     "top-5": 0.724,
     "top-10": 0.719,
     "top-200": 0.357,
     "exam": 8.93016610108948e-05,
     "wasted-effort": 7
    },
    "avg_case": {
     "top-5": 0.736,
     "top-10": 0.723,
     "top-200": 0.374,
     "exam": 8.93016610108948e-05,
     "wasted-effort": 7
    },
    "worst_case": {
     "top-5": 0.732,
     "top-10": 0.718,
     "top-200": 0.38,
     "exam": 8.93016610108948e-05,
     "wasted-effort": 7
    }
   },
   "Ochiai": {
    "best_case": {
     "top-5": 0.619,
     "top-10": 0.655,
     "top-200": 0.366,
     "exam": 0.00010716199321307377,
     "wasted-effort": 8
    },
    "avg_case": {
     "top-5": 0.616,
     "top-10": 0.677,
     "top-200": 0.382,
     "exam": 0.00010716199321307377,
     "wasted-effort": 8
    },
    "worst_case": {
     "top-5": 0.62,
     "top-10": 0.669,
     "top-200": 0.381,
     "exam": 0.00010716199321307377,
     "wasted-effort": 8
    }
   },
   "DStar": {
    "best_case": {
     "top-5": 0.64,
     "top-10": 0.685,
     "top-200": 0.388,
     "exam": 0.00010716199321307377,
     "wasted-effort": 8
    },
    "avg_case": {
     "top-5": 0.621,
     "top-10": 0.668,
     "top-200": 0.361,
     "exam": 0.00010716199321307377,
     "wasted-effort": 8
    },
    "worst_case": {
     "top-5": 0.601,
     "top-10": 0.655,
     "top-200": 0.349,
     "exam": 0.00010716199321307377,
     "wasted-effort": 8
    }
   }
  },
  "line_assert_uses": {
   "Tarantula": {
    "best_case": {
     "top-5": 0.716,
     "top-10": 0.678,
     "top-200": 0.371,
     "exam": 8.93016610108948e-05,
     "wasted-effort": 7
    },
    "avg_case": {
     "top-5": 0.697,
     "top-10": 0.675,
     "top-200": 0.335,
     "exam": 8.93016610108948e-05,
     "wasted-effort": 7
    },
    "worst_case": {
     "top-5": 0.723,
     "top-10": 0.681,
     "top-200": 0.368,
     "exam": 8.93016610108948e-05,
     "wasted-effort": 7
    }
   },
   "Ochiai": {
    "best_case": {
     "top-5": 0.642,
     "top-10": 0.702,
     "top-200": 0.36,
     "exam": 0.00010716199321307377,
     "wasted-effort": 8
    },
    "avg_case": {
     "top-5": 0.599,