{
 "ansible_17": {
  "line": {
   "Tarantula": {
    "best_case": {
     "top-5": 0.111,
     "top-10": 0.199,
     "top-200": 0.219,
     "exam": 3.933885040639441e-05,
     "wasted-effort": 49
    },
    "avg_case": {
     "top-5": 0.06999999999999994,
     "top-10": 0.13400000000000026,
     "top-200": 0.1380000000000002,
     "exam": 3.933885040639441e-05,
     "wasted-effort": 49
    },
    "worst_case": {
     "top-5": 0.03866666666666666,
     "top-10": 0.06700000000000013,
     "top-200": 0.06433333333333349,
     "exam": 0.5008221016901254,
     "wasted-effort": 622794
    }
   },
   "Ochiai": {
    "best_case": {
     "top-5": 0.097,
     "top-10": 0.201,
     "top-200": 0.194,
     "exam": 3.933885040639441e-05,
     "wasted-effort": 49
    },
    "avg_case": {
     "top-5": 0.05933333333333326,
     "top-10": 0.12533333333333366,
     "top-200": 0.15000000000000002,
     "exam": 3.933885040639441e-05,
     "wasted-effort": 49
    },
    "worst_case": {
     "top-5": 0.03866666666666666,
     "top-10": 0.06733333333333345,
     "top-200": 0.06966666666666675,
     "exam": 0.5008221016901254,
     "wasted-effort": 622794
    }
   },
   "DStar": {
    "best_case": {
     "top-5": 0.0,
     "top-10": 0.0,
     "top-200": 0.0,
     "exam": 0.001566328513119908,
     "wasted-effort": 1024
    },
    "avg_case": {
     "top-5": 0.0,
     "top-10": 0.0,
     "top-200": 0.0,
     "exam": 0.001566328513119908,
     "wasted-effort": 1024
    },
    "worst_case": {
     "top-5": 0.0,
     "top-10": 0.0,
     "top-200": 0.0,
     "exam": 0.5008221016901254,
     "wasted-effort": 622794
    }
   }
  },
  "line_line": {
   "Tarantula": {
    "best_case": {
     "top-5": 0.117,
     "top-10": 0.199,
     "top-200": 0.335,
     "exam": 3.933885040639441e-05,
     "wasted-effort": 49
    },
    "avg_case": {
     "top-5": 0.07199999999999995,
     "top-10": 0.1393333333333335,
     "top-200": 0.22399999999999898,
     "exam": 3.933885040639441e-05,
     "wasted-effort": 49
    },
    "worst_case": {
     "top-5": 0.02799999999999997,
     "top-10": 0.06700000000000013,
     "top-200": 0.11899999999999938,
     "exam": 0.5008221016901254,
     "wasted-effort": 622794
    }
   },
   "Ochiai": {
    "best_case": {
     "top-5": 0.103,
     "top-10": 0.204,
     "top-200": 0.35,
     "exam": 3.933885040639441e-05,
     "wasted-effort": 49
    },
    "avg_case": {
     "top-5": 0.0639999999999999,
     "top-10": 0.13866666666666685,
     "top-200": 0.22266666666666565,
     "exam": 3.933885040639441e-05,
     "wasted-effort": 49
    },
    "worst_case": {
     "top-5": 0.03833333333333333,
     "top-10": 0.07000000000000009,
     "top-200": 0.11199999999999949,
     "exam": 0.5008221016901254,
     "wasted-effort": 622794
    }
   },
   "DStar": {
    "best_case": {
     "top-5": 0.0,
     "top-10": 0.0,
     "top-200": 0.0,
     "exam": 0.001566328513119908,
     "wasted-effort": 1024
    },
    "avg_case": {
     "top-5": 0.0,
     "top-10": 0.0,
     "top-200": 0.0,
     "exam": 0.001566328513119908,
     "wasted-effort": 1024
    },
    "worst_case": {
     "top-5": 0.0,
     "top-10": 0.0,
     "top-200": 0.0,
     "exam": 0.5008221016901254,
     "wasted-effort": 622794
    }
   }
  },
  "line_defuse": {
   "Tarantula": {
    "best_case": {
     "top-5": 0.107,
     "top-10": 0.202,
     "top-200": 0.329,
     "exam": 3.933885040639441e-05,
     "wasted-effort": 49
    },
    "avg_case": {
     "top-5": 0.06666666666666658,
     "top-10": 0.13133333333333364,
     "top-200": 0.21999999999999903,
     "exam": 3.933885040639441e-05,
     "wasted-effort": 49
    },
    "worst_case": {
     "top-5": 0.030999999999999958,
     "top-10": 0.06833333333333344,
     "top-200": 0.11199999999999949,
     "exam": 0.5008221016901254,
     "wasted-effort": 622794
    }
   },
   "Ochiai": {
    "best_case": {
     "top-5": 0.13,
     "top-10": 0.185,
     "top-200": 0.339,
     "exam": 3.933885040639441e-05,
     "wasted-effort": 49
    },
    "avg_case": {
     "top-5": 0.06933333333333327,
     "top-10": 0.13733333333333353,
     "top-200": 0.21599999999999908,
     "exam": 3.933885040639441e-05,
     "wasted-effort": 49
    },
    "worst_case": {
     "top-5": 0.03333333333333329,
     "top-10": 0.07200000000000005,
     "top-200": 0.11733333333333275,
     "exam": 0.5008221016901254,
     "wasted-effort": 622794
    }
   },
   "DStar": {
    "best_case": {
     "top-5": 0.0,
     "top-10": 0.0,
     "top-200": 0.0,
     "exam": 0.001566328513119908,
     "wasted-effort": 1024
    },
    "avg_case": {
     "top-5": 0.0,
     "top-10": 0.0,
     "top-200": 0.0,
     "exam": 0.001566328513119908,
     "wasted-effort": 1024
    },
    "worst_case": {
     "top-5": 0.0,
     "top-10": 0.0,
     "top-200": 0.0,
     "exam": 0.5008221016901254,
     "wasted-effort": 622794
    }
   }
  },
  "line_defuses": {
   "Tarantula": {
    "best_case": {
     "top-5": 0.089,
     "top-10": 0.183,
     "top-200": 0.349,
     "exam": 3.933885040639441e-05,
     "wasted-effort": 49
    },
    "avg_case": {
     "top-5": 0.06533333333333324,
     "top-10": 0.1200000000000003,
     "top-200": 0.2439999999999987,
     "exam": 3.933885040639441e-05,
     "wasted-effort": 49
    },
    "worst_case": {
     "top-5": 0.03199999999999995,
     "top-10": 0.07066666666666674,
     "top-200": 0.10566666666666624,
     "exam": 0.5008221016901254,
     "wasted-effort": 622794
    }
   },
   "Ochiai": {
    "best_case": {
     "top-5": 0.091,
     "top-10": 0.195,
     "top-200": 0.349,
     "exam": 3.933885040639441e-05,
     "wasted-effort": 49
    },
    "avg_case": {
     "top-5": 0.07066666666666661,
     "top-10": 0.1333333333333336,
     "top-200": 0.22399999999999898,
     "exam": 3.933885040639441e-05,
     "wasted-effort": 49
    },
    "worst_case": {
     "top-5": 0.028999999999999963,
     "top-10": 0.0713333333333334,
     "top-200": 0.10566666666666624,
     "exam": 0.5008221016901254,
     "wasted-effort": 622794
    }
   },
   "DStar": {
    "best_case": {
     "top-5": 0.0,
     "top-10": 0.0,
     "top-200": 0.0,
     "exam": 0.001566328513119908,
     "wasted-effort": 1024
    },
    "avg_case": {
     "top-5": 0.0,
     "top-10": 0.0,
     "top-200": 0.0,
     "exam": 0.001566328513119908,
     "wasted-effort": 1024
    },
    "worst_case": {
     "top-5": 0.0,
     "top-10": 0.0,
     "top-200": 0.0,
     "exam": 0.5008221016901254,
     "wasted-effort": 622794
    }
   }
  },
  "line_assert_use": {
   "Tarantula": {
    "best_case": {
     "top-5": 0.101,
     "top-10": 0.193,
     "top-200": 0.347,
     "exam": 3.933885040639441e-05,
     "wasted-effort": 49
    },
    "avg_case": {
     "top-5": 0.06266666666666658,
     "top-10": 0.13066666666666696,
     "top-200": 0.22466666666666563,
     "exam": 3.933885040639441e-05,
     "wasted-effort": 49
    },
    "worst_case": {
     "top-5": 0.035666666666666645,
     "top-10": 0.06300000000000017,
     "top-200": 0.11366666666666612,
     "exam": 0.5008221016901254,
     "wasted-effort": 622794
    }
   },
   "Ochiai": {
    "best_case": {
     "top-5": 0.081,
     "top-10": 0.219,
     "top-200": 0.317,
     "exam": 3.933885040639441e-05,
     "wasted-effort": 49
    },
    "avg_case": {
     "top-5": 0.07533333333333331,
     "top-10": 0.13200000000000028,
     "top-200": 0.23066666666666555,
     "exam": 3.933885040639441e-05,
     "wasted-effort": 49
    },
    "worst_case": {
     "top-5": 0.03499999999999997,
     "top-10": 0.0690000000000001,
     "top-200": 0.11366666666666612,
     "exam": 0.5008221016901254,
     "wasted-effort": 622794
    }
   },
   "DStar": {
    "best_case": {
     "top-5": 0.0,
     "top-10": 0.0,
     "top-200": 0.0,
     "exam": 0.001566328513119908,
     "wasted-effort": 1024
    },
    "avg_case": {
     "top-5": 0.0,
     "top-10": 0.0,
     "top-200": 0.0,
     "exam": 0.001566328513119908,
     "wasted-effort": 1024
    },
    "worst_case": {
     "top-5": 0.0,
     "top-10": 0.0,