{
 "ansible_6": {
  "line": {
   "Tarantula": {
    "best_case": {
     "top-5": 1.0,
     "top-10": 0.93,
     "top-200": 0.973,
     "exam": 1.3914495425609629e-06,
     "wasted-effort": 1
    },
    "avg_case": {
     "top-5": 0.41625,
     "top-10": 0.36025,
     "top-200": 0.5145,
     "exam": 0.0004090861655129231,
     "wasted-effort": 296
    },
    "worst_case": {
     "top-5": 0.20875,
     "top-10": 0.177,
     "top-200": 0.25925,
     "exam": 0.5003562110828956,
     "wasted-effort": 718675
    }
   },
   "Ochiai": {
    "best_case": {
     "top-5": 1,
     "top-10": 0.948,
     "top-200": 0.922,
     "exam": 3.4786238564024073e-06,
     "wasted-effort": 5
    },
    "avg_case": {
     "top-5": 0.25,
     "top-10": 0.35575,
     "top-200": 0.3605,
     "exam": 0.0004090861655129231,
     "wasted-effort": 296
    },
    "worst_case": {
     "top-5": 0.125,
     "top-10": 0.177,
     "top-200": 0.178875,
     "exam": 0.5003562110828956,
     "wasted-effort": 718675
    }
   },
   "DStar": {
    "best_case": {
     "top-5": 1,
     "top-10": 0.787,
     "top-200": 0.923,
     "exam": 3.4786238564024073e-06,
     "wasted-effort": 5
    },
    "avg_case": {
     "top-5": 0.25,
     "top-10": 0.18925,
     "top-200": 0.362,
     "exam": 0.0004090861655129231,
     "wasted-effort": 296
    },
    "worst_case": {
     "top-5": 0.125,
     "top-10": 0.094375,
     "top-200": 0.183,
     "exam": 0.5003562110828956,
     "wasted-effort": 718675
    }
   }
  },
  "line_line": {
   "Tarantula": {
    "best_case": {
     "top-5": 1.0,
     "top-10": 0.932,
     "top-200": 0.996,
     "exam": 1.3914495425609629e-06,
     "wasted-effort": 1
    },
    "avg_case": {
     "top-5": 0.4155,
     "top-10": 0.3525,
     "top-200": 0.779,
     "exam": 0.0002323720736076808,
     "wasted-effort": 169
    },
    "worst_case": {
     "top-5": 0.205375,
     "top-10": 0.1775,
     "top-200": 0.410625,
     "exam": 0.5003562110828956,
     "wasted-effort": 718675
    }
   },
   "Ochiai": {
    "best_case": {
     "top-5": 1,
     "top-10": 0.923,
     "top-200": 0.997,
     "exam": 3.4786238564024073e-06,
     "wasted-effort": 5
    },
    "avg_case": {
     "top-5": 0.25,
     "top-10": 0.361,
     "top-200": 0.78375,
     "exam": 0.00024906946811841234,
     "wasted-effort": 181
    },
    "worst_case": {
     "top-5": 0.125,
     "top-10": 0.177875,
     "top-200": 0.405625,
     "exam": 0.5003562110828956,
     "wasted-effort": 718675
    }
   },
   "DStar": {
    "best_case": {
     "top-5": 1,
     "top-10": 0.748,
     "top-200": 0.909,
     "exam": 3.4786238564024073e-06,
     "wasted-effort": 5
    },
    "avg_case": {
     "top-5": 0.25,
     "top-10": 0.193,
     "top-200": 0.35325,
     "exam": 0.0004090861655129231,
     "wasted-effort": 296
    },
    "worst_case": {
     "top-5": 0.125,
     "top-10": 0.095875,
     "top-200": 0.172625,
     "exam": 0.5003562110828956,
     "wasted-effort": 718675
    }
   }
  },
  "line_defuse": {
   "Tarantula": {
    "best_case": {
     "top-5": 1.0,
     "top-10": 0.946,
     "top-200": 0.998,
     "exam": 1.3914495425609629e-06,
     "wasted-effort": 1
    },
    "avg_case": {
     "top-5": 0.418,
     "top-10": 0.36425,
     "top-200": 0.7905,
     "exam": 0.00023167634883640033,
     "wasted-effort": 168
    },
    "worst_case": {
     "top-5": 0.210625,
     "top-10": 0.17875,
     "top-200": 0.41275,
     "exam": 0.5003562110828956,
     "wasted-effort": 718675
    }
   },
   "Ochiai": {
    "best_case": {
     "top-5": 1,
     "top-10": 0.934,
     "top-200": 0.997,
     "exam": 3.4786238564024073e-06,
     "wasted-effort": 5
    },
    "avg_case": {
     "top-5": 0.25,
     "top-10": 0.362,
     "top-200": 0.79675,
     "exam": 0.00024837374334713187,
     "wasted-effort": 180
    },
    "worst_case": {
     "top-5": 0.125,
     "top-10": 0.17975,
     "top-200": 0.40575,
     "exam": 0.5003562110828956,
     "wasted-effort": 718675
    }
   },
   "DStar": {
    "best_case": {
     "top-5": 1,
     "top-10": 0.777,
     "top-200": 0.905,
     "exam": 3.4786238564024073e-06,
     "wasted-effort": 5
    },
    "avg_case": {
     "top-5": 0.25,
     "top-10": 0.194,
     "top-200": 0.3445,
     "exam": 0.00040839044074164263,
     "wasted-effort": 295
    },
    "worst_case": {
     "top-5": 0.125,
     "top-10": 0.09525,
     "top-200": 0.17325,
     "exam": 0.5003562110828956,
     "wasted-effort": 718675
    }
   }
  },
  "line_defuses": {
   "Tarantula": {
    "best_case": {
     "top-5": 1.0,
     "top-10": 0.94,
     "top-200": 0.996,
     "exam": 1.3914495425609629e-06,
     "wasted-effort": 1
    },
    "avg_case": {
     "top-5": 0.4145,
     "top-10": 0.35475,
     "top-200": 0.79,
     "exam": 0.00023167634883640033,
     "wasted-effort": 168
    },
    "worst_case": {
     "top-5": 0.205625,
     "top-10": 0.177125,
     "top-200": 0.405625,
     "exam": 0.5003562110828956,
     "wasted-effort": 718675
    }
   },
   "Ochiai": {
    "best_case": {
     "top-5": 1,
     "top-10": 0.924,
     "top-200": 0.994,
     "exam": 3.4786238564024073e-06,
     "wasted-effort": 5
    },
    "avg_case": {
     "top-5": 0.25,
     "top-10": 0.3515,
     "top-200": 0.795,
     "exam": 0.00024837374334713187,
     "wasted-effort": 180
    },
    "worst_case": {
     "top-5": 0.125,
     "top-10": 0.172875,
     "top-200": 0.412,
     "exam": 0.5003562110828956,
     "wasted-effort": 718675
    }
   },
   "DStar": {
    "best_case": {
     "top-5": 1,
     "top-10": 0.776,
     "top-200": 0.921,
     "exam": 3.4786238564024073e-06,
     "wasted-effort": 5
    },
    "avg_case": {
     "top-5": 0.25,
     "top-10": 0.1935,
     "top-200": 0.34725,
     "exam": 0.00040839044074164263,
     "wasted-effort": 295
    },
    "worst_case": {
     "top-5": 0.125,
     "top-10": 0.094875,
     "top-200": 0.177,
     "exam": 0.5003562110828956,
     "wasted-effort": 718675
    }
   }
  },
  "line_assert_use": {
   "Tarantula": {
    "best_case": {
     "top-5": 1.0,
     "top-10": 0.928,
     "top-200": 0.993,
     "exam": 1.3914495425609629e-06,
     "wasted-effort": 1
    },
    "avg_case": {
     "top-5": 0.41425,
     "top-10": 0.358,
     "top-200": 0.8005,
     "exam": 0.00023167634883640033,
     "wasted-effort": 168
    },
    "worst_case": {
     "top-5": 0.207625,
     "top-10": 0.180625,
     "top-200": 0.41325,
     "exam": 0.5003562110828956,
     "wasted-effort": 718675
    }
   },
   "Ochiai": {
    "best_case": {
     "top-5": 1,
     "top-10": 0.931,
     "top-200": 0.996,
     "exam": 3.4786238564024073e-06,
     "wasted-effort": 5
    },
    "avg_case": {
     "top-5": 0.25,
     "top-10": 0.35525,
     "top-200": 0.79075,
     "exam": 0.00024837374334713187,
     "wasted-effort": 180
    },
    "worst_case": {
     "top-5": 0.125,
     "top-10": 0.179625,
     "top-200": 0.40325,
     "exam": 0.5003562110828956,
     "wasted-effort": 718675
    }
   },
   "DStar": {
    "best_case": {
     "top-5": 1,
     "top-10": 0.788,
     "top-200": 0.898,
     "exam": 3.4786238564024073e-06,
     "wasted-effort": 5
    },
    "avg_case": {
     "top-5": 0.25,
     "top-10": 0.1915,
     "top-200": 0.3405,
     "exam": 0.00040839044074164263,
     "wasted-effort": 295
    },
    "worst_case": {
     "top-5": 0.125,
     "top-10": 0.095625,
     "top-200": 0.172,
     "exam": 0.5003562110828956,
     "wasted-effort": 718675
    }
   }
  },
  "line_assert_uses": {
   "Tarantula": {
    "best_case": {
     "top-5": 1.0,
     "top-10": 0.945,
     "top-200": 0.996,
     "exam": 1.3914495425609629e-06,
     "wasted-effort": 1
    },
    "avg_case": {
     "top-5": 0.41475,
     "top-10": 0.36125,
     "top-200": 0.7835,
     "exam": 0.00023167634883640033,
     "wasted-effort": 168
    },
    "worst_case": {
     "top-5": 0.20875,
     "top-10": 0.178875,
     "top-200": 0.410875,
     "exam": 0.5003562110828956,
     "wasted-effort": 718675
    }
   },
   "Ochiai": {
    "best_case": {
     "top-5": 1,