{
 "ansible_18": {
  "line": {
   "Tarantula": {
    "best_case": {
     "top-1": 0,
     "top-5": 0.0,
     "top-10": 0.0,
     "top-200": 0.1535,
     "exam": 0.0003219920575292476,
     "wasted-effort": 19
    },
    "avg_case": {
     "top-1": 0.0,
     "top-5": 0.0,
     "top-10": 0.0,
     "top-200": 0.1551,
     "exam": 0.0003219920575292476,
     "wasted-effort": 19
    },
    "worst_case": {
     "top-1": 0.0,
     "top-5": 0.0,
     "top-10": 0.0,
     "top-200": 0.1627,
     "exam": 0.0003219920575292476,
     "wasted-effort": 19
    }
   },
   "Ochiai": {
    "best_case": {
     "top-1": 0,
     "top-5": 0.0,
     "top-10": 0.0,
     "top-200": 0.157,
     "exam": 0.0003219920575292476,
     "wasted-effort": 19
    },
    "avg_case": {
     "top-1": 0.0,
     "top-5": 0.0,
     "top-10": 0.0,
     "top-200": 0.1555,
     "exam": 0.0003219920575292476,
     "wasted-effort": 19
    },
    "worst_case": {
     "top-1": 0.0,
     "top-5": 0.0,
     "top-10": 0.0,
     "top-200": 0.1529,
     "exam": 0.0003219920575292476,
     "wasted-effort": 19
    }
   },
   "DStar": {
    "best_case": {
     "top-1": 0.0,
     "top-5": 0,
     "top-10": 0.0,
     "top-200": 0.1605,
     "exam": 0.0003041036098887339,
     "wasted-effort": 18
    },
    "avg_case": {
     "top-1": 0.0,
     "top-5": 0.0,
     "top-10": 0.0,
     "top-200": 0.1579,
     "exam": 0.0003041036098887339,
     "wasted-effort": 18
    },
    "worst_case": {
     "top-1": 0.0,
     "top-5": 0.0,
     "top-10": 0.0,
     "top-200": 0.1566,
     "exam": 0.0003041036098887339,
     "wasted-effort": 18
    }
   },
   "Naish1": {
    "best_case": {
     "top-1": 0,
     "top-5": 0.0,
     "top-10": 0.0,
     "top-200": 0.1523,
     "exam": 0.0003219920575292476,
     "wasted-effort": 19
    },
    "avg_case": {
     "top-1": 0.0,
     "top-5": 0.0,
     "top-10": 0.0,
     "top-200": 0.1558,
     "exam": 0.0003219920575292476,
     "wasted-effort": 19
    },
    "worst_case": {
     "top-1": 0.0,
     "top-5": 0.0,
     "top-10": 0.0,
     "top-200": 0.1599,
     "exam": 0.0003219920575292476,
     "wasted-effort": 19
    }
   },
   "Naish2": {
    "best_case": {
     "top-1": 0,
     "top-5": 0.0,
     "top-10": 0.0,
     "top-200": 0.1569,
     "exam": 0.0003219920575292476,
     "wasted-effort": 19
    },
    "avg_case": {
     "top-1": 0.0,
     "top-5": 0.0,
     "top-10": 0.0,
     "top-200": 0.1526,
     "exam": 0.0003219920575292476,
     "wasted-effort": 19
    },
    "worst_case": {
     "top-1": 0.0,
     "top-5": 0.0,
     "top-10": 0.0,
     "top-200": 0.1527,
     "exam": 0.0003219920575292476,
     "wasted-effort": 19
    }
   },
   "GP13": {
    "best_case": {
     "top-1": 0,
     "top-5": 0.0,
     "top-10": 0.0,
     "top-200": 0.1512,
     "exam": 0.0003219920575292476,
     "wasted-effort": 19
    },
    "avg_case": {
     "top-1": 0.0,
     "top-5": 0.0,
     "top-10": 0.0,
     "top-200": 0.1579,
     "exam": 0.0003219920575292476,
     "wasted-effort": 19
    },
    "worst_case": {
     "top-1": 0.0,
     "top-5": 0.0,
     "top-10": 0.0,
     "top-200": 0.1568,
     "exam": 0.0003219920575292476,
     "wasted-effort": 19
    }
   }
  },
  "line_line": {
   "Tarantula": {
    "best_case": {
     "top-1": 0.0,
     "top-5": 0.0,
     "top-10": 0.0,
     "top-200": 0.5931,
     "exam": 0.0003219920575292476,
     "wasted-effort": 19
    },
    "avg_case": {
     "top-1": 0.0,
     "top-5": 0.0,
     "top-10": 0.0,
     "top-200": 0.5944,
     "exam": 0.0003219920575292476,
     "wasted-effort": 19
    },
    "worst_case": {
     "top-1": 0.0,
     "top-5": 0.0,
     "top-10": 0.0,
     "top-200": 0.592,
     "exam": 0.0003219920575292476,
     "wasted-effort": 19
    }
   },
   "Ochiai": {
    "best_case": {
     "top-1": 0,
     "top-5": 0.0,
     "top-10": 0.0,
     "top-200": 0.5928,
     "exam": 0.0003219920575292476,
     "wasted-effort": 19
    },
    "avg_case": {
     "top-1": 0.0,
     "top-5": 0.0,
     "top-10": 0.0,
     "top-200": 0.5848,
     "exam": 0.0003219920575292476,
     "wasted-effort": 19
    },
    "worst_case": {
     "top-1": 0.0,
     "top-5": 0.0,
     "top-10": 0.0,
     "top-200": 0.6005,
     "exam": 0.0003219920575292476,
     "wasted-effort": 19
    }
   },
   "DStar": {
    "best_case": {
     "top-1": 0.0,
     "top-5": 0,
     "top-10": 0.0,
     "top-200": 0.5948,
     "exam": 0.0003041036098887339,
     "wasted-effort": 18
    },
    "avg_case": {
     "top-1": 0.0,
     "top-5": 0.0,
     "top-10": 0.0,
     "top-200": 0.5887,
     "exam": 0.0003041036098887339,
     "wasted-effort": 18
    },
    "worst_case": {
     "top-1": 0.0,
     "top-5": 0.0,
     "top-10": 0.0,
     "top-200": 0.594,
     "exam": 0.0003041036098887339,
     "wasted-effort": 18
    }
   },
   "Naish1": {
    "best_case": {
     "top-1": 0.0,
     "top-5": 0.0,
     "top-10": 0.0,
     "top-200": 0.1403,
     "exam": 0.0003219920575292476,
     "wasted-effort": 19
    },
    "avg_case": {
     "top-1": 0.0,
     "top-5": 0.0,
     "top-10": 0.0,
     "top-200": 0.1432,
     "exam": 0.0003219920575292476,
     "wasted-effort": 19
    },
    "worst_case": {
     "top-1": 0.0,
     "top-5": 0.0,
     "top-10": 0.0,
     "top-200": 0.136,
     "exam": 0.0003219920575292476,
     "wasted-effort": 19
    }
   },
   "Naish2": {
    "best_case": {
     "top-1": 0.0,
     "top-5": 0.0,
     "top-10": 0.0,
     "top-200": 0.5982,
     "exam": 0.0003219920575292476,
     "wasted-effort": 19
    },
    "avg_case": {
     "top-1": 0.0,
     "top-5": 0.0,
     "top-10": 0.0,
     "top-200": 0.5924,
     "exam": 0.0003219920575292476,
     "wasted-effort": 19
    },
    "worst_case": {
     "top-1": 0.0,
     "top-5": 0.0,
     "top-10": 0.0,
     "top-200": 0.5856,
     "exam": 0.0003219920575292476,
     "wasted-effort": 19
    }
   },
   "GP13": {
    "best_case": {
     "top-1": 0,
     "top-5": 0.0,
     "top-10": 0.0,
     "top-200": 0.597,
     "exam": 0.0009480877249472291,
     "wasted-effort": 54
    },
    "avg_case": {
     "top-1": 0.0,
     "top-5": 0.0,
     "top-10": 0.0,
     "top-200": 0.5915,
     "exam": 0.0009480877249472291,
     "wasted-effort": 54
    },
    "worst_case": {
     "top-1": 0.0,
     "top-5": 0.0,
     "top-10": 0.0,
     "top-200": 0.5887,
     "exam": 0.0009480877249472291,
     "wasted-effort": 54
    }
   }
  },
  "line_defuse": {
   "Tarantula": {
    "best_case": {
     "top-1": 0.0,
     "top-5": 0.0,
     "top-10": 0.0,
     "top-200": 0.5815,
     "exam": 0.0004114342957318164,
     "wasted-effort": 24
    },
    "avg_case": {
     "top-1": 0.0,
     "top-5": 0.0,
     "top-10": 0.0,
     "top-200": 0.5866,
     "exam": 0.0004114342957318164,
     "wasted-effort": 24
    },
    "worst_case": {
     "top-1": 0.0,
     "top-5": 0.0,
     "top-10": 0.0,
     "top-200": 0.5859,
     "exam": 0.0004114342957318164,
     "wasted-effort": 24
    }
   },
   "Ochiai": {
    "best_case": {
     "top-1": 0,
     "top-5": 0.0,
     "top-10": 0.0,
     "top-200": 0.5942,
     "exam": 0.0003219920575292476,
     "wasted-effort": 19
    },
    "avg_case": {
     "top-1": 0.0,
     "top-5": 0.0,
     "top-10": 0.0,
     "top-200": 0.5918,
     "exam": 0.0003219920575292476,
     "wasted-effort": 19
    },
    "worst_case": {
     "top-1": 0.0,
     "top-5": 0.0,
     "top-10": 0.0,
     "top-200": 0.5927,
     "exam": 0.0003219920575292476,
     "wasted-effort": 19
    }
   },
   "DStar": {
    "best_case": {
     "top-1": 0.0,
     "top-5": 0,
     "top-10": 0.0,
     "top-200": 0.5986,
     "exam": 0.0003041036098887339,
     "wasted-effort": 18
    },
    "avg_case": {
     "top-1": 0.0,
     "top-5": 0.0,
     "top-10": 0.0,
     "top-200": 0.5929,
     "exam": 0.0003041036098887339,
     "wasted-effort": 18
    },
    "worst_case": {
     "top-1": 0.0,
     "top-5": 0.0,
     "top-10": 0.0,
     "top-200": 0.5974,
     "exam": 0.0003041036098887339,
     "wasted-effort": 18
    }
   },