{
 "ansible_2": {
  "line": {
   "Tarantula": {
    "best_case": {
     "top-5": 0.609,
     "top-10": 0.8976,
     "top-200": 1,
     "exam": 0.00017877574370709382,
     "wasted-effort": 20
    },
    "avg_case": {
     "top-5": 0.186475,
     "top-10": 0.37505,
     "top-200": 1.0,
     "exam": 0.0005363272311212815,
     "wasted-effort": 30
    },
    "worst_case": {
     "top-5": 0.093125,
     "top-10": 0.1877875,
     "top-200": 0.5,
     "exam": 0.5009475114416476,
     "wasted-effort": 55936
    }
   },
   "Ochiai": {
    "best_case": {
     "top-5": 0.6037,
     "top-10": 0.8952,
     "top-200": 1,
     "exam": 0.00017877574370709382,
     "wasted-effort": 20
    },
    "avg_case": {
     "top-5": 0.1875,
     "top-10": 0.37545,
     "top-200": 1.0,
     "exam": 0.0005542048054919908,
     "wasted-effort": 31
    },
    "worst_case": {
     "top-5": 0.0946,
     "top-10": 0.1872875,
     "top-200": 0.5,
     "exam": 0.5009475114416476,
     "wasted-effort": 55936
    }
   },
   "DStar": {
    "best_case": {
     "top-5": 0.6026,
     "top-10": 0.8985,
     "top-200": 1,
     "exam": 0.00017877574370709382,
     "wasted-effort": 20
    },
    "avg_case": {
     "top-5": 0.188225,
     "top-10": 0.37625,
     "top-200": 1.0,
     "exam": 0.0005542048054919908,
     "wasted-effort": 31
    },
    "worst_case": {
     "top-5": 0.092975,
     "top-10": 0.18675,
     "top-200": 0.5,
     "exam": 0.5009475114416476,
     "wasted-effort": 55936
    }
   }
  },
  "line_line": {
   "Tarantula": {
    "best_case": {
     "top-5": 0.7124,
     "top-10": 0.9093,
     "top-200": 1,
     "exam": 9.83266590389016e-05,
     "wasted-effort": 7
    },
    "avg_case": {
     "top-5": 0.18025,
     "top-10": 0.22655,
     "top-200": 1.0,
     "exam": 0.00025028604118993136,
     "wasted-effort": 14
    },
    "worst_case": {
     "top-5": 0.0901375,
     "top-10": 0.113225,
     "top-200": 0.5,
     "exam": 0.5009475114416476,
     "wasted-effort": 55936
    }
   },
   "Ochiai": {
    "best_case": {
     "top-5": 1,
     "top-10": 0.9973,
     "top-200": 1,
     "exam": 6.257151029748284e-05,
     "wasted-effort": 5
    },
    "avg_case": {
     "top-5": 0.25,
     "top-10": 0.57785,
     "top-200": 1.0,
     "exam": 0.0005542048054919908,
     "wasted-effort": 31
    },
    "worst_case": {
     "top-5": 0.125,
     "top-10": 0.2880625,
     "top-200": 0.5,
     "exam": 0.5009475114416476,
     "wasted-effort": 55936
    }
   },
   "DStar": {
    "best_case": {
     "top-5": 1,
     "top-10": 0.9961,
     "top-200": 1,
     "exam": 6.257151029748284e-05,
     "wasted-effort": 5
    },
    "avg_case": {
     "top-5": 0.25,
     "top-10": 0.5761,
     "top-200": 1.0,
     "exam": 0.0005542048054919908,
     "wasted-effort": 31
    },
    "worst_case": {
     "top-5": 0.125,
     "top-10": 0.288525,
     "top-200": 0.5,
     "exam": 0.5009475114416476,
     "wasted-effort": 55936
    }
   }
  },
  "line_defuse": {
   "Tarantula": {
    "best_case": {
     "top-5": 0.8329,
     "top-10": 0.9105,
     "top-200": 1,
     "exam": 2.681636155606407e-05,
     "wasted-effort": 3
    },
    "avg_case": {
     "top-5": 0.207325,
     "top-10": 0.2286,
     "top-200": 1.0,
     "exam": 0.00023240846681922198,
     "wasted-effort": 14
    },
    "worst_case": {
     "top-5": 0.1035625,
     "top-10": 0.1128375,
     "top-200": 0.5,
     "exam": 0.5009475114416476,
     "wasted-effort": 55936
    }
   },
   "Ochiai": {
    "best_case": {
     "top-5": 1,
     "top-10": 0.9957,
     "top-200": 1,
     "exam": 2.681636155606407e-05,
     "wasted-effort": 3
    },
    "avg_case": {
     "top-5": 0.25,
     "top-10": 0.577175,
     "top-200": 1.0,
     "exam": 0.000518449656750572,
     "wasted-effort": 29
    },
    "worst_case": {
     "top-5": 0.125,
     "top-10": 0.2880375,
     "top-200": 0.5,
     "exam": 0.5009475114416476,
     "wasted-effort": 55936
    }
   },
   "DStar": {
    "best_case": {
     "top-5": 1,
     "top-10": 0.9962,
     "top-200": 1,
     "exam": 2.681636155606407e-05,
     "wasted-effort": 3
    },
    "avg_case": {
     "top-5": 0.25,
     "top-10": 0.580025,
     "top-200": 1.0,
     "exam": 0.0005542048054919908,
     "wasted-effort": 31
    },
    "worst_case": {
     "top-5": 0.125,
     "top-10": 0.288975,
     "top-200": 0.5,
     "exam": 0.5009475114416476,
     "wasted-effort": 55936
    }
   }
  },
  "line_defuses": {
   "Tarantula": {
    "best_case": {
     "top-5": 0.8339,
     "top-10": 0.9124,
     "top-200": 1,
     "exam": 2.681636155606407e-05,
     "wasted-effort": 3
    },
    "avg_case": {
     "top-5": 0.206125,
     "top-10": 0.227175,
     "top-200": 1.0,
     "exam": 0.00023240846681922198,
     "wasted-effort": 14
    },
    "worst_case": {
     "top-5": 0.1048375,
     "top-10": 0.113725,
     "top-200": 0.5,
     "exam": 0.5009475114416476,
     "wasted-effort": 55936
    }
   },
   "Ochiai": {
    "best_case": {
     "top-5": 1,
     "top-10": 0.9963,
     "top-200": 1,
     "exam": 2.681636155606407e-05,
     "wasted-effort": 3
    },
    "avg_case": {
     "top-5": 0.25,
     "top-10": 0.578525,
     "top-200": 1.0,
     "exam": 0.000518449656750572,
     "wasted-effort": 29
    },
    "worst_case": {
     "top-5": 0.125,
     "top-10": 0.2889,
     "top-200": 0.5,
     "exam": 0.5009475114416476,
     "wasted-effort": 55936
    }
   },
   "DStar": {
    "best_case": {
     "top-5": 1,
     "top-10": 0.9969,
     "top-200": 1,
     "exam": 2.681636155606407e-05,
     "wasted-effort": 3
    },
    "avg_case": {
     "top-5": 0.25,
     "top-10": 0.5759,
     "top-200": 1.0,
     "exam": 0.0005542048054919908,
     "wasted-effort": 31
    },
    "worst_case": {
     "top-5": 0.125,
     "top-10": 0.288925,
     "top-200": 0.5,
     "exam": 0.5009475114416476,
     "wasted-effort": 55936
    }
   }
  },
  "line_assert_use": {
   "Tarantula": {
    "best_case": {
     "top-5": 0.836,
     "top-10": 0.9076,
     "top-200": 1,
     "exam": 2.681636155606407e-05,
     "wasted-effort": 3
    },
    "avg_case": {
     "top-5": 0.206525,
     "top-10": 0.2276,
     "top-200": 1.0,
     "exam": 0.00023240846681922198,
     "wasted-effort": 14
    },
    "worst_case": {
     "top-5": 0.1035625,
     "top-10": 0.1134125,
     "top-200": 0.5,
     "exam": 0.5009475114416476,
     "wasted-effort": 55936
    }
   },
   "Ochiai": {
    "best_case": {
     "top-5": 1,
     "top-10": 0.9956,
     "top-200": 1,
     "exam": 2.681636155606407e-05,
     "wasted-effort": 3
    },
    "avg_case": {
     "top-5": 0.25,
     "top-10": 0.57805,
     "top-200": 1.0,
     "exam": 0.000518449656750572,
     "wasted-effort": 29
    },
    "worst_case": {
     "top-5": 0.125,
     "top-10": 0.2893125,
     "top-200": 0.5,
     "exam": 0.5009475114416476,
     "wasted-effort": 55936
    }
   },
   "DStar": {
    "best_case": {
     "top-5": 1,
     "top-10": 0.9968,
     "top-200": 1,
     "exam": 2.681636155606407e-05,
     "wasted-effort": 3
    },
    "avg_case": {
     "top-5": 0.25,
     "top-10": 0.575475,
     "top-200": 1.0,
     "exam": 0.0005542048054919908,
     "wasted-effort": 31
    },
    "worst_case": {
     "top-5": 0.125,
     "top-10": 0.2879625,
     "top-200": 0.5,
     "exam": 0.5009475114416476,
     "wasted-effort": 55936
    }
   }
  },
  "line_assert_uses": {
   "Tarantula": {
    "best_case": {
     "top-5": 0.8307,
     "top-10": 0.9089,
     "top-200": 1,
     "exam": 2.681636155606407e-05,
     "wasted-effort": 3
    },
    "avg_case": {
     "top-5": 0.207925,
     "top-10": 0.227975,
     "top-200": 1.0,
     "exam": 0.00023240846681922198,
     "wasted-effort": 14
    },
    "worst_case": {
     "top-5": 0.104325,
     "top-10": 0.1136125,
     "top-200": 0.5,
     "exam": 0.5009475114416476,
     "wasted-effort": 55936
    }
   },
   "Ochiai": {
    "best_case": {
     "top-5": 1,
     "top-10": 0.9959,
     "top-200": 1,
     "exam": 2.681636155606407e-05,
     "wasted-effort": 3
    },