{
 "ansible_17": {
  "line": {
   "Tarantula": {
    "best_case": {
     "top-1": 0.0205,
     "top-5": 0.1035,
     "top-10": 0.2041,
     "top-200": 0.204,
     "exam": 3.933885040639441e-05,
     "wasted-effort": 49
    },
    "avg_case": {
     "top-1": 0.014066666666666682,
     "top-5": 0.07059999999999948,
     "top-10": 0.14020000000000196,
     "top-200": 0.14073333333333535,
     "exam": 3.933885040639441e-05,
     "wasted-effort": 49
    },
    "worst_case": {
     "top-1": 0.0075000000000000015,
     "top-5": 0.03569999999999972,
     "top-10": 0.06660000000000058,
     "top-200": 0.06890000000000084,
     "exam": 0.5008221016901254,
     "wasted-effort": 622794
    }
   },
   "Ochiai": {
    "best_case": {
     "top-1": 0.0187,
     "top-5": 0.0986,
     "top-10": 0.2125,
     "top-200": 0.2015,
     "exam": 3.933885040639441e-05,
     "wasted-effort": 49
    },
    "avg_case": {
     "top-1": 0.013600000000000024,
     "top-5": 0.06826666666666628,
     "top-10": 0.13586666666666813,
     "top-200": 0.1416666666666688,
     "exam": 3.933885040639441e-05,
     "wasted-effort": 49
    },
    "worst_case": {
     "top-1": 0.007000000000000009,
     "top-5": 0.0330333333333332,
     "top-10": 0.0653666666666671,
     "top-200": 0.07010000000000098,
     "exam": 0.5008221016901254,
     "wasted-effort": 622794
    }
   },
   "DStar": {
    "best_case": {
     "top-1": 0,
     "top-5": 0.0,
     "top-10": 0.0,
     "top-200": 0.0,
     "exam": 0.001566328513119908,
     "wasted-effort": 1024
    },
    "avg_case": {
     "top-1": 0.0,
     "top-5": 0.0,
     "top-10": 0.0,
     "top-200": 0.0,
     "exam": 0.001566328513119908,
     "wasted-effort": 1024
    },
    "worst_case": {
     "top-1": 0.0,
     "top-5": 0.0,
     "top-10": 0.0,
     "top-200": 0.0,
     "exam": 0.5008221016901254,
     "wasted-effort": 622794
    }
   },
   "Naish2": {
    "best_case": {
     "top-1": 0.0232,
     "top-5": 0.1059,
     "top-10": 0.2072,
     "top-200": 0.2028,
     "exam": 3.933885040639441e-05,
     "wasted-effort": 49
    },
    "avg_case": {
     "top-1": 0.013200000000000028,
     "top-5": 0.06833333333333294,
     "top-10": 0.1369333333333349,
     "top-200": 0.13893333333333516,
     "exam": 3.933885040639441e-05,
     "wasted-effort": 49
    },
    "worst_case": {
     "top-1": 0.006600000000000014,
     "top-5": 0.0347333333333331,
     "top-10": 0.06633333333333388,
     "top-200": 0.06936666666666756,
     "exam": 0.5008221016901254,
     "wasted-effort": 622794
    }
   },
   "GP13": {
    "best_case": {
     "top-1": 0.021,
     "top-5": 0.0934,
     "top-10": 0.2017,
     "top-200": 0.2068,
     "exam": 3.933885040639441e-05,
     "wasted-effort": 49
    },
    "avg_case": {
     "top-1": 0.012066666666666698,
     "top-5": 0.06686666666666635,
     "top-10": 0.1369333333333349,
     "top-200": 0.13766666666666832,
     "exam": 3.933885040639441e-05,
     "wasted-effort": 49
    },
    "worst_case": {
     "top-1": 0.006033333333333349,
     "top-5": 0.033199999999999855,
     "top-10": 0.0678666666666674,
     "top-200": 0.06726666666666732,
     "exam": 0.5008221016901254,
     "wasted-effort": 622794
    }
   }
  },
  "line_line": {
   "Tarantula": {
    "best_case": {
     "top-1": 0.0187,
     "top-5": 0.103,
     "top-10": 0.2012,
     "top-200": 0.3395,
     "exam": 3.933885040639441e-05,
     "wasted-effort": 49
    },
    "avg_case": {
     "top-1": 0.013133333333333363,
     "top-5": 0.06433333333333317,
     "top-10": 0.13453333333333464,
     "top-200": 0.22706666666667089,
     "exam": 3.933885040639441e-05,
     "wasted-effort": 49
    },
    "worst_case": {
     "top-1": 0.007533333333333335,
     "top-5": 0.033733333333333164,
     "top-10": 0.06836666666666745,
     "top-200": 0.11410000000000198,
     "exam": 0.5008221016901254,
     "wasted-effort": 622794
    }
   },
   "Ochiai": {
    "best_case": {
     "top-1": 0.0188,
     "top-5": 0.0979,
     "top-10": 0.2017,
     "top-200": 0.3388,
     "exam": 3.933885040639441e-05,
     "wasted-effort": 49
    },
    "avg_case": {
     "top-1": 0.013400000000000025,
     "top-5": 0.07166666666666609,
     "top-10": 0.13066666666666754,
     "top-200": 0.22393333333333826,
     "exam": 3.933885040639441e-05,
     "wasted-effort": 49
    },
    "worst_case": {
     "top-1": 0.007000000000000009,
     "top-5": 0.0330333333333332,
     "top-10": 0.06863333333333414,
     "top-200": 0.11176666666666918,
     "exam": 0.5008221016901254,
     "wasted-effort": 622794
    }
   },
   "DStar": {
    "best_case": {
     "top-1": 0,
     "top-5": 0.0,
     "top-10": 0.0,
     "top-200": 0.0,
     "exam": 0.001566328513119908,
     "wasted-effort": 1024
    },
    "avg_case": {
     "top-1": 0.0,
     "top-5": 0.0,
     "top-10": 0.0,
     "top-200": 0.0,
     "exam": 0.001566328513119908,
     "wasted-effort": 1024
    },
    "worst_case": {
     "top-1": 0.0,
     "top-5": 0.0,
     "top-10": 0.0,
     "top-200": 0.0,
     "exam": 0.5008221016901254,
     "wasted-effort": 622794
    }
   },
   "Naish2": {
    "best_case": {
     "top-1": 0.0223,
     "top-5": 0.1063,
     "top-10": 0.2086,
     "top-200": 0.3491,
     "exam": 3.933885040639441e-05,
     "wasted-effort": 49
    },
    "avg_case": {
     "top-1": 0.012266666666666698,
     "top-5": 0.06706666666666634,
     "top-10": 0.13760000000000167,
     "top-200": 0.2258000000000045,
     "exam": 3.933885040639441e-05,
     "wasted-effort": 49
    },
    "worst_case": {
     "top-1": 0.006766666666666679,
     "top-5": 0.0330333333333332,
     "top-10": 0.06690000000000061,
     "top-200": 0.11223333333333574,
     "exam": 0.5008221016901254,
     "wasted-effort": 622794
    }
   },
   "GP13": {
    "best_case": {
     "top-1": 0.0216,
     "top-5": 0.0945,
     "top-10": 0.2058,
     "top-200": 0.3387,
     "exam": 3.933885040639441e-05,
     "wasted-effort": 49
    },
    "avg_case": {
     "top-1": 0.013733333333333354,
     "top-5": 0.06879999999999958,
     "top-10": 0.13780000000000167,
     "top-200": 0.2222000000000053,
     "exam": 3.933885040639441e-05,
     "wasted-effort": 49
    },
    "worst_case": {
     "top-1": 0.006600000000000014,
     "top-5": 0.03259999999999989,
     "top-10": 0.0683333333333341,
     "top-200": 0.11486666666666848,
     "exam": 0.5008221016901254,
     "wasted-effort": 622794
    }
   }
  },
  "line_defuse": {
   "Tarantula": {
    "best_case": {
     "top-1": 0.0195,
     "top-5": 0.1022,
     "top-10": 0.2099,
     "top-200": 0.3372,
     "exam": 3.933885040639441e-05,
     "wasted-effort": 49
    },
    "avg_case": {
     "top-1": 0.013666666666666688,
     "top-5": 0.06566666666666643,
     "top-10": 0.13746666666666832,
     "top-200": 0.23040000000000346,
     "exam": 3.933885040639441e-05,
     "wasted-effort": 49
    },
    "worst_case": {
     "top-1": 0.00643333333333335,
     "top-5": 0.034966666666666424,
     "top-10": 0.0688666666666675,
     "top-200": 0.11380000000000205,
     "exam": 0.5008221016901254,
     "wasted-effort": 622794
    }
   },
   "Ochiai": {
    "best_case": {
     "top-1": 0.0207,
     "top-5": 0.101,
     "top-10": 0.2031,
     "top-200": 0.3435,
     "exam": 3.933885040639441e-05,
     "wasted-effort": 49
    },
    "avg_case": {
     "top-1": 0.014466666666666676,
     "top-5": 0.07133333333333276,
     "top-10": 0.1364666666666682,
     "top-200": 0.2256666666666712,
     "exam": 3.933885040639441e-05,
     "wasted-effort": 49
    },
    "worst_case": {
     "top-1": 0.006700000000000012,
     "top-5": 0.03449999999999978,
     "top-10": 0.06936666666666756,
     "top-200": 0.11213333333333576,
     "exam": 0.5008221016901254,
     "wasted-effort": 622794
    }
   },
   "DStar": {
    "best_case": {
     "top-1": 0,
     "top-5": 0.0,
     "top-10": 0.0,
     "top-200": 0.0,
     "exam": 0.001566328513119908,
     "wasted-effort": 1024
    },
    "avg_case": {
     "top-1": 0.0,
     "top-5": 0.0,
     "top-10": 0.0,
     "top-200": 0.0,