{
 "ansible_5": {
  "line": {
   "Tarantula": {
    "best_case": {
     "top-1": 0.3389,
     "top-5": 0.7045,
     "top-10": 0.5808,
     "top-200": 0.4658,
     "exam": 2.695902228612509e-05,
     "wasted-effort": 3
    },
    "avg_case": {
     "top-1": 0.3328,
     "top-5": 0.7097,
     "top-10": 0.5932,
     "top-200": 0.4667,
     "exam": 2.695902228612509e-05,
     "wasted-effort": 3
    },
    "worst_case": {
     "top-1": 0.3319,
     "top-5": 0.7154,
     "top-10": 0.5848,
     "top-200": 0.4873,
     "exam": 2.695902228612509e-05,
     "wasted-effort": 3
    }
   },
   "Ochiai": {
    "best_case": {
     "top-1": 0.3363,
     "top-5": 0.7144,
     "top-10": 0.582,
     "top-200": 0.4701,
     "exam": 2.695902228612509e-05,
     "wasted-effort": 3
    },
    "avg_case": {
     "top-1": 0.3304,
     "top-5": 0.7162,
     "top-10": 0.5785,
     "top-200": 0.4609,
     "exam": 2.695902228612509e-05,
     "wasted-effort": 3
    },
    "worst_case": {
     "top-1": 0.3259,
     "top-5": 0.7047,
     "top-10": 0.5842,
     "top-200": 0.4737,
     "exam": 2.695902228612509e-05,
     "wasted-effort": 3
    }
   },
   "DStar": {
    "best_case": {
     "top-1": 0.3386,
     "top-5": 0.7166,
     "top-10": 0.5842,
     "top-200": 0.4707,
     "exam": 2.695902228612509e-05,
     "wasted-effort": 3
    },
    "avg_case": {
     "top-1": 0.3394,
     "top-5": 0.7107,
     "top-10": 0.5928,
     "top-200": 0.4656,
     "exam": 2.695902228612509e-05,
     "wasted-effort": 3
    },
    "worst_case": {
     "top-1": 0.3263,
     "top-5": 0.7146,
     "top-10": 0.5843,
     "top-200": 0.4559,
     "exam": 2.695902228612509e-05,
     "wasted-effort": 3
    }
   },
   "Naish1": {
    "best_case": {
     "top-1": 0.3366,
     "top-5": 0.7136,
     "top-10": 0.5865,
     "top-200": 0.4701,
     "exam": 2.695902228612509e-05,
     "wasted-effort": 3
    },
    "avg_case": {
     "top-1": 0.3288,
     "top-5": 0.7179,
     "top-10": 0.5819,
     "top-200": 0.4708,
     "exam": 2.695902228612509e-05,
     "wasted-effort": 3
    },
    "worst_case": {
     "top-1": 0.3284,
     "top-5": 0.7123,
     "top-10": 0.5947,
     "top-200": 0.4659,
     "exam": 2.695902228612509e-05,
     "wasted-effort": 3
    }
   },
   "Naish2": {
    "best_case": {
     "top-1": 0.3348,
     "top-5": 0.7119,
     "top-10": 0.5988,
     "top-200": 0.4722,
     "exam": 2.695902228612509e-05,
     "wasted-effort": 3
    },
    "avg_case": {
     "top-1": 0.3318,
     "top-5": 0.7192,
     "top-10": 0.5796,
     "top-200": 0.4648,
     "exam": 2.695902228612509e-05,
     "wasted-effort": 3
    },
    "worst_case": {
     "top-1": 0.333,
     "top-5": 0.712,
     "top-10": 0.5899,
     "top-200": 0.4761,
     "exam": 2.695902228612509e-05,
     "wasted-effort": 3
    }
   },
   "GP13": {
    "best_case": {
     "top-1": 0.334,
     "top-5": 0.7149,
     "top-10": 0.5936,
     "top-200": 0.4719,
     "exam": 2.695902228612509e-05,
     "wasted-effort": 3
    },
    "avg_case": {
     "top-1": 0.3341,
     "top-5": 0.7241,
     "top-10": 0.583,
     "top-200": 0.4692,
     "exam": 2.695902228612509e-05,
     "wasted-effort": 3
    },
    "worst_case": {
     "top-1": 0.3263,
     "top-5": 0.7095,
     "top-10": 0.5785,
     "top-200": 0.4706,
     "exam": 2.695902228612509e-05,
     "wasted-effort": 3
    }
   }
  },
  "line_line": {
   "Tarantula": {
    "best_case": {
     "top-1": 0.3399,
     "top-5": 0.7173,
     "top-10": 0.9018,
     "top-200": 0.4715,
     "exam": 2.695902228612509e-05,
     "wasted-effort": 3
    },
    "avg_case": {
     "top-1": 0.3283,
     "top-5": 0.7119,
     "top-10": 0.9044,
     "top-200": 0.4681,
     "exam": 2.695902228612509e-05,
     "wasted-effort": 3
    },
    "worst_case": {
     "top-1": 0.3252,
     "top-5": 0.7121,
     "top-10": 0.9061,
     "top-200": 0.4679,
     "exam": 2.695902228612509e-05,
     "wasted-effort": 3
    }
   },
   "Ochiai": {
    "best_case": {
     "top-1": 0.3369,
     "top-5": 0.7127,
     "top-10": 0.9078,
     "top-200": 0.4667,
     "exam": 2.695902228612509e-05,
     "wasted-effort": 3
    },
    "avg_case": {
     "top-1": 0.3358,
     "top-5": 0.7132,
     "top-10": 0.9108,
     "top-200": 0.4705,
     "exam": 2.695902228612509e-05,
     "wasted-effort": 3
    },
    "worst_case": {
     "top-1": 0.34,
     "top-5": 0.7107,
     "top-10": 0.9038,
     "top-200": 0.4636,
     "exam": 2.695902228612509e-05,
     "wasted-effort": 3
    }
   },
   "DStar": {
    "best_case": {
     "top-1": 0.3346,
     "top-5": 0.7137,
     "top-10": 0.9093,
     "top-200": 0.4731,
     "exam": 2.695902228612509e-05,
     "wasted-effort": 3
    },
    "avg_case": {
     "top-1": 0.3314,
     "top-5": 0.7202,
     "top-10": 0.912,
     "top-200": 0.4737,
     "exam": 2.695902228612509e-05,
     "wasted-effort": 3
    },
    "worst_case": {
     "top-1": 0.3313,
     "top-5": 0.7114,
     "top-10": 0.9042,
     "top-200": 0.4764,
     "exam": 2.695902228612509e-05,
     "wasted-effort": 3
    }
   },
   "Naish1": {
    "best_case": {
     "top-1": 0.3316,
     "top-5": 0.7247,
     "top-10": 0.9074,
     "top-200": 0.3473,
     "exam": 2.695902228612509e-05,
     "wasted-effort": 3
    },
    "avg_case": {
     "top-1": 0.3395,
     "top-5": 0.7067,
     "top-10": 0.9098,
     "top-200": 0.3497,
     "exam": 2.695902228612509e-05,
     "wasted-effort": 3
    },
    "worst_case": {
     "top-1": 0.3316,
     "top-5": 0.7169,
     "top-10": 0.9085,
     "top-200": 0.3562,
     "exam": 2.695902228612509e-05,
     "wasted-effort": 3
    }
   },
   "Naish2": {
    "best_case": {
     "top-1": 0.338,
     "top-5": 0.7123,
     "top-10": 0.9064,
     "top-200": 0.4736,
     "exam": 2.695902228612509e-05,
     "wasted-effort": 3
    },
    "avg_case": {
     "top-1": 0.3386,
     "top-5": 0.7156,
     "top-10": 0.905,
     "top-200": 0.4732,
     "exam": 2.695902228612509e-05,
     "wasted-effort": 3
    },
    "worst_case": {
     "top-1": 0.335,
     "top-5": 0.717,
     "top-10": 0.9077,
     "top-200": 0.4765,
     "exam": 2.695902228612509e-05,
     "wasted-effort": 3
    }
   },
   "GP13": {
    "best_case": {
     "top-1": 0.3196,
     "top-5": 0.7211,
     "top-10": 0.9122,
     "top-200": 0.4788,
     "exam": 2.695902228612509e-05,
     "wasted-effort": 3
    },
    "avg_case": {
     "top-1": 0.3371,
     "top-5": 0.7093,
     "top-10": 0.9124,
     "top-200": 0.4707,
     "exam": 2.695902228612509e-05,
     "wasted-effort": 3
    },
    "worst_case": {
     "top-1": 0.3352,
     "top-5": 0.7114,
     "top-10": 0.9072,
     "top-200": 0.4816,
     "exam": 2.695902228612509e-05,
     "wasted-effort": 3
    }
   }
  },
  "line_defuse": {
   "Tarantula": {
    "best_case": {
     "top-1": 0.3333,
     "top-5": 0.7223,
     "top-10": 0.587,
     "top-200": 0.469,
     "exam": 2.695902228612509e-05,
     "wasted-effort": 3
    },
    "avg_case": {
     "top-1": 0.3391,
     "top-5": 0.7117,
     "top-10": 0.5812,
     "top-200": 0.4715,
     "exam": 2.695902228612509e-05,
     "wasted-effort": 3
    },
    "worst_case": {
     "top-1": 0.3361,
     "top-5": 0.7154,
     "top-10": 0.5853,
     "top-200": 0.4682,
     "exam": 2.695902228612509e-05,
     "wasted-effort": 3
    }
   },
   "Ochiai": {
    "best_case": {
     "top-1": 0.3385,
     "top-5": 0.7106,
     "top-10": 0.5985,
     "top-200": 0.4739,
     "exam": 2.695902228612509e-05,
     "wasted-effort": 3
    },
    "avg_case": {
     "top-1": 0.3269,
     "top-5": 0.7114,
     "top-10": 0.5885,
     "top-200": 0.4705,
     "exam": 2.695902228612509e-05,
     "wasted-effort": 3
    },
    "worst_case": {
     "top-1": 0.3348,
     "top-5": 0.716,
     "top-10": 0.5893,
     "top-200": 0.4753,
     "exam": 2.695902228612509e-05,
     "wasted-effort": 3
    }
   },
   "DStar": {
    "best_case": {
     "top-1": 0.3379,
     "top-5": 0.7189,
     "top-10": 0.5903,
     "top-200": 0.4718,
     "exam": 2.695902228612509e-05,
     "wasted-effort": 3
    },