{
 "ansible_4": {
  "line": {
   "Tarantula": {
    "best_case": {
     "top-5": 0.5583,
     "top-10": 0.1029,
     "top-200": 0.981,
     "exam": 3.58390825194875e-05,
     "wasted-effort": 4
    },
    "avg_case": {
     "top-5": 0.36939999999997186,
     "top-10": 0.06946666666666623,
     "top-200": 0.9223333333333412,
     "exam": 3.58390825194875e-05,
     "wasted-effort": 4
    },
    "worst_case": {
     "top-5": 0.18216666666665318,
     "top-10": 0.035599999999999764,
     "top-200": 0.7265000000000279,
     "exam": 0.0025535346295134844,
     "wasted-effort": 276
    }
   },
   "Ochiai": {
    "best_case": {
     "top-5": 0.5573,
     "top-10": 0.1,
     "top-200": 0.9781,
     "exam": 3.58390825194875e-05,
     "wasted-effort": 4
    },
    "avg_case": {
     "top-5": 0.36939999999997186,
     "top-10": 0.06996666666666622,
     "top-200": 0.9223666666666721,
     "exam": 3.58390825194875e-05,
     "wasted-effort": 4
    },
    "worst_case": {
     "top-5": 0.1836333333333195,
     "top-10": 0.03426666666666649,
     "top-200": 0.7260000000000266,
     "exam": 0.0025535346295134844,
     "wasted-effort": 276
    }
   },
   "DStar": {
    "best_case": {
     "top-5": 0.5499,
     "top-10": 0.1057,
     "top-200": 0.9793,
     "exam": 3.58390825194875e-05,
     "wasted-effort": 4
    },
    "avg_case": {
     "top-5": 0.37213333333330456,
     "top-10": 0.07133333333333278,
     "top-200": 0.9250333333333393,
     "exam": 3.58390825194875e-05,
     "wasted-effort": 4
    },
    "worst_case": {
     "top-5": 0.18523333333331915,
     "top-10": 0.03493333333333311,
     "top-200": 0.7213000000000253,
     "exam": 0.0025535346295134844,
     "wasted-effort": 276
    }
   }
  },
  "line_line": {
   "Tarantula": {
    "best_case": {
     "top-5": 0.5637,
     "top-10": 0.1,
     "top-200": 0.98,
     "exam": 3.58390825194875e-05,
     "wasted-effort": 4
    },
    "avg_case": {
     "top-5": 0.36433333333330636,
     "top-10": 0.07146666666666612,
     "top-200": 0.9257000000000065,
     "exam": 3.58390825194875e-05,
     "wasted-effort": 4
    },
    "worst_case": {
     "top-5": 0.18143333333332,
     "top-10": 0.03519999999999975,
     "top-200": 0.7255000000000278,
     "exam": 0.0025535346295134844,
     "wasted-effort": 276
    }
   },
   "Ochiai": {
    "best_case": {
     "top-5": 0.5586,
     "top-10": 0.1022,
     "top-200": 0.98,
     "exam": 3.58390825194875e-05,
     "wasted-effort": 4
    },
    "avg_case": {
     "top-5": 0.371666666666638,
     "top-10": 0.06999999999999955,
     "top-200": 0.9266333333333397,
     "exam": 3.58390825194875e-05,
     "wasted-effort": 4
    },
    "worst_case": {
     "top-5": 0.1865999999999855,
     "top-10": 0.03379999999999985,
     "top-200": 0.7213000000000247,
     "exam": 0.0025535346295134844,
     "wasted-effort": 276
    }
   },
   "DStar": {
    "best_case": {
     "top-5": 0.5571,
     "top-10": 0.1087,
     "top-200": 0.9781,
     "exam": 3.58390825194875e-05,
     "wasted-effort": 4
    },
    "avg_case": {
     "top-5": 0.3671999999999723,
     "top-10": 0.0698666666666662,
     "top-200": 0.9270333333333398,
     "exam": 3.58390825194875e-05,
     "wasted-effort": 4
    },
    "worst_case": {
     "top-5": 0.18629999999998556,
     "top-10": 0.036099999999999716,
     "top-200": 0.7245333333333601,
     "exam": 0.0025535346295134844,
     "wasted-effort": 276
    }
   }
  },
  "line_defuse": {
   "Tarantula": {
    "best_case": {
     "top-5": 0.5589,
     "top-10": 0.102,
     "top-200": 0.9793,
     "exam": 3.58390825194875e-05,
     "wasted-effort": 4
    },
    "avg_case": {
     "top-5": 0.3693333333333052,
     "top-10": 0.07083333333333286,
     "top-200": 0.9284666666666707,
     "exam": 3.58390825194875e-05,
     "wasted-effort": 4
    },
    "worst_case": {
     "top-5": 0.18529999999998578,
     "top-10": 0.03836666666666625,
     "top-200": 0.7218000000000283,
     "exam": 0.0025535346295134844,
     "wasted-effort": 276
    }
   },
   "Ochiai": {
    "best_case": {
     "top-5": 0.5564,
     "top-10": 0.1066,
     "top-200": 0.9821,
     "exam": 3.58390825194875e-05,
     "wasted-effort": 4
    },
    "avg_case": {
     "top-5": 0.3691333333333052,
     "top-10": 0.07199999999999944,
     "top-200": 0.9227000000000073,
     "exam": 3.58390825194875e-05,
     "wasted-effort": 4
    },
    "worst_case": {
     "top-5": 0.1867333333333188,
     "top-10": 0.03556666666666639,
     "top-200": 0.7229000000000257,
     "exam": 0.0025535346295134844,
     "wasted-effort": 276
    }
   },
   "DStar": {
    "best_case": {
     "top-5": 0.5528,
     "top-10": 0.1044,
     "top-200": 0.9796,
     "exam": 3.58390825194875e-05,
     "wasted-effort": 4
    },
    "avg_case": {
     "top-5": 0.36979999999997176,
     "top-10": 0.07223333333333275,
     "top-200": 0.9255000000000074,
     "exam": 3.58390825194875e-05,
     "wasted-effort": 4
    },
    "worst_case": {
     "top-5": 0.1847666666666526,
     "top-10": 0.035766666666666384,
     "top-200": 0.7250000000000286,
     "exam": 0.0025535346295134844,
     "wasted-effort": 276
    }
   }
  },
  "line_defuses": {
   "Tarantula": {
    "best_case": {
     "top-5": 0.5506,
     "top-10": 0.1019,
     "top-200": 0.9795,
     "exam": 3.58390825194875e-05,
     "wasted-effort": 4
    },
    "avg_case": {
     "top-5": 0.3631333333333066,
     "top-10": 0.07206666666666611,
     "top-200": 0.9285666666666735,
     "exam": 3.58390825194875e-05,
     "wasted-effort": 4
    },
    "worst_case": {
     "top-5": 0.18733333333331867,
     "top-10": 0.035566666666666406,
     "top-200": 0.7263333333333578,
     "exam": 0.0025535346295134844,
     "wasted-effort": 276
    }
   },
   "Ochiai": {
    "best_case": {
     "top-5": 0.5668,
     "top-10": 0.1055,
     "top-200": 0.9788,
     "exam": 3.58390825194875e-05,
     "wasted-effort": 4
    },
    "avg_case": {
     "top-5": 0.3681999999999721,
     "top-10": 0.07169999999999946,
     "top-200": 0.9253000000000063,
     "exam": 3.58390825194875e-05,
     "wasted-effort": 4
    },
    "worst_case": {
     "top-5": 0.18936666666665153,
     "top-10": 0.037066666666666324,
     "top-200": 0.7219333333333595,
     "exam": 0.0025535346295134844,
     "wasted-effort": 276
    }
   },
   "DStar": {
    "best_case": {
     "top-5": 0.5535,
     "top-10": 0.1081,
     "top-200": 0.9799,
     "exam": 3.58390825194875e-05,
     "wasted-effort": 4
    },
    "avg_case": {
     "top-5": 0.3665999999999725,
     "top-10": 0.07179999999999943,
     "top-200": 0.9257666666666723,
     "exam": 3.58390825194875e-05,
     "wasted-effort": 4
    },
    "worst_case": {
     "top-5": 0.18209999999998652,
     "top-10": 0.03729999999999967,
     "top-200": 0.7252666666666943,
     "exam": 0.0025535346295134844,
     "wasted-effort": 276
    }
   }
  },
  "line_assert_use": {
   "Tarantula": {
    "best_case": {
     "top-5": 0.5606,
     "top-10": 0.1105,
     "top-200": 0.9791,
     "exam": 3.58390825194875e-05,
     "wasted-effort": 4
    },
    "avg_case": {
     "top-5": 0.36693333333330574,
     "top-10": 0.07113333333333278,
     "top-200": 0.9255000000000076,
     "exam": 3.58390825194875e-05,
     "wasted-effort": 4
    },
    "worst_case": {
     "top-5": 0.18336666666665288,
     "top-10": 0.0360999999999997,
     "top-200": 0.7206666666666931,
     "exam": 0.0025535346295134844,
     "wasted-effort": 276
    }
   },
   "Ochiai": {
    "best_case": {
     "top-5": 0.5536,
     "top-10": 0.1058,
     "top-200": 0.9772,
     "exam": 3.58390825194875e-05,
     "wasted-effort": 4
    },
    "avg_case": {
     "top-5": 0.37159999999997134,
     "top-10": 0.07039999999999952,
     "top-200": 0.9269666666666728,
     "exam": 3.58390825194875e-05,
     "wasted-effort": 4
    },
    "worst_case": {
     "top-5": 0.18373333333331948,
     "top-10": 0.035133333333333114,
     "top-200": 0.7257666666666918,
     "exam": 0.0025535346295134844,
     "wasted-effort": 276
    }
   },