{
 "ansible_16": {
  "line": {
   "Tarantula": {
    "best_case": {
     "top-1": 0.0006,
     "top-5": 0.0044,
     "top-10": 0.0081,
     "top-200": 0.1756,
     "exam": 0.0008881593198962129,
     "wasted-effort": 1107
    },
    "avg_case": {
     "top-1": 0.001,
     "top-5": 0.0044,
     "top-10": 0.0097,
     "top-200": 0.1783,
     "exam": 0.0008881593198962129,
     "wasted-effort": 1107
    },
    "worst_case": {
     "top-1": 0.00025,
     "top-5": 0.00315,
     "top-10": 0.0054,
     "top-200": 0.08945,
     "exam": 0.5008881593198962,
     "wasted-effort": 623199
    }
   },
   "Ochiai": {
    "best_case": {
     "top-1": 0.0006,
     "top-5": 0.005,
     "top-10": 0.0081,
     "top-200": 0.1801,
     "exam": 0.0008881593198962129,
     "wasted-effort": 1107
    },
    "avg_case": {
     "top-1": 0.0009,
     "top-5": 0.0044,
     "top-10": 0.0083,
     "top-200": 0.1727,
     "exam": 0.0008881593198962129,
     "wasted-effort": 1107
    },
    "worst_case": {
     "top-1": 0.00015,
     "top-5": 0.0017,
     "top-10": 0.00405,
     "top-200": 0.0901,
     "exam": 0.5008881593198962,
     "wasted-effort": 623199
    }
   },
   "DStar": {
    "best_case": {
     "top-1": 0.0003,
     "top-5": 0.0042,
     "top-10": 0.0109,
     "top-200": 0.1761,
     "exam": 0.0008881593198962129,
     "wasted-effort": 1107
    },
    "avg_case": {
     "top-1": 0.0007,
     "top-5": 0.0038,
     "top-10": 0.009,
     "top-200": 0.1813,
     "exam": 0.0008881593198962129,
     "wasted-effort": 1107
    },
    "worst_case": {
     "top-1": 0.0007,
     "top-5": 0.0021,
     "top-10": 0.00395,
     "top-200": 0.0908,
     "exam": 0.5008881593198962,
     "wasted-effort": 623199
    }
   },
   "Naish2": {
    "best_case": {
     "top-1": 0.0,
     "top-5": 0.0,
     "top-10": 0.0,
     "top-200": 0.1825,
     "exam": 0.0002126126646544683,
     "wasted-effort": 171
    },
    "avg_case": {
     "top-1": 0.0,
     "top-5": 0.0,
     "top-10": 0.0,
     "top-200": 0.1808,
     "exam": 0.0002126126646544683,
     "wasted-effort": 171
    },
    "worst_case": {
     "top-1": 0.0,
     "top-5": 0.0,
     "top-10": 0.0,
     "top-200": 0.08675,
     "exam": 0.5008881593198962,
     "wasted-effort": 623199
    }
   },
   "GP13": {
    "best_case": {
     "top-1": 0.0009,
     "top-5": 0.004,
     "top-10": 0.0092,
     "top-200": 0.1786,
     "exam": 0.0008881593198962129,
     "wasted-effort": 1107
    },
    "avg_case": {
     "top-1": 0.0012,
     "top-5": 0.0051,
     "top-10": 0.0078,
     "top-200": 0.1803,
     "exam": 0.0008881593198962129,
     "wasted-effort": 1107
    },
    "worst_case": {
     "top-1": 0.00025,
     "top-5": 0.00265,
     "top-10": 0.00415,
     "top-200": 0.0903,
     "exam": 0.5008881593198962,
     "wasted-effort": 623199
    }
   }
  },
  "line_line": {
   "Tarantula": {
    "best_case": {
     "top-1": 0.001,
     "top-5": 0.0047,
     "top-10": 0.0081,
     "top-200": 0.1835,
     "exam": 0.0008881593198962129,
     "wasted-effort": 1107
    },
    "avg_case": {
     "top-1": 0.0011,
     "top-5": 0.0047,
     "top-10": 0.008,
     "top-200": 0.1813,
     "exam": 0.0008881593198962129,
     "wasted-effort": 1107
    },
    "worst_case": {
     "top-1": 0.00045,
     "top-5": 0.00245,
     "top-10": 0.0045,
     "top-200": 0.0891,
     "exam": 0.5008881593198962,
     "wasted-effort": 623199
    }
   },
   "Ochiai": {
    "best_case": {
     "top-1": 0.0014,
     "top-5": 0.0058,
     "top-10": 0.0092,
     "top-200": 0.1828,
     "exam": 0.0008881593198962129,
     "wasted-effort": 1107
    },
    "avg_case": {
     "top-1": 0.0003,
     "top-5": 0.0035,
     "top-10": 0.0092,
     "top-200": 0.1863,
     "exam": 0.0008881593198962129,
     "wasted-effort": 1107
    },
    "worst_case": {
     "top-1": 0.00045,
     "top-5": 0.0019,
     "top-10": 0.00435,
     "top-200": 0.09065,
     "exam": 0.5008881593198962,
     "wasted-effort": 623199
    }
   },
   "DStar": {
    "best_case": {
     "top-1": 0.0016,
     "top-5": 0.0047,
     "top-10": 0.0084,
     "top-200": 0.1822,
     "exam": 0.0008881593198962129,
     "wasted-effort": 1107
    },
    "avg_case": {
     "top-1": 0.0007,
     "top-5": 0.004,
     "top-10": 0.0097,
     "top-200": 0.1815,
     "exam": 0.0008881593198962129,
     "wasted-effort": 1107
    },
    "worst_case": {
     "top-1": 0.0003,
     "top-5": 0.0028,
     "top-10": 0.0051,
     "top-200": 0.08795,
     "exam": 0.5008881593198962,
     "wasted-effort": 623199
    }
   },
   "Naish2": {
    "best_case": {
     "top-1": 0.0011,
     "top-5": 0.0047,
     "top-10": 0.0087,
     "top-200": 0.183,
     "exam": 0.0008881593198962129,
     "wasted-effort": 1107
    },
    "avg_case": {
     "top-1": 0.0009,
     "top-5": 0.0043,
     "top-10": 0.0072,
     "top-200": 0.1879,
     "exam": 0.0008881593198962129,
     "wasted-effort": 1107
    },
    "worst_case": {
     "top-1": 0.00035,
     "top-5": 0.00225,
     "top-10": 0.00505,
     "top-200": 0.09115,
     "exam": 0.5008881593198962,
     "wasted-effort": 623199
    }
   },
   "GP13": {
    "best_case": {
     "top-1": 0.0009,
     "top-5": 0.004,
     "top-10": 0.0102,
     "top-200": 0.1845,
     "exam": 0.0008881593198962129,
     "wasted-effort": 1107
    },
    "avg_case": {
     "top-1": 0.0013,
     "top-5": 0.0033,
     "top-10": 0.0078,
     "top-200": 0.1772,
     "exam": 0.0008881593198962129,
     "wasted-effort": 1107
    },
    "worst_case": {
     "top-1": 0.00055,
     "top-5": 0.00245,
     "top-10": 0.005,
     "top-200": 0.08695,
     "exam": 0.5008881593198962,
     "wasted-effort": 623199
    }
   }
  },
  "line_defuse": {
   "Tarantula": {
    "best_case": {
     "top-1": 0.0005,
     "top-5": 0.0048,
     "top-10": 0.0105,
     "top-200": 0.1823,
     "exam": 0.0008881593198962129,
     "wasted-effort": 1107
    },
    "avg_case": {
     "top-1": 0.0005,
     "top-5": 0.0069,
     "top-10": 0.0078,
     "top-200": 0.1798,
     "exam": 0.0008881593198962129,
     "wasted-effort": 1107
    },
    "worst_case": {
     "top-1": 0.00035,
     "top-5": 0.0025,
     "top-10": 0.00495,
     "top-200": 0.0901,
     "exam": 0.5008881593198962,
     "wasted-effort": 623199
    }
   },
   "Ochiai": {
    "best_case": {
     "top-1": 0.0009,
     "top-5": 0.0049,
     "top-10": 0.0086,
     "top-200": 0.1785,
     "exam": 0.0008881593198962129,
     "wasted-effort": 1107
    },
    "avg_case": {
     "top-1": 0.0007,
     "top-5": 0.0048,
     "top-10": 0.0079,
     "top-200": 0.1823,
     "exam": 0.0008881593198962129,
     "wasted-effort": 1107
    },
    "worst_case": {
     "top-1": 0.0004,
     "top-5": 0.00195,
     "top-10": 0.00485,
     "top-200": 0.09085,
     "exam": 0.5008881593198962,
     "wasted-effort": 623199
    }
   },
   "DStar": {
    "best_case": {
     "top-1": 0.0008,
     "top-5": 0.0051,
     "top-10": 0.0104,
     "top-200": 0.177,
     "exam": 0.0008881593198962129,
     "wasted-effort": 1107
    },
    "avg_case": {
     "top-1": 0.0002,
     "top-5": 0.0035,
     "top-10": 0.0098,
     "top-200": 0.1777,
     "exam": 0.0008881593198962129,
     "wasted-effort": 1107
    },
    "worst_case": {
     "top-1": 0.0005,
     "top-5": 0.0024,
     "top-10": 0.00515,
     "top-200": 0.0913,
     "exam": 0.5008881593198962,
     "wasted-effort": 623199
    }
   },
   "Naish2": {
    "best_case": {
     "top-1": 0.0007,
     "top-5": 0.0048,
     "top-10": 0.0083,
     "top-200": 0.1905,
     "exam": 0.0008881593198962129,
     "wasted-effort": 1107
    },
    "avg_case": {
     "top-1": 0.0011,
     "top-5": 0.0039,
     "top-10": 0.0078,
     "top-200": 0.1796,
     "exam": 0.0008881593198962129,
     "wasted-effort": 1107
    },
    "worst_case": {
     "top-1": 0.00055,
     "top-5": 0.00215,
     "top-10": 0.0049,
     "top-200": 0.09075,
     "exam": 0.5008881593198962,
     "wasted-effort": 623199
    }
   },
   "GP13": {
    "best_case": {
     "top-1": 0.0011,
     "top-5": 0.0041,
     "top-10": 0.0089,