{
 "ansible_14": {
  "line": {
   "Tarantula": {
    "best_case": {
     "top-1": 0.0255,
     "top-5": 0.1273,
     "top-10": 0.2553,
     "top-200": 0.8605,
     "exam": 2.6925148088314486e-05,
     "wasted-effort": 38
    },
    "avg_case": {
     "top-1": 0.01040000000000004,
     "top-5": 0.05287999999999871,
     "top-10": 0.10671999999999687,
     "top-200": 0.3400400000000499,
     "exam": 0.5001658022277017,
     "wasted-effort": 705660
    },
    "worst_case": {
     "top-1": 0.004840000000000014,
     "top-5": 0.025739999999999395,
     "top-10": 0.05127999999999796,
     "top-200": 0.16996000000002492,
     "exam": 0.5001658022277017,
     "wasted-effort": 705660
    }
   },
   "Ochiai": {
    "best_case": {
     "top-1": 0.023,
     "top-5": 0.1281,
     "top-10": 0.2628,
     "top-200": 0.8499,
     "exam": 2.6925148088314486e-05,
     "wasted-effort": 38
    },
    "avg_case": {
     "top-1": 0.009320000000000024,
     "top-5": 0.050239999999998855,
     "top-10": 0.10791999999999714,
     "top-200": 0.34036000000004996,
     "exam": 0.5001658022277017,
     "wasted-effort": 705660
    },
    "worst_case": {
     "top-1": 0.005240000000000021,
     "top-5": 0.026779999999999336,
     "top-10": 0.053619999999998495,
     "top-200": 0.1716800000000253,
     "exam": 0.5001658022277017,
     "wasted-effort": 705660
    }
   },
   "DStar": {
    "best_case": {
     "top-1": 0.0257,
     "top-5": 0.1306,
     "top-10": 0.2639,
     "top-200": 0.8534,
     "exam": 2.6925148088314486e-05,
     "wasted-effort": 38
    },
    "avg_case": {
     "top-1": 0.010040000000000035,
     "top-5": 0.05199999999999876,
     "top-10": 0.10275999999999597,
     "top-200": 0.3417600000000503,
     "exam": 0.5001658022277017,
     "wasted-effort": 705660
    },
    "worst_case": {
     "top-1": 0.005140000000000019,
     "top-5": 0.026719999999999338,
     "top-10": 0.05345999999999845,
     "top-200": 0.17140000000002525,
     "exam": 0.5001658022277017,
     "wasted-effort": 705660
    }
   },
   "Naish2": {
    "best_case": {
     "top-1": 0.0266,
     "top-5": 0.1366,
     "top-10": 0.2561,
     "top-200": 0.9902,
     "exam": 2.6925148088314486e-05,
     "wasted-effort": 38
    },
    "avg_case": {
     "top-1": 0.010200000000000037,
     "top-5": 0.051719999999998774,
     "top-10": 0.10431999999999632,
     "top-200": 0.3960400000000626,
     "exam": 0.5001658022277017,
     "wasted-effort": 705660
    },
    "worst_case": {
     "top-1": 0.005260000000000021,
     "top-5": 0.025699999999999397,
     "top-10": 0.052319999999998194,
     "top-200": 0.19770000000003124,
     "exam": 0.5001658022277017,
     "wasted-effort": 705660
    }
   },
   "GP13": {
    "best_case": {
     "top-1": 0.0277,
     "top-5": 0.1345,
     "top-10": 0.2657,
     "top-200": 0.8589,
     "exam": 2.6925148088314486e-05,
     "wasted-effort": 38
    },
    "avg_case": {
     "top-1": 0.01116000000000005,
     "top-5": 0.052599999999998724,
     "top-10": 0.1069199999999969,
     "top-200": 0.34196000000005033,
     "exam": 0.5001658022277017,
     "wasted-effort": 705660
    },
    "worst_case": {
     "top-1": 0.005780000000000028,
     "top-5": 0.02621999999999937,
     "top-10": 0.05333999999999843,
     "top-200": 0.17010000000002495,
     "exam": 0.5001658022277017,
     "wasted-effort": 705660
    }
   }
  },
  "line_line": {
   "Tarantula": {
    "best_case": {
     "top-1": 0.0,
     "top-5": 0.0,
     "top-10": 0.0,
     "top-200": 0.857,
     "exam": 3.684493948927245e-05,
     "wasted-effort": 38
    },
    "avg_case": {
     "top-1": 0.0,
     "top-5": 0.0,
     "top-10": 0.0,
     "top-200": 0.3432400000000506,
     "exam": 0.5001658022277017,
     "wasted-effort": 705660
    },
    "worst_case": {
     "top-1": 0.0,
     "top-5": 0.0,
     "top-10": 0.0,
     "top-200": 0.17090000000002514,
     "exam": 0.5001658022277017,
     "wasted-effort": 705660
    }
   },
   "Ochiai": {
    "best_case": {
     "top-1": 0.0,
     "top-5": 0.0,
     "top-10": 0.0,
     "top-200": 0.8553,
     "exam": 3.684493948927245e-05,
     "wasted-effort": 38
    },
    "avg_case": {
     "top-1": 0.0,
     "top-5": 0.0,
     "top-10": 0.0,
     "top-200": 0.3400400000000499,
     "exam": 0.5001658022277017,
     "wasted-effort": 705660
    },
    "worst_case": {
     "top-1": 0.0,
     "top-5": 0.0,
     "top-10": 0.0,
     "top-200": 0.17086000000002513,
     "exam": 0.5001658022277017,
     "wasted-effort": 705660
    }
   },
   "DStar": {
    "best_case": {
     "top-1": 0.0,
     "top-5": 0.0,
     "top-10": 0.0,
     "top-200": 0.8512,
     "exam": 3.684493948927245e-05,
     "wasted-effort": 38
    },
    "avg_case": {
     "top-1": 0.0,
     "top-5": 0.0,
     "top-10": 0.0,
     "top-200": 0.34156000000005027,
     "exam": 0.5001658022277017,
     "wasted-effort": 705660
    },
    "worst_case": {
     "top-1": 0.0,
     "top-5": 0.0,
     "top-10": 0.0,
     "top-200": 0.17094000000002516,
     "exam": 0.5001658022277017,
     "wasted-effort": 705660
    }
   },
   "Naish2": {
    "best_case": {
     "top-1": 0.0,
     "top-5": 0.0,
     "top-10": 0.0,
     "top-200": 0.8585,
     "exam": 3.684493948927245e-05,
     "wasted-effort": 38
    },
    "avg_case": {
     "top-1": 0.0,
     "top-5": 0.0,
     "top-10": 0.0,
     "top-200": 0.3413200000000502,
     "exam": 0.5001658022277017,
     "wasted-effort": 705660
    },
    "worst_case": {
     "top-1": 0.0,
     "top-5": 0.0,
     "top-10": 0.0,
     "top-200": 0.17144000000002527,
     "exam": 0.5001658022277017,
     "wasted-effort": 705660
    }
   },
   "GP13": {
    "best_case": {
     "top-1": 0.0,
     "top-5": 0.0,
     "top-10": 0.0,
     "top-200": 0.8503,
     "exam": 3.684493948927245e-05,
     "wasted-effort": 38
    },
    "avg_case": {
     "top-1": 0.0,
     "top-5": 0.0,
     "top-10": 0.0,
     "top-200": 0.3399600000000499,
     "exam": 0.5001658022277017,
     "wasted-effort": 705660
    },
    "worst_case": {
     "top-1": 0.0,
     "top-5": 0.0,
     "top-10": 0.0,
     "top-200": 0.17170000000002533,
     "exam": 0.5001658022277017,
     "wasted-effort": 705660
    }
   }
  },
  "line_defuse": {
   "Tarantula": {
    "best_case": {
     "top-1": 0.0,
     "top-5": 0.0,
     "top-10": 0.0,
     "top-200": 0.8514,
     "exam": 3.684493948927245e-05,
     "wasted-effort": 38
    },
    "avg_case": {
     "top-1": 0.0,
     "top-5": 0.0,
     "top-10": 0.0,
     "top-200": 0.34284000000005055,
     "exam": 0.5001658022277017,
     "wasted-effort": 705660
    },
    "worst_case": {
     "top-1": 0.0,
     "top-5": 0.0,
     "top-10": 0.0,
     "top-200": 0.1711000000000252,
     "exam": 0.5001658022277017,
     "wasted-effort": 705660
    }
   },
   "Ochiai": {
    "best_case": {
     "top-1": 0.0,
     "top-5": 0.0,
     "top-10": 0.0,
     "top-200": 0.8567,
     "exam": 3.684493948927245e-05,
     "wasted-effort": 38
    },
    "avg_case": {
     "top-1": 0.0,
     "top-5": 0.0,
     "top-10": 0.0,
     "top-200": 0.3437200000000507,
     "exam": 0.5001658022277017,
     "wasted-effort": 705660
    },
    "worst_case": {
     "top-1": 0.0,
     "top-5": 0.0,
     "top-10": 0.0,
     "top-200": 0.17136000000002524,
     "exam": 0.5001658022277017,
     "wasted-effort": 705660
    }
   },
   "DStar": {
    "best_case": {
     "top-1": 0.0,
     "top-5": 0.0,
     "top-10": 0.0,
     "top-200": 0.8593,
     "exam": 3.684493948927245e-05,
     "wasted-effort": 38
    },
    "avg_case": {
     "top-1": 0.0,
     "top-5": 0.0,
     "top-10": 0.0,
     "top-200": 0.33932000000004975,
     "exam": 0.5001658022277017,
     "wasted-effort": 705660
    },
    "worst_case": {
     "top-1": 0.0,
     "top-5": 0.0,
     "top-10": 0.0,
     "top-200": 0.1711600000000252,
     "exam": 0.5001658022277017,
     "wasted-effort": 705660
    }
   },
   "Naish2": {
    "best_case": {
     "top-1": 0.0,
     "top-5": 0.0,
     "top-10": 0.0,
     "top-200": 0.8558,
     "exam": 3.684493948927245e-05,