{
 "black_12": {
  "line": {
   "Tarantula": {
    "best_case": {
     "top-1": 0,
     "top-5": 0.0,
     "top-10": 0.0,
     "top-200": 0.9978,
     "exam": 0.03574950690335306,
     "wasted-effort": 178
    },
    "avg_case": {
     "top-1": 0.0,
     "top-5": 0.0,
     "top-10": 0.0,
     "top-200": 0.474675,
     "exam": 0.05276134122287968,
     "wasted-effort": 217
    },
    "worst_case": {
     "top-1": 0.0,
     "top-5": 0.0,
     "top-10": 0.0,
     "top-200": 0.237125,
     "exam": 0.23323471400394477,
     "wasted-effort": 1009
    }
   },
   "Ochiai": {
    "best_case": {
     "top-1": 0,
     "top-5": 0.0,
     "top-10": 0.0,
     "top-200": 1.0,
     "exam": 0.01775147928994083,
     "wasted-effort": 75
    },
    "avg_case": {
     "top-1": 0.0,
     "top-5": 0.0,
     "top-10": 0.0,
     "top-200": 0.956825,
     "exam": 0.038461538461538464,
     "wasted-effort": 189
    },
    "worst_case": {
     "top-1": 0.0,
     "top-5": 0.0,
     "top-10": 0.0,
     "top-200": 0.4793125,
     "exam": 0.1957593688362919,
     "wasted-effort": 857
    }
   },
   "DStar": {
    "best_case": {
     "top-1": 0,
     "top-5": 0.0,
     "top-10": 0.0,
     "top-200": 1.0,
     "exam": 0.015285996055226824,
     "wasted-effort": 65
    },
    "avg_case": {
     "top-1": 0.0,
     "top-5": 0.0,
     "top-10": 0.0,
     "top-200": 0.948725,
     "exam": 0.038708086785009865,
     "wasted-effort": 191
    },
    "worst_case": {
     "top-1": 0.0,
     "top-5": 0.0,
     "top-10": 0.0,
     "top-200": 0.474975,
     "exam": 0.1940335305719921,
     "wasted-effort": 850
    }
   },
   "Naish1": {
    "best_case": {
     "top-1": 0.0,
     "top-5": 0.8358,
     "top-10": 0.9846,
     "top-200": 0.9988,
     "exam": 0.0014792899408284023,
     "wasted-effort": 9
    },
    "avg_case": {
     "top-1": 0.0,
     "top-5": 0.27755,
     "top-10": 0.41815,
     "top-200": 0.810775,
     "exam": 0.03944773175542406,
     "wasted-effort": 182
    },
    "worst_case": {
     "top-1": 0.0,
     "top-5": 0.1377625,
     "top-10": 0.2085125,
     "top-200": 0.406175,
     "exam": 0.23927514792899407,
     "wasted-effort": 1551
    }
   },
   "Naish2": {
    "best_case": {
     "top-1": 0.0,
     "top-5": 0.8291,
     "top-10": 0.9852,
     "top-200": 0.9985,
     "exam": 0.0014792899408284023,
     "wasted-effort": 9
    },
    "avg_case": {
     "top-1": 0.0,
     "top-5": 0.277225,
     "top-10": 0.415025,
     "top-200": 0.815225,
     "exam": 0.03944773175542406,
     "wasted-effort": 182
    },
    "worst_case": {
     "top-1": 0.0,
     "top-5": 0.1394375,
     "top-10": 0.20865,
     "top-200": 0.4064375,
     "exam": 0.13165680473372782,
     "wasted-effort": 567
    }
   },
   "GP13": {
    "best_case": {
     "top-1": 0.0,
     "top-5": 0.8237,
     "top-10": 0.9861,
     "top-200": 0.9986,
     "exam": 0.0014792899408284023,
     "wasted-effort": 9
    },
    "avg_case": {
     "top-1": 0.0,
     "top-5": 0.27485,
     "top-10": 0.4154,
     "top-200": 0.80645,
     "exam": 0.03944773175542406,
     "wasted-effort": 182
    },
    "worst_case": {
     "top-1": 0.0,
     "top-5": 0.1386875,
     "top-10": 0.207675,
     "top-200": 0.40345,
     "exam": 0.13165680473372782,
     "wasted-effort": 567
    }
   }
  },
  "line_line": {
   "Tarantula": {
    "best_case": {
     "top-1": 0,
     "top-5": 0.0,
     "top-10": 0.0,
     "top-200": 0.9979,
     "exam": 0.03574950690335306,
     "wasted-effort": 178
    },
    "avg_case": {
     "top-1": 0.0,
     "top-5": 0.0,
     "top-10": 0.0,
     "top-200": 0.47625,
     "exam": 0.05276134122287968,
     "wasted-effort": 217
    },
    "worst_case": {
     "top-1": 0.0,
     "top-5": 0.0,
     "top-10": 0.0,
     "top-200": 0.2380625,
     "exam": 0.23348126232741617,
     "wasted-effort": 1010
    }
   },
   "Ochiai": {
    "best_case": {
     "top-1": 0,
     "top-5": 0.0,
     "top-10": 0.0,
     "top-200": 1.0,
     "exam": 0.01775147928994083,
     "wasted-effort": 75
    },
    "avg_case": {
     "top-1": 0.0,
     "top-5": 0.0,
     "top-10": 0.0,
     "top-200": 0.9558,
     "exam": 0.038461538461538464,
     "wasted-effort": 189
    },
    "worst_case": {
     "top-1": 0.0,
     "top-5": 0.0,
     "top-10": 0.0,
     "top-200": 0.4779375,
     "exam": 0.23348126232741617,
     "wasted-effort": 1010
    }
   },
   "DStar": {
    "best_case": {
     "top-1": 0,
     "top-5": 0.0,
     "top-10": 0.0,
     "top-200": 1.0,
     "exam": 0.015285996055226824,
     "wasted-effort": 65
    },
    "avg_case": {
     "top-1": 0.0,
     "top-5": 0.0,
     "top-10": 0.0,
     "top-200": 0.94745,
     "exam": 0.038461538461538464,
     "wasted-effort": 189
    },
    "worst_case": {
     "top-1": 0.0,
     "top-5": 0.0,
     "top-10": 0.0,
     "top-200": 0.47395,
     "exam": 0.23348126232741617,
     "wasted-effort": 1010
    }
   },
   "Naish1": {
    "best_case": {
     "top-1": 0.0,
     "top-5": 0.8365,
     "top-10": 0.984,
     "top-200": 0.9991,
     "exam": 0.0014792899408284023,
     "wasted-effort": 9
    },
    "avg_case": {
     "top-1": 0.0,
     "top-5": 0.27515,
     "top-10": 0.41655,
     "top-200": 0.8088,
     "exam": 0.03944773175542406,
     "wasted-effort": 182
    },
    "worst_case": {
     "top-1": 0.0,
     "top-5": 0.139075,
     "top-10": 0.2078625,
     "top-200": 0.4035375,
     "exam": 0.3176775147928994,
     "wasted-effort": 1536
    }
   },
   "Naish2": {
    "best_case": {
     "top-1": 0.0,
     "top-5": 0.8293,
     "top-10": 0.9863,
     "top-200": 0.999,
     "exam": 0.0014792899408284023,
     "wasted-effort": 9
    },
    "avg_case": {
     "top-1": 0.0,
     "top-5": 0.279675,
     "top-10": 0.414725,
     "top-200": 0.808275,
     "exam": 0.03944773175542406,
     "wasted-effort": 182
    },
    "worst_case": {
     "top-1": 0.0,
     "top-5": 0.1374375,
     "top-10": 0.207275,
     "top-200": 0.4056,
     "exam": 0.23348126232741617,
     "wasted-effort": 1010
    }
   },
   "GP13": {
    "best_case": {
     "top-1": 0.0,
     "top-5": 0.8332,
     "top-10": 0.9836,
     "top-200": 0.9985,
     "exam": 0.0014792899408284023,
     "wasted-effort": 9
    },
    "avg_case": {
     "top-1": 0.0,
     "top-5": 0.276875,
     "top-10": 0.41805,
     "top-200": 0.79565,
     "exam": 0.04043392504930966,
     "wasted-effort": 186
    },
    "worst_case": {
     "top-1": 0.0,
     "top-5": 0.1392375,
     "top-10": 0.2092,
     "top-200": 0.3982375,
     "exam": 0.23348126232741617,
     "wasted-effort": 1010
    }
   }
  },
  "line_defuse": {
   "Tarantula": {
    "best_case": {
     "top-1": 0,
     "top-5": 0.0,
     "top-10": 0.0,
     "top-200": 0.9988,
     "exam": 0.03574950690335306,
     "wasted-effort": 178
    },
    "avg_case": {
     "top-1": 0.0,
     "top-5": 0.0,
     "top-10": 0.0,
     "top-200": 0.4764,
     "exam": 0.05276134122287968,
     "wasted-effort": 217
    },
    "worst_case": {
     "top-1": 0.0,
     "top-5": 0.0,
     "top-10": 0.0,
     "top-200": 0.2377125,
     "exam": 0.23348126232741617,
     "wasted-effort": 1010
    }
   },
   "Ochiai": {
    "best_case": {
     "top-1": 0,
     "top-5": 0.0,
     "top-10": 0.0,
     "top-200": 1.0,
     "exam": 0.01775147928994083,
     "wasted-effort": 75
    },
    "avg_case": {
     "top-1": 0.0,
     "top-5": 0.0,
     "top-10": 0.0,
     "top-200": 0.9564,
     "exam": 0.038461538461538464,
     "wasted-effort": 189
    },
    "worst_case": {
     "top-1": 0.0,
     "top-5": 0.0,
     "top-10": 0.0,
     "top-200": 0.4783375,
     "exam": 0.23348126232741617,
     "wasted-effort": 1010
    }
   },
   "DStar": {
    "best_case": {
     "top-1": 0,
     "top-5": 0.0,
     "top-10": 0.0,
     "top-200": 1.0,
     "exam": 0.015285996055226824,
     "wasted-effort": 65
    },
    "avg_case": {
     "top-1": 0.0,
     "top-5": 0.0,
     "top-10": 0.0,
     "top-200": 0.948,
     "exam": 0.038461538461538464,
     "wasted-effort": 189
    },
    "worst_case": {
     "top-1": 0.0,
     "top-5": 0.0,