{
 "black_12": {
  "line": {
   "Tarantula": {
    "best_case": {
     "top-1": 0,
     "top-5": 0.0,
     "top-10": 0.0,
     "top-200": 0,
     "exam": 0.05029585798816568,
     "wasted-effort": 208
    },
    "avg_case": {
     "top-1": 0.0,
     "top-5": 0.0,
     "top-10": 0.0,
     "top-200": 0.0,
     "exam": 0.057445759368836294,
     "wasted-effort": 236
    },
    "worst_case": {
     "top-1": 0.0,
     "top-5": 0.0,
     "top-10": 0.0,
     "top-200": 0.0,
     "exam": 0.21770216962524655,
     "wasted-effort": 887
    }
   },
   "Ochiai": {
    "best_case": {
     "top-1": 0,
     "top-5": 0.0,
     "top-10": 0.0,
     "top-200": 1.0,
     "exam": 0.021942800788954636,
     "wasted-effort": 92
    },
    "avg_case": {
     "top-1": 0.0,
     "top-5": 0.0,
     "top-10": 0.0,
     "top-200": 0.97535,
     "exam": 0.046351084812623275,
     "wasted-effort": 192
    },
    "worst_case": {
     "top-1": 0.0,
     "top-5": 0.0,
     "top-10": 0.0,
     "top-200": 0.4872875,
     "exam": 0.19773175542406313,
     "wasted-effort": 806
    }
   },
   "DStar": {
    "best_case": {
     "top-1": 0,
     "top-5": 0.0,
     "top-10": 0.0,
     "top-200": 1.0,
     "exam": 0.008875739644970414,
     "wasted-effort": 39
    },
    "avg_case": {
     "top-1": 0.0,
     "top-5": 0.0,
     "top-10": 0.0,
     "top-200": 0.9572,
     "exam": 0.02514792899408284,
     "wasted-effort": 106
    },
    "worst_case": {
     "top-1": 0.0,
     "top-5": 0.0,
     "top-10": 0.0,
     "top-200": 0.4783375,
     "exam": 0.1952662721893491,
     "wasted-effort": 796
    }
   },
   "Naish1": {
    "best_case": {
     "top-1": 0,
     "top-5": 0.0,
     "top-10": 0.9286,
     "top-200": 1,
     "exam": 0.0027120315581854043,
     "wasted-effort": 14
    },
    "avg_case": {
     "top-1": 0.0,
     "top-5": 0.0,
     "top-10": 0.356825,
     "top-200": 0.75,
     "exam": 0.0669378698224852,
     "wasted-effort": 334
    },
    "worst_case": {
     "top-1": 0.0,
     "top-5": 0.0,
     "top-10": 0.1784,
     "top-200": 0.375,
     "exam": 0.23249506903353057,
     "wasted-effort": 1551
    }
   },
   "Naish2": {
    "best_case": {
     "top-1": 0,
     "top-5": 0.0,
     "top-10": 0.933,
     "top-200": 1,
     "exam": 0.0027120315581854043,
     "wasted-effort": 14
    },
    "avg_case": {
     "top-1": 0.0,
     "top-5": 0.0,
     "top-10": 0.358725,
     "top-200": 0.75,
     "exam": 0.0669378698224852,
     "wasted-effort": 334
    },
    "worst_case": {
     "top-1": 0.0,
     "top-5": 0.0,
     "top-10": 0.17815,
     "top-200": 0.375,
     "exam": 0.1252465483234714,
     "wasted-effort": 512
    }
   },
   "GP13": {
    "best_case": {
     "top-1": 0,
     "top-5": 0.0,
     "top-10": 0.9335,
     "top-200": 1,
     "exam": 0.0027120315581854043,
     "wasted-effort": 14
    },
    "avg_case": {
     "top-1": 0.0,
     "top-5": 0.0,
     "top-10": 0.359125,
     "top-200": 0.75,
     "exam": 0.0669378698224852,
     "wasted-effort": 334
    },
    "worst_case": {
     "top-1": 0.0,
     "top-5": 0.0,
     "top-10": 0.1796,
     "top-200": 0.375,
     "exam": 0.131163708086785,
     "wasted-effort": 536
    }
   }
  },
  "line_line": {
   "Tarantula": {
    "best_case": {
     "top-1": 0,
     "top-5": 0.0,
     "top-10": 0.0,
     "top-200": 0,
     "exam": 0.05029585798816568,
     "wasted-effort": 208
    },
    "avg_case": {
     "top-1": 0.0,
     "top-5": 0.0,
     "top-10": 0.0,
     "top-200": 0.0,
     "exam": 0.0621301775147929,
     "wasted-effort": 255
    },
    "worst_case": {
     "top-1": 0.0,
     "top-5": 0.0,
     "top-10": 0.0,
     "top-200": 0.0,
     "exam": 0.21856508875739644,
     "wasted-effort": 949
    }
   },
   "Ochiai": {
    "best_case": {
     "top-1": 0,
     "top-5": 0.0,
     "top-10": 0.0,
     "top-200": 1.0,
     "exam": 0.022435897435897436,
     "wasted-effort": 94
    },
    "avg_case": {
     "top-1": 0.0,
     "top-5": 0.0,
     "top-10": 0.0,
     "top-200": 0.976275,
     "exam": 0.046351084812623275,
     "wasted-effort": 192
    },
    "worst_case": {
     "top-1": 0.0,
     "top-5": 0.0,
     "top-10": 0.0,
     "top-200": 0.4880875,
     "exam": 0.21856508875739644,
     "wasted-effort": 949
    }
   },
   "DStar": {
    "best_case": {
     "top-1": 0,
     "top-5": 0.0,
     "top-10": 0.0,
     "top-200": 1.0,
     "exam": 0.008875739644970414,
     "wasted-effort": 39
    },
    "avg_case": {
     "top-1": 0.0,
     "top-5": 0.0,
     "top-10": 0.0,
     "top-200": 0.9566,
     "exam": 0.02514792899408284,
     "wasted-effort": 106
    },
    "worst_case": {
     "top-1": 0.0,
     "top-5": 0.0,
     "top-10": 0.0,
     "top-200": 0.4779875,
     "exam": 0.20327909270216962,
     "wasted-effort": 887
    }
   },
   "Naish1": {
    "best_case": {
     "top-1": 0,
     "top-5": 0.0,
     "top-10": 0.9379,
     "top-200": 1,
     "exam": 0.0027120315581854043,
     "wasted-effort": 14
    },
    "avg_case": {
     "top-1": 0.0,
     "top-5": 0.0,
     "top-10": 0.359125,
     "top-200": 0.75,
     "exam": 0.0669378698224852,
     "wasted-effort": 334
    },
    "worst_case": {
     "top-1": 0.0,
     "top-5": 0.0,
     "top-10": 0.17905,
     "top-200": 0.375,
     "exam": 0.3176775147928994,
     "wasted-effort": 1536
    }
   },
   "Naish2": {
    "best_case": {
     "top-1": 0,
     "top-5": 0.0,
     "top-10": 0.9349,
     "top-200": 1,
     "exam": 0.0027120315581854043,
     "wasted-effort": 14
    },
    "avg_case": {
     "top-1": 0.0,
     "top-5": 0.0,
     "top-10": 0.3541,
     "top-200": 0.75,
     "exam": 0.0648422090729783,
     "wasted-effort": 267
    },
    "worst_case": {
     "top-1": 0.0,
     "top-5": 0.0,
     "top-10": 0.1790125,
     "top-200": 0.375,
     "exam": 0.21856508875739644,
     "wasted-effort": 949
    }
   },
   "GP13": {
    "best_case": {
     "top-1": 0,
     "top-5": 0.0,
     "top-10": 0.9351,
     "top-200": 1,
     "exam": 0.0027120315581854043,
     "wasted-effort": 14
    },
    "avg_case": {
     "top-1": 0.0,
     "top-5": 0.0,
     "top-10": 0.3548,
     "top-200": 0.75,
     "exam": 0.0648422090729783,
     "wasted-effort": 267
    },
    "worst_case": {
     "top-1": 0.0,
     "top-5": 0.0,
     "top-10": 0.178625,
     "top-200": 0.375,
     "exam": 0.21856508875739644,
     "wasted-effort": 949
    }
   }
  },
  "line_defuse": {
   "Tarantula": {
    "best_case": {
     "top-1": 0,
     "top-5": 0.0,
     "top-10": 0.0,
     "top-200": 0,
     "exam": 0.05029585798816568,
     "wasted-effort": 208
    },
    "avg_case": {
     "top-1": 0.0,
     "top-5": 0.0,
     "top-10": 0.0,
     "top-200": 0.0,
     "exam": 0.0621301775147929,
     "wasted-effort": 255
    },
    "worst_case": {
     "top-1": 0.0,
     "top-5": 0.0,
     "top-10": 0.0,
     "top-200": 0.0,
     "exam": 0.21856508875739644,
     "wasted-effort": 949
    }
   },
   "Ochiai": {
    "best_case": {
     "top-1": 0,
     "top-5": 0.0,
     "top-10": 0.0,
     "top-200": 1.0,
     "exam": 0.022435897435897436,
     "wasted-effort": 94
    },
    "avg_case": {
     "top-1": 0.0,
     "top-5": 0.0,
     "top-10": 0.0,
     "top-200": 0.976175,
     "exam": 0.046351084812623275,
     "wasted-effort": 192
    },
    "worst_case": {
     "top-1": 0.0,
     "top-5": 0.0,
     "top-10": 0.0,
     "top-200": 0.4883125,
     "exam": 0.21856508875739644,
     "wasted-effort": 949
    }
   },
   "DStar": {
    "best_case": {
     "top-1": 0,
     "top-5": 0.0,
     "top-10": 0.0,
     "top-200": 1.0,
     "exam": 0.008875739644970414,
     "wasted-effort": 39
    },
    "avg_case": {
     "top-1": 0.0,
     "top-5": 0.0,
     "top-10": 0.0,
     "top-200": 0.9574,
     "exam": 0.02514792899408284,
     "wasted-effort": 106
    },
    "worst_case": {
     "top-1": 0.0,
     "top-5": 0.0,
     "top-10": 0.0,
     "top-200": 0.478125,
     "exam": 0.21683925049309666,
     "wasted-effort": 942
    }
   },
   "Naish1": {
    "best_case": {
     "top-1": 0,
     "top-5": 0.0,
     "top-10": 0.9329,