{
 "black_5": {
  "line": {
   "Tarantula": {
    "best_case": {
     "top-1": 0,
     "top-5": 0.0,
     "top-10": 0.0,
     "top-200": 0.0,
     "exam": 0.09631147540983606,
     "wasted-effort": 439
    },
    "avg_case": {
     "top-1": 0.0,
     "top-5": 0.0,
     "top-10": 0.0,
     "top-200": 0.0,
     "exam": 0.3158014571948998,
     "wasted-effort": 1699
    },
    "worst_case": {
     "top-1": 0.0,
     "top-5": 0.0,
     "top-10": 0.0,
     "top-200": 0.0,
     "exam": 0.69341985428051,
     "wasted-effort": 4392
    }
   },
   "Ochiai": {
    "best_case": {
     "top-1": 0,
     "top-5": 0.0,
     "top-10": 0.0,
     "top-200": 0.0,
     "exam": 0.0935792349726776,
     "wasted-effort": 426
    },
    "avg_case": {
     "top-1": 0.0,
     "top-5": 0.0,
     "top-10": 0.0,
     "top-200": 0.0,
     "exam": 0.3158014571948998,
     "wasted-effort": 1699
    },
    "worst_case": {
     "top-1": 0.0,
     "top-5": 0.0,
     "top-10": 0.0,
     "top-200": 0.0,
     "exam": 0.69341985428051,
     "wasted-effort": 4392
    }
   },
   "DStar": {
    "best_case": {
     "top-1": 0,
     "top-5": 0.0,
     "top-10": 0.0,
     "top-200": 0.0,
     "exam": 0.09039162112932604,
     "wasted-effort": 412
    },
    "avg_case": {
     "top-1": 0.0,
     "top-5": 0.0,
     "top-10": 0.0,
     "top-200": 0.0,
     "exam": 0.3158014571948998,
     "wasted-effort": 1699
    },
    "worst_case": {
     "top-1": 0.0,
     "top-5": 0.0,
     "top-10": 0.0,
     "top-200": 0.0,
     "exam": 0.69341985428051,
     "wasted-effort": 4392
    }
   },
   "Naish1": {
    "best_case": {
     "top-1": 0.0,
     "top-5": 0.0,
     "top-10": 0.0,
     "top-200": 0.225,
     "exam": 0.21174863387978143,
     "wasted-effort": 1699
    },
    "avg_case": {
     "top-1": 0.0,
     "top-5": 0.0,
     "top-10": 0.0,
     "top-200": 0.11815,
     "exam": 0.21174863387978143,
     "wasted-effort": 1699
    },
    "worst_case": {
     "top-1": 0.0,
     "top-5": 0.0,
     "top-10": 0.0,
     "top-200": 0.058125,
     "exam": 0.69341985428051,
     "wasted-effort": 4392
    }
   },
   "Naish2": {
    "best_case": {
     "top-1": 0.0,
     "top-5": 0.0,
     "top-10": 0.0,
     "top-200": 0.0,
     "exam": 0.1254553734061931,
     "wasted-effort": 566
    },
    "avg_case": {
     "top-1": 0.0,
     "top-5": 0.0,
     "top-10": 0.0,
     "top-200": 0.0,
     "exam": 0.3668032786885246,
     "wasted-effort": 1620
    },
    "worst_case": {
     "top-1": 0.0,
     "top-5": 0.0,
     "top-10": 0.0,
     "top-200": 0.0,
     "exam": 0.69341985428051,
     "wasted-effort": 4392
    }
   },
   "GP13": {
    "best_case": {
     "top-1": 0.0,
     "top-5": 0.0,
     "top-10": 0.0,
     "top-200": 0.0,
     "exam": 0.1254553734061931,
     "wasted-effort": 566
    },
    "avg_case": {
     "top-1": 0.0,
     "top-5": 0.0,
     "top-10": 0.0,
     "top-200": 0.0,
     "exam": 0.3158014571948998,
     "wasted-effort": 1699
    },
    "worst_case": {
     "top-1": 0.0,
     "top-5": 0.0,
     "top-10": 0.0,
     "top-200": 0.0,
     "exam": 0.69341985428051,
     "wasted-effort": 4392
    }
   }
  },
  "line_line": {
   "Tarantula": {
    "best_case": {
     "top-1": 0,
     "top-5": 0.0,
     "top-10": 0.0,
     "top-200": 0.0,
     "exam": 0.09608378870673953,
     "wasted-effort": 437
    },
    "avg_case": {
     "top-1": 0.0,
     "top-5": 0.0,
     "top-10": 0.0,
     "top-200": 0.0,
     "exam": 0.3158014571948998,
     "wasted-effort": 1699
    },
    "worst_case": {
     "top-1": 0.0,
     "top-5": 0.0,
     "top-10": 0.0,
     "top-200": 0.0,
     "exam": 0.69341985428051,
     "wasted-effort": 4392
    }
   },
   "Ochiai": {
    "best_case": {
     "top-1": 0,
     "top-5": 0.0,
     "top-10": 0.0,
     "top-200": 0.0,
     "exam": 0.0935792349726776,
     "wasted-effort": 426
    },
    "avg_case": {
     "top-1": 0.0,
     "top-5": 0.0,
     "top-10": 0.0,
     "top-200": 0.0,
     "exam": 0.3158014571948998,
     "wasted-effort": 1699
    },
    "worst_case": {
     "top-1": 0.0,
     "top-5": 0.0,
     "top-10": 0.0,
     "top-200": 0.0,
     "exam": 0.69341985428051,
     "wasted-effort": 4392
    }
   },
   "DStar": {
    "best_case": {
     "top-1": 0,
     "top-5": 0.0,
     "top-10": 0.0,
     "top-200": 0.0,
     "exam": 0.09039162112932604,
     "wasted-effort": 412
    },
    "avg_case": {
     "top-1": 0.0,
     "top-5": 0.0,
     "top-10": 0.0,
     "top-200": 0.0,
     "exam": 0.3158014571948998,
     "wasted-effort": 1699
    },
    "worst_case": {
     "top-1": 0.0,
     "top-5": 0.0,
     "top-10": 0.0,
     "top-200": 0.0,
     "exam": 0.69341985428051,
     "wasted-effort": 4392
    }
   },
   "Naish1": {
    "best_case": {
     "top-1": 0.002,
     "top-5": 0.0069,
     "top-10": 0.0154,
     "top-200": 0.2473,
     "exam": 0.08936703096539163,
     "wasted-effort": 785
    },
    "avg_case": {
     "top-1": 0.00075,
     "top-5": 0.00355,
     "top-10": 0.007,
     "top-200": 0.12415,
     "exam": 0.29030054644808745,
     "wasted-effort": 1658
    },
    "worst_case": {
     "top-1": 0.000175,
     "top-5": 0.001625,
     "top-10": 0.002925,
     "top-200": 0.063375,
     "exam": 0.69341985428051,
     "wasted-effort": 4392
    }
   },
   "Naish2": {
    "best_case": {
     "top-1": 0,
     "top-5": 0.0,
     "top-10": 0.0,
     "top-200": 0.0,
     "exam": 0.08879781420765027,
     "wasted-effort": 405
    },
    "avg_case": {
     "top-1": 0.0,
     "top-5": 0.0,
     "top-10": 0.0,
     "top-200": 0.0,
     "exam": 0.3158014571948998,
     "wasted-effort": 1699
    },
    "worst_case": {
     "top-1": 0.0,
     "top-5": 0.0,
     "top-10": 0.0,
     "top-200": 0.0,
     "exam": 0.69341985428051,
     "wasted-effort": 4392
    }
   },
   "GP13": {
    "best_case": {
     "top-1": 0,
     "top-5": 0.0,
     "top-10": 0.0,
     "top-200": 0.0,
     "exam": 0.08879781420765027,
     "wasted-effort": 405
    },
    "avg_case": {
     "top-1": 0.0,
     "top-5": 0.0,
     "top-10": 0.0,
     "top-200": 0.0,
     "exam": 0.3158014571948998,
     "wasted-effort": 1699
    },
    "worst_case": {
     "top-1": 0.0,
     "top-5": 0.0,
     "top-10": 0.0,
     "top-200": 0.0,
     "exam": 0.69341985428051,
     "wasted-effort": 4392
    }
   }
  },
  "line_defuse": {
   "Tarantula": {
    "best_case": {
     "top-1": 0,
     "top-5": 0.0,
     "top-10": 0.0,
     "top-200": 0.0,
     "exam": 0.09608378870673953,
     "wasted-effort": 437
    },
    "avg_case": {
     "top-1": 0.0,
     "top-5": 0.0,
     "top-10": 0.0,
     "top-200": 0.0,
     "exam": 0.3158014571948998,
     "wasted-effort": 1699
    },
    "worst_case": {
     "top-1": 0.0,
     "top-5": 0.0,
     "top-10": 0.0,
     "top-200": 0.0,
     "exam": 0.69341985428051,
     "wasted-effort": 4392
    }
   },
   "Ochiai": {
    "best_case": {
     "top-1": 0,
     "top-5": 0.0,
     "top-10": 0.0,
     "top-200": 0.0,
     "exam": 0.0935792349726776,
     "wasted-effort": 426
    },
    "avg_case": {
     "top-1": 0.0,
     "top-5": 0.0,
     "top-10": 0.0,
     "top-200": 0.0,
     "exam": 0.3158014571948998,
     "wasted-effort": 1699
    },
    "worst_case": {
     "top-1": 0.0,
     "top-5": 0.0,
     "top-10": 0.0,
     "top-200": 0.0,
     "exam": 0.69341985428051,
     "wasted-effort": 4392
    }
   },
   "DStar": {
    "best_case": {
     "top-1": 0,
     "top-5": 0.0,
     "top-10": 0.0,
     "top-200": 0.0,
     "exam": 0.09039162112932604,
     "wasted-effort": 412
    },
    "avg_case": {
     "top-1": 0.0,
     "top-5": 0.0,
     "top-10": 0.0,
     "top-200": 0.0,
     "exam": 0.3158014571948998,
     "wasted-effort": 1699
    },
    "worst_case": {
     "top-1": 0.0,
     "top-5": 0.0,
     "top-10": 0.0,
     "top-200": 0.0,
     "exam": 0.69341985428051,
     "wasted-effort": 4392
    }
   },
   "Naish1": {
    "best_case": {
     "top-1": 0.0013,
     "top-5": 0.0064,
     "top-10": 0.0147,
     "top-200": 0.2604,
     "exam": 0.08936703096539163,
     "wasted-effort": 785
    },