{
 "black_17": {
  "line": {
   "Tarantula": {
    "best_case": {
     "top-1": 0,
     "top-5": 0.0,
     "top-10": 0.0,
     "top-200": 0.0,
     "exam": 0.10319657689403473,
     "wasted-effort": 411
    },
    "avg_case": {
     "top-1": 0.0,
     "top-5": 0.0,
     "top-10": 0.0,
     "top-200": 0.0,
     "exam": 0.10319657689403473,
     "wasted-effort": 411
    },
    "worst_case": {
     "top-1": 0.0,
     "top-5": 0.0,
     "top-10": 0.0,
     "top-200": 0.0,
     "exam": 0.15743770450541153,
     "wasted-effort": 627
    }
   },
   "Ochiai": {
    "best_case": {
     "top-1": 0,
     "top-5": 0.0,
     "top-10": 0.0,
     "top-200": 0.9399,
     "exam": 0.04429901837402467,
     "wasted-effort": 177
    },
    "avg_case": {
     "top-1": 0.0,
     "top-5": 0.0,
     "top-10": 0.0,
     "top-200": 0.938,
     "exam": 0.04429901837402467,
     "wasted-effort": 177
    },
    "worst_case": {
     "top-1": 0.0,
     "top-5": 0.0,
     "top-10": 0.0,
     "top-200": 0.46965,
     "exam": 0.21734205889755853,
     "wasted-effort": 865
    }
   },
   "DStar": {
    "best_case": {
     "top-1": 0,
     "top-5": 0.0,
     "top-10": 0.0,
     "top-200": 0.9599,
     "exam": 0.043040523533853514,
     "wasted-effort": 172
    },
    "avg_case": {
     "top-1": 0.0,
     "top-5": 0.0,
     "top-10": 0.0,
     "top-200": 0.9582,
     "exam": 0.043040523533853514,
     "wasted-effort": 172
    },
    "worst_case": {
     "top-1": 0.0,
     "top-5": 0.0,
     "top-10": 0.0,
     "top-200": 0.478,
     "exam": 0.2163352630254216,
     "wasted-effort": 861
    }
   },
   "Naish2": {
    "best_case": {
     "top-1": 0.0,
     "top-5": 0.0,
     "top-10": 0.0,
     "top-200": 0.9637,
     "exam": 0.029700478228039263,
     "wasted-effort": 119
    },
    "avg_case": {
     "top-1": 0.0,
     "top-5": 0.0,
     "top-10": 0.0,
     "top-200": 0.9659,
     "exam": 0.029700478228039263,
     "wasted-effort": 119
    },
    "worst_case": {
     "top-1": 0.0,
     "top-5": 0.0,
     "top-10": 0.0,
     "top-200": 0.4814,
     "exam": 0.2163352630254216,
     "wasted-effort": 861
    }
   },
   "GP13": {
    "best_case": {
     "top-1": 0.0,
     "top-5": 0.0,
     "top-10": 0.0,
     "top-200": 0.961,
     "exam": 0.029700478228039263,
     "wasted-effort": 119
    },
    "avg_case": {
     "top-1": 0.0,
     "top-5": 0.0,
     "top-10": 0.0,
     "top-200": 0.9626,
     "exam": 0.029700478228039263,
     "wasted-effort": 119
    },
    "worst_case": {
     "top-1": 0.0,
     "top-5": 0.0,
     "top-10": 0.0,
     "top-200": 0.48135,
     "exam": 0.2163352630254216,
     "wasted-effort": 861
    }
   }
  },
  "line_line": {
   "Tarantula": {
    "best_case": {
     "top-1": 0,
     "top-5": 0.7254,
     "top-10": 1,
     "top-200": 0.2705,
     "exam": 0.0005033979360684622,
     "wasted-effort": 3
    },
    "avg_case": {
     "top-1": 0.0,
     "top-5": 0.7033,
     "top-10": 1,
     "top-200": 0.2641,
     "exam": 0.0005033979360684622,
     "wasted-effort": 3
    },
    "worst_case": {
     "top-1": 0.0,
     "top-5": 0.3567,
     "top-10": 1.0,
     "top-200": 0.1453,
     "exam": 0.002139441228290964,
     "wasted-effort": 10
    }
   },
   "Ochiai": {
    "best_case": {
     "top-1": 0,
     "top-5": 0.0461,
     "top-10": 0.079,
     "top-200": 0.2664,
     "exam": 0.0005033979360684622,
     "wasted-effort": 3
    },
    "avg_case": {
     "top-1": 0.0,
     "top-5": 0.0445,
     "top-10": 0.0803,
     "top-200": 0.2594,
     "exam": 0.0005033979360684622,
     "wasted-effort": 3
    },
    "worst_case": {
     "top-1": 0.0,
     "top-5": 0.02035,
     "top-10": 0.04175,
     "top-200": 0.1397,
     "exam": 0.03133652152026177,
     "wasted-effort": 126
    }
   },
   "DStar": {
    "best_case": {
     "top-1": 0,
     "top-5": 0.0425,
     "top-10": 0.085,
     "top-200": 0.2526,
     "exam": 0.0005033979360684622,
     "wasted-effort": 3
    },
    "avg_case": {
     "top-1": 0.0,
     "top-5": 0.0399,
     "top-10": 0.0834,
     "top-200": 0.2593,
     "exam": 0.0005033979360684622,
     "wasted-effort": 3
    },
    "worst_case": {
     "top-1": 0.0,
     "top-5": 0.0215,
     "top-10": 0.04205,
     "top-200": 0.1396,
     "exam": 0.030329725648124844,
     "wasted-effort": 122
    }
   },
   "Naish2": {
    "best_case": {
     "top-1": 0,
     "top-5": 0.0402,
     "top-10": 0.0895,
     "top-200": 0.2581,
     "exam": 0.0005033979360684622,
     "wasted-effort": 3
    },
    "avg_case": {
     "top-1": 0.0,
     "top-5": 0.0426,
     "top-10": 0.082,
     "top-200": 0.2625,
     "exam": 0.0005033979360684622,
     "wasted-effort": 3
    },
    "worst_case": {
     "top-1": 0.0,
     "top-5": 0.0218,
     "top-10": 0.03995,
     "top-200": 0.14025,
     "exam": 0.030329725648124844,
     "wasted-effort": 122
    }
   },
   "GP13": {
    "best_case": {
     "top-1": 0,
     "top-5": 0.0433,
     "top-10": 0.0822,
     "top-200": 0.2549,
     "exam": 0.0005033979360684622,
     "wasted-effort": 3
    },
    "avg_case": {
     "top-1": 0.0,
     "top-5": 0.0426,
     "top-10": 0.0842,
     "top-200": 0.2553,
     "exam": 0.0005033979360684622,
     "wasted-effort": 3
    },
    "worst_case": {
     "top-1": 0.0,
     "top-5": 0.0207,
     "top-10": 0.0414,
     "top-200": 0.14015,
     "exam": 0.030329725648124844,
     "wasted-effort": 122
    }
   }
  },
  "line_defuse": {
   "Tarantula": {
    "best_case": {
     "top-1": 0,
     "top-5": 0.7103,
     "top-10": 1,
     "top-200": 0.2556,
     "exam": 0.0005033979360684622,
     "wasted-effort": 3
    },
    "avg_case": {
     "top-1": 0.0,
     "top-5": 0.7088,
     "top-10": 1,
     "top-200": 0.2642,
     "exam": 0.0005033979360684622,
     "wasted-effort": 3
    },
    "worst_case": {
     "top-1": 0.0,
     "top-5": 0.3558,
     "top-10": 1.0,
     "top-200": 0.14555,
     "exam": 0.002139441228290964,
     "wasted-effort": 10
    }
   },
   "Ochiai": {
    "best_case": {
     "top-1": 0,
     "top-5": 0.0386,
     "top-10": 0.0837,
     "top-200": 0.2638,
     "exam": 0.0005033979360684622,
     "wasted-effort": 3
    },
    "avg_case": {
     "top-1": 0.0,
     "top-5": 0.0427,
     "top-10": 0.0854,
     "top-200": 0.2677,
     "exam": 0.0005033979360684622,
     "wasted-effort": 3
    },
    "worst_case": {
     "top-1": 0.0,
     "top-5": 0.0214,
     "top-10": 0.04155,
     "top-200": 0.1409,
     "exam": 0.03133652152026177,
     "wasted-effort": 126
    }
   },
   "DStar": {
    "best_case": {
     "top-1": 0,
     "top-5": 0.0419,
     "top-10": 0.0859,
     "top-200": 0.2554,
     "exam": 0.0005033979360684622,
     "wasted-effort": 3
    },
    "avg_case": {
     "top-1": 0.0,
     "top-5": 0.0398,
     "top-10": 0.0821,
     "top-200": 0.2673,
     "exam": 0.0005033979360684622,
     "wasted-effort": 3
    },
    "worst_case": {
     "top-1": 0.0,
     "top-5": 0.0198,
     "top-10": 0.04305,
     "top-200": 0.1396,
     "exam": 0.030329725648124844,
     "wasted-effort": 122
    }
   },
   "Naish2": {
    "best_case": {
     "top-1": 0,
     "top-5": 0.0423,
     "top-10": 0.0829,
     "top-200": 0.2568,
     "exam": 0.0005033979360684622,
     "wasted-effort": 3
    },
    "avg_case": {
     "top-1": 0.0,
     "top-5": 0.0404,
     "top-10": 0.0881,
     "top-200": 0.2623,
     "exam": 0.0005033979360684622,
     "wasted-effort": 3
    },
    "worst_case": {
     "top-1": 0.0,
     "top-5": 0.02095,
     "top-10": 0.04185,
     "top-200": 0.1358,
     "exam": 0.030329725648124844,
     "wasted-effort": 122
    }
   },
   "GP13": {
    "best_case": {
     "top-1": 0,
     "top-5": 0.0431,
     "top-10": 0.0831,
     "top-200": 0.2562,
     "exam": 0.0005033979360684622,
     "wasted-effort": 3
    },
    "avg_case": {
     "top-1": 0.0,
     "top-5": 0.0444,
     "top-10": 0.0819,
     "top-200": 0.2663,
     "exam": 0.0005033979360684622,
     "wasted-effort": 3
    },
    "worst_case": {
     "top-1": 0.0,
     "top-5": 0.0226,
     "top-10": 0.0415,
     "top-200": 0.1474,