{
 "cookiecutter_2": {
  "line": {
   "Tarantula": {
    "best_case": {
     "top-5": 1,
     "top-10": 0.7662,
     "top-200": 1,
     "exam": 0.0022522522522522522,
     "wasted-effort": 5
    },
    "avg_case": {
     "top-5": 1,
     "top-10": 0.3936333333333414,
     "top-200": 1,
     "exam": 0.0022522522522522522,
     "wasted-effort": 5
    },
    "worst_case": {
     "top-5": 0.6666666666666666,
     "top-10": 0.19535000000000427,
     "top-200": 1.0,
     "exam": 0.08333333333333333,
     "wasted-effort": 94
    }
   },
   "Ochiai": {
    "best_case": {
     "top-5": 1,
     "top-10": 1.0,
     "top-200": 1,
     "exam": 0.0009009009009009009,
     "wasted-effort": 1
    },
    "avg_case": {
     "top-5": 1,
     "top-10": 0.9883333333333331,
     "top-200": 1,
     "exam": 0.002702702702702703,
     "wasted-effort": 5
    },
    "worst_case": {
     "top-5": 0.6666666666666666,
     "top-10": 0.6421333333333538,
     "top-200": 1.0,
     "exam": 0.08333333333333333,
     "wasted-effort": 94
    }
   },
   "DStar": {
    "best_case": {
     "top-5": 0.6275,
     "top-10": 1.0,
     "top-200": 1,
     "exam": 0.0036036036036036037,
     "wasted-effort": 8
    },
    "avg_case": {
     "top-5": 0.21119999999998426,
     "top-10": 0.9697000000000007,
     "top-200": 1,
     "exam": 0.009009009009009009,
     "wasted-effort": 12
    },
    "worst_case": {
     "top-5": 0.10474999999999175,
     "top-10": 0.5571666666666787,
     "top-200": 1.0,
     "exam": 0.08288288288288288,
     "wasted-effort": 94
    }
   }
  },
  "line_line": {
   "Tarantula": {
    "best_case": {
     "top-5": 1,
     "top-10": 0.7682,
     "top-200": 1,
     "exam": 0.0009009009009009009,
     "wasted-effort": 1
    },
    "avg_case": {
     "top-5": 1,
     "top-10": 0.39146666666667707,
     "top-200": 1,
     "exam": 0.002702702702702703,
     "wasted-effort": 5
    },
    "worst_case": {
     "top-5": 0.6666666666666666,
     "top-10": 0.1967666666666714,
     "top-200": 1.0,
     "exam": 0.08333333333333333,
     "wasted-effort": 94
    }
   },
   "Ochiai": {
    "best_case": {
     "top-5": 1,
     "top-10": 1.0,
     "top-200": 1,
     "exam": 0.0009009009009009009,
     "wasted-effort": 1
    },
    "avg_case": {
     "top-5": 1,
     "top-10": 0.988499999999999,
     "top-200": 1,
     "exam": 0.002702702702702703,
     "wasted-effort": 5
    },
    "worst_case": {
     "top-5": 0.6666666666666666,
     "top-10": 0.6412333333333491,
     "top-200": 1.0,
     "exam": 0.08333333333333333,
     "wasted-effort": 94
    }
   },
   "DStar": {
    "best_case": {
     "top-5": 0.6182,
     "top-10": 1.0,
     "top-200": 1,
     "exam": 0.0036036036036036037,
     "wasted-effort": 8
    },
    "avg_case": {
     "top-5": 0.2081333333333162,
     "top-10": 0.9694666666666665,
     "top-200": 1,
     "exam": 0.009009009009009009,
     "wasted-effort": 12
    },
    "worst_case": {
     "top-5": 0.10409999999999145,
     "top-10": 0.5558166666666796,
     "top-200": 1.0,
     "exam": 0.08288288288288288,
     "wasted-effort": 94
    }
   }
  },
  "line_defuse": {
   "Tarantula": {
    "best_case": {
     "top-5": 1,
     "top-10": 0.7726,
     "top-200": 1,
     "exam": 0.0009009009009009009,
     "wasted-effort": 1
    },
    "avg_case": {
     "top-5": 1,
     "top-10": 0.3842333333333419,
     "top-200": 1,
     "exam": 0.002702702702702703,
     "wasted-effort": 5
    },
    "worst_case": {
     "top-5": 0.6666666666666666,
     "top-10": 0.19751666666667098,
     "top-200": 1.0,
     "exam": 0.08333333333333333,
     "wasted-effort": 94
    }
   },
   "Ochiai": {
    "best_case": {
     "top-5": 1,
     "top-10": 1.0,
     "top-200": 1,
     "exam": 0.0009009009009009009,
     "wasted-effort": 1
    },
    "avg_case": {
     "top-5": 1,
     "top-10": 0.9892,
     "top-200": 1,
     "exam": 0.002702702702702703,
     "wasted-effort": 5
    },
    "worst_case": {
     "top-5": 0.6666666666666666,
     "top-10": 0.6434333333333486,
     "top-200": 1.0,
     "exam": 0.08333333333333333,
     "wasted-effort": 94
    }
   },
   "DStar": {
    "best_case": {
     "top-5": 0.6236,
     "top-10": 1.0,
     "top-200": 1,
     "exam": 0.0036036036036036037,
     "wasted-effort": 8
    },
    "avg_case": {
     "top-5": 0.2094999999999835,
     "top-10": 0.9711666666666688,
     "top-200": 1,
     "exam": 0.009009009009009009,
     "wasted-effort": 12
    },
    "worst_case": {
     "top-5": 0.10428333333332487,
     "top-10": 0.5570500000000114,
     "top-200": 1.0,
     "exam": 0.08288288288288288,
     "wasted-effort": 94
    }
   }
  },
  "line_defuses": {
   "Tarantula": {
    "best_case": {
     "top-5": 1,
     "top-10": 0.765,
     "top-200": 1,
     "exam": 0.0009009009009009009,
     "wasted-effort": 1
    },
    "avg_case": {
     "top-5": 1,
     "top-10": 0.39120000000000993,
     "top-200": 1,
     "exam": 0.002702702702702703,
     "wasted-effort": 5
    },
    "worst_case": {
     "top-5": 0.6666666666666666,
     "top-10": 0.19700000000000462,
     "top-200": 1.0,
     "exam": 0.08333333333333333,
     "wasted-effort": 94
    }
   },
   "Ochiai": {
    "best_case": {
     "top-5": 1,
     "top-10": 1.0,
     "top-200": 1,
     "exam": 0.0009009009009009009,
     "wasted-effort": 1
    },
    "avg_case": {
     "top-5": 1,
     "top-10": 0.988533333333333,
     "top-200": 1,
     "exam": 0.002702702702702703,
     "wasted-effort": 5
    },
    "worst_case": {
     "top-5": 0.6666666666666666,
     "top-10": 0.641000000000018,
     "top-200": 1.0,
     "exam": 0.08333333333333333,
     "wasted-effort": 94
    }
   },
   "DStar": {
    "best_case": {
     "top-5": 0.6236,
     "top-10": 1.0,
     "top-200": 1,
     "exam": 0.0036036036036036037,
     "wasted-effort": 8
    },
    "avg_case": {
     "top-5": 0.20796666666664945,
     "top-10": 0.9709666666666668,
     "top-200": 1,
     "exam": 0.009009009009009009,
     "wasted-effort": 12
    },
    "worst_case": {
     "top-5": 0.10518333333332527,
     "top-10": 0.5555833333333451,
     "top-200": 1.0,
     "exam": 0.08288288288288288,
     "wasted-effort": 94
    }
   }
  },
  "line_assert_use": {
   "Tarantula": {
    "best_case": {
     "top-5": 1,
     "top-10": 0.773,
     "top-200": 1,
     "exam": 0.0009009009009009009,
     "wasted-effort": 1
    },
    "avg_case": {
     "top-5": 1,
     "top-10": 0.3897000000000087,
     "top-200": 1,
     "exam": 0.002702702702702703,
     "wasted-effort": 5
    },
    "worst_case": {
     "top-5": 0.6666666666666666,
     "top-10": 0.19760000000000436,
     "top-200": 1.0,
     "exam": 0.08333333333333333,
     "wasted-effort": 94
    }
   },
   "Ochiai": {
    "best_case": {
     "top-5": 1,
     "top-10": 1.0,
     "top-200": 1,
     "exam": 0.0009009009009009009,
     "wasted-effort": 1
    },
    "avg_case": {
     "top-5": 1,
     "top-10": 0.9879666666666664,
     "top-200": 1,
     "exam": 0.002702702702702703,
     "wasted-effort": 5
    },
    "worst_case": {
     "top-5": 0.6666666666666666,
     "top-10": 0.6417000000000186,
     "top-200": 1.0,
     "exam": 0.08333333333333333,
     "wasted-effort": 94
    }
   },
   "DStar": {
    "best_case": {
     "top-5": 0.6213,
     "top-10": 1.0,
     "top-200": 1,
     "exam": 0.0036036036036036037,
     "wasted-effort": 8
    },
    "avg_case": {
     "top-5": 0.20646666666664878,
     "top-10": 0.9687333333333338,
     "top-200": 1,
     "exam": 0.009009009009009009,
     "wasted-effort": 12
    },
    "worst_case": {
     "top-5": 0.10309999999999099,
     "top-10": 0.5537166666666772,
     "top-200": 1.0,
     "exam": 0.08288288288288288,
     "wasted-effort": 94
    }
   }
  },
  "line_assert_uses": {
   "Tarantula": {
    "best_case": {
     "top-5": 1,
     "top-10": 0.7708,
     "top-200": 1,
     "exam": 0.0009009009009009009,
     "wasted-effort": 1
    },
    "avg_case": {
     "top-5": 1,
     "top-10": 0.39426666666667676,
     "top-200": 1,
     "exam": 0.002702702702702703,