{
 "expression_1": {
  "line": {
   "Tarantula": {
    "best_case": {
     "top-1": 0.3312,
     "top-5": 1,
     "top-10": 0.2717,
     "top-200": 1,
     "exam": 0.013888888888888888,
     "wasted-effort": 3
    },
    "avg_case": {
     "top-1": 0.324,
     "top-5": 1,
     "top-10": 0.2692,
     "top-200": 1,
     "exam": 0.013888888888888888,
     "wasted-effort": 3
    },
    "worst_case": {
     "top-1": 0.3292,
     "top-5": 1.0,
     "top-10": 0.2727,
     "top-200": 1.0,
     "exam": 0.013888888888888888,
     "wasted-effort": 3
    }
   },
   "Ochiai": {
    "best_case": {
     "top-1": 0.5027,
     "top-5": 1,
     "top-10": 0.2691,
     "top-200": 1,
     "exam": 0.009259259259259259,
     "wasted-effort": 2
    },
    "avg_case": {
     "top-1": 0.4987,
     "top-5": 1,
     "top-10": 0.2693,
     "top-200": 1,
     "exam": 0.009259259259259259,
     "wasted-effort": 2
    },
    "worst_case": {
     "top-1": 0.4976,
     "top-5": 1.0,
     "top-10": 0.2745,
     "top-200": 1.0,
     "exam": 0.009259259259259259,
     "wasted-effort": 2
    }
   },
   "DStar": {
    "best_case": {
     "top-1": 0.4948,
     "top-5": 0.7088,
     "top-10": 0.2666,
     "top-200": 1,
     "exam": 0.009259259259259259,
     "wasted-effort": 2
    },
    "avg_case": {
     "top-1": 0.4907,
     "top-5": 0.7081,
     "top-10": 0.2683,
     "top-200": 1,
     "exam": 0.009259259259259259,
     "wasted-effort": 2
    },
    "worst_case": {
     "top-1": 0.4989,
     "top-5": 0.7138,
     "top-10": 0.2718,
     "top-200": 1.0,
     "exam": 0.009259259259259259,
     "wasted-effort": 2
    }
   },
   "Naish1": {
    "best_case": {
     "top-1": 0.5058,
     "top-5": 0.8287,
     "top-10": 0.1979,
     "top-200": 1,
     "exam": 0.009259259259259259,
     "wasted-effort": 2
    },
    "avg_case": {
     "top-1": 0.4963,
     "top-5": 0.8334,
     "top-10": 0.1951,
     "top-200": 1,
     "exam": 0.009259259259259259,
     "wasted-effort": 2
    },
    "worst_case": {
     "top-1": 0.4952,
     "top-5": 0.832,
     "top-10": 0.1912,
     "top-200": 1.0,
     "exam": 0.009259259259259259,
     "wasted-effort": 2
    }
   },
   "Naish2": {
    "best_case": {
     "top-1": 0.4988,
     "top-5": 0.831,
     "top-10": 0.2677,
     "top-200": 1,
     "exam": 0.009259259259259259,
     "wasted-effort": 2
    },
    "avg_case": {
     "top-1": 0.5033,
     "top-5": 0.8375,
     "top-10": 0.2748,
     "top-200": 1,
     "exam": 0.009259259259259259,
     "wasted-effort": 2
    },
    "worst_case": {
     "top-1": 0.497,
     "top-5": 0.8316,
     "top-10": 0.2593,
     "top-200": 1.0,
     "exam": 0.009259259259259259,
     "wasted-effort": 2
    }
   },
   "GP13": {
    "best_case": {
     "top-1": 0.5126,
     "top-5": 0.837,
     "top-10": 0.2677,
     "top-200": 1,
     "exam": 0.009259259259259259,
     "wasted-effort": 2
    },
    "avg_case": {
     "top-1": 0.4956,
     "top-5": 0.8346,
     "top-10": 0.2844,
     "top-200": 1,
     "exam": 0.009259259259259259,
     "wasted-effort": 2
    },
    "worst_case": {
     "top-1": 0.502,
     "top-5": 0.8345,
     "top-10": 0.2652,
     "top-200": 1.0,
     "exam": 0.009259259259259259,
     "wasted-effort": 2
    }
   }
  },
  "line_line": {
   "Tarantula": {
    "best_case": {
     "top-1": 0.5031,
     "top-5": 1,
     "top-10": 0.306,
     "top-200": 1,
     "exam": 0.009259259259259259,
     "wasted-effort": 2
    },
    "avg_case": {
     "top-1": 0.4961,
     "top-5": 1,
     "top-10": 0.3159,
     "top-200": 1,
     "exam": 0.009259259259259259,
     "wasted-effort": 2
    },
    "worst_case": {
     "top-1": 0.4973,
     "top-5": 1.0,
     "top-10": 0.3078,
     "top-200": 1.0,
     "exam": 0.009259259259259259,
     "wasted-effort": 2
    }
   },
   "Ochiai": {
    "best_case": {
     "top-1": 0.5017,
     "top-5": 1,
     "top-10": 0.3213,
     "top-200": 1,
     "exam": 0.009259259259259259,
     "wasted-effort": 2
    },
    "avg_case": {
     "top-1": 0.4992,
     "top-5": 1,
     "top-10": 0.3173,
     "top-200": 1,
     "exam": 0.009259259259259259,
     "wasted-effort": 2
    },
    "worst_case": {
     "top-1": 0.5013,
     "top-5": 1.0,
     "top-10": 0.3053,
     "top-200": 1.0,
     "exam": 0.009259259259259259,
     "wasted-effort": 2
    }
   },
   "DStar": {
    "best_case": {
     "top-1": 0.5065,
     "top-5": 1,
     "top-10": 0.3155,
     "top-200": 1,
     "exam": 0.009259259259259259,
     "wasted-effort": 2
    },
    "avg_case": {
     "top-1": 0.5065,
     "top-5": 1,
     "top-10": 0.3178,
     "top-200": 1,
     "exam": 0.009259259259259259,
     "wasted-effort": 2
    },
    "worst_case": {
     "top-1": 0.4896,
     "top-5": 1.0,
     "top-10": 0.3182,
     "top-200": 1.0,
     "exam": 0.009259259259259259,
     "wasted-effort": 2
    }
   },
   "Naish1": {
    "best_case": {
     "top-1": 0.494,
     "top-5": 0.2369,
     "top-10": 0.4795,
     "top-200": 1,
     "exam": 0.009259259259259259,
     "wasted-effort": 2
    },
    "avg_case": {
     "top-1": 0.4989,
     "top-5": 0.2357,
     "top-10": 0.4808,
     "top-200": 1,
     "exam": 0.009259259259259259,
     "wasted-effort": 2
    },
    "worst_case": {
     "top-1": 0.4901,
     "top-5": 0.2382,
     "top-10": 0.4689,
     "top-200": 1.0,
     "exam": 0.009259259259259259,
     "wasted-effort": 2
    }
   },
   "Naish2": {
    "best_case": {
     "top-1": 0.5003,
     "top-5": 1,
     "top-10": 0.3032,
     "top-200": 1,
     "exam": 0.009259259259259259,
     "wasted-effort": 2
    },
    "avg_case": {
     "top-1": 0.5031,
     "top-5": 1,
     "top-10": 0.3131,
     "top-200": 1,
     "exam": 0.009259259259259259,
     "wasted-effort": 2
    },
    "worst_case": {
     "top-1": 0.4958,
     "top-5": 1.0,
     "top-10": 0.3155,
     "top-200": 1.0,
     "exam": 0.009259259259259259,
     "wasted-effort": 2
    }
   },
   "GP13": {
    "best_case": {
     "top-1": 0.0,
     "top-5": 1,
     "top-10": 0.318,
     "top-200": 1,
     "exam": 0.037037037037037035,
     "wasted-effort": 5
    },
    "avg_case": {
     "top-1": 0.0,
     "top-5": 1,
     "top-10": 0.3083,
     "top-200": 1,
     "exam": 0.037037037037037035,
     "wasted-effort": 5
    },
    "worst_case": {
     "top-1": 0.0,
     "top-5": 1.0,
     "top-10": 0.3096,
     "top-200": 1.0,
     "exam": 0.037037037037037035,
     "wasted-effort": 5
    }
   }
  },
  "line_defuse": {
   "Tarantula": {
    "best_case": {
     "top-1": 0.4985,
     "top-5": 1,
     "top-10": 0.3258,
     "top-200": 1,
     "exam": 0.009259259259259259,
     "wasted-effort": 2
    },
    "avg_case": {
     "top-1": 0.5047,
     "top-5": 1,
     "top-10": 0.3213,
     "top-200": 1,
     "exam": 0.009259259259259259,
     "wasted-effort": 2
    },
    "worst_case": {
     "top-1": 0.5046,
     "top-5": 1.0,
     "top-10": 0.3309,
     "top-200": 1.0,
     "exam": 0.009259259259259259,
     "wasted-effort": 2
    }
   },
   "Ochiai": {
    "best_case": {
     "top-1": 0.5021,
     "top-5": 1,
     "top-10": 0.3117,
     "top-200": 1,
     "exam": 0.009259259259259259,
     "wasted-effort": 2
    },
    "avg_case": {
     "top-1": 0.4907,
     "top-5": 1,
     "top-10": 0.3133,
     "top-200": 1,
     "exam": 0.009259259259259259,
     "wasted-effort": 2
    },
    "worst_case": {
     "top-1": 0.5009,
     "top-5": 1.0,
     "top-10": 0.3144,
     "top-200": 1.0,
     "exam": 0.009259259259259259,
     "wasted-effort": 2
    }
   },
   "DStar": {
    "best_case": {
     "top-1": 0.5037,
     "top-5": 1,
     "top-10": 0.3188,
     "top-200": 1,
     "exam": 0.009259259259259259,
     "wasted-effort": 2
    },
    "avg_case": {
     "top-1": 0.5,
     "top-5": 1,
     "top-10": 0.3118,
     "top-200": 1,
     "exam": 0.009259259259259259,
     "wasted-effort": 2
    },
    "worst_case": {
     "top-1": 0.502,
     "top-5": 1.0,
     "top-10": 0.3124,
     "top-200": 1.0,
     "exam": 0.009259259259259259,
     "wasted-effort": 2
    }
   },