{
 "expression_1": {
  "line": {
   "Tarantula": {
    "best_case": {
     "top-1": 0.5011,
     "top-5": 1,
     "top-10": 0.7195,
     "top-200": 1,
     "exam": 0.009259259259259259,
     "wasted-effort": 2
    },
    "avg_case": {
     "top-1": 0.4968,
     "top-5": 1,
     "top-10": 0.7191,
     "top-200": 1,
     "exam": 0.009259259259259259,
     "wasted-effort": 2
    },
    "worst_case": {
     "top-1": 0.5035,
     "top-5": 1.0,
     "top-10": 0.7155,
     "top-200": 1.0,
     "exam": 0.009259259259259259,
     "wasted-effort": 2
    }
   },
   "Ochiai": {
    "best_case": {
     "top-1": 0.5073,
     "top-5": 0.8341,
     "top-10": 0.9086,
     "top-200": 1,
     "exam": 0.009259259259259259,
     "wasted-effort": 2
    },
    "avg_case": {
     "top-1": 0.5076,
     "top-5": 0.835,
     "top-10": 0.9122,
     "top-200": 1,
     "exam": 0.009259259259259259,
     "wasted-effort": 2
    },
    "worst_case": {
     "top-1": 0.5028,
     "top-5": 0.8271,
     "top-10": 0.9069,
     "top-200": 1.0,
     "exam": 0.009259259259259259,
     "wasted-effort": 2
    }
   },
   "DStar": {
    "best_case": {
     "top-1": 0.5002,
     "top-5": 0.8361,
     "top-10": 0.9062,
     "top-200": 1,
     "exam": 0.009259259259259259,
     "wasted-effort": 2
    },
    "avg_case": {
     "top-1": 0.4967,
     "top-5": 0.8278,
     "top-10": 0.9124,
     "top-200": 1,
     "exam": 0.009259259259259259,
     "wasted-effort": 2
    },
    "worst_case": {
     "top-1": 0.4891,
     "top-5": 0.8391,
     "top-10": 0.9097,
     "top-200": 1.0,
     "exam": 0.009259259259259259,
     "wasted-effort": 2
    }
   },
   "Naish1": {
    "best_case": {
     "top-1": 0.4977,
     "top-5": 0.8349,
     "top-10": 0.1962,
     "top-200": 1,
     "exam": 0.009259259259259259,
     "wasted-effort": 2
    },
    "avg_case": {
     "top-1": 0.5034,
     "top-5": 0.8325,
     "top-10": 0.1899,
     "top-200": 1,
     "exam": 0.009259259259259259,
     "wasted-effort": 2
    },
    "worst_case": {
     "top-1": 0.5089,
     "top-5": 0.8374,
     "top-10": 0.1884,
     "top-200": 1.0,
     "exam": 0.009259259259259259,
     "wasted-effort": 2
    }
   },
   "Naish2": {
    "best_case": {
     "top-1": 0.4958,
     "top-5": 0.8343,
     "top-10": 0.9125,
     "top-200": 1,
     "exam": 0.009259259259259259,
     "wasted-effort": 2
    },
    "avg_case": {
     "top-1": 0.497,
     "top-5": 0.829,
     "top-10": 0.9092,
     "top-200": 1,
     "exam": 0.009259259259259259,
     "wasted-effort": 2
    },
    "worst_case": {
     "top-1": 0.4979,
     "top-5": 0.8345,
     "top-10": 0.9058,
     "top-200": 1.0,
     "exam": 0.009259259259259259,
     "wasted-effort": 2
    }
   },
   "GP13": {
    "best_case": {
     "top-1": 0.497,
     "top-5": 0.8356,
     "top-10": 0.9093,
     "top-200": 1,
     "exam": 0.009259259259259259,
     "wasted-effort": 2
    },
    "avg_case": {
     "top-1": 0.5055,
     "top-5": 0.8341,
     "top-10": 0.9111,
     "top-200": 1,
     "exam": 0.009259259259259259,
     "wasted-effort": 2
    },
    "worst_case": {
     "top-1": 0.4946,
     "top-5": 0.8343,
     "top-10": 0.9112,
     "top-200": 1.0,
     "exam": 0.009259259259259259,
     "wasted-effort": 2
    }
   }
  },
  "line_line": {
   "Tarantula": {
    "best_case": {
     "top-1": 0.495,
     "top-5": 1,
     "top-10": 0.3229,
     "top-200": 1,
     "exam": 0.009259259259259259,
     "wasted-effort": 2
    },
    "avg_case": {
     "top-1": 0.4975,
     "top-5": 1,
     "top-10": 0.3156,
     "top-200": 1,
     "exam": 0.009259259259259259,
     "wasted-effort": 2
    },
    "worst_case": {
     "top-1": 0.497,
     "top-5": 1.0,
     "top-10": 0.3148,
     "top-200": 1.0,
     "exam": 0.009259259259259259,
     "wasted-effort": 2
    }
   },
   "Ochiai": {
    "best_case": {
     "top-1": 0.5033,
     "top-5": 1,
     "top-10": 0.3015,
     "top-200": 1,
     "exam": 0.009259259259259259,
     "wasted-effort": 2
    },
    "avg_case": {
     "top-1": 0.5023,
     "top-5": 1,
     "top-10": 0.3178,
     "top-200": 1,
     "exam": 0.009259259259259259,
     "wasted-effort": 2
    },
    "worst_case": {
     "top-1": 0.5055,
     "top-5": 1.0,
     "top-10": 0.3001,
     "top-200": 1.0,
     "exam": 0.009259259259259259,
     "wasted-effort": 2
    }
   },
   "DStar": {
    "best_case": {
     "top-1": 0.496,
     "top-5": 1,
     "top-10": 0.909,
     "top-200": 1,
     "exam": 0.009259259259259259,
     "wasted-effort": 2
    },
    "avg_case": {
     "top-1": 0.4892,
     "top-5": 1,
     "top-10": 0.9108,
     "top-200": 1,
     "exam": 0.009259259259259259,
     "wasted-effort": 2
    },
    "worst_case": {
     "top-1": 0.5001,
     "top-5": 1.0,
     "top-10": 0.9122,
     "top-200": 1.0,
     "exam": 0.009259259259259259,
     "wasted-effort": 2
    }
   },
   "Naish1": {
    "best_case": {
     "top-1": 0.4975,
     "top-5": 0.24,
     "top-10": 0.4777,
     "top-200": 1,
     "exam": 0.009259259259259259,
     "wasted-effort": 2
    },
    "avg_case": {
     "top-1": 0.493,
     "top-5": 0.2446,
     "top-10": 0.4709,
     "top-200": 1,
     "exam": 0.009259259259259259,
     "wasted-effort": 2
    },
    "worst_case": {
     "top-1": 0.4968,
     "top-5": 0.2324,
     "top-10": 0.4709,
     "top-200": 1.0,
     "exam": 0.009259259259259259,
     "wasted-effort": 2
    }
   },
   "Naish2": {
    "best_case": {
     "top-1": 0.4938,
     "top-5": 1,
     "top-10": 0.8322,
     "top-200": 1,
     "exam": 0.009259259259259259,
     "wasted-effort": 2
    },
    "avg_case": {
     "top-1": 0.4912,
     "top-5": 1,
     "top-10": 0.8351,
     "top-200": 1,
     "exam": 0.009259259259259259,
     "wasted-effort": 2
    },
    "worst_case": {
     "top-1": 0.5002,
     "top-5": 1.0,
     "top-10": 0.8364,
     "top-200": 1.0,
     "exam": 0.009259259259259259,
     "wasted-effort": 2
    }
   },
   "GP13": {
    "best_case": {
     "top-1": 0.4978,
     "top-5": 1,
     "top-10": 0.8309,
     "top-200": 1,
     "exam": 0.009259259259259259,
     "wasted-effort": 2
    },
    "avg_case": {
     "top-1": 0.5028,
     "top-5": 1,
     "top-10": 0.8345,
     "top-200": 1,
     "exam": 0.009259259259259259,
     "wasted-effort": 2
    },
    "worst_case": {
     "top-1": 0.5034,
     "top-5": 1.0,
     "top-10": 0.8307,
     "top-200": 1.0,
     "exam": 0.009259259259259259,
     "wasted-effort": 2
    }
   }
  },
  "line_defuse": {
   "Tarantula": {
    "best_case": {
     "top-1": 0.4975,
     "top-5": 1,
     "top-10": 0.312,
     "top-200": 1,
     "exam": 0.009259259259259259,
     "wasted-effort": 2
    },
    "avg_case": {
     "top-1": 0.5023,
     "top-5": 1,
     "top-10": 0.3115,
     "top-200": 1,
     "exam": 0.009259259259259259,
     "wasted-effort": 2
    },
    "worst_case": {
     "top-1": 0.4999,
     "top-5": 1.0,
     "top-10": 0.3159,
     "top-200": 1.0,
     "exam": 0.009259259259259259,
     "wasted-effort": 2
    }
   },
   "Ochiai": {
    "best_case": {
     "top-1": 0.4988,
     "top-5": 1,
     "top-10": 0.3238,
     "top-200": 1,
     "exam": 0.009259259259259259,
     "wasted-effort": 2
    },
    "avg_case": {
     "top-1": 0.5021,
     "top-5": 1,
     "top-10": 0.3136,
     "top-200": 1,
     "exam": 0.009259259259259259,
     "wasted-effort": 2
    },
    "worst_case": {
     "top-1": 0.5085,
     "top-5": 1.0,
     "top-10": 0.3166,
     "top-200": 1.0,
     "exam": 0.009259259259259259,
     "wasted-effort": 2
    }
   },
   "DStar": {
    "best_case": {
     "top-1": 0.5001,
     "top-5": 1,
     "top-10": 0.7121,
     "top-200": 1,
     "exam": 0.009259259259259259,
     "wasted-effort": 2
    },
    "avg_case": {
     "top-1": 0.4967,
     "top-5": 1,
     "top-10": 0.7196,
     "top-200": 1,
     "exam": 0.009259259259259259,
     "wasted-effort": 2
    },
    "worst_case": {
     "top-1": 0.501,
     "top-5": 1.0,
     "top-10": 0.7089,
     "top-200": 1.0,
     "exam": 0.009259259259259259,
     "wasted-effort": 2
    }
   },