{
 "fastapi_4": {
  "line": {
   "Tarantula": {
    "best_case": {
     "top-1": 0.0088,
     "top-5": 0.04,
     "top-10": 0.091,
     "top-200": 0.2515,
     "exam": 0.013826518553533444,
     "wasted-effort": 117
    },
    "avg_case": {
     "top-1": 0.0087,
     "top-5": 0.0437,
     "top-10": 0.0871,
     "top-200": 0.2563,
     "exam": 0.013826518553533444,
     "wasted-effort": 117
    },
    "worst_case": {
     "top-1": 0.0086,
     "top-5": 0.0437,
     "top-10": 0.0881,
     "top-200": 0.2511,
     "exam": 0.013826518553533444,
     "wasted-effort": 117
    }
   },
   "Ochiai": {
    "best_case": {
     "top-1": 0.0071,
     "top-5": 0.042,
     "top-10": 0.0889,
     "top-200": 0.2558,
     "exam": 0.013826518553533444,
     "wasted-effort": 117
    },
    "avg_case": {
     "top-1": 0.0097,
     "top-5": 0.0468,
     "top-10": 0.0896,
     "top-200": 0.2522,
     "exam": 0.013826518553533444,
     "wasted-effort": 117
    },
    "worst_case": {
     "top-1": 0.0097,
     "top-5": 0.0429,
     "top-10": 0.0842,
     "top-200": 0.2533,
     "exam": 0.013826518553533444,
     "wasted-effort": 117
    }
   },
   "DStar": {
    "best_case": {
     "top-1": 0.0,
     "top-5": 0.0,
     "top-10": 0.0,
     "top-200": 0.0,
     "exam": 0.18329000236350745,
     "wasted-effort": 880
    },
    "avg_case": {
     "top-1": 0.0,
     "top-5": 0.0,
     "top-10": 0.0,
     "top-200": 0.0,
     "exam": 0.18329000236350745,
     "wasted-effort": 880
    },
    "worst_case": {
     "top-1": 0.0,
     "top-5": 0.0,
     "top-10": 0.0,
     "top-200": 0.0,
     "exam": 0.18329000236350745,
     "wasted-effort": 880
    }
   },
   "Naish1": {
    "best_case": {
     "top-1": 0.0084,
     "top-5": 0.0418,
     "top-10": 0.087,
     "top-200": 0.251,
     "exam": 0.013826518553533444,
     "wasted-effort": 117
    },
    "avg_case": {
     "top-1": 0.007,
     "top-5": 0.0439,
     "top-10": 0.0812,
     "top-200": 0.2597,
     "exam": 0.013826518553533444,
     "wasted-effort": 117
    },
    "worst_case": {
     "top-1": 0.0079,
     "top-5": 0.0412,
     "top-10": 0.0884,
     "top-200": 0.2531,
     "exam": 0.013826518553533444,
     "wasted-effort": 117
    }
   },
   "Naish2": {
    "best_case": {
     "top-1": 0.0094,
     "top-5": 0.0441,
     "top-10": 0.0873,
     "top-200": 0.2551,
     "exam": 0.013826518553533444,
     "wasted-effort": 117
    },
    "avg_case": {
     "top-1": 0.0083,
     "top-5": 0.04,
     "top-10": 0.0845,
     "top-200": 0.2485,
     "exam": 0.013826518553533444,
     "wasted-effort": 117
    },
    "worst_case": {
     "top-1": 0.0079,
     "top-5": 0.0397,
     "top-10": 0.0807,
     "top-200": 0.2529,
     "exam": 0.013826518553533444,
     "wasted-effort": 117
    }
   },
   "GP13": {
    "best_case": {
     "top-1": 0.0083,
     "top-5": 0.0431,
     "top-10": 0.0897,
     "top-200": 0.2531,
     "exam": 0.013826518553533444,
     "wasted-effort": 117
    },
    "avg_case": {
     "top-1": 0.0072,
     "top-5": 0.0407,
     "top-10": 0.0831,
     "top-200": 0.2592,
     "exam": 0.013826518553533444,
     "wasted-effort": 117
    },
    "worst_case": {
     "top-1": 0.008,
     "top-5": 0.0392,
     "top-10": 0.0834,
     "top-200": 0.258,
     "exam": 0.013826518553533444,
     "wasted-effort": 117
    }
   }
  },
  "line_line": {
   "Tarantula": {
    "best_case": {
     "top-1": 0.0081,
     "top-5": 0.043,
     "top-10": 0.0854,
     "top-200": 1,
     "exam": 0.013826518553533444,
     "wasted-effort": 117
    },
    "avg_case": {
     "top-1": 0.01,
     "top-5": 0.0457,
     "top-10": 0.0898,
     "top-200": 1,
     "exam": 0.013826518553533444,
     "wasted-effort": 117
    },
    "worst_case": {
     "top-1": 0.0095,
     "top-5": 0.0426,
     "top-10": 0.091,
     "top-200": 1.0,
     "exam": 0.013826518553533444,
     "wasted-effort": 117
    }
   },
   "Ochiai": {
    "best_case": {
     "top-1": 0.0093,
     "top-5": 0.0424,
     "top-10": 0.0813,
     "top-200": 1,
     "exam": 0.013826518553533444,
     "wasted-effort": 117
    },
    "avg_case": {
     "top-1": 0.0089,
     "top-5": 0.0412,
     "top-10": 0.0953,
     "top-200": 1,
     "exam": 0.013826518553533444,
     "wasted-effort": 117
    },
    "worst_case": {
     "top-1": 0.0098,
     "top-5": 0.0434,
     "top-10": 0.0897,
     "top-200": 1.0,
     "exam": 0.013826518553533444,
     "wasted-effort": 117
    }
   },
   "DStar": {
    "best_case": {
     "top-1": 0.0,
     "top-5": 0.0,
     "top-10": 0.0,
     "top-200": 0.0,
     "exam": 0.18329000236350745,
     "wasted-effort": 880
    },
    "avg_case": {
     "top-1": 0.0,
     "top-5": 0.0,
     "top-10": 0.0,
     "top-200": 0.0,
     "exam": 0.18329000236350745,
     "wasted-effort": 880
    },
    "worst_case": {
     "top-1": 0.0,
     "top-5": 0.0,
     "top-10": 0.0,
     "top-200": 0.0,
     "exam": 0.18329000236350745,
     "wasted-effort": 880
    }
   },
   "Naish1": {
    "best_case": {
     "top-1": 0.0083,
     "top-5": 0.0424,
     "top-10": 0.0842,
     "top-200": 0.2216,
     "exam": 0.013826518553533444,
     "wasted-effort": 117
    },
    "avg_case": {
     "top-1": 0.0077,
     "top-5": 0.0425,
     "top-10": 0.0848,
     "top-200": 0.2252,
     "exam": 0.013826518553533444,
     "wasted-effort": 117
    },
    "worst_case": {
     "top-1": 0.0099,
     "top-5": 0.0406,
     "top-10": 0.0832,
     "top-200": 0.2318,
     "exam": 0.013826518553533444,
     "wasted-effort": 117
    }
   },
   "Naish2": {
    "best_case": {
     "top-1": 0.0087,
     "top-5": 0.0422,
     "top-10": 0.0866,
     "top-200": 1,
     "exam": 0.013826518553533444,
     "wasted-effort": 117
    },
    "avg_case": {
     "top-1": 0.0092,
     "top-5": 0.0411,
     "top-10": 0.0854,
     "top-200": 1,
     "exam": 0.013826518553533444,
     "wasted-effort": 117
    },
    "worst_case": {
     "top-1": 0.0074,
     "top-5": 0.0414,
     "top-10": 0.0896,
     "top-200": 1.0,
     "exam": 0.013826518553533444,
     "wasted-effort": 117
    }
   },
   "GP13": {
    "best_case": {
     "top-1": 0.0084,
     "top-5": 0.0434,
     "top-10": 0.085,
     "top-200": 1,
     "exam": 0.013826518553533444,
     "wasted-effort": 117
    },
    "avg_case": {
     "top-1": 0.0089,
     "top-5": 0.0418,
     "top-10": 0.0842,
     "top-200": 1,
     "exam": 0.013826518553533444,
     "wasted-effort": 117
    },
    "worst_case": {
     "top-1": 0.0099,
     "top-5": 0.0434,
     "top-10": 0.0856,
     "top-200": 1.0,
     "exam": 0.013826518553533444,
     "wasted-effort": 117
    }
   }
  },
  "line_defuse": {
   "Tarantula": {
    "best_case": {
     "top-1": 0.0077,
     "top-5": 0.0439,
     "top-10": 0.0848,
     "top-200": 1,
     "exam": 0.013826518553533444,
     "wasted-effort": 117
    },
    "avg_case": {
     "top-1": 0.0074,
     "top-5": 0.0408,
     "top-10": 0.085,
     "top-200": 1,
     "exam": 0.013826518553533444,
     "wasted-effort": 117
    },
    "worst_case": {
     "top-1": 0.0081,
     "top-5": 0.0435,
     "top-10": 0.0843,
     "top-200": 1.0,
     "exam": 0.013826518553533444,
     "wasted-effort": 117
    }
   },
   "Ochiai": {
    "best_case": {
     "top-1": 0.0089,
     "top-5": 0.0413,
     "top-10": 0.0872,
     "top-200": 1,
     "exam": 0.013826518553533444,
     "wasted-effort": 117
    },
    "avg_case": {
     "top-1": 0.0093,
     "top-5": 0.043,
     "top-10": 0.0861,
     "top-200": 1,
     "exam": 0.013826518553533444,
     "wasted-effort": 117
    },
    "worst_case": {
     "top-1": 0.0089,
     "top-5": 0.0407,
     "top-10": 0.084,
     "top-200": 1.0,
     "exam": 0.013826518553533444,
     "wasted-effort": 117
    }
   },
   "DStar": {
    "best_case": {
     "top-1": 0.0,
     "top-5": 0.0,
     "top-10": 0.0,
     "top-200": 0.0,
     "exam": 0.18329000236350745,
     "wasted-effort": 880
    },
    "avg_case": {
     "top-1": 0.0,
     "top-5": 0.0,
     "top-10": 0.0,
     "top-200": 0.0,
     "exam": 0.18329000236350745,
     "wasted-effort": 880
    },