{
 "fastapi_16": {
  "line": {
   "Tarantula": {
    "best_case": {
     "top-1": 1,
     "top-5": 0.0128,
     "top-10": 0.0268,
     "top-200": 0.5611,
     "exam": 0.00041203131437989287,
     "wasted-effort": 1
    },
    "avg_case": {
     "top-1": 0.18181818181818182,
     "top-5": 0.0022181818181818227,
     "top-10": 0.005545454545454533,
     "top-200": 0.10303636363635055,
     "exam": 0.603831891223733,
     "wasted-effort": 2427
    },
    "worst_case": {
     "top-1": 0.09090909090909091,
     "top-5": 0.0013000000000000038,
     "top-10": 0.0025999999999999955,
     "top-200": 0.051590909090902574,
     "exam": 0.603831891223733,
     "wasted-effort": 2427
    }
   },
   "Ochiai": {
    "best_case": {
     "top-1": 1,
     "top-5": 0.0135,
     "top-10": 0.0288,
     "top-200": 0.5706,
     "exam": 0.00041203131437989287,
     "wasted-effort": 1
    },
    "avg_case": {
     "top-1": 0.18181818181818182,
     "top-5": 0.002545454545454553,
     "top-10": 0.004981818181818176,
     "top-200": 0.10201818181816863,
     "exam": 0.603831891223733,
     "wasted-effort": 2427
    },
    "worst_case": {
     "top-1": 0.09090909090909091,
     "top-5": 0.0011636363636363663,
     "top-10": 0.0025090909090909057,
     "top-200": 0.051063636363629754,
     "exam": 0.603831891223733,
     "wasted-effort": 2427
    }
   },
   "DStar": {
    "best_case": {
     "top-1": 1,
     "top-5": 0.0165,
     "top-10": 0.0314,
     "top-200": 0.5639,
     "exam": 0.00041203131437989287,
     "wasted-effort": 1
    },
    "avg_case": {
     "top-1": 0.18181818181818182,
     "top-5": 0.0028545454545454646,
     "top-10": 0.004745454545454541,
     "top-200": 0.10129090909089611,
     "exam": 0.603831891223733,
     "wasted-effort": 2427
    },
    "worst_case": {
     "top-1": 0.09090909090909091,
     "top-5": 0.001354545454545459,
     "top-10": 0.002490909090909088,
     "top-200": 0.051599999999993484,
     "exam": 0.603831891223733,
     "wasted-effort": 2427
    }
   },
   "Naish2": {
    "best_case": {
     "top-1": 1,
     "top-5": 0.0156,
     "top-10": 0.0259,
     "top-200": 0.5668,
     "exam": 0.00041203131437989287,
     "wasted-effort": 1
    },
    "avg_case": {
     "top-1": 0.18181818181818182,
     "top-5": 0.002181818181818186,
     "top-10": 0.005145454545454537,
     "top-200": 0.10192727272725956,
     "exam": 0.603831891223733,
     "wasted-effort": 2427
    },
    "worst_case": {
     "top-1": 0.09090909090909091,
     "top-5": 0.0011272727272727296,
     "top-10": 0.002554545454545451,
     "top-200": 0.05134545454544794,
     "exam": 0.603831891223733,
     "wasted-effort": 2427
    }
   },
   "GP13": {
    "best_case": {
     "top-1": 1,
     "top-5": 0.0149,
     "top-10": 0.0288,
     "top-200": 0.5602,
     "exam": 0.00041203131437989287,
     "wasted-effort": 1
    },
    "avg_case": {
     "top-1": 0.18181818181818182,
     "top-5": 0.0025818181818181895,
     "top-10": 0.005181818181818174,
     "top-200": 0.10263636363635041,
     "exam": 0.603831891223733,
     "wasted-effort": 2427
    },
    "worst_case": {
     "top-1": 0.09090909090909091,
     "top-5": 0.0014181818181818232,
     "top-10": 0.002263636363636363,
     "top-200": 0.051136363636357006,
     "exam": 0.603831891223733,
     "wasted-effort": 2427
    }
   }
  },
  "line_line": {
   "Tarantula": {
    "best_case": {
     "top-1": 1,
     "top-5": 0.0116,
     "top-10": 0.0271,
     "top-200": 0.5649,
     "exam": 0.00041203131437989287,
     "wasted-effort": 1
    },
    "avg_case": {
     "top-1": 0.18181818181818182,
     "top-5": 0.002472727272727279,
     "top-10": 0.005181818181818174,
     "top-200": 0.10205454545453226,
     "exam": 0.603831891223733,
     "wasted-effort": 2427
    },
    "worst_case": {
     "top-1": 0.09090909090909091,
     "top-5": 0.0012818181818181856,
     "top-10": 0.002327272727272726,
     "top-200": 0.05191818181817541,
     "exam": 0.603831891223733,
     "wasted-effort": 2427
    }
   },
   "Ochiai": {
    "best_case": {
     "top-1": 1,
     "top-5": 0.0129,
     "top-10": 0.0297,
     "top-200": 0.5706,
     "exam": 0.00041203131437989287,
     "wasted-effort": 1
    },
    "avg_case": {
     "top-1": 0.18181818181818182,
     "top-5": 0.0026000000000000077,
     "top-10": 0.005327272727272717,
     "top-200": 0.10176363636362325,
     "exam": 0.603831891223733,
     "wasted-effort": 2427
    },
    "worst_case": {
     "top-1": 0.09090909090909091,
     "top-5": 0.0015363636363636423,
     "top-10": 0.002518181818181815,
     "top-200": 0.05119999999999335,
     "exam": 0.603831891223733,
     "wasted-effort": 2427
    }
   },
   "DStar": {
    "best_case": {
     "top-1": 1,
     "top-5": 0.0141,
     "top-10": 0.027,
     "top-200": 0.5666,
     "exam": 0.00041203131437989287,
     "wasted-effort": 1
    },
    "avg_case": {
     "top-1": 0.18181818181818182,
     "top-5": 0.0027454545454545544,
     "top-10": 0.005454545454545444,
     "top-200": 0.10250909090907764,
     "exam": 0.603831891223733,
     "wasted-effort": 2427
    },
    "worst_case": {
     "top-1": 0.09090909090909091,
     "top-5": 0.001463636363636369,
     "top-10": 0.0030181818181818096,
     "top-200": 0.050954545454538876,
     "exam": 0.603831891223733,
     "wasted-effort": 2427
    }
   },
   "Naish2": {
    "best_case": {
     "top-1": 1,
     "top-5": 0.0133,
     "top-10": 0.0241,
     "top-200": 0.5616,
     "exam": 0.00041203131437989287,
     "wasted-effort": 1
    },
    "avg_case": {
     "top-1": 0.18181818181818182,
     "top-5": 0.002509090909090916,
     "top-10": 0.00503636363636363,
     "top-200": 0.10256363636362312,
     "exam": 0.603831891223733,
     "wasted-effort": 2427
    },
    "worst_case": {
     "top-1": 0.09090909090909091,
     "top-5": 0.0011636363636363663,
     "top-10": 0.002481818181818179,
     "top-200": 0.051845454545448116,
     "exam": 0.603831891223733,
     "wasted-effort": 2427
    }
   },
   "GP13": {
    "best_case": {
     "top-1": 1,
     "top-5": 0.0146,
     "top-10": 0.0269,
     "top-200": 0.5647,
     "exam": 0.00041203131437989287,
     "wasted-effort": 1
    },
    "avg_case": {
     "top-1": 0.18181818181818182,
     "top-5": 0.002490909090909098,
     "top-10": 0.005418181818181807,
     "top-200": 0.10247272727271399,
     "exam": 0.603831891223733,
     "wasted-effort": 2427
    },
    "worst_case": {
     "top-1": 0.09090909090909091,
     "top-5": 0.001245454545454549,
     "top-10": 0.002554545454545451,
     "top-200": 0.051127272727266096,
     "exam": 0.603831891223733,
     "wasted-effort": 2427
    }
   }
  },
  "line_defuse": {
   "Tarantula": {
    "best_case": {
     "top-1": 1,
     "top-5": 0.0146,
     "top-10": 0.0268,
     "top-200": 0.5546,
     "exam": 0.00041203131437989287,
     "wasted-effort": 1
    },
    "avg_case": {
     "top-1": 0.18181818181818182,
     "top-5": 0.002472727272727279,
     "top-10": 0.0053090909090909,
     "top-200": 0.10316363636362333,
     "exam": 0.603831891223733,
     "wasted-effort": 2427
    },
    "worst_case": {
     "top-1": 0.09090909090909091,
     "top-5": 0.001245454545454549,
     "top-10": 0.0026090909090909047,
     "top-200": 0.05091818181817525,
     "exam": 0.603831891223733,
     "wasted-effort": 2427
    }
   },
   "Ochiai": {
    "best_case": {
     "top-1": 1,
     "top-5": 0.0144,
     "top-10": 0.0291,
     "top-200": 0.5644,
     "exam": 0.00041203131437989287,
     "wasted-effort": 1
    },
    "avg_case": {
     "top-1": 0.18181818181818182,
     "top-5": 0.002981818181818193,
     "top-10": 0.005218181818181809,
     "top-200": 0.10436363636362374,
     "exam": 0.603831891223733,
     "wasted-effort": 2427
    },
    "worst_case": {
     "top-1": 0.09090909090909091,
     "top-5": 0.0013181818181818223,
     "top-10": 0.002263636363636363,
     "top-200": 0.05093636363635706,
     "exam": 0.603831891223733,
     "wasted-effort": 2427
    }
   },
   "DStar": {
    "best_case": {
     "top-1": 1,