{
 "fastapi_12": {
  "line": {
   "Tarantula": {
    "best_case": {
     "top-1": 0.0012,
     "top-5": 0.0067,
     "top-10": 0.0129,
     "top-200": 0.2634,
     "exam": 0.11189634864546526,
     "wasted-effort": 760
    },
    "avg_case": {
     "top-1": 0.00055,
     "top-5": 0.00295,
     "top-10": 0.00665,
     "top-200": 0.13415,
     "exam": 0.6118963486454653,
     "wasted-effort": 3396
    },
    "worst_case": {
     "top-1": 0.000425,
     "top-5": 0.00145,
     "top-10": 0.003125,
     "top-200": 0.06565,
     "exam": 0.6118963486454653,
     "wasted-effort": 3396
    }
   },
   "Ochiai": {
    "best_case": {
     "top-1": 0.0015,
     "top-5": 0.0068,
     "top-10": 0.0118,
     "top-200": 0.2703,
     "exam": 0.11189634864546526,
     "wasted-effort": 760
    },
    "avg_case": {
     "top-1": 0.00045,
     "top-5": 0.0035,
     "top-10": 0.00645,
     "top-200": 0.1301,
     "exam": 0.6118963486454653,
     "wasted-effort": 3396
    },
    "worst_case": {
     "top-1": 0.000425,
     "top-5": 0.001775,
     "top-10": 0.0033,
     "top-200": 0.065,
     "exam": 0.6118963486454653,
     "wasted-effort": 3396
    }
   },
   "DStar": {
    "best_case": {
     "top-1": 0.0011,
     "top-5": 0.0068,
     "top-10": 0.0121,
     "top-200": 0.2586,
     "exam": 0.11189634864546526,
     "wasted-effort": 760
    },
    "avg_case": {
     "top-1": 0.0006,
     "top-5": 0.0041,
     "top-10": 0.0076,
     "top-200": 0.1279,
     "exam": 0.6118963486454653,
     "wasted-effort": 3396
    },
    "worst_case": {
     "top-1": 0.0003,
     "top-5": 0.001375,
     "top-10": 0.003375,
     "top-200": 0.065475,
     "exam": 0.6118963486454653,
     "wasted-effort": 3396
    }
   },
   "Naish2": {
    "best_case": {
     "top-1": 0.0007,
     "top-5": 0.0066,
     "top-10": 0.0115,
     "top-200": 0.2624,
     "exam": 0.11189634864546526,
     "wasted-effort": 760
    },
    "avg_case": {
     "top-1": 0.00075,
     "top-5": 0.00315,
     "top-10": 0.0072,
     "top-200": 0.13225,
     "exam": 0.6118963486454653,
     "wasted-effort": 3396
    },
    "worst_case": {
     "top-1": 0.00025,
     "top-5": 0.0018,
     "top-10": 0.00335,
     "top-200": 0.064675,
     "exam": 0.6118963486454653,
     "wasted-effort": 3396
    }
   },
   "GP13": {
    "best_case": {
     "top-1": 0.0013,
     "top-5": 0.0064,
     "top-10": 0.0122,
     "top-200": 0.2627,
     "exam": 0.11189634864546526,
     "wasted-effort": 760
    },
    "avg_case": {
     "top-1": 0.0005,
     "top-5": 0.0033,
     "top-10": 0.00685,
     "top-200": 0.12655,
     "exam": 0.6118963486454653,
     "wasted-effort": 3396
    },
    "worst_case": {
     "top-1": 0.0003,
     "top-5": 0.001525,
     "top-10": 0.003475,
     "top-200": 0.066125,
     "exam": 0.6118963486454653,
     "wasted-effort": 3396
    }
   }
  },
  "line_line": {
   "Tarantula": {
    "best_case": {
     "top-1": 1,
     "top-5": 1,
     "top-10": 1,
     "top-200": 0.3394,
     "exam": 0.0002944640753828033,
     "wasted-effort": 1
    },
    "avg_case": {
     "top-1": 0.5,
     "top-5": 0.5,
     "top-10": 0.5,
     "top-200": 0.17705,
     "exam": 0.6118963486454653,
     "wasted-effort": 3396
    },
    "worst_case": {
     "top-1": 0.25,
     "top-5": 0.25,
     "top-10": 0.25,
     "top-200": 0.087375,
     "exam": 0.6118963486454653,
     "wasted-effort": 3396
    }
   },
   "Ochiai": {
    "best_case": {
     "top-1": 1,
     "top-5": 1,
     "top-10": 1,
     "top-200": 0.3475,
     "exam": 0.0002944640753828033,
     "wasted-effort": 1
    },
    "avg_case": {
     "top-1": 0.5,
     "top-5": 0.5,
     "top-10": 0.5,
     "top-200": 0.17295,
     "exam": 0.6118963486454653,
     "wasted-effort": 3396
    },
    "worst_case": {
     "top-1": 0.25,
     "top-5": 0.25,
     "top-10": 0.25,
     "top-200": 0.086525,
     "exam": 0.6118963486454653,
     "wasted-effort": 3396
    }
   },
   "DStar": {
    "best_case": {
     "top-1": 1,
     "top-5": 1,
     "top-10": 1,
     "top-200": 0.3462,
     "exam": 0.0002944640753828033,
     "wasted-effort": 1
    },
    "avg_case": {
     "top-1": 0.5,
     "top-5": 0.5,
     "top-10": 0.5,
     "top-200": 0.17015,
     "exam": 0.6118963486454653,
     "wasted-effort": 3396
    },
    "worst_case": {
     "top-1": 0.25,
     "top-5": 0.25,
     "top-10": 0.25,
     "top-200": 0.087025,
     "exam": 0.6118963486454653,
     "wasted-effort": 3396
    }
   },
   "Naish2": {
    "best_case": {
     "top-1": 1,
     "top-5": 1,
     "top-10": 1,
     "top-200": 0.3448,
     "exam": 0.0002944640753828033,
     "wasted-effort": 1
    },
    "avg_case": {
     "top-1": 0.5,
     "top-5": 0.5,
     "top-10": 0.5,
     "top-200": 0.17235,
     "exam": 0.6118963486454653,
     "wasted-effort": 3396
    },
    "worst_case": {
     "top-1": 0.25,
     "top-5": 0.25,
     "top-10": 0.25,
     "top-200": 0.0872,
     "exam": 0.6118963486454653,
     "wasted-effort": 3396
    }
   },
   "GP13": {
    "best_case": {
     "top-1": 1,
     "top-5": 1,
     "top-10": 1,
     "top-200": 0.3546,
     "exam": 0.0002944640753828033,
     "wasted-effort": 1
    },
    "avg_case": {
     "top-1": 0.5,
     "top-5": 0.5,
     "top-10": 0.5,
     "top-200": 0.178,
     "exam": 0.6118963486454653,
     "wasted-effort": 3396
    },
    "worst_case": {
     "top-1": 0.25,
     "top-5": 0.25,
     "top-10": 0.25,
     "top-200": 0.084425,
     "exam": 0.6118963486454653,
     "wasted-effort": 3396
    }
   }
  },
  "line_defuse": {
   "Tarantula": {
    "best_case": {
     "top-1": 1,
     "top-5": 1,
     "top-10": 1,
     "top-200": 0.3442,
     "exam": 0.0002944640753828033,
     "wasted-effort": 1
    },
    "avg_case": {
     "top-1": 0.5,
     "top-5": 0.5,
     "top-10": 0.5,
     "top-200": 0.177,
     "exam": 0.6118963486454653,
     "wasted-effort": 3396
    },
    "worst_case": {
     "top-1": 0.25,
     "top-5": 0.25,
     "top-10": 0.25,
     "top-200": 0.085975,
     "exam": 0.6118963486454653,
     "wasted-effort": 3396
    }
   },
   "Ochiai": {
    "best_case": {
     "top-1": 1,
     "top-5": 1,
     "top-10": 1,
     "top-200": 0.3459,
     "exam": 0.0002944640753828033,
     "wasted-effort": 1
    },
    "avg_case": {
     "top-1": 0.5,
     "top-5": 0.5,
     "top-10": 0.5,
     "top-200": 0.17845,
     "exam": 0.6118963486454653,
     "wasted-effort": 3396
    },
    "worst_case": {
     "top-1": 0.25,
     "top-5": 0.25,
     "top-10": 0.25,
     "top-200": 0.087425,
     "exam": 0.6118963486454653,
     "wasted-effort": 3396
    }
   },
   "DStar": {
    "best_case": {
     "top-1": 1,
     "top-5": 1,
     "top-10": 1,
     "top-200": 0.3462,
     "exam": 0.0002944640753828033,
     "wasted-effort": 1
    },
    "avg_case": {
     "top-1": 0.5,
     "top-5": 0.5,
     "top-10": 0.5,
     "top-200": 0.1734,
     "exam": 0.6118963486454653,
     "wasted-effort": 3396
    },
    "worst_case": {
     "top-1": 0.25,
     "top-5": 0.25,
     "top-10": 0.25,
     "top-200": 0.085975,
     "exam": 0.6118963486454653,
     "wasted-effort": 3396
    }
   },
   "Naish2": {
    "best_case": {
     "top-1": 1,
     "top-5": 1,
     "top-10": 1,
     "top-200": 0.3404,
     "exam": 0.0002944640753828033,
     "wasted-effort": 1
    },
    "avg_case": {
     "top-1": 0.5,
     "top-5": 0.5,
     "top-10": 0.5,
     "top-200": 0.17355,
     "exam": 0.6118963486454653,
     "wasted-effort": 3396
    },
    "worst_case": {
     "top-1": 0.25,
     "top-5": 0.25,
     "top-10": 0.25,
     "top-200": 0.0883,
     "exam": 0.6118963486454653,
     "wasted-effort": 3396
    }
   },
   "GP13": {
    "best_case": {
     "top-1": 1,
     "top-5": 1,
     "top-10": 1,
     "top-200": 0.3367,
     "exam": 0.0002944640753828033,
     "wasted-effort": 1
    },
    "avg_case": {
     "top-1": 0.5,
     "top-5": 0.5,
     "top-10": 0.5,
     "top-200": 0.173,
     "exam": 0.6118963486454653,
     "wasted-effort": 3396
    },
    "worst_case": {
     "top-1": 0.25,
     "top-5": 0.25,
     "top-10": 0.25,