{
 "fastapi_5": {
  "line": {
   "Tarantula": {
    "best_case": {
     "top-1": 0.0,
     "top-5": 0.0,
     "top-10": 0.0,
     "top-200": 0.2698,
     "exam": 0.017861367400047314,
     "wasted-effort": 94
    },
    "avg_case": {
     "top-1": 0.0,
     "top-5": 0.0,
     "top-10": 0.0,
     "top-200": 0.265,
     "exam": 0.017861367400047314,
     "wasted-effort": 94
    },
    "worst_case": {
     "top-1": 0.0,
     "top-5": 0.0,
     "top-10": 0.0,
     "top-200": 0.262,
     "exam": 0.017861367400047314,
     "wasted-effort": 94
    }
   },
   "Ochiai": {
    "best_case": {
     "top-1": 0.0,
     "top-5": 0.0,
     "top-10": 0.0,
     "top-200": 0.2712,
     "exam": 0.017861367400047314,
     "wasted-effort": 94
    },
    "avg_case": {
     "top-1": 0.0,
     "top-5": 0.0,
     "top-10": 0.0,
     "top-200": 0.2719,
     "exam": 0.017861367400047314,
     "wasted-effort": 94
    },
    "worst_case": {
     "top-1": 0.0,
     "top-5": 0.0,
     "top-10": 0.0,
     "top-200": 0.2616,
     "exam": 0.017861367400047314,
     "wasted-effort": 94
    }
   },
   "DStar": {
    "best_case": {
     "top-1": 0.0,
     "top-5": 0.0,
     "top-10": 0.0,
     "top-200": 0.2728,
     "exam": 0.010527560917908683,
     "wasted-effort": 63
    },
    "avg_case": {
     "top-1": 0.0,
     "top-5": 0.0,
     "top-10": 0.0,
     "top-200": 0.2773,
     "exam": 0.010527560917908683,
     "wasted-effort": 63
    },
    "worst_case": {
     "top-1": 0.0,
     "top-5": 0.0,
     "top-10": 0.0,
     "top-200": 0.2777,
     "exam": 0.010527560917908683,
     "wasted-effort": 63
    }
   },
   "Naish1": {
    "best_case": {
     "top-1": 0.0,
     "top-5": 0.0,
     "top-10": 0.0,
     "top-200": 0.2687,
     "exam": 0.017861367400047314,
     "wasted-effort": 94
    },
    "avg_case": {
     "top-1": 0.0,
     "top-5": 0.0,
     "top-10": 0.0,
     "top-200": 0.2769,
     "exam": 0.017861367400047314,
     "wasted-effort": 94
    },
    "worst_case": {
     "top-1": 0.0,
     "top-5": 0.0,
     "top-10": 0.0,
     "top-200": 0.2723,
     "exam": 0.017861367400047314,
     "wasted-effort": 94
    }
   },
   "Naish2": {
    "best_case": {
     "top-1": 0.0,
     "top-5": 0.0,
     "top-10": 0.0,
     "top-200": 0.2666,
     "exam": 0.017861367400047314,
     "wasted-effort": 94
    },
    "avg_case": {
     "top-1": 0.0,
     "top-5": 0.0,
     "top-10": 0.0,
     "top-200": 0.2689,
     "exam": 0.017861367400047314,
     "wasted-effort": 94
    },
    "worst_case": {
     "top-1": 0.0,
     "top-5": 0.0,
     "top-10": 0.0,
     "top-200": 0.2663,
     "exam": 0.017861367400047314,
     "wasted-effort": 94
    }
   },
   "GP13": {
    "best_case": {
     "top-1": 0.0,
     "top-5": 0.0,
     "top-10": 0.0,
     "top-200": 0.2725,
     "exam": 0.017861367400047314,
     "wasted-effort": 94
    },
    "avg_case": {
     "top-1": 0.0,
     "top-5": 0.0,
     "top-10": 0.0,
     "top-200": 0.2698,
     "exam": 0.017861367400047314,
     "wasted-effort": 94
    },
    "worst_case": {
     "top-1": 0.0,
     "top-5": 0.0,
     "top-10": 0.0,
     "top-200": 0.2718,
     "exam": 0.017861367400047314,
     "wasted-effort": 94
    }
   }
  },
  "line_line": {
   "Tarantula": {
    "best_case": {
     "top-1": 0.0,
     "top-5": 0.0,
     "top-10": 0.0,
     "top-200": 0.77,
     "exam": 0.03323870357227348,
     "wasted-effort": 159
    },
    "avg_case": {
     "top-1": 0.0,
     "top-5": 0.0,
     "top-10": 0.0,
     "top-200": 0.7663,
     "exam": 0.03323870357227348,
     "wasted-effort": 159
    },
    "worst_case": {
     "top-1": 0.0,
     "top-5": 0.0,
     "top-10": 0.0,
     "top-200": 0.7656,
     "exam": 0.03323870357227348,
     "wasted-effort": 159
    }
   },
   "Ochiai": {
    "best_case": {
     "top-1": 0.0,
     "top-5": 0.0,
     "top-10": 0.0,
     "top-200": 0.76,
     "exam": 0.03323870357227348,
     "wasted-effort": 159
    },
    "avg_case": {
     "top-1": 0.0,
     "top-5": 0.0,
     "top-10": 0.0,
     "top-200": 0.7579,
     "exam": 0.03323870357227348,
     "wasted-effort": 159
    },
    "worst_case": {
     "top-1": 0.0,
     "top-5": 0.0,
     "top-10": 0.0,
     "top-200": 0.7501,
     "exam": 0.03323870357227348,
     "wasted-effort": 159
    }
   },
   "DStar": {
    "best_case": {
     "top-1": 0.0,
     "top-5": 0.0,
     "top-10": 0.0,
     "top-200": 0.8607,
     "exam": 0.017861367400047314,
     "wasted-effort": 94
    },
    "avg_case": {
     "top-1": 0.0,
     "top-5": 0.0,
     "top-10": 0.0,
     "top-200": 0.8663,
     "exam": 0.017861367400047314,
     "wasted-effort": 94
    },
    "worst_case": {
     "top-1": 0.0,
     "top-5": 0.0,
     "top-10": 0.0,
     "top-200": 0.86,
     "exam": 0.017861367400047314,
     "wasted-effort": 94
    }
   },
   "Naish1": {
    "best_case": {
     "top-1": 0.0,
     "top-5": 0.0,
     "top-10": 0.0,
     "top-200": 0.1951,
     "exam": 0.032292405961674944,
     "wasted-effort": 155
    },
    "avg_case": {
     "top-1": 0.0,
     "top-5": 0.0,
     "top-10": 0.0,
     "top-200": 0.1889,
     "exam": 0.032292405961674944,
     "wasted-effort": 155
    },
    "worst_case": {
     "top-1": 0.0,
     "top-5": 0.0,
     "top-10": 0.0,
     "top-200": 0.1959,
     "exam": 0.032292405961674944,
     "wasted-effort": 155
    }
   },
   "Naish2": {
    "best_case": {
     "top-1": 0.0,
     "top-5": 0.0,
     "top-10": 0.0,
     "top-200": 0.7545,
     "exam": 0.032292405961674944,
     "wasted-effort": 155
    },
    "avg_case": {
     "top-1": 0.0,
     "top-5": 0.0,
     "top-10": 0.0,
     "top-200": 0.7656,
     "exam": 0.032292405961674944,
     "wasted-effort": 155
    },
    "worst_case": {
     "top-1": 0.0,
     "top-5": 0.0,
     "top-10": 0.0,
     "top-200": 0.7687,
     "exam": 0.032292405961674944,
     "wasted-effort": 155
    }
   },
   "GP13": {
    "best_case": {
     "top-1": 0.0,
     "top-5": 0.0,
     "top-10": 0.0,
     "top-200": 0.7578,
     "exam": 0.03323870357227348,
     "wasted-effort": 159
    },
    "avg_case": {
     "top-1": 0.0,
     "top-5": 0.0,
     "top-10": 0.0,
     "top-200": 0.7669,
     "exam": 0.03323870357227348,
     "wasted-effort": 159
    },
    "worst_case": {
     "top-1": 0.0,
     "top-5": 0.0,
     "top-10": 0.0,
     "top-200": 0.7684,
     "exam": 0.03323870357227348,
     "wasted-effort": 159
    }
   }
  },
  "line_defuse": {
   "Tarantula": {
    "best_case": {
     "top-1": 0.0,
     "top-5": 0.0,
     "top-10": 0.0,
     "top-200": 0.9805,
     "exam": 0.03323870357227348,
     "wasted-effort": 159
    },
    "avg_case": {
     "top-1": 0.0,
     "top-5": 0.0,
     "top-10": 0.0,
     "top-200": 0.9789,
     "exam": 0.03323870357227348,
     "wasted-effort": 159
    },
    "worst_case": {
     "top-1": 0.0,
     "top-5": 0.0,
     "top-10": 0.0,
     "top-200": 0.9811,
     "exam": 0.03323870357227348,
     "wasted-effort": 159
    }
   },
   "Ochiai": {
    "best_case": {
     "top-1": 0.0,
     "top-5": 0.0,
     "top-10": 0.0,
     "top-200": 0.98,
     "exam": 0.03323870357227348,
     "wasted-effort": 159
    },
    "avg_case": {
     "top-1": 0.0,
     "top-5": 0.0,
     "top-10": 0.0,
     "top-200": 0.9815,
     "exam": 0.03323870357227348,
     "wasted-effort": 159
    },
    "worst_case": {
     "top-1": 0.0,
     "top-5": 0.0,
     "top-10": 0.0,
     "top-200": 0.9796,
     "exam": 0.03323870357227348,
     "wasted-effort": 159
    }
   },
   "DStar": {
    "best_case": {
     "top-1": 0.0,
     "top-5": 0.0,
     "top-10": 0.0,
     "top-200": 0.7369,
     "exam": 0.017861367400047314,
     "wasted-effort": 94
    },
    "avg_case": {
     "top-1": 0.0,
     "top-5": 0.0,
     "top-10": 0.0,
     "top-200": 0.7325,
     "exam": 0.017861367400047314,
     "wasted-effort": 94
    },
    "worst_case": {
     "top-1": 0.0,
     "top-5": 0.0,
     "top-10": 0.0,
     "top-200": 0.7327,
     "exam": 0.017861367400047314,
     "wasted-effort": 94
    }
   },
   "Naish1": {
    "best_case": {
     "top-1": 0.0,