{
 "fastapi_11": {
  "line": {
   "Tarantula": {
    "best_case": {
     "top-1": 0.0,
     "top-5": 0.0,
     "top-10": 0.0,
     "top-200": 0.3047,
     "exam": 0.10679476468950153,
     "wasted-effort": 653
    },
    "avg_case": {
     "top-1": 0.0,
     "top-5": 0.0,
     "top-10": 0.0,
     "top-200": 0.3068,
     "exam": 0.10679476468950153,
     "wasted-effort": 653
    },
    "worst_case": {
     "top-1": 0.0,
     "top-5": 0.0,
     "top-10": 0.0,
     "top-200": 0.15315,
     "exam": 0.6056808688387636,
     "wasted-effort": 3591
    }
   },
   "Ochiai": {
    "best_case": {
     "top-1": 0.0,
     "top-5": 0.0,
     "top-10": 0.0,
     "top-200": 0.3582,
     "exam": 0.07922584238373712,
     "wasted-effort": 554
    },
    "avg_case": {
     "top-1": 0.0,
     "top-5": 0.0,
     "top-10": 0.0,
     "top-200": 0.3628,
     "exam": 0.07922584238373712,
     "wasted-effort": 554
    },
    "worst_case": {
     "top-1": 0.0,
     "top-5": 0.0,
     "top-10": 0.0,
     "top-200": 0.18065,
     "exam": 0.6056808688387636,
     "wasted-effort": 3591
    }
   },
   "DStar": {
    "best_case": {
     "top-1": 0.002,
     "top-5": 0.0102,
     "top-10": 0.0206,
     "top-200": 0.3661,
     "exam": 0.07504873294346978,
     "wasted-effort": 539
    },
    "avg_case": {
     "top-1": 0.0013,
     "top-5": 0.0088,
     "top-10": 0.0161,
     "top-200": 0.3771,
     "exam": 0.07504873294346978,
     "wasted-effort": 539
    },
    "worst_case": {
     "top-1": 0.0006,
     "top-5": 0.00425,
     "top-10": 0.009,
     "top-200": 0.1856,
     "exam": 0.6056808688387636,
     "wasted-effort": 3591
    }
   },
   "Naish1": {
    "best_case": {
     "top-1": 0.0,
     "top-5": 0.0093,
     "top-10": 0.0198,
     "top-200": 0.3727,
     "exam": 0.07560568086883876,
     "wasted-effort": 541
    },
    "avg_case": {
     "top-1": 0.0,
     "top-5": 0.009,
     "top-10": 0.0207,
     "top-200": 0.3703,
     "exam": 0.07560568086883876,
     "wasted-effort": 541
    },
    "worst_case": {
     "top-1": 0.0,
     "top-5": 0.00505,
     "top-10": 0.00915,
     "top-200": 0.1854,
     "exam": 0.6056808688387636,
     "wasted-effort": 3591
    }
   },
   "Naish2": {
    "best_case": {
     "top-1": 0.0,
     "top-5": 0.0086,
     "top-10": 0.0168,
     "top-200": 0.3672,
     "exam": 0.07560568086883876,
     "wasted-effort": 541
    },
    "avg_case": {
     "top-1": 0.0,
     "top-5": 0.0115,
     "top-10": 0.0191,
     "top-200": 0.3697,
     "exam": 0.07560568086883876,
     "wasted-effort": 541
    },
    "worst_case": {
     "top-1": 0.0,
     "top-5": 0.00535,
     "top-10": 0.0096,
     "top-200": 0.18565,
     "exam": 0.6056808688387636,
     "wasted-effort": 3591
    }
   },
   "GP13": {
    "best_case": {
     "top-1": 0.0,
     "top-5": 0.0102,
     "top-10": 0.0167,
     "top-200": 0.3734,
     "exam": 0.07560568086883876,
     "wasted-effort": 541
    },
    "avg_case": {
     "top-1": 0.0,
     "top-5": 0.0101,
     "top-10": 0.0181,
     "top-200": 0.3702,
     "exam": 0.07560568086883876,
     "wasted-effort": 541
    },
    "worst_case": {
     "top-1": 0.0,
     "top-5": 0.00505,
     "top-10": 0.00875,
     "top-200": 0.18095,
     "exam": 0.6056808688387636,
     "wasted-effort": 3591
    }
   }
  },
  "line_line": {
   "Tarantula": {
    "best_case": {
     "top-1": 0.0,
     "top-5": 0.0,
     "top-10": 0.0,
     "top-200": 0.8595,
     "exam": 0.05179615705931495,
     "wasted-effort": 233
    },
    "avg_case": {
     "top-1": 0.0,
     "top-5": 0.0,
     "top-10": 0.0,
     "top-200": 0.8552,
     "exam": 0.05179615705931495,
     "wasted-effort": 233
    },
    "worst_case": {
     "top-1": 0.0,
     "top-5": 0.0,
     "top-10": 0.0,
     "top-200": 0.4303,
     "exam": 0.6056808688387636,
     "wasted-effort": 3591
    }
   },
   "Ochiai": {
    "best_case": {
     "top-1": 0.0,
     "top-5": 0.0,
     "top-10": 0.0,
     "top-200": 0.9948,
     "exam": 0.03313840155945419,
     "wasted-effort": 166
    },
    "avg_case": {
     "top-1": 0.0,
     "top-5": 0.0,
     "top-10": 0.0,
     "top-200": 0.9949,
     "exam": 0.03313840155945419,
     "wasted-effort": 166
    },
    "worst_case": {
     "top-1": 0.0,
     "top-5": 0.0,
     "top-10": 0.0,
     "top-200": 0.49765,
     "exam": 0.6056808688387636,
     "wasted-effort": 3591
    }
   },
   "DStar": {
    "best_case": {
     "top-1": 0.0,
     "top-5": 0.0,
     "top-10": 0.0,
     "top-200": 0.3409,
     "exam": 0.020050125313283207,
     "wasted-effort": 119
    },
    "avg_case": {
     "top-1": 0.0,
     "top-5": 0.0,
     "top-10": 0.0,
     "top-200": 0.3416,
     "exam": 0.020050125313283207,
     "wasted-effort": 119
    },
    "worst_case": {
     "top-1": 0.0,
     "top-5": 0.0,
     "top-10": 0.0,
     "top-200": 0.1723,
     "exam": 0.6056808688387636,
     "wasted-effort": 3591
    }
   },
   "Naish1": {
    "best_case": {
     "top-1": 0.0,
     "top-5": 0.0082,
     "top-10": 0.0171,
     "top-200": 0.3119,
     "exam": 0.09036480089111668,
     "wasted-effort": 647
    },
    "avg_case": {
     "top-1": 0.0,
     "top-5": 0.0082,
     "top-10": 0.0164,
     "top-200": 0.302,
     "exam": 0.09036480089111668,
     "wasted-effort": 647
    },
    "worst_case": {
     "top-1": 0.0,
     "top-5": 0.00425,
     "top-10": 0.007,
     "top-200": 0.157,
     "exam": 0.6056808688387636,
     "wasted-effort": 3591
    }
   },
   "Naish2": {
    "best_case": {
     "top-1": 0.0,
     "top-5": 0.0,
     "top-10": 0.0,
     "top-200": 0.9953,
     "exam": 0.020607073238652185,
     "wasted-effort": 121
    },
    "avg_case": {
     "top-1": 0.0,
     "top-5": 0.0,
     "top-10": 0.0,
     "top-200": 0.9944,
     "exam": 0.020607073238652185,
     "wasted-effort": 121
    },
    "worst_case": {
     "top-1": 0.0,
     "top-5": 0.0,
     "top-10": 0.0,
     "top-200": 0.49785,
     "exam": 0.6056808688387636,
     "wasted-effort": 3591
    }
   },
   "GP13": {
    "best_case": {
     "top-1": 0.0,
     "top-5": 0.0,
     "top-10": 0.0,
     "top-200": 0.9946,
     "exam": 0.020607073238652185,
     "wasted-effort": 121
    },
    "avg_case": {
     "top-1": 0.0,
     "top-5": 0.0,
     "top-10": 0.0,
     "top-200": 0.9946,
     "exam": 0.020607073238652185,
     "wasted-effort": 121
    },
    "worst_case": {
     "top-1": 0.0,
     "top-5": 0.0,
     "top-10": 0.0,
     "top-200": 0.49735,
     "exam": 0.6056808688387636,
     "wasted-effort": 3591
    }
   }
  },
  "line_defuse": {
   "Tarantula": {
    "best_case": {
     "top-1": 0.0,
     "top-5": 0.0,
     "top-10": 0.0,
     "top-200": 0.7391,
     "exam": 0.061542745753272066,
     "wasted-effort": 268
    },
    "avg_case": {
     "top-1": 0.0,
     "top-5": 0.0,
     "top-10": 0.0,
     "top-200": 0.7414,
     "exam": 0.061542745753272066,
     "wasted-effort": 268
    },
    "worst_case": {
     "top-1": 0.0,
     "top-5": 0.0,
     "top-10": 0.0,
     "top-200": 0.3724,
     "exam": 0.6056808688387636,
     "wasted-effort": 3591
    }
   },
   "Ochiai": {
    "best_case": {
     "top-1": 0.0,
     "top-5": 0.0,
     "top-10": 0.0,
     "top-200": 0.9949,
     "exam": 0.042884990253411304,
     "wasted-effort": 201
    },
    "avg_case": {
     "top-1": 0.0,
     "top-5": 0.0,
     "top-10": 0.0,
     "top-200": 0.9954,
     "exam": 0.042884990253411304,
     "wasted-effort": 201
    },
    "worst_case": {
     "top-1": 0.0,
     "top-5": 0.0,
     "top-10": 0.0,
     "top-200": 0.49785,
     "exam": 0.6056808688387636,
     "wasted-effort": 3591
    }
   },
   "DStar": {
    "best_case": {
     "top-1": 0.0,
     "top-5": 0.0,
     "top-10": 0.0,
     "top-200": 0.3444,
     "exam": 0.02979671400724032,
     "wasted-effort": 154
    },
    "avg_case": {
     "top-1": 0.0,
     "top-5": 0.0,
     "top-10": 0.0,
     "top-200": 0.3363,
     "exam": 0.02979671400724032,
     "wasted-effort": 154
    },
    "worst_case": {
     "top-1": 0.0,
     "top-5": 0.0,
     "top-10": 0.0,
     "top-200": 0.1717,