{
 "fastapi_16": {
  "line": {
   "Tarantula": {
    "best_case": {
     "top-1": 0.0043,
     "top-5": 0.0227,
     "top-10": 0.0412,
     "top-200": 0.6395,
     "exam": 0.103831891223733,
     "wasted-effort": 504
    },
    "avg_case": {
     "top-1": 0.0005636363636363634,
     "top-5": 0.0035090909090909187,
     "top-10": 0.007072727272727272,
     "top-200": 0.14394545454545188,
     "exam": 0.603831891223733,
     "wasted-effort": 2427
    },
    "worst_case": {
     "top-1": 0.00031818181818181804,
     "top-5": 0.0018454545454545492,
     "top-10": 0.003736363636363642,
     "top-200": 0.07194545454545294,
     "exam": 0.603831891223733,
     "wasted-effort": 2427
    }
   },
   "Ochiai": {
    "best_case": {
     "top-1": 0.0034,
     "top-5": 0.0192,
     "top-10": 0.0385,
     "top-200": 0.6388,
     "exam": 0.103831891223733,
     "wasted-effort": 504
    },
    "avg_case": {
     "top-1": 0.000745454545454545,
     "top-5": 0.0036181818181818264,
     "top-10": 0.0068545454545454465,
     "top-200": 0.1445454545454515,
     "exam": 0.603831891223733,
     "wasted-effort": 2427
    },
    "worst_case": {
     "top-1": 0.0003909090909090907,
     "top-5": 0.0018000000000000043,
     "top-10": 0.0038181818181818243,
     "top-200": 0.07256363636363486,
     "exam": 0.603831891223733,
     "wasted-effort": 2427
    }
   },
   "DStar": {
    "best_case": {
     "top-1": 0.0044,
     "top-5": 0.0202,
     "top-10": 0.038,
     "top-200": 0.6411,
     "exam": 0.103831891223733,
     "wasted-effort": 504
    },
    "avg_case": {
     "top-1": 0.000745454545454545,
     "top-5": 0.003327272727272738,
     "top-10": 0.00721818181818182,
     "top-200": 0.14456363636363298,
     "exam": 0.603831891223733,
     "wasted-effort": 2427
    },
    "worst_case": {
     "top-1": 0.000418181818181818,
     "top-5": 0.0016818181818181873,
     "top-10": 0.003845454545454553,
     "top-200": 0.07279090909090741,
     "exam": 0.603831891223733,
     "wasted-effort": 2427
    }
   },
   "Naish2": {
    "best_case": {
     "top-1": 0.0047,
     "top-5": 0.0196,
     "top-10": 0.0391,
     "top-200": 0.6382,
     "exam": 0.103831891223733,
     "wasted-effort": 504
    },
    "avg_case": {
     "top-1": 0.0006545454545454542,
     "top-5": 0.003963636363636368,
     "top-10": 0.006490909090909072,
     "top-200": 0.14412727272726925,
     "exam": 0.603831891223733,
     "wasted-effort": 2427
    },
    "worst_case": {
     "top-1": 0.0002909090909090908,
     "top-5": 0.0018090909090909132,
     "top-10": 0.00359090909090909,
     "top-200": 0.07201818181818037,
     "exam": 0.603831891223733,
     "wasted-effort": 2427
    }
   },
   "GP13": {
    "best_case": {
     "top-1": 0.0033,
     "top-5": 0.0185,
     "top-10": 0.0401,
     "top-200": 0.6387,
     "exam": 0.103831891223733,
     "wasted-effort": 504
    },
    "avg_case": {
     "top-1": 0.0007818181818181814,
     "top-5": 0.00358181818181819,
     "top-10": 0.007436363636363645,
     "top-200": 0.1446181818181788,
     "exam": 0.603831891223733,
     "wasted-effort": 2427
    },
    "worst_case": {
     "top-1": 0.0003727272727272725,
     "top-5": 0.0017636363636363683,
     "top-10": 0.003681818181818184,
     "top-200": 0.07165454545454393,
     "exam": 0.603831891223733,
     "wasted-effort": 2427
    }
   }
  },
  "line_line": {
   "Tarantula": {
    "best_case": {
     "top-1": 1,
     "top-5": 0.0132,
     "top-10": 0.028,
     "top-200": 0.563,
     "exam": 0.00041203131437989287,
     "wasted-effort": 1
    },
    "avg_case": {
     "top-1": 0.18181818181818182,
     "top-5": 0.0028181818181818277,
     "top-10": 0.004636363636363634,
     "top-200": 0.10241818181816853,
     "exam": 0.603831891223733,
     "wasted-effort": 2427
    },
    "worst_case": {
     "top-1": 0.09090909090909091,
     "top-5": 0.0010000000000000013,
     "top-10": 0.0026454545454545407,
     "top-200": 0.050163636363630006,
     "exam": 0.603831891223733,
     "wasted-effort": 2427
    }
   },
   "Ochiai": {
    "best_case": {
     "top-1": 1,
     "top-5": 0.0128,
     "top-10": 0.0267,
     "top-200": 0.5608,
     "exam": 0.00041203131437989287,
     "wasted-effort": 1
    },
    "avg_case": {
     "top-1": 0.18181818181818182,
     "top-5": 0.002709090909090918,
     "top-10": 0.005254545454545446,
     "top-200": 0.10161818181816874,
     "exam": 0.603831891223733,
     "wasted-effort": 2427
    },
    "worst_case": {
     "top-1": 0.09090909090909091,
     "top-5": 0.0012727272727272765,
     "top-10": 0.002390909090909089,
     "top-200": 0.05128181818181156,
     "exam": 0.603831891223733,
     "wasted-effort": 2427
    }
   },
   "DStar": {
    "best_case": {
     "top-1": 1,
     "top-5": 0.0122,
     "top-10": 0.0307,
     "top-200": 0.5645,
     "exam": 0.00041203131437989287,
     "wasted-effort": 1
    },
    "avg_case": {
     "top-1": 0.18181818181818182,
     "top-5": 0.0027454545454545544,
     "top-10": 0.004963636363636358,
     "top-200": 0.10249090909089582,
     "exam": 0.603831891223733,
     "wasted-effort": 2427
    },
    "worst_case": {
     "top-1": 0.09090909090909091,
     "top-5": 0.0014909090909090966,
     "top-10": 0.002518181818181815,
     "top-200": 0.05115454545453882,
     "exam": 0.603831891223733,
     "wasted-effort": 2427
    }
   },
   "Naish2": {
    "best_case": {
     "top-1": 1,
     "top-5": 0.0137,
     "top-10": 0.0273,
     "top-200": 0.5551,
     "exam": 0.00041203131437989287,
     "wasted-effort": 1
    },
    "avg_case": {
     "top-1": 0.18181818181818182,
     "top-5": 0.0026181818181818264,
     "top-10": 0.00503636363636363,
     "top-200": 0.10270909090907772,
     "exam": 0.603831891223733,
     "wasted-effort": 2427
    },
    "worst_case": {
     "top-1": 0.09090909090909091,
     "top-5": 0.0013181818181818223,
     "top-10": 0.0026090909090909047,
     "top-200": 0.051209090909084265,
     "exam": 0.603831891223733,
     "wasted-effort": 2427
    }
   },
   "GP13": {
    "best_case": {
     "top-1": 1,
     "top-5": 0.0125,
     "top-10": 0.0282,
     "top-200": 0.5635,
     "exam": 0.00041203131437989287,
     "wasted-effort": 1
    },
    "avg_case": {
     "top-1": 0.18181818181818182,
     "top-5": 0.002727272727272736,
     "top-10": 0.004527272727272726,
     "top-200": 0.10269090909089588,
     "exam": 0.603831891223733,
     "wasted-effort": 2427
    },
    "worst_case": {
     "top-1": 0.09090909090909091,
     "top-5": 0.001254545454545458,
     "top-10": 0.00256363636363636,
     "top-200": 0.05115454545453882,
     "exam": 0.603831891223733,
     "wasted-effort": 2427
    }
   }
  },
  "line_defuse": {
   "Tarantula": {
    "best_case": {
     "top-1": 1,
     "top-5": 0.0144,
     "top-10": 0.0286,
     "top-200": 0.5641,
     "exam": 0.00041203131437989287,
     "wasted-effort": 1
    },
    "avg_case": {
     "top-1": 0.18181818181818182,
     "top-5": 0.0023636363636363694,
     "top-10": 0.005054545454545448,
     "top-200": 0.10274545454544136,
     "exam": 0.603831891223733,
     "wasted-effort": 2427
    },
    "worst_case": {
     "top-1": 0.09090909090909091,
     "top-5": 0.0011636363636363663,
     "top-10": 0.0028272727272727204,
     "top-200": 0.05149090909090254,
     "exam": 0.603831891223733,
     "wasted-effort": 2427
    }
   },
   "Ochiai": {
    "best_case": {
     "top-1": 1,
     "top-5": 0.0161,
     "top-10": 0.0247,
     "top-200": 0.5792,
     "exam": 0.00041203131437989287,
     "wasted-effort": 1
    },
    "avg_case": {
     "top-1": 0.18181818181818182,
     "top-5": 0.0021636363636363676,
     "top-10": 0.004527272727272726,
     "top-200": 0.10325454545453244,
     "exam": 0.603831891223733,
     "wasted-effort": 2427
    },
    "worst_case": {
     "top-1": 0.09090909090909091,
     "top-5": 0.0010181818181818196,
     "top-10": 0.002518181818181815,
     "top-200": 0.051181818181811535,
     "exam": 0.603831891223733,
     "wasted-effort": 2427
    }
   },