{
 "fastapi_3": {
  "line": {
   "Tarantula": {
    "best_case": {
     "top-1": 0.3398,
     "top-5": 1.0,
     "top-10": 0.041,
     "top-200": 0.6369,
     "exam": 0.0007078810759792355,
     "wasted-effort": 6
    },
    "avg_case": {
     "top-1": 0.08275,
     "top-5": 0.4174,
     "top-10": 0.01065,
     "top-200": 0.21745,
     "exam": 0.5863614912694667,
     "wasted-effort": 4238
    },
    "worst_case": {
     "top-1": 0.0416,
     "top-5": 0.2083375,
     "top-10": 0.005325,
     "top-200": 0.1059375,
     "exam": 0.5863614912694667,
     "wasted-effort": 4238
    }
   },
   "Ochiai": {
    "best_case": {
     "top-1": 0.0,
     "top-5": 0.0078,
     "top-10": 0.0144,
     "top-200": 0.2883,
     "exam": 0.08211420481359132,
     "wasted-effort": 694
    },
    "avg_case": {
     "top-1": 0.0,
     "top-5": 0.001625,
     "top-10": 0.00345,
     "top-200": 0.072575,
     "exam": 0.5863614912694667,
     "wasted-effort": 4238
    },
    "worst_case": {
     "top-1": 0.0,
     "top-5": 0.00075,
     "top-10": 0.00195,
     "top-200": 0.0357875,
     "exam": 0.5863614912694667,
     "wasted-effort": 4238
    }
   },
   "DStar": {
    "best_case": {
     "top-1": 0.001,
     "top-5": 0.0068,
     "top-10": 0.0137,
     "top-200": 0.2956,
     "exam": 0.08164228409627183,
     "wasted-effort": 692
    },
    "avg_case": {
     "top-1": 0.00045,
     "top-5": 0.001425,
     "top-10": 0.004025,
     "top-200": 0.072025,
     "exam": 0.5863614912694667,
     "wasted-effort": 4238
    },
    "worst_case": {
     "top-1": 0.0002,
     "top-5": 0.0009625,
     "top-10": 0.0019375,
     "top-200": 0.036125,
     "exam": 0.5863614912694667,
     "wasted-effort": 4238
    }
   },
   "Naish1": {
    "best_case": {
     "top-1": 0.0,
     "top-5": 0.006,
     "top-10": 0.015,
     "top-200": 0.2832,
     "exam": 0.08211420481359132,
     "wasted-effort": 694
    },
    "avg_case": {
     "top-1": 0.0,
     "top-5": 0.001775,
     "top-10": 0.003575,
     "top-200": 0.07245,
     "exam": 0.5863614912694667,
     "wasted-effort": 4238
    },
    "worst_case": {
     "top-1": 0.0,
     "top-5": 0.001,
     "top-10": 0.00185,
     "top-200": 0.03635,
     "exam": 0.5863614912694667,
     "wasted-effort": 4238
    }
   },
   "Naish2": {
    "best_case": {
     "top-1": 0.0,
     "top-5": 0.007,
     "top-10": 0.0137,
     "top-200": 0.2874,
     "exam": 0.08211420481359132,
     "wasted-effort": 694
    },
    "avg_case": {
     "top-1": 0.0,
     "top-5": 0.00165,
     "top-10": 0.00415,
     "top-200": 0.070175,
     "exam": 0.5863614912694667,
     "wasted-effort": 4238
    },
    "worst_case": {
     "top-1": 0.0,
     "top-5": 0.0009875,
     "top-10": 0.001975,
     "top-200": 0.03505,
     "exam": 0.5863614912694667,
     "wasted-effort": 4238
    }
   },
   "GP13": {
    "best_case": {
     "top-1": 0.0,
     "top-5": 0.0082,
     "top-10": 0.0155,
     "top-200": 0.2903,
     "exam": 0.08211420481359132,
     "wasted-effort": 694
    },
    "avg_case": {
     "top-1": 0.0,
     "top-5": 0.001825,
     "top-10": 0.003975,
     "top-200": 0.0706,
     "exam": 0.5863614912694667,
     "wasted-effort": 4238
    },
    "worst_case": {
     "top-1": 0.0,
     "top-5": 0.00095,
     "top-10": 0.0015625,
     "top-200": 0.0357625,
     "exam": 0.5863614912694667,
     "wasted-effort": 4238
    }
   }
  },
  "line_line": {
   "Tarantula": {
    "best_case": {
     "top-1": 0.4039,
     "top-5": 1,
     "top-10": 0.3918,
     "top-200": 0.9957,
     "exam": 0.0005899008966493629,
     "wasted-effort": 5
    },
    "avg_case": {
     "top-1": 0.10045,
     "top-5": 0.5,
     "top-10": 0.1075,
     "top-200": 0.6295,
     "exam": 0.5863614912694667,
     "wasted-effort": 4238
    },
    "worst_case": {
     "top-1": 0.0510875,
     "top-5": 0.25,
     "top-10": 0.054125,
     "top-200": 0.3168,
     "exam": 0.5863614912694667,
     "wasted-effort": 4238
    }
   },
   "Ochiai": {
    "best_case": {
     "top-1": 0,
     "top-5": 0.0,
     "top-10": 0.0,
     "top-200": 0.997,
     "exam": 0.010736196319018405,
     "wasted-effort": 50
    },
    "avg_case": {
     "top-1": 0.0,
     "top-5": 0.0,
     "top-10": 0.0,
     "top-200": 0.63345,
     "exam": 0.5863614912694667,
     "wasted-effort": 4238
    },
    "worst_case": {
     "top-1": 0.0,
     "top-5": 0.0,
     "top-10": 0.0,
     "top-200": 0.316475,
     "exam": 0.5863614912694667,
     "wasted-effort": 4238
    }
   },
   "DStar": {
    "best_case": {
     "top-1": 0.0,
     "top-5": 0.0,
     "top-10": 0.0,
     "top-200": 0.8671,
     "exam": 0.010500235960358659,
     "wasted-effort": 49
    },
    "avg_case": {
     "top-1": 0.0,
     "top-5": 0.0,
     "top-10": 0.0,
     "top-200": 0.21825,
     "exam": 0.5863614912694667,
     "wasted-effort": 4238
    },
    "worst_case": {
     "top-1": 0.0,
     "top-5": 0.0,
     "top-10": 0.0,
     "top-200": 0.108675,
     "exam": 0.5863614912694667,
     "wasted-effort": 4238
    }
   },
   "Naish1": {
    "best_case": {
     "top-1": 0,
     "top-5": 0.0079,
     "top-10": 0.0134,
     "top-200": 0.2734,
     "exam": 0.08600755073147712,
     "wasted-effort": 727
    },
    "avg_case": {
     "top-1": 0.0,
     "top-5": 0.001525,
     "top-10": 0.004075,
     "top-200": 0.068325,
     "exam": 0.5863614912694667,
     "wasted-effort": 4238
    },
    "worst_case": {
     "top-1": 0.0,
     "top-5": 0.0010125,
     "top-10": 0.001625,
     "top-200": 0.03445,
     "exam": 0.5863614912694667,
     "wasted-effort": 4238
    }
   },
   "Naish2": {
    "best_case": {
     "top-1": 0,
     "top-5": 0.0,
     "top-10": 0.0,
     "top-200": 0.8571,
     "exam": 0.010736196319018405,
     "wasted-effort": 50
    },
    "avg_case": {
     "top-1": 0.0,
     "top-5": 0.0,
     "top-10": 0.0,
     "top-200": 0.214725,
     "exam": 0.5863614912694667,
     "wasted-effort": 4238
    },
    "worst_case": {
     "top-1": 0.0,
     "top-5": 0.0,
     "top-10": 0.0,
     "top-200": 0.1069875,
     "exam": 0.5863614912694667,
     "wasted-effort": 4238
    }
   },
   "GP13": {
    "best_case": {
     "top-1": 0.0,
     "top-5": 0.0,
     "top-10": 0.0,
     "top-200": 0.8551,
     "exam": 0.010736196319018405,
     "wasted-effort": 50
    },
    "avg_case": {
     "top-1": 0.0,
     "top-5": 0.0,
     "top-10": 0.0,
     "top-200": 0.211475,
     "exam": 0.5863614912694667,
     "wasted-effort": 4238
    },
    "worst_case": {
     "top-1": 0.0,
     "top-5": 0.0,
     "top-10": 0.0,
     "top-200": 0.1064625,
     "exam": 0.5863614912694667,
     "wasted-effort": 4238
    }
   }
  },
  "line_defuse": {
   "Tarantula": {
    "best_case": {
     "top-1": 0,
     "top-5": 1,
     "top-10": 0.9769,
     "top-200": 0.9968,
     "exam": 0.0007078810759792355,
     "wasted-effort": 5
    },
    "avg_case": {
     "top-1": 0.0,
     "top-5": 0.5,
     "top-10": 0.4986,
     "top-200": 0.631425,
     "exam": 0.5863614912694667,
     "wasted-effort": 4238
    },
    "worst_case": {
     "top-1": 0.0,
     "top-5": 0.25,
     "top-10": 0.249625,
     "top-200": 0.3166,
     "exam": 0.5863614912694667,
     "wasted-effort": 4238
    }
   },
   "Ochiai": {
    "best_case": {
     "top-1": 0,
     "top-5": 0.5063,
     "top-10": 1,
     "top-200": 0.9967,
     "exam": 0.0012977819726285983,
     "wasted-effort": 10
    },
    "avg_case": {
     "top-1": 0.0,
     "top-5": 0.1242,
     "top-10": 0.25,
     "top-200": 0.6355,
     "exam": 0.5863614912694667,
     "wasted-effort": 4238
    },
    "worst_case": {
     "top-1": 0.0,
     "top-5": 0.06195,
     "top-10": 0.125,
     "top-200": 0.317875,
     "exam": 0.5863614912694667,
     "wasted-effort": 4238
    }
   },
   "DStar": {
    "best_case": {
     "top-1": 0.1128,
     "top-5": 0.5445,
     "top-10": 0.2007,
     "top-200": 0.8691,
     "exam": 0.0010618216139688533,
     "wasted-effort": 9
    },
    "avg_case": {
     "top-1": 0.028,
     "top-5": 0.1402,
     "top-10": 0.0508,
     "top-200": 0.21915,