{
 "fastapi_13": {
  "line": {
   "Tarantula": {
    "best_case": {
     "top-5": 0.0,
     "top-10": 0.0,
     "top-200": 0.735,
     "exam": 0.041250462449130595,
     "wasted-effort": 114
    },
    "avg_case": {
     "top-5": 0.0,
     "top-10": 0.0,
     "top-200": 0.3969999999999991,
     "exam": 0.041250462449130595,
     "wasted-effort": 114
    },
    "worst_case": {
     "top-5": 0.0,
     "top-10": 0.0,
     "top-200": 0.21579999999999955,
     "exam": 0.6289308176100629,
     "wasted-effort": 2703
    }
   },
   "Ochiai": {
    "best_case": {
     "top-5": 0.0,
     "top-10": 0.0,
     "top-200": 0.723,
     "exam": 0.041250462449130595,
     "wasted-effort": 114
    },
    "avg_case": {
     "top-5": 0.0,
     "top-10": 0.0,
     "top-200": 0.4035999999999988,
     "exam": 0.041250462449130595,
     "wasted-effort": 114
    },
    "worst_case": {
     "top-5": 0.0,
     "top-10": 0.0,
     "top-200": 0.21199999999999922,
     "exam": 0.6289308176100629,
     "wasted-effort": 2703
    }
   },
   "DStar": {
    "best_case": {
     "top-5": 0.0,
     "top-10": 0.0,
     "top-200": 0.731,
     "exam": 0.03903070662227155,
     "wasted-effort": 108
    },
    "avg_case": {
     "top-5": 0.0,
     "top-10": 0.0,
     "top-200": 0.4171999999999982,
     "exam": 0.03903070662227155,
     "wasted-effort": 108
    },
    "worst_case": {
     "top-5": 0.0,
     "top-10": 0.0,
     "top-200": 0.21379999999999966,
     "exam": 0.6289308176100629,
     "wasted-effort": 2703
    }
   }
  },
  "line_line": {
   "Tarantula": {
    "best_case": {
     "top-5": 0.0,
     "top-10": 0.0,
     "top-200": 1.0,
     "exam": 0.04772475027746948,
     "wasted-effort": 131
    },
    "avg_case": {
     "top-5": 0.0,
     "top-10": 0.0,
     "top-200": 0.9705999999999981,
     "exam": 0.04772475027746948,
     "wasted-effort": 131
    },
    "worst_case": {
     "top-5": 0.0,
     "top-10": 0.0,
     "top-200": 0.5686000000000073,
     "exam": 0.6289308176100629,
     "wasted-effort": 2703
    }
   },
   "Ochiai": {
    "best_case": {
     "top-5": 0.0,
     "top-10": 0.0,
     "top-200": 1.0,
     "exam": 0.04772475027746948,
     "wasted-effort": 131
    },
    "avg_case": {
     "top-5": 0.0,
     "top-10": 0.0,
     "top-200": 0.9729999999999976,
     "exam": 0.04772475027746948,
     "wasted-effort": 131
    },
    "worst_case": {
     "top-5": 0.0,
     "top-10": 0.0,
     "top-200": 0.5680000000000073,
     "exam": 0.6289308176100629,
     "wasted-effort": 2703
    }
   },
   "DStar": {
    "best_case": {
     "top-5": 0.0,
     "top-10": 0.0,
     "top-200": 1.0,
     "exam": 0.04550499445061043,
     "wasted-effort": 125
    },
    "avg_case": {
     "top-5": 0.0,
     "top-10": 0.0,
     "top-200": 0.9903999999999993,
     "exam": 0.04550499445061043,
     "wasted-effort": 125
    },
    "worst_case": {
     "top-5": 0.0,
     "top-10": 0.0,
     "top-200": 0.5870000000000101,
     "exam": 0.6289308176100629,
     "wasted-effort": 2703
    }
   }
  },
  "line_defuse": {
   "Tarantula": {
    "best_case": {
     "top-5": 0.0,
     "top-10": 0.0,
     "top-200": 1.0,
     "exam": 0.05771365149833518,
     "wasted-effort": 158
    },
    "avg_case": {
     "top-5": 0.0,
     "top-10": 0.0,
     "top-200": 0.7931999999999889,
     "exam": 0.05771365149833518,
     "wasted-effort": 158
    },
    "worst_case": {
     "top-5": 0.0,
     "top-10": 0.0,
     "top-200": 0.39519999999999456,
     "exam": 0.6289308176100629,
     "wasted-effort": 2703
    }
   },
   "Ochiai": {
    "best_case": {
     "top-5": 0.0,
     "top-10": 0.0,
     "top-200": 1.0,
     "exam": 0.05771365149833518,
     "wasted-effort": 158
    },
    "avg_case": {
     "top-5": 0.0,
     "top-10": 0.0,
     "top-200": 0.7927999999999891,
     "exam": 0.05771365149833518,
     "wasted-effort": 158
    },
    "worst_case": {
     "top-5": 0.0,
     "top-10": 0.0,
     "top-200": 0.39619999999999456,
     "exam": 0.6289308176100629,
     "wasted-effort": 2703
    }
   },
   "DStar": {
    "best_case": {
     "top-5": 0.0,
     "top-10": 0.0,
     "top-200": 1,
     "exam": 0.04550499445061043,
     "wasted-effort": 125
    },
    "avg_case": {
     "top-5": 0.0,
     "top-10": 0.0,
     "top-200": 0.8,
     "exam": 0.04550499445061043,
     "wasted-effort": 125
    },
    "worst_case": {
     "top-5": 0.0,
     "top-10": 0.0,
     "top-200": 0.4,
     "exam": 0.6289308176100629,
     "wasted-effort": 2703
    }
   }
  },
  "line_defuses": {
   "Tarantula": {
    "best_case": {
     "top-5": 0.0,
     "top-10": 0.0,
     "top-200": 1.0,
     "exam": 0.04772475027746948,
     "wasted-effort": 131
    },
    "avg_case": {
     "top-5": 0.0,
     "top-10": 0.0,
     "top-200": 0.9671999999999968,
     "exam": 0.04772475027746948,
     "wasted-effort": 131
    },
    "worst_case": {
     "top-5": 0.0,
     "top-10": 0.0,
     "top-200": 0.5700000000000076,
     "exam": 0.6289308176100629,
     "wasted-effort": 2703
    }
   },
   "Ochiai": {
    "best_case": {
     "top-5": 0.0,
     "top-10": 0.0,
     "top-200": 1.0,
     "exam": 0.04772475027746948,
     "wasted-effort": 131
    },
    "avg_case": {
     "top-5": 0.0,
     "top-10": 0.0,
     "top-200": 0.9701999999999973,
     "exam": 0.04772475027746948,
     "wasted-effort": 131
    },
    "worst_case": {
     "top-5": 0.0,
     "top-10": 0.0,
     "top-200": 0.5760000000000084,
     "exam": 0.6289308176100629,
     "wasted-effort": 2703
    }
   },
   "DStar": {
    "best_case": {
     "top-5": 0.0,
     "top-10": 0.0,
     "top-200": 1.0,
     "exam": 0.04550499445061043,
     "wasted-effort": 125
    },
    "avg_case": {
     "top-5": 0.0,
     "top-10": 0.0,
     "top-200": 0.9901999999999991,
     "exam": 0.04550499445061043,
     "wasted-effort": 125
    },
    "worst_case": {
     "top-5": 0.0,
     "top-10": 0.0,
     "top-200": 0.5918000000000103,
     "exam": 0.6289308176100629,
     "wasted-effort": 2703
    }
   }
  },
  "line_assert_use": {
   "Tarantula": {
    "best_case": {
     "top-5": 0.0,
     "top-10": 0.0,
     "top-200": 1.0,
     "exam": 0.04772475027746948,
     "wasted-effort": 131
    },
    "avg_case": {
     "top-5": 0.0,
     "top-10": 0.0,
     "top-200": 0.9709999999999976,
     "exam": 0.04772475027746948,
     "wasted-effort": 131
    },
    "worst_case": {
     "top-5": 0.0,
     "top-10": 0.0,
     "top-200": 0.5680000000000074,
     "exam": 0.6289308176100629,
     "wasted-effort": 2703
    }
   },
   "Ochiai": {
    "best_case": {
     "top-5": 0.0,
     "top-10": 0.0,
     "top-200": 1.0,
     "exam": 0.04772475027746948,
     "wasted-effort": 131
    },
    "avg_case": {
     "top-5": 0.0,
     "top-10": 0.0,
     "top-200": 0.9711999999999972,
     "exam": 0.04772475027746948,
     "wasted-effort": 131
    },
    "worst_case": {
     "top-5": 0.0,
     "top-10": 0.0,
     "top-200": 0.572600000000008,
     "exam": 0.6289308176100629,
     "wasted-effort": 2703
    }
   },
   "DStar": {
    "best_case": {
     "top-5": 0.0,
     "top-10": 0.0,
     "top-200": 1.0,
     "exam": 0.04550499445061043,
     "wasted-effort": 125
    },
    "avg_case": {
     "top-5": 0.0,
     "top-10": 0.0,
     "top-200": 0.9879999999999991,
     "exam": 0.04550499445061043,
     "wasted-effort": 125
    },
    "worst_case": {
     "top-5": 0.0,
     "top-10": 0.0,
     "top-200": 0.5874000000000096,
     "exam": 0.6289308176100629,
     "wasted-effort": 2703
    }
   }
  },
  "line_assert_uses": {
   "Tarantula": {
    "best_case": {
     "top-5": 0.0,
     "top-10": 0.0,
     "top-200": 1.0,
     "exam": 0.04772475027746948,
     "wasted-effort": 131
    },
    "avg_case": {
     "top-5": 0.0,
     "top-10": 0.0,
     "top-200": 0.9717999999999978,
     "exam": 0.04772475027746948,
     "wasted-effort": 131
    },
    "worst_case": {
     "top-5": 0.0,
     "top-10": 0.0,
     "top-200": 0.566400000000007,
     "exam": 0.6289308176100629,
     "wasted-effort": 2703
    }
   },