{
 "fastapi_8": {
  "line": {
   "Tarantula": {
    "best_case": {
     "top-5": 0.076,
     "top-10": 0.147,
     "top-200": 0.371,
     "exam": 0.009068760151597185,
     "wasted-effort": 66
    },
    "avg_case": {
     "top-5": 0.05799999999999993,
     "top-10": 0.10000000000000016,
     "top-200": 0.2486666666666653,
     "exam": 0.009068760151597185,
     "wasted-effort": 66
    },
    "worst_case": {
     "top-5": 0.02366666666666665,
     "top-10": 0.05633333333333346,
     "top-200": 0.12399999999999932,
     "exam": 0.6077422847861397,
     "wasted-effort": 3694
    }
   },
   "Ochiai": {
    "best_case": {
     "top-5": 0.08,
     "top-10": 0.147,
     "top-200": 0.383,
     "exam": 0.009068760151597185,
     "wasted-effort": 66
    },
    "avg_case": {
     "top-5": 0.05533333333333327,
     "top-10": 0.10533333333333353,
     "top-200": 0.24599999999999866,
     "exam": 0.009068760151597185,
     "wasted-effort": 66
    },
    "worst_case": {
     "top-5": 0.022333333333333323,
     "top-10": 0.04533333333333338,
     "top-200": 0.11366666666666612,
     "exam": 0.6077422847861397,
     "wasted-effort": 3694
    }
   },
   "DStar": {
    "best_case": {
     "top-5": 0.069,
     "top-10": 0.136,
     "top-200": 0.357,
     "exam": 0.009068760151597185,
     "wasted-effort": 66
    },
    "avg_case": {
     "top-5": 0.06466666666666657,
     "top-10": 0.08800000000000006,
     "top-200": 0.24533333333333202,
     "exam": 0.009068760151597185,
     "wasted-effort": 66
    },
    "worst_case": {
     "top-5": 0.02799999999999997,
     "top-10": 0.05433333333333344,
     "top-200": 0.13199999999999937,
     "exam": 0.6077422847861397,
     "wasted-effort": 3694
    }
   }
  },
  "line_line": {
   "Tarantula": {
    "best_case": {
     "top-5": 0.078,
     "top-10": 0.135,
     "top-200": 0.36,
     "exam": 0.00852734163508392,
     "wasted-effort": 62
    },
    "avg_case": {
     "top-5": 0.050666666666666624,
     "top-10": 0.10466666666666685,
     "top-200": 0.2606666666666653,
     "exam": 0.00852734163508392,
     "wasted-effort": 62
    },
    "worst_case": {
     "top-5": 0.024666666666666646,
     "top-10": 0.05600000000000012,
     "top-200": 0.129666666666666,
     "exam": 0.6077422847861397,
     "wasted-effort": 3694
    }
   },
   "Ochiai": {
    "best_case": {
     "top-5": 0.087,
     "top-10": 0.153,
     "top-200": 0.368,
     "exam": 0.00852734163508392,
     "wasted-effort": 62
    },
    "avg_case": {
     "top-5": 0.04199999999999999,
     "top-10": 0.09800000000000014,
     "top-200": 0.24199999999999872,
     "exam": 0.00852734163508392,
     "wasted-effort": 62
    },
    "worst_case": {
     "top-5": 0.03233333333333328,
     "top-10": 0.04300000000000003,
     "top-200": 0.13166666666666604,
     "exam": 0.6077422847861397,
     "wasted-effort": 3694
    }
   },
   "DStar": {
    "best_case": {
     "top-5": 0.068,
     "top-10": 0.168,
     "top-200": 0.388,
     "exam": 0.00852734163508392,
     "wasted-effort": 62
    },
    "avg_case": {
     "top-5": 0.04933333333333329,
     "top-10": 0.11733333333333361,
     "top-200": 0.25266666666666526,
     "exam": 0.00852734163508392,
     "wasted-effort": 62
    },
    "worst_case": {
     "top-5": 0.02366666666666665,
     "top-10": 0.05633333333333346,
     "top-200": 0.12699999999999928,
     "exam": 0.6077422847861397,
     "wasted-effort": 3694
    }
   }
  },
  "line_defuse": {
   "Tarantula": {
    "best_case": {
     "top-5": 0.0,
     "top-10": 0.0,
     "top-200": 0.373,
     "exam": 0.01881429344883595,
     "wasted-effort": 100
    },
    "avg_case": {
     "top-5": 0.0,
     "top-10": 0.0,
     "top-200": 0.26133333333333203,
     "exam": 0.01881429344883595,
     "wasted-effort": 100
    },
    "worst_case": {
     "top-5": 0.0,
     "top-10": 0.0,
     "top-200": 0.11699999999999942,
     "exam": 0.6077422847861397,
     "wasted-effort": 3694
    }
   },
   "Ochiai": {
    "best_case": {
     "top-5": 0.0,
     "top-10": 0.0,
     "top-200": 0.354,
     "exam": 0.01881429344883595,
     "wasted-effort": 100
    },
    "avg_case": {
     "top-5": 0.0,
     "top-10": 0.0,
     "top-200": 0.27266666666666567,
     "exam": 0.01881429344883595,
     "wasted-effort": 100
    },
    "worst_case": {
     "top-5": 0.0,
     "top-10": 0.0,
     "top-200": 0.12266666666666601,
     "exam": 0.6077422847861397,
     "wasted-effort": 3694
    }
   },
   "DStar": {
    "best_case": {
     "top-5": 0.0,
     "top-10": 0.0,
     "top-200": 0.36,
     "exam": 0.01881429344883595,
     "wasted-effort": 100
    },
    "avg_case": {
     "top-5": 0.0,
     "top-10": 0.0,
     "top-200": 0.23999999999999874,
     "exam": 0.01881429344883595,
     "wasted-effort": 100
    },
    "worst_case": {
     "top-5": 0.0,
     "top-10": 0.0,
     "top-200": 0.12699999999999928,
     "exam": 0.6077422847861397,
     "wasted-effort": 3694
    }
   }
  },
  "line_defuses": {
   "Tarantula": {
    "best_case": {
     "top-5": 0.067,
     "top-10": 0.16,
     "top-200": 0.365,
     "exam": 0.00852734163508392,
     "wasted-effort": 62
    },
    "avg_case": {
     "top-5": 0.051333333333333286,
     "top-10": 0.11000000000000022,
     "top-200": 0.24599999999999866,
     "exam": 0.00852734163508392,
     "wasted-effort": 62
    },
    "worst_case": {
     "top-5": 0.02999999999999996,
     "top-10": 0.045666666666666716,
     "top-200": 0.12299999999999933,
     "exam": 0.6077422847861397,
     "wasted-effort": 3694
    }
   },
   "Ochiai": {
    "best_case": {
     "top-5": 0.097,
     "top-10": 0.165,
     "top-200": 0.372,
     "exam": 0.00852734163508392,
     "wasted-effort": 62
    },
    "avg_case": {
     "top-5": 0.05333333333333328,
     "top-10": 0.11133333333333358,
     "top-200": 0.23199999999999887,
     "exam": 0.00852734163508392,
     "wasted-effort": 62
    },
    "worst_case": {
     "top-5": 0.0283333333333333,
     "top-10": 0.05466666666666678,
     "top-200": 0.12866666666666596,
     "exam": 0.6077422847861397,
     "wasted-effort": 3694
    }
   },
   "DStar": {
    "best_case": {
     "top-5": 0.077,
     "top-10": 0.171,
     "top-200": 0.385,
     "exam": 0.00852734163508392,
     "wasted-effort": 62
    },
    "avg_case": {
     "top-5": 0.0566666666666666,
     "top-10": 0.10400000000000019,
     "top-200": 0.26466666666666544,
     "exam": 0.00852734163508392,
     "wasted-effort": 62
    },
    "worst_case": {
     "top-5": 0.022666666666666654,
     "top-10": 0.06100000000000016,
     "top-200": 0.12566666666666595,
     "exam": 0.6077422847861397,
     "wasted-effort": 3694
    }
   }
  },
  "line_assert_use": {
   "Tarantula": {
    "best_case": {
     "top-5": 0.0,
     "top-10": 0.0,
     "top-200": 0.363,
     "exam": 0.01881429344883595,
     "wasted-effort": 100
    },
    "avg_case": {
     "top-5": 0.0,
     "top-10": 0.0,
     "top-200": 0.24933333333333196,
     "exam": 0.01881429344883595,
     "wasted-effort": 100
    },
    "worst_case": {
     "top-5": 0.0,
     "top-10": 0.0,
     "top-200": 0.11366666666666612,
     "exam": 0.6077422847861397,
     "wasted-effort": 3694
    }
   },
   "Ochiai": {
    "best_case": {
     "top-5": 0.0,
     "top-10": 0.0,
     "top-200": 0.386,
     "exam": 0.01881429344883595,
     "wasted-effort": 100
    },
    "avg_case": {
     "top-5": 0.0,
     "top-10": 0.0,
     "top-200": 0.247333333333332,
     "exam": 0.01881429344883595,
     "wasted-effort": 100
    },
    "worst_case": {
     "top-5": 0.0,
     "top-10": 0.0,
     "top-200": 0.1299999999999993,
     "exam": 0.6077422847861397,
     "wasted-effort": 3694
    }
   },
   "DStar": {
    "best_case": {
     "top-5": 0.0,
     "top-10": 0.0,
     "top-200": 0.395,
     "exam": 0.01881429344883595,
     "wasted-effort": 100
    },
    "avg_case": {
     "top-5": 0.0,
     "top-10": 0.0,
     "top-200": 0.26533333333333214,
     "exam": 0.01881429344883595,
     "wasted-effort": 100
    },
    "worst_case": {
     "top-5": 0.0,
     "top-10": 0.0,