{
 "fastapi_5": {
  "line": {
   "Tarantula": {
    "best_case": {
     "top-1": 0.0,
     "top-5": 0.0,
     "top-10": 0.0,
     "top-200": 0.2679,
     "exam": 0.017861367400047314,
     "wasted-effort": 94
    },
    "avg_case": {
     "top-1": 0.0,
     "top-5": 0.0,
     "top-10": 0.0,
     "top-200": 0.2719,
     "exam": 0.017861367400047314,
     "wasted-effort": 94
    },
    "worst_case": {
     "top-1": 0.0,
     "top-5": 0.0,
     "top-10": 0.0,
     "top-200": 0.2714,
     "exam": 0.017861367400047314,
     "wasted-effort": 94
    }
   },
   "Ochiai": {
    "best_case": {
     "top-1": 0.0,
     "top-5": 0.0,
     "top-10": 0.0,
     "top-200": 0.2711,
     "exam": 0.017861367400047314,
     "wasted-effort": 94
    },
    "avg_case": {
     "top-1": 0.0,
     "top-5": 0.0,
     "top-10": 0.0,
     "top-200": 0.2748,
     "exam": 0.017861367400047314,
     "wasted-effort": 94
    },
    "worst_case": {
     "top-1": 0.0,
     "top-5": 0.0,
     "top-10": 0.0,
     "top-200": 0.2824,
     "exam": 0.017861367400047314,
     "wasted-effort": 94
    }
   },
   "DStar": {
    "best_case": {
     "top-1": 0.0,
     "top-5": 0.0,
     "top-10": 0.0,
     "top-200": 0.2898,
     "exam": 0.010527560917908683,
     "wasted-effort": 63
    },
    "avg_case": {
     "top-1": 0.0,
     "top-5": 0.0,
     "top-10": 0.0,
     "top-200": 0.292,
     "exam": 0.010527560917908683,
     "wasted-effort": 63
    },
    "worst_case": {
     "top-1": 0.0,
     "top-5": 0.0,
     "top-10": 0.0,
     "top-200": 0.2843,
     "exam": 0.010527560917908683,
     "wasted-effort": 63
    }
   },
   "Naish1": {
    "best_case": {
     "top-1": 0.0,
     "top-5": 0.0,
     "top-10": 0.0,
     "top-200": 0.2708,
     "exam": 0.017861367400047314,
     "wasted-effort": 94
    },
    "avg_case": {
     "top-1": 0.0,
     "top-5": 0.0,
     "top-10": 0.0,
     "top-200": 0.2708,
     "exam": 0.017861367400047314,
     "wasted-effort": 94
    },
    "worst_case": {
     "top-1": 0.0,
     "top-5": 0.0,
     "top-10": 0.0,
     "top-200": 0.2742,
     "exam": 0.017861367400047314,
     "wasted-effort": 94
    }
   },
   "Naish2": {
    "best_case": {
     "top-1": 0.0,
     "top-5": 0.0,
     "top-10": 0.0,
     "top-200": 0.268,
     "exam": 0.017861367400047314,
     "wasted-effort": 94
    },
    "avg_case": {
     "top-1": 0.0,
     "top-5": 0.0,
     "top-10": 0.0,
     "top-200": 0.2739,
     "exam": 0.017861367400047314,
     "wasted-effort": 94
    },
    "worst_case": {
     "top-1": 0.0,
     "top-5": 0.0,
     "top-10": 0.0,
     "top-200": 0.2652,
     "exam": 0.017861367400047314,
     "wasted-effort": 94
    }
   },
   "GP13": {
    "best_case": {
     "top-1": 0.0,
     "top-5": 0.0,
     "top-10": 0.0,
     "top-200": 0.2744,
     "exam": 0.017861367400047314,
     "wasted-effort": 94
    },
    "avg_case": {
     "top-1": 0.0,
     "top-5": 0.0,
     "top-10": 0.0,
     "top-200": 0.2719,
     "exam": 0.017861367400047314,
     "wasted-effort": 94
    },
    "worst_case": {
     "top-1": 0.0,
     "top-5": 0.0,
     "top-10": 0.0,
     "top-200": 0.2699,
     "exam": 0.017861367400047314,
     "wasted-effort": 94
    }
   }
  },
  "line_line": {
   "Tarantula": {
    "best_case": {
     "top-1": 0.0,
     "top-5": 0.0,
     "top-10": 0.0,
     "top-200": 0.7603,
     "exam": 0.03323870357227348,
     "wasted-effort": 159
    },
    "avg_case": {
     "top-1": 0.0,
     "top-5": 0.0,
     "top-10": 0.0,
     "top-200": 0.7551,
     "exam": 0.03323870357227348,
     "wasted-effort": 159
    },
    "worst_case": {
     "top-1": 0.0,
     "top-5": 0.0,
     "top-10": 0.0,
     "top-200": 0.7679,
     "exam": 0.03323870357227348,
     "wasted-effort": 159
    }
   },
   "Ochiai": {
    "best_case": {
     "top-1": 0.0,
     "top-5": 0.0,
     "top-10": 0.0,
     "top-200": 0.765,
     "exam": 0.03323870357227348,
     "wasted-effort": 159
    },
    "avg_case": {
     "top-1": 0.0,
     "top-5": 0.0,
     "top-10": 0.0,
     "top-200": 0.7646,
     "exam": 0.03323870357227348,
     "wasted-effort": 159
    },
    "worst_case": {
     "top-1": 0.0,
     "top-5": 0.0,
     "top-10": 0.0,
     "top-200": 0.7692,
     "exam": 0.03323870357227348,
     "wasted-effort": 159
    }
   },
   "DStar": {
    "best_case": {
     "top-1": 0.0,
     "top-5": 0.0,
     "top-10": 0.0,
     "top-200": 0.862,
     "exam": 0.017861367400047314,
     "wasted-effort": 94
    },
    "avg_case": {
     "top-1": 0.0,
     "top-5": 0.0,
     "top-10": 0.0,
     "top-200": 0.861,
     "exam": 0.017861367400047314,
     "wasted-effort": 94
    },
    "worst_case": {
     "top-1": 0.0,
     "top-5": 0.0,
     "top-10": 0.0,
     "top-200": 0.8626,
     "exam": 0.017861367400047314,
     "wasted-effort": 94
    }
   },
   "Naish1": {
    "best_case": {
     "top-1": 0.0,
     "top-5": 0.0,
     "top-10": 0.0,
     "top-200": 0.1954,
     "exam": 0.032292405961674944,
     "wasted-effort": 155
    },
    "avg_case": {
     "top-1": 0.0,
     "top-5": 0.0,
     "top-10": 0.0,
     "top-200": 0.197,
     "exam": 0.032292405961674944,
     "wasted-effort": 155
    },
    "worst_case": {
     "top-1": 0.0,
     "top-5": 0.0,
     "top-10": 0.0,
     "top-200": 0.2015,
     "exam": 0.032292405961674944,
     "wasted-effort": 155
    }
   },
   "Naish2": {
    "best_case": {
     "top-1": 0.0,
     "top-5": 0.0,
     "top-10": 0.0,
     "top-200": 0.7591,
     "exam": 0.032292405961674944,
     "wasted-effort": 155
    },
    "avg_case": {
     "top-1": 0.0,
     "top-5": 0.0,
     "top-10": 0.0,
     "top-200": 0.7602,
     "exam": 0.032292405961674944,
     "wasted-effort": 155
    },
    "worst_case": {
     "top-1": 0.0,
     "top-5": 0.0,
     "top-10": 0.0,
     "top-200": 0.7607,
     "exam": 0.032292405961674944,
     "wasted-effort": 155
    }
   },
   "GP13": {
    "best_case": {
     "top-1": 0.0,
     "top-5": 0.0,
     "top-10": 0.0,
     "top-200": 0.7633,
     "exam": 0.03323870357227348,
     "wasted-effort": 159
    },
    "avg_case": {
     "top-1": 0.0,
     "top-5": 0.0,
     "top-10": 0.0,
     "top-200": 0.758,
     "exam": 0.03323870357227348,
     "wasted-effort": 159
    },
    "worst_case": {
     "top-1": 0.0,
     "top-5": 0.0,
     "top-10": 0.0,
     "top-200": 0.7581,
     "exam": 0.03323870357227348,
     "wasted-effort": 159
    }
   }
  },
  "line_defuse": {
   "Tarantula": {
    "best_case": {
     "top-1": 0.0,
     "top-5": 0.0,
     "top-10": 0.0,
     "top-200": 0.9824,
     "exam": 0.03323870357227348,
     "wasted-effort": 159
    },
    "avg_case": {
     "top-1": 0.0,
     "top-5": 0.0,
     "top-10": 0.0,
     "top-200": 0.9766,
     "exam": 0.03323870357227348,
     "wasted-effort": 159
    },
    "worst_case": {
     "top-1": 0.0,
     "top-5": 0.0,
     "top-10": 0.0,
     "top-200": 0.9789,
     "exam": 0.03323870357227348,
     "wasted-effort": 159
    }
   },
   "Ochiai": {
    "best_case": {
     "top-1": 0.0,
     "top-5": 0.0,
     "top-10": 0.0,
     "top-200": 0.9792,
     "exam": 0.03323870357227348,
     "wasted-effort": 159
    },
    "avg_case": {
     "top-1": 0.0,
     "top-5": 0.0,
     "top-10": 0.0,
     "top-200": 0.9802,
     "exam": 0.03323870357227348,
     "wasted-effort": 159
    },
    "worst_case": {
     "top-1": 0.0,
     "top-5": 0.0,
     "top-10": 0.0,
     "top-200": 0.9801,
     "exam": 0.03323870357227348,
     "wasted-effort": 159
    }
   },
   "DStar": {
    "best_case": {
     "top-1": 0.0,
     "top-5": 0.0,
     "top-10": 0.0,
     "top-200": 0.7299,
     "exam": 0.017861367400047314,
     "wasted-effort": 94
    },
    "avg_case": {
     "top-1": 0.0,
     "top-5": 0.0,
     "top-10": 0.0,
     "top-200": 0.7367,
     "exam": 0.017861367400047314,
     "wasted-effort": 94
    },
    "worst_case": {
     "top-1": 0.0,
     "top-5": 0.0,
     "top-10": 0.0,
     "top-200": 0.7308,
     "exam": 0.017861367400047314,
     "wasted-effort": 94
    }
   },
   "Naish1": {
    "best_case": {
     "top-1": 0.0,