{
 "fastapi_8": {
  "line": {
   "Tarantula": {
    "best_case": {
     "top-1": 0.0009,
     "top-5": 0.0079,
     "top-10": 0.0121,
     "top-200": 0.2475,
     "exam": 0.10774228478613969,
     "wasted-effort": 796
    },
    "avg_case": {
     "top-1": 0.0009333333333333332,
     "top-5": 0.004799999999999996,
     "top-10": 0.008200000000000002,
     "top-200": 0.169866666666672,
     "exam": 0.10774228478613969,
     "wasted-effort": 796
    },
    "worst_case": {
     "top-1": 0.0005333333333333333,
     "top-5": 0.002366666666666665,
     "top-10": 0.0048000000000000065,
     "top-200": 0.08596666666666945,
     "exam": 0.6077422847861397,
     "wasted-effort": 3694
    }
   },
   "Ochiai": {
    "best_case": {
     "top-1": 0.0012,
     "top-5": 0.0062,
     "top-10": 0.0144,
     "top-200": 0.2543,
     "exam": 0.10774228478613969,
     "wasted-effort": 796
    },
    "avg_case": {
     "top-1": 0.0006666666666666666,
     "top-5": 0.004666666666666664,
     "top-10": 0.00826666666666667,
     "top-200": 0.17006666666667203,
     "exam": 0.10774228478613969,
     "wasted-effort": 796
    },
    "worst_case": {
     "top-1": 0.0005666666666666665,
     "top-5": 0.0021333333333333326,
     "top-10": 0.00436666666666667,
     "top-200": 0.08280000000000243,
     "exam": 0.6077422847861397,
     "wasted-effort": 3694
    }
   },
   "DStar": {
    "best_case": {
     "top-1": 0.0013,
     "top-5": 0.0059,
     "top-10": 0.0118,
     "top-200": 0.2461,
     "exam": 0.10774228478613969,
     "wasted-effort": 796
    },
    "avg_case": {
     "top-1": 0.0008,
     "top-5": 0.004999999999999996,
     "top-10": 0.008600000000000005,
     "top-200": 0.16240000000000449,
     "exam": 0.10774228478613969,
     "wasted-effort": 796
    },
    "worst_case": {
     "top-1": 0.0004666666666666666,
     "top-5": 0.002233333333333332,
     "top-10": 0.004333333333333337,
     "top-200": 0.08326666666666914,
     "exam": 0.6077422847861397,
     "wasted-effort": 3694
    }
   },
   "Naish2": {
    "best_case": {
     "top-1": 0.0014,
     "top-5": 0.008,
     "top-10": 0.0121,
     "top-200": 0.2488,
     "exam": 0.10774228478613969,
     "wasted-effort": 796
    },
    "avg_case": {
     "top-1": 0.0006,
     "top-5": 0.0038,
     "top-10": 0.008666666666666673,
     "top-200": 0.1623333333333378,
     "exam": 0.10774228478613969,
     "wasted-effort": 796
    },
    "worst_case": {
     "top-1": 0.0004333333333333333,
     "top-5": 0.0024666666666666648,
     "top-10": 0.0048000000000000065,
     "top-200": 0.08496666666666934,
     "exam": 0.6077422847861397,
     "wasted-effort": 3694
    }
   },
   "GP13": {
    "best_case": {
     "top-1": 0.0018,
     "top-5": 0.0055,
     "top-10": 0.0116,
     "top-200": 0.2499,
     "exam": 0.10774228478613969,
     "wasted-effort": 796
    },
    "avg_case": {
     "top-1": 0.0006666666666666666,
     "top-5": 0.005066666666666662,
     "top-10": 0.007466666666666664,
     "top-200": 0.16540000000000482,
     "exam": 0.10774228478613969,
     "wasted-effort": 796
    },
    "worst_case": {
     "top-1": 0.0004333333333333333,
     "top-5": 0.002566666666666664,
     "top-10": 0.004300000000000003,
     "top-200": 0.08310000000000245,
     "exam": 0.6077422847861397,
     "wasted-effort": 3694
    }
   }
  },
  "line_line": {
   "Tarantula": {
    "best_case": {
     "top-1": 0,
     "top-5": 0.0787,
     "top-10": 0.1552,
     "top-200": 0.3761,
     "exam": 0.00852734163508392,
     "wasted-effort": 62
    },
    "avg_case": {
     "top-1": 0.0,
     "top-5": 0.05466666666666705,
     "top-10": 0.10393333333333117,
     "top-200": 0.2498666666666657,
     "exam": 0.00852734163508392,
     "wasted-effort": 62
    },
    "worst_case": {
     "top-1": 0.0,
     "top-5": 0.027166666666666867,
     "top-10": 0.05459999999999922,
     "top-200": 0.12659999999999913,
     "exam": 0.6077422847861397,
     "wasted-effort": 3694
    }
   },
   "Ochiai": {
    "best_case": {
     "top-1": 0,
     "top-5": 0.0811,
     "top-10": 0.1638,
     "top-200": 0.3792,
     "exam": 0.00852734163508392,
     "wasted-effort": 62
    },
    "avg_case": {
     "top-1": 0.0,
     "top-5": 0.05613333333333363,
     "top-10": 0.10859999999999836,
     "top-200": 0.2483333333333327,
     "exam": 0.00852734163508392,
     "wasted-effort": 62
    },
    "worst_case": {
     "top-1": 0.0,
     "top-5": 0.028466666666666793,
     "top-10": 0.05219999999999894,
     "top-200": 0.12563333333333268,
     "exam": 0.6077422847861397,
     "wasted-effort": 3694
    }
   },
   "DStar": {
    "best_case": {
     "top-1": 0,
     "top-5": 0.0811,
     "top-10": 0.162,
     "top-200": 0.3723,
     "exam": 0.00852734163508392,
     "wasted-effort": 62
    },
    "avg_case": {
     "top-1": 0.0,
     "top-5": 0.05520000000000035,
     "top-10": 0.11053333333333192,
     "top-200": 0.24719999999999964,
     "exam": 0.00852734163508392,
     "wasted-effort": 62
    },
    "worst_case": {
     "top-1": 0.0,
     "top-5": 0.02650000000000024,
     "top-10": 0.05219999999999894,
     "top-200": 0.12210000000000015,
     "exam": 0.6077422847861397,
     "wasted-effort": 3694
    }
   },
   "Naish2": {
    "best_case": {
     "top-1": 0,
     "top-5": 0.0869,
     "top-10": 0.161,
     "top-200": 0.3793,
     "exam": 0.00852734163508392,
     "wasted-effort": 62
    },
    "avg_case": {
     "top-1": 0.0,
     "top-5": 0.05700000000000025,
     "top-10": 0.10986666666666517,
     "top-200": 0.25726666666666403,
     "exam": 0.00852734163508392,
     "wasted-effort": 62
    },
    "worst_case": {
     "top-1": 0.0,
     "top-5": 0.025266666666666947,
     "top-10": 0.05393333333333247,
     "top-200": 0.125666666666666,
     "exam": 0.6077422847861397,
     "wasted-effort": 3694
    }
   },
   "GP13": {
    "best_case": {
     "top-1": 0.0202,
     "top-5": 0.0801,
     "top-10": 0.1623,
     "top-200": 0.3756,
     "exam": 0.008256632376827288,
     "wasted-effort": 61
    },
    "avg_case": {
     "top-1": 0.01013333333333335,
     "top-5": 0.052200000000000524,
     "top-10": 0.11326666666666556,
     "top-200": 0.24626666666666652,
     "exam": 0.008256632376827288,
     "wasted-effort": 61
    },
    "worst_case": {
     "top-1": 0.005000000000000008,
     "top-5": 0.02613333333333359,
     "top-10": 0.055199999999999284,
     "top-200": 0.1251333333333328,
     "exam": 0.6077422847861397,
     "wasted-effort": 3694
    }
   }
  },
  "line_defuse": {
   "Tarantula": {
    "best_case": {
     "top-1": 0,
     "top-5": 0.0786,
     "top-10": 0.1612,
     "top-200": 0.3823,
     "exam": 0.00852734163508392,
     "wasted-effort": 62
    },
    "avg_case": {
     "top-1": 0.0,
     "top-5": 0.05400000000000042,
     "top-10": 0.10739999999999823,
     "top-200": 0.24953333333333244,
     "exam": 0.00852734163508392,
     "wasted-effort": 62
    },
    "worst_case": {
     "top-1": 0.0,
     "top-5": 0.02633333333333358,
     "top-10": 0.053699999999999116,
     "top-200": 0.12676666666666578,
     "exam": 0.6077422847861397,
     "wasted-effort": 3694
    }
   },
   "Ochiai": {
    "best_case": {
     "top-1": 0,
     "top-5": 0.0773,
     "top-10": 0.1605,
     "top-200": 0.3765,
     "exam": 0.00852734163508392,
     "wasted-effort": 62
    },
    "avg_case": {
     "top-1": 0.0,
     "top-5": 0.05446666666666706,
     "top-10": 0.10986666666666517,
     "top-200": 0.24859999999999932,
     "exam": 0.00852734163508392,
     "wasted-effort": 62
    },
    "worst_case": {
     "top-1": 0.0,
     "top-5": 0.026366666666666913,
     "top-10": 0.054933333333332585,
     "top-200": 0.12343333333333319,
     "exam": 0.6077422847861397,
     "wasted-effort": 3694
    }
   },
   "DStar": {
    "best_case": {
     "top-1": 0,
     "top-5": 0.0847,
     "top-10": 0.1604,
     "top-200": 0.371,
     "exam": 0.00852734163508392,
     "wasted-effort": 62
    },
    "avg_case": {
     "top-1": 0.0,
     "top-5": 0.05420000000000041,
     "top-10": 0.10499999999999796,