{
 "fastapi_2": {
  "line": {
   "Tarantula": {
    "best_case": {
     "top-5": 0.0,
     "top-10": 0.0,
     "top-200": 0.29,
     "exam": 0.011017346460384434,
     "wasted-effort": 66
    },
    "avg_case": {
     "top-5": 0.0,
     "top-10": 0.0,
     "top-200": 0.292,
     "exam": 0.011017346460384434,
     "wasted-effort": 66
    },
    "worst_case": {
     "top-5": 0.0,
     "top-10": 0.0,
     "top-200": 0.287,
     "exam": 0.011017346460384434,
     "wasted-effort": 66
    }
   },
   "Ochiai": {
    "best_case": {
     "top-5": 0.0,
     "top-10": 0.0,
     "top-200": 0.271,
     "exam": 0.011017346460384434,
     "wasted-effort": 66
    },
    "avg_case": {
     "top-5": 0.0,
     "top-10": 0.0,
     "top-200": 0.307,
     "exam": 0.011017346460384434,
     "wasted-effort": 66
    },
    "worst_case": {
     "top-5": 0.0,
     "top-10": 0.0,
     "top-200": 0.288,
     "exam": 0.011017346460384434,
     "wasted-effort": 66
    }
   },
   "DStar": {
    "best_case": {
     "top-5": 0.0,
     "top-10": 0.0,
     "top-200": 0.305,
     "exam": 0.011017346460384434,
     "wasted-effort": 66
    },
    "avg_case": {
     "top-5": 0.0,
     "top-10": 0.0,
     "top-200": 0.303,
     "exam": 0.011017346460384434,
     "wasted-effort": 66
    },
    "worst_case": {
     "top-5": 0.0,
     "top-10": 0.0,
     "top-200": 0.288,
     "exam": 0.011017346460384434,
     "wasted-effort": 66
    }
   }
  },
  "line_line": {
   "Tarantula": {
    "best_case": {
     "top-5": 0.0,
     "top-10": 0.0,
     "top-200": 0.321,
     "exam": 0.017815283638068447,
     "wasted-effort": 90
    },
    "avg_case": {
     "top-5": 0.0,
     "top-10": 0.0,
     "top-200": 0.316,
     "exam": 0.017815283638068447,
     "wasted-effort": 90
    },
    "worst_case": {
     "top-5": 0.0,
     "top-10": 0.0,
     "top-200": 0.283,
     "exam": 0.017815283638068447,
     "wasted-effort": 90
    }
   },
   "Ochiai": {
    "best_case": {
     "top-5": 0.0,
     "top-10": 0.0,
     "top-200": 0.286,
     "exam": 0.017815283638068447,
     "wasted-effort": 90
    },
    "avg_case": {
     "top-5": 0.0,
     "top-10": 0.0,
     "top-200": 0.325,
     "exam": 0.017815283638068447,
     "wasted-effort": 90
    },
    "worst_case": {
     "top-5": 0.0,
     "top-10": 0.0,
     "top-200": 0.305,
     "exam": 0.017815283638068447,
     "wasted-effort": 90
    }
   },
   "DStar": {
    "best_case": {
     "top-5": 0.0,
     "top-10": 0.0,
     "top-200": 0.285,
     "exam": 0.010782934833567745,
     "wasted-effort": 60
    },
    "avg_case": {
     "top-5": 0.0,
     "top-10": 0.0,
     "top-200": 0.304,
     "exam": 0.010782934833567745,
     "wasted-effort": 60
    },
    "worst_case": {
     "top-5": 0.0,
     "top-10": 0.0,
     "top-200": 0.301,
     "exam": 0.010782934833567745,
     "wasted-effort": 60
    }
   }
  },
  "line_defuse": {
   "Tarantula": {
    "best_case": {
     "top-5": 0.0,
     "top-10": 0.0,
     "top-200": 0.327,
     "exam": 0.017463666197843414,
     "wasted-effort": 91
    },
    "avg_case": {
     "top-5": 0.0,
     "top-10": 0.0,
     "top-200": 0.315,
     "exam": 0.017463666197843414,
     "wasted-effort": 91
    },
    "worst_case": {
     "top-5": 0.0,
     "top-10": 0.0,
     "top-200": 0.286,
     "exam": 0.017463666197843414,
     "wasted-effort": 91
    }
   },
   "Ochiai": {
    "best_case": {
     "top-5": 0.0,
     "top-10": 0.0,
     "top-200": 0.343,
     "exam": 0.017463666197843414,
     "wasted-effort": 91
    },
    "avg_case": {
     "top-5": 0.0,
     "top-10": 0.0,
     "top-200": 0.292,
     "exam": 0.017463666197843414,
     "wasted-effort": 91
    },
    "worst_case": {
     "top-5": 0.0,
     "top-10": 0.0,
     "top-200": 0.315,
     "exam": 0.017463666197843414,
     "wasted-effort": 91
    }
   },
   "DStar": {
    "best_case": {
     "top-5": 0.0,
     "top-10": 0.0,
     "top-200": 0.293,
     "exam": 0.01043131739334271,
     "wasted-effort": 61
    },
    "avg_case": {
     "top-5": 0.0,
     "top-10": 0.0,
     "top-200": 0.302,
     "exam": 0.01043131739334271,
     "wasted-effort": 61
    },
    "worst_case": {
     "top-5": 0.0,
     "top-10": 0.0,
     "top-200": 0.292,
     "exam": 0.01043131739334271,
     "wasted-effort": 61
    }
   }
  },
  "line_defuses": {
   "Tarantula": {
    "best_case": {
     "top-5": 0.0,
     "top-10": 0.0,
     "top-200": 0.333,
     "exam": 0.017815283638068447,
     "wasted-effort": 90
    },
    "avg_case": {
     "top-5": 0.0,
     "top-10": 0.0,
     "top-200": 0.325,
     "exam": 0.017815283638068447,
     "wasted-effort": 90
    },
    "worst_case": {
     "top-5": 0.0,
     "top-10": 0.0,
     "top-200": 0.304,
     "exam": 0.017815283638068447,
     "wasted-effort": 90
    }
   },
   "Ochiai": {
    "best_case": {
     "top-5": 0.0,
     "top-10": 0.0,
     "top-200": 0.299,
     "exam": 0.017815283638068447,
     "wasted-effort": 90
    },
    "avg_case": {
     "top-5": 0.0,
     "top-10": 0.0,
     "top-200": 0.324,
     "exam": 0.017815283638068447,
     "wasted-effort": 90
    },
    "worst_case": {
     "top-5": 0.0,
     "top-10": 0.0,
     "top-200": 0.298,
     "exam": 0.017815283638068447,
     "wasted-effort": 90
    }
   },
   "DStar": {
    "best_case": {
     "top-5": 0.0,
     "top-10": 0.0,
     "top-200": 0.274,
     "exam": 0.010782934833567745,
     "wasted-effort": 60
    },
    "avg_case": {
     "top-5": 0.0,
     "top-10": 0.0,
     "top-200": 0.318,
     "exam": 0.010782934833567745,
     "wasted-effort": 60
    },
    "worst_case": {
     "top-5": 0.0,
     "top-10": 0.0,
     "top-200": 0.327,
     "exam": 0.010782934833567745,
     "wasted-effort": 60
    }
   }
  },
  "line_assert_use": {
   "Tarantula": {
    "best_case": {
     "top-5": 0.0,
     "top-10": 0.0,
     "top-200": 0.309,
     "exam": 0.017463666197843414,
     "wasted-effort": 91
    },
    "avg_case": {
     "top-5": 0.0,
     "top-10": 0.0,
     "top-200": 0.29,
     "exam": 0.017463666197843414,
     "wasted-effort": 91
    },
    "worst_case": {
     "top-5": 0.0,
     "top-10": 0.0,
     "top-200": 0.331,
     "exam": 0.017463666197843414,
     "wasted-effort": 91
    }
   },
   "Ochiai": {
    "best_case": {
     "top-5": 0.0,
     "top-10": 0.0,
     "top-200": 0.312,
     "exam": 0.017463666197843414,
     "wasted-effort": 91
    },
    "avg_case": {
     "top-5": 0.0,
     "top-10": 0.0,
     "top-200": 0.295,
     "exam": 0.017463666197843414,
     "wasted-effort": 91
    },
    "worst_case": {
     "top-5": 0.0,
     "top-10": 0.0,
     "top-200": 0.312,
     "exam": 0.017463666197843414,
     "wasted-effort": 91
    }
   },
   "DStar": {
    "best_case": {
     "top-5": 0.0,
     "top-10": 0.0,
     "top-200": 0.293,
     "exam": 0.01043131739334271,
     "wasted-effort": 61
    },
    "avg_case": {
     "top-5": 0.0,
     "top-10": 0.0,
     "top-200": 0.305,
     "exam": 0.01043131739334271,
     "wasted-effort": 61
    },
    "worst_case": {
     "top-5": 0.0,
     "top-10": 0.0,
     "top-200": 0.305,
     "exam": 0.01043131739334271,
     "wasted-effort": 61
    }
   }
  },
  "line_assert_uses": {
   "Tarantula": {
    "best_case": {
     "top-5": 0.0,
     "top-10": 0.0,
     "top-200": 0.331,
     "exam": 0.017815283638068447,
     "wasted-effort": 90
    },
    "avg_case": {
     "top-5": 0.0,
     "top-10": 0.0,
     "top-200": 0.303,
     "exam": 0.017815283638068447,
     "wasted-effort": 90
    },
    "worst_case": {
     "top-5": 0.0,
     "top-10": 0.0,
     "top-200": 0.289,
     "exam": 0.017815283638068447,
     "wasted-effort": 90
    }
   },
   "Ochiai": {
    "best_case": {
     "top-5": 0.0,
     "top-10": 0.0,
     "top-200": 0.312,
     "exam": 0.017815283638068447,
     "wasted-effort": 90
    },
    "avg_case": {
     "top-5": 0.0,
     "top-10": 0.0,
     "top-200": 0.305,
     "exam": 0.017815283638068447,
     "wasted-effort": 90
    },
    "worst_case": {
     "top-5": 0.0,
     "top-10": 0.0,
     "top-200": 0.322,