{
 "fastapi_13": {
  "line": {
   "Tarantula": {
    "best_case": {
     "top-1": 0.0067,
     "top-5": 0.0264,
     "top-10": 0.0609,
     "top-200": 0.7502,
     "exam": 0.1289308176100629,
     "wasted-effort": 697
    },
    "avg_case": {
     "top-1": 0.0024399999999999977,
     "top-5": 0.012960000000000076,
     "top-10": 0.022120000000000202,
     "top-200": 0.443240000000033,
     "exam": 0.1289308176100629,
     "wasted-effort": 697
    },
    "worst_case": {
     "top-1": 0.0012199999999999989,
     "top-5": 0.005800000000000028,
     "top-10": 0.01154000000000011,
     "top-200": 0.2251800000000139,
     "exam": 0.6289308176100629,
     "wasted-effort": 2703
    }
   },
   "Ochiai": {
    "best_case": {
     "top-1": 0.0057,
     "top-5": 0.0288,
     "top-10": 0.058,
     "top-200": 0.7516,
     "exam": 0.1289308176100629,
     "wasted-effort": 697
    },
    "avg_case": {
     "top-1": 0.0025199999999999975,
     "top-5": 0.012200000000000063,
     "top-10": 0.022280000000000206,
     "top-200": 0.4384200000000351,
     "exam": 0.1289308176100629,
     "wasted-effort": 697
    },
    "worst_case": {
     "top-1": 0.0015599999999999976,
     "top-5": 0.006260000000000034,
     "top-10": 0.011480000000000106,
     "top-200": 0.2278800000000116,
     "exam": 0.6289308176100629,
     "wasted-effort": 2703
    }
   },
   "DStar": {
    "best_case": {
     "top-1": 0.0065,
     "top-5": 0.0275,
     "top-10": 0.0555,
     "top-200": 0.7397,
     "exam": 0.1289308176100629,
     "wasted-effort": 697
    },
    "avg_case": {
     "top-1": 0.002559999999999997,
     "top-5": 0.012280000000000067,
     "top-10": 0.023120000000000217,
     "top-200": 0.4428800000000343,
     "exam": 0.1289308176100629,
     "wasted-effort": 697
    },
    "worst_case": {
     "top-1": 0.0010999999999999992,
     "top-5": 0.005400000000000022,
     "top-10": 0.010980000000000099,
     "top-200": 0.22892000000001209,
     "exam": 0.6289308176100629,
     "wasted-effort": 2703
    }
   },
   "Naish2": {
    "best_case": {
     "top-1": 0.0054,
     "top-5": 0.0255,
     "top-10": 0.0533,
     "top-200": 0.7511,
     "exam": 0.1289308176100629,
     "wasted-effort": 697
    },
    "avg_case": {
     "top-1": 0.0021599999999999987,
     "top-5": 0.010320000000000032,
     "top-10": 0.022920000000000218,
     "top-200": 0.4444400000000344,
     "exam": 0.1289308176100629,
     "wasted-effort": 697
    },
    "worst_case": {
     "top-1": 0.001139999999999999,
     "top-5": 0.0061200000000000325,
     "top-10": 0.01186000000000011,
     "top-200": 0.23140000000001132,
     "exam": 0.6289308176100629,
     "wasted-effort": 2703
    }
   },
   "GP13": {
    "best_case": {
     "top-1": 0.0061,
     "top-5": 0.0274,
     "top-10": 0.0575,
     "top-200": 0.7381,
     "exam": 0.1289308176100629,
     "wasted-effort": 697
    },
    "avg_case": {
     "top-1": 0.0019199999999999996,
     "top-5": 0.011000000000000046,
     "top-10": 0.023400000000000223,
     "top-200": 0.4422200000000337,
     "exam": 0.1289308176100629,
     "wasted-effort": 697
    },
    "worst_case": {
     "top-1": 0.0013399999999999985,
     "top-5": 0.006180000000000033,
     "top-10": 0.011520000000000108,
     "top-200": 0.22570000000001272,
     "exam": 0.6289308176100629,
     "wasted-effort": 2703
    }
   }
  },
  "line_line": {
   "Tarantula": {
    "best_case": {
     "top-1": 0.0,
     "top-5": 0.0,
     "top-10": 0.0,
     "top-200": 0.9998,
     "exam": 0.04772475027746948,
     "wasted-effort": 131
    },
    "avg_case": {
     "top-1": 0.0,
     "top-5": 0.0,
     "top-10": 0.0,
     "top-200": 0.9698199999999968,
     "exam": 0.04772475027746948,
     "wasted-effort": 131
    },
    "worst_case": {
     "top-1": 0.0,
     "top-5": 0.0,
     "top-10": 0.0,
     "top-200": 0.5726200000000415,
     "exam": 0.6289308176100629,
     "wasted-effort": 2703
    }
   },
   "Ochiai": {
    "best_case": {
     "top-1": 0.0,
     "top-5": 0.0,
     "top-10": 0.0,
     "top-200": 1.0,
     "exam": 0.04772475027746948,
     "wasted-effort": 131
    },
    "avg_case": {
     "top-1": 0.0,
     "top-5": 0.0,
     "top-10": 0.0,
     "top-200": 0.9701999999999985,
     "exam": 0.04772475027746948,
     "wasted-effort": 131
    },
    "worst_case": {
     "top-1": 0.0,
     "top-5": 0.0,
     "top-10": 0.0,
     "top-200": 0.5701600000000372,
     "exam": 0.6289308176100629,
     "wasted-effort": 2703
    }
   },
   "DStar": {
    "best_case": {
     "top-1": 0.0,
     "top-5": 0.0,
     "top-10": 0.0,
     "top-200": 1.0,
     "exam": 0.04550499445061043,
     "wasted-effort": 125
    },
    "avg_case": {
     "top-1": 0.0,
     "top-5": 0.0,
     "top-10": 0.0,
     "top-200": 0.9880599999999975,
     "exam": 0.04550499445061043,
     "wasted-effort": 125
    },
    "worst_case": {
     "top-1": 0.0,
     "top-5": 0.0,
     "top-10": 0.0,
     "top-200": 0.5885200000000587,
     "exam": 0.6289308176100629,
     "wasted-effort": 2703
    }
   },
   "Naish2": {
    "best_case": {
     "top-1": 0.0,
     "top-5": 0.0,
     "top-10": 0.0,
     "top-200": 1.0,
     "exam": 0.04772475027746948,
     "wasted-effort": 131
    },
    "avg_case": {
     "top-1": 0.0,
     "top-5": 0.0,
     "top-10": 0.0,
     "top-200": 0.9699199999999973,
     "exam": 0.04772475027746948,
     "wasted-effort": 131
    },
    "worst_case": {
     "top-1": 0.0,
     "top-5": 0.0,
     "top-10": 0.0,
     "top-200": 0.5708800000000406,
     "exam": 0.6289308176100629,
     "wasted-effort": 2703
    }
   },
   "GP13": {
    "best_case": {
     "top-1": 0.0,
     "top-5": 0.0,
     "top-10": 0.0,
     "top-200": 1.0,
     "exam": 0.04772475027746948,
     "wasted-effort": 131
    },
    "avg_case": {
     "top-1": 0.0,
     "top-5": 0.0,
     "top-10": 0.0,
     "top-200": 0.9708199999999996,
     "exam": 0.04772475027746948,
     "wasted-effort": 131
    },
    "worst_case": {
     "top-1": 0.0,
     "top-5": 0.0,
     "top-10": 0.0,
     "top-200": 0.5722800000000418,
     "exam": 0.6289308176100629,
     "wasted-effort": 2703
    }
   }
  },
  "line_defuse": {
   "Tarantula": {
    "best_case": {
     "top-1": 0.0,
     "top-5": 0.0,
     "top-10": 0.0,
     "top-200": 1.0,
     "exam": 0.05771365149833518,
     "wasted-effort": 158
    },
    "avg_case": {
     "top-1": 0.0,
     "top-5": 0.0,
     "top-10": 0.0,
     "top-200": 0.7926400000001217,
     "exam": 0.05771365149833518,
     "wasted-effort": 158
    },
    "worst_case": {
     "top-1": 0.0,
     "top-5": 0.0,
     "top-10": 0.0,
     "top-200": 0.3959200000000606,
     "exam": 0.6289308176100629,
     "wasted-effort": 2703
    }
   },
   "Ochiai": {
    "best_case": {
     "top-1": 0.0,
     "top-5": 0.0,
     "top-10": 0.0,
     "top-200": 1.0,
     "exam": 0.04772475027746948,
     "wasted-effort": 131
    },
    "avg_case": {
     "top-1": 0.0,
     "top-5": 0.0,
     "top-10": 0.0,
     "top-200": 0.7922000000001213,
     "exam": 0.04772475027746948,
     "wasted-effort": 131
    },
    "worst_case": {
     "top-1": 0.0,
     "top-5": 0.0,
     "top-10": 0.0,
     "top-200": 0.39546000000006,
     "exam": 0.6289308176100629,
     "wasted-effort": 2703
    }
   },
   "DStar": {
    "best_case": {
     "top-1": 0.0,
     "top-5": 0.0,
     "top-10": 0.0,
     "top-200": 1,
     "exam": 0.04550499445061043,
     "wasted-effort": 125
    },
    "avg_case": {
     "top-1": 0.0,
     "top-5": 0.0,
     "top-10": 0.0,
     "top-200": 0.8,
     "exam": 0.04550499445061043,
     "wasted-effort": 125
    },
    "worst_case": {
     "top-1": 0.0,
     "top-5": 0.0,
     "top-10": 0.0,
     "top-200": 0.4,
     "exam": 0.6289308176100629,
     "wasted-effort": 2703
    }
   },
   "Naish2": {
    "best_case": {
     "top-1": 0.0,
     "top-5": 0.0,
     "top-10": 0.0,
     "top-200": 1.0,
     "exam": 0.04772475027746948,
     "wasted-effort": 131
    },
    "avg_case": {
     "top-1": 0.0,
     "top-5": 0.0,
     "top-10": 0.0,
     "top-200": 0.7881600000001183,