{
 "fastapi_12": {
  "line": {
   "Tarantula": {
    "best_case": {
     "top-1": 1,
     "top-5": 1,
     "top-10": 0.9106,
     "top-200": 0.3484,
     "exam": 0.0002944640753828033,
     "wasted-effort": 1
    },
    "avg_case": {
     "top-1": 0.5,
     "top-5": 0.5,
     "top-10": 0.4524,
     "top-200": 0.17575,
     "exam": 0.6118963486454653,
     "wasted-effort": 3396
    },
    "worst_case": {
     "top-1": 0.25,
     "top-5": 0.25,
     "top-10": 0.2286,
     "top-200": 0.0866,
     "exam": 0.6118963486454653,
     "wasted-effort": 3396
    }
   },
   "Ochiai": {
    "best_case": {
     "top-1": 1,
     "top-5": 1,
     "top-10": 0.908,
     "top-200": 0.3533,
     "exam": 0.0002944640753828033,
     "wasted-effort": 1
    },
    "avg_case": {
     "top-1": 0.5,
     "top-5": 0.5,
     "top-10": 0.45395,
     "top-200": 0.1714,
     "exam": 0.6118963486454653,
     "wasted-effort": 3396
    },
    "worst_case": {
     "top-1": 0.25,
     "top-5": 0.25,
     "top-10": 0.226525,
     "top-200": 0.085925,
     "exam": 0.6118963486454653,
     "wasted-effort": 3396
    }
   },
   "DStar": {
    "best_case": {
     "top-1": 1,
     "top-5": 1,
     "top-10": 0.9075,
     "top-200": 0.3393,
     "exam": 0.0002944640753828033,
     "wasted-effort": 1
    },
    "avg_case": {
     "top-1": 0.5,
     "top-5": 0.5,
     "top-10": 0.45405,
     "top-200": 0.1743,
     "exam": 0.6118963486454653,
     "wasted-effort": 3396
    },
    "worst_case": {
     "top-1": 0.25,
     "top-5": 0.25,
     "top-10": 0.227975,
     "top-200": 0.089,
     "exam": 0.6118963486454653,
     "wasted-effort": 3396
    }
   },
   "Naish2": {
    "best_case": {
     "top-1": 1,
     "top-5": 1,
     "top-10": 0.9078,
     "top-200": 0.3369,
     "exam": 0.0002944640753828033,
     "wasted-effort": 1
    },
    "avg_case": {
     "top-1": 0.5,
     "top-5": 0.5,
     "top-10": 0.4526,
     "top-200": 0.1763,
     "exam": 0.6118963486454653,
     "wasted-effort": 3396
    },
    "worst_case": {
     "top-1": 0.25,
     "top-5": 0.25,
     "top-10": 0.226925,
     "top-200": 0.08835,
     "exam": 0.6118963486454653,
     "wasted-effort": 3396
    }
   },
   "GP13": {
    "best_case": {
     "top-1": 1,
     "top-5": 1,
     "top-10": 0.9076,
     "top-200": 0.35,
     "exam": 0.0002944640753828033,
     "wasted-effort": 1
    },
    "avg_case": {
     "top-1": 0.5,
     "top-5": 0.5,
     "top-10": 0.455,
     "top-200": 0.1752,
     "exam": 0.6118963486454653,
     "wasted-effort": 3396
    },
    "worst_case": {
     "top-1": 0.25,
     "top-5": 0.25,
     "top-10": 0.22785,
     "top-200": 0.0882,
     "exam": 0.6118963486454653,
     "wasted-effort": 3396
    }
   }
  },
  "line_line": {
   "Tarantula": {
    "best_case": {
     "top-1": 1,
     "top-5": 1,
     "top-10": 1,
     "top-200": 0.3392,
     "exam": 0.0002944640753828033,
     "wasted-effort": 1
    },
    "avg_case": {
     "top-1": 0.5,
     "top-5": 0.5,
     "top-10": 0.5,
     "top-200": 0.1713,
     "exam": 0.6118963486454653,
     "wasted-effort": 3396
    },
    "worst_case": {
     "top-1": 0.25,
     "top-5": 0.25,
     "top-10": 0.25,
     "top-200": 0.08865,
     "exam": 0.6118963486454653,
     "wasted-effort": 3396
    }
   },
   "Ochiai": {
    "best_case": {
     "top-1": 1,
     "top-5": 1,
     "top-10": 1,
     "top-200": 0.3408,
     "exam": 0.0002944640753828033,
     "wasted-effort": 1
    },
    "avg_case": {
     "top-1": 0.5,
     "top-5": 0.5,
     "top-10": 0.5,
     "top-200": 0.17345,
     "exam": 0.6118963486454653,
     "wasted-effort": 3396
    },
    "worst_case": {
     "top-1": 0.25,
     "top-5": 0.25,
     "top-10": 0.25,
     "top-200": 0.0889,
     "exam": 0.6118963486454653,
     "wasted-effort": 3396
    }
   },
   "DStar": {
    "best_case": {
     "top-1": 1,
     "top-5": 1,
     "top-10": 1,
     "top-200": 0.3501,
     "exam": 0.0002944640753828033,
     "wasted-effort": 1
    },
    "avg_case": {
     "top-1": 0.5,
     "top-5": 0.5,
     "top-10": 0.5,
     "top-200": 0.17515,
     "exam": 0.6118963486454653,
     "wasted-effort": 3396
    },
    "worst_case": {
     "top-1": 0.25,
     "top-5": 0.25,
     "top-10": 0.25,
     "top-200": 0.0862,
     "exam": 0.6118963486454653,
     "wasted-effort": 3396
    }
   },
   "Naish2": {
    "best_case": {
     "top-1": 1,
     "top-5": 1,
     "top-10": 1,
     "top-200": 0.3501,
     "exam": 0.0002944640753828033,
     "wasted-effort": 1
    },
    "avg_case": {
     "top-1": 0.5,
     "top-5": 0.5,
     "top-10": 0.5,
     "top-200": 0.1756,
     "exam": 0.6118963486454653,
     "wasted-effort": 3396
    },
    "worst_case": {
     "top-1": 0.25,
     "top-5": 0.25,
     "top-10": 0.25,
     "top-200": 0.0883,
     "exam": 0.6118963486454653,
     "wasted-effort": 3396
    }
   },
   "GP13": {
    "best_case": {
     "top-1": 1,
     "top-5": 1,
     "top-10": 1,
     "top-200": 0.351,
     "exam": 0.0002944640753828033,
     "wasted-effort": 1
    },
    "avg_case": {
     "top-1": 0.5,
     "top-5": 0.5,
     "top-10": 0.5,
     "top-200": 0.1689,
     "exam": 0.6118963486454653,
     "wasted-effort": 3396
    },
    "worst_case": {
     "top-1": 0.25,
     "top-5": 0.25,
     "top-10": 0.25,
     "top-200": 0.085725,
     "exam": 0.6118963486454653,
     "wasted-effort": 3396
    }
   }
  },
  "line_defuse": {
   "Tarantula": {
    "best_case": {
     "top-1": 1,
     "top-5": 1,
     "top-10": 1,
     "top-200": 0.3564,
     "exam": 0.0002944640753828033,
     "wasted-effort": 1
    },
    "avg_case": {
     "top-1": 0.5,
     "top-5": 0.5,
     "top-10": 0.5,
     "top-200": 0.1773,
     "exam": 0.6118963486454653,
     "wasted-effort": 3396
    },
    "worst_case": {
     "top-1": 0.25,
     "top-5": 0.25,
     "top-10": 0.25,
     "top-200": 0.087025,
     "exam": 0.6118963486454653,
     "wasted-effort": 3396
    }
   },
   "Ochiai": {
    "best_case": {
     "top-1": 1,
     "top-5": 1,
     "top-10": 1,
     "top-200": 0.3484,
     "exam": 0.0002944640753828033,
     "wasted-effort": 1
    },
    "avg_case": {
     "top-1": 0.5,
     "top-5": 0.5,
     "top-10": 0.5,
     "top-200": 0.17525,
     "exam": 0.6118963486454653,
     "wasted-effort": 3396
    },
    "worst_case": {
     "top-1": 0.25,
     "top-5": 0.25,
     "top-10": 0.25,
     "top-200": 0.0859,
     "exam": 0.6118963486454653,
     "wasted-effort": 3396
    }
   },
   "DStar": {
    "best_case": {
     "top-1": 1,
     "top-5": 1,
     "top-10": 1,
     "top-200": 0.3468,
     "exam": 0.0002944640753828033,
     "wasted-effort": 1
    },
    "avg_case": {
     "top-1": 0.5,
     "top-5": 0.5,
     "top-10": 0.5,
     "top-200": 0.177,
     "exam": 0.6118963486454653,
     "wasted-effort": 3396
    },
    "worst_case": {
     "top-1": 0.25,
     "top-5": 0.25,
     "top-10": 0.25,
     "top-200": 0.08555,
     "exam": 0.6118963486454653,
     "wasted-effort": 3396
    }
   },
   "Naish2": {
    "best_case": {
     "top-1": 1,
     "top-5": 1,
     "top-10": 1,
     "top-200": 0.3534,
     "exam": 0.0002944640753828033,
     "wasted-effort": 1
    },
    "avg_case": {
     "top-1": 0.5,
     "top-5": 0.5,
     "top-10": 0.5,
     "top-200": 0.17235,
     "exam": 0.6118963486454653,
     "wasted-effort": 3396
    },
    "worst_case": {
     "top-1": 0.25,
     "top-5": 0.25,
     "top-10": 0.25,
     "top-200": 0.086,
     "exam": 0.6118963486454653,
     "wasted-effort": 3396
    }
   },
   "GP13": {
    "best_case": {
     "top-1": 1,
     "top-5": 1,
     "top-10": 1,
     "top-200": 0.3487,
     "exam": 0.0002944640753828033,
     "wasted-effort": 1
    },
    "avg_case": {
     "top-1": 0.5,
     "top-5": 0.5,
     "top-10": 0.5,
     "top-200": 0.17625,
     "exam": 0.6118963486454653,
     "wasted-effort": 3396
    },
    "worst_case": {
     "top-1": 0.25,
     "top-5": 0.25,
     "top-10": 0.25,
     "top-200": 0.086,
     "exam": 0.6118963486454653,
     "wasted-effort": 3396
    }
   }
  },