{
 "httpie_3": {
  "line": {
   "Tarantula": {
    "best_case": {
     "top-5": 0,
     "top-10": 0.0,
     "top-200": 0.8329,
     "exam": 0.024168514412416853,
     "wasted-effort": 66
    },
    "avg_case": {
     "top-5": 0.0,
     "top-10": 0.0,
     "top-200": 0.8348,
     "exam": 0.024168514412416853,
     "wasted-effort": 66
    },
    "worst_case": {
     "top-5": 0.0,
     "top-10": 0.0,
     "top-200": 0.8354,
     "exam": 0.024168514412416853,
     "wasted-effort": 66
    }
   },
   "Ochiai": {
    "best_case": {
     "top-5": 0,
     "top-10": 0.0,
     "top-200": 0.832,
     "exam": 0.024168514412416853,
     "wasted-effort": 66
    },
    "avg_case": {
     "top-5": 0.0,
     "top-10": 0.0,
     "top-200": 0.8358,
     "exam": 0.024168514412416853,
     "wasted-effort": 66
    },
    "worst_case": {
     "top-5": 0.0,
     "top-10": 0.0,
     "top-200": 0.8351,
     "exam": 0.024168514412416853,
     "wasted-effort": 66
    }
   },
   "DStar": {
    "best_case": {
     "top-5": 0.0,
     "top-10": 0.0,
     "top-200": 0.8484,
     "exam": 0.02195121951219512,
     "wasted-effort": 61
    },
    "avg_case": {
     "top-5": 0.0,
     "top-10": 0.0,
     "top-200": 0.8503,
     "exam": 0.02195121951219512,
     "wasted-effort": 61
    },
    "worst_case": {
     "top-5": 0.0,
     "top-10": 0.0,
     "top-200": 0.8508,
     "exam": 0.02195121951219512,
     "wasted-effort": 61
    }
   }
  },
  "line_line": {
   "Tarantula": {
    "best_case": {
     "top-5": 0,
     "top-10": 0.0,
     "top-200": 0.8321,
     "exam": 0.024168514412416853,
     "wasted-effort": 66
    },
    "avg_case": {
     "top-5": 0.0,
     "top-10": 0.0,
     "top-200": 0.8265,
     "exam": 0.024168514412416853,
     "wasted-effort": 66
    },
    "worst_case": {
     "top-5": 0.0,
     "top-10": 0.0,
     "top-200": 0.8337,
     "exam": 0.024168514412416853,
     "wasted-effort": 66
    }
   },
   "Ochiai": {
    "best_case": {
     "top-5": 0,
     "top-10": 0.0,
     "top-200": 0.8294,
     "exam": 0.024168514412416853,
     "wasted-effort": 66
    },
    "avg_case": {
     "top-5": 0.0,
     "top-10": 0.0,
     "top-200": 0.8338,
     "exam": 0.024168514412416853,
     "wasted-effort": 66
    },
    "worst_case": {
     "top-5": 0.0,
     "top-10": 0.0,
     "top-200": 0.8354,
     "exam": 0.024168514412416853,
     "wasted-effort": 66
    }
   },
   "DStar": {
    "best_case": {
     "top-5": 0.0,
     "top-10": 0.0,
     "top-200": 0.8485,
     "exam": 0.02195121951219512,
     "wasted-effort": 61
    },
    "avg_case": {
     "top-5": 0.0,
     "top-10": 0.0,
     "top-200": 0.8465,
     "exam": 0.02195121951219512,
     "wasted-effort": 61
    },
    "worst_case": {
     "top-5": 0.0,
     "top-10": 0.0,
     "top-200": 0.8468,
     "exam": 0.02195121951219512,
     "wasted-effort": 61
    }
   }
  },
  "line_defuse": {
   "Tarantula": {
    "best_case": {
     "top-5": 0,
     "top-10": 0.0,
     "top-200": 0.8391,
     "exam": 0.024168514412416853,
     "wasted-effort": 66
    },
    "avg_case": {
     "top-5": 0.0,
     "top-10": 0.0,
     "top-200": 0.8301,
     "exam": 0.024168514412416853,
     "wasted-effort": 66
    },
    "worst_case": {
     "top-5": 0.0,
     "top-10": 0.0,
     "top-200": 0.8339,
     "exam": 0.024168514412416853,
     "wasted-effort": 66
    }
   },
   "Ochiai": {
    "best_case": {
     "top-5": 0,
     "top-10": 0.0,
     "top-200": 0.8336,
     "exam": 0.024168514412416853,
     "wasted-effort": 66
    },
    "avg_case": {
     "top-5": 0.0,
     "top-10": 0.0,
     "top-200": 0.8322,
     "exam": 0.024168514412416853,
     "wasted-effort": 66
    },
    "worst_case": {
     "top-5": 0.0,
     "top-10": 0.0,
     "top-200": 0.8399,
     "exam": 0.024168514412416853,
     "wasted-effort": 66
    }
   },
   "DStar": {
    "best_case": {
     "top-5": 0.0,
     "top-10": 0.0,
     "top-200": 0.8551,
     "exam": 0.02195121951219512,
     "wasted-effort": 61
    },
    "avg_case": {
     "top-5": 0.0,
     "top-10": 0.0,
     "top-200": 0.8537,
     "exam": 0.02195121951219512,
     "wasted-effort": 61
    },
    "worst_case": {
     "top-5": 0.0,
     "top-10": 0.0,
     "top-200": 0.8498,
     "exam": 0.02195121951219512,
     "wasted-effort": 61
    }
   }
  },
  "line_defuses": {
   "Tarantula": {
    "best_case": {
     "top-5": 0,
     "top-10": 0.0,
     "top-200": 0.828,
     "exam": 0.024168514412416853,
     "wasted-effort": 66
    },
    "avg_case": {
     "top-5": 0.0,
     "top-10": 0.0,
     "top-200": 0.8403,
     "exam": 0.024168514412416853,
     "wasted-effort": 66
    },
    "worst_case": {
     "top-5": 0.0,
     "top-10": 0.0,
     "top-200": 0.8322,
     "exam": 0.024168514412416853,
     "wasted-effort": 66
    }
   },
   "Ochiai": {
    "best_case": {
     "top-5": 0,
     "top-10": 0.0,
     "top-200": 0.8354,
     "exam": 0.024168514412416853,
     "wasted-effort": 66
    },
    "avg_case": {
     "top-5": 0.0,
     "top-10": 0.0,
     "top-200": 0.8318,
     "exam": 0.024168514412416853,
     "wasted-effort": 66
    },
    "worst_case": {
     "top-5": 0.0,
     "top-10": 0.0,
     "top-200": 0.8343,
     "exam": 0.024168514412416853,
     "wasted-effort": 66
    }
   },
   "DStar": {
    "best_case": {
     "top-5": 0.0,
     "top-10": 0.0,
     "top-200": 0.848,
     "exam": 0.02195121951219512,
     "wasted-effort": 61
    },
    "avg_case": {
     "top-5": 0.0,
     "top-10": 0.0,
     "top-200": 0.8496,
     "exam": 0.02195121951219512,
     "wasted-effort": 61
    },
    "worst_case": {
     "top-5": 0.0,
     "top-10": 0.0,
     "top-200": 0.8511,
     "exam": 0.02195121951219512,
     "wasted-effort": 61
    }
   }
  },
  "line_assert_use": {
   "Tarantula": {
    "best_case": {
     "top-5": 0,
     "top-10": 0.0,
     "top-200": 0.8371,
     "exam": 0.024168514412416853,
     "wasted-effort": 66
    },
    "avg_case": {
     "top-5": 0.0,
     "top-10": 0.0,
     "top-200": 0.8335,
     "exam": 0.024168514412416853,
     "wasted-effort": 66
    },
    "worst_case": {
     "top-5": 0.0,
     "top-10": 0.0,
     "top-200": 0.8381,
     "exam": 0.024168514412416853,
     "wasted-effort": 66
    }
   },
   "Ochiai": {
    "best_case": {
     "top-5": 0,
     "top-10": 0.0,
     "top-200": 0.8353,
     "exam": 0.024168514412416853,
     "wasted-effort": 66
    },
    "avg_case": {
     "top-5": 0.0,
     "top-10": 0.0,
     "top-200": 0.8314,
     "exam": 0.024168514412416853,
     "wasted-effort": 66
    },
    "worst_case": {
     "top-5": 0.0,
     "top-10": 0.0,
     "top-200": 0.8315,
     "exam": 0.024168514412416853,
     "wasted-effort": 66
    }
   },
   "DStar": {
    "best_case": {
     "top-5": 0.0,
     "top-10": 0.0,
     "top-200": 0.8568,
     "exam": 0.02195121951219512,
     "wasted-effort": 61
    },
    "avg_case": {
     "top-5": 0.0,
     "top-10": 0.0,
     "top-200": 0.8529,
     "exam": 0.02195121951219512,
     "wasted-effort": 61
    },
    "worst_case": {
     "top-5": 0.0,
     "top-10": 0.0,
     "top-200": 0.8492,
     "exam": 0.02195121951219512,
     "wasted-effort": 61
    }
   }
  },
  "line_assert_uses": {
   "Tarantula": {
    "best_case": {
     "top-5": 0,
     "top-10": 0.0,
     "top-200": 0.8364,
     "exam": 0.024168514412416853,
     "wasted-effort": 66
    },
    "avg_case": {
     "top-5": 0.0,
     "top-10": 0.0,
     "top-200": 0.8341,
     "exam": 0.024168514412416853,
     "wasted-effort": 66
    },
    "worst_case": {
     "top-5": 0.0,
     "top-10": 0.0,
     "top-200": 0.8387,
     "exam": 0.024168514412416853,
     "wasted-effort": 66
    }
   },
   "Ochiai": {
    "best_case": {
     "top-5": 0,
     "top-10": 0.0,
     "top-200": 0.8357,
     "exam": 0.024168514412416853,
     "wasted-effort": 66
    },
    "avg_case": {
     "top-5": 0.0,
     "top-10": 0.0,
     "top-200": 0.8363,
     "exam": 0.024168514412416853,
     "wasted-effort": 66
    },
    "worst_case": {
     "top-5": 0.0,
     "top-10": 0.0,
     "top-200": 0.8333,