{
 "httpie_2": {
  "line": {
   "Tarantula": {
    "best_case": {
     "top-1": 0.0,
     "top-5": 0.0,
     "top-10": 0.0,
     "top-200": 0.3377,
     "exam": 0.15322227093380097,
     "wasted-effort": 574
    },
    "avg_case": {
     "top-1": 0.0,
     "top-5": 0.0,
     "top-10": 0.0,
     "top-200": 0.3536,
     "exam": 0.15322227093380097,
     "wasted-effort": 574
    },
    "worst_case": {
     "top-1": 0.0,
     "top-5": 0.0,
     "top-10": 0.0,
     "top-200": 0.1727,
     "exam": 0.63042525208242,
     "wasted-effort": 2281
    }
   },
   "Ochiai": {
    "best_case": {
     "top-1": 0.0,
     "top-5": 0.0,
     "top-10": 0.0,
     "top-200": 0.3482,
     "exam": 0.15322227093380097,
     "wasted-effort": 574
    },
    "avg_case": {
     "top-1": 0.0,
     "top-5": 0.0,
     "top-10": 0.0,
     "top-200": 0.3504,
     "exam": 0.15322227093380097,
     "wasted-effort": 574
    },
    "worst_case": {
     "top-1": 0.0,
     "top-5": 0.0,
     "top-10": 0.0,
     "top-200": 0.1781,
     "exam": 0.63042525208242,
     "wasted-effort": 2281
    }
   },
   "DStar": {
    "best_case": {
     "top-1": 0.0,
     "top-5": 0.0,
     "top-10": 0.0,
     "top-200": 0.3503,
     "exam": 0.15322227093380097,
     "wasted-effort": 574
    },
    "avg_case": {
     "top-1": 0.0,
     "top-5": 0.0,
     "top-10": 0.0,
     "top-200": 0.3573,
     "exam": 0.15322227093380097,
     "wasted-effort": 574
    },
    "worst_case": {
     "top-1": 0.0,
     "top-5": 0.0,
     "top-10": 0.0,
     "top-200": 0.1768,
     "exam": 0.63042525208242,
     "wasted-effort": 2281
    }
   },
   "Naish2": {
    "best_case": {
     "top-1": 0.0,
     "top-5": 0.0,
     "top-10": 0.0,
     "top-200": 0.3455,
     "exam": 0.15322227093380097,
     "wasted-effort": 574
    },
    "avg_case": {
     "top-1": 0.0,
     "top-5": 0.0,
     "top-10": 0.0,
     "top-200": 0.3589,
     "exam": 0.15322227093380097,
     "wasted-effort": 574
    },
    "worst_case": {
     "top-1": 0.0,
     "top-5": 0.0,
     "top-10": 0.0,
     "top-200": 0.17405,
     "exam": 0.63042525208242,
     "wasted-effort": 2281
    }
   },
   "GP13": {
    "best_case": {
     "top-1": 0.0,
     "top-5": 0.0,
     "top-10": 0.0,
     "top-200": 0.3526,
     "exam": 0.15322227093380097,
     "wasted-effort": 574
    },
    "avg_case": {
     "top-1": 0.0,
     "top-5": 0.0,
     "top-10": 0.0,
     "top-200": 0.3539,
     "exam": 0.15322227093380097,
     "wasted-effort": 574
    },
    "worst_case": {
     "top-1": 0.0,
     "top-5": 0.0,
     "top-10": 0.0,
     "top-200": 0.17025,
     "exam": 0.63042525208242,
     "wasted-effort": 2281
    }
   }
  },
  "line_line": {
   "Tarantula": {
    "best_case": {
     "top-1": 0.0,
     "top-5": 0.0,
     "top-10": 0.0,
     "top-200": 0.6383,
     "exam": 0.09622972380534853,
     "wasted-effort": 314
    },
    "avg_case": {
     "top-1": 0.0,
     "top-5": 0.0,
     "top-10": 0.0,
     "top-200": 0.6351,
     "exam": 0.09622972380534853,
     "wasted-effort": 314
    },
    "worst_case": {
     "top-1": 0.0,
     "top-5": 0.0,
     "top-10": 0.0,
     "top-200": 0.31725,
     "exam": 0.63042525208242,
     "wasted-effort": 2281
    }
   },
   "Ochiai": {
    "best_case": {
     "top-1": 0.0,
     "top-5": 0.0,
     "top-10": 0.0,
     "top-200": 0.6427,
     "exam": 0.09622972380534853,
     "wasted-effort": 314
    },
    "avg_case": {
     "top-1": 0.0,
     "top-5": 0.0,
     "top-10": 0.0,
     "top-200": 0.6398,
     "exam": 0.09622972380534853,
     "wasted-effort": 314
    },
    "worst_case": {
     "top-1": 0.0,
     "top-5": 0.0,
     "top-10": 0.0,
     "top-200": 0.3188,
     "exam": 0.63042525208242,
     "wasted-effort": 2281
    }
   },
   "DStar": {
    "best_case": {
     "top-1": 0.0,
     "top-5": 0.0,
     "top-10": 0.0,
     "top-200": 0.6339,
     "exam": 0.09622972380534853,
     "wasted-effort": 314
    },
    "avg_case": {
     "top-1": 0.0,
     "top-5": 0.0,
     "top-10": 0.0,
     "top-200": 0.6384,
     "exam": 0.09622972380534853,
     "wasted-effort": 314
    },
    "worst_case": {
     "top-1": 0.0,
     "top-5": 0.0,
     "top-10": 0.0,
     "top-200": 0.3196,
     "exam": 0.63042525208242,
     "wasted-effort": 2281
    }
   },
   "Naish2": {
    "best_case": {
     "top-1": 0.0,
     "top-5": 0.0,
     "top-10": 0.0,
     "top-200": 0.6367,
     "exam": 0.09622972380534853,
     "wasted-effort": 314
    },
    "avg_case": {
     "top-1": 0.0,
     "top-5": 0.0,
     "top-10": 0.0,
     "top-200": 0.6336,
     "exam": 0.09622972380534853,
     "wasted-effort": 314
    },
    "worst_case": {
     "top-1": 0.0,
     "top-5": 0.0,
     "top-10": 0.0,
     "top-200": 0.3196,
     "exam": 0.63042525208242,
     "wasted-effort": 2281
    }
   },
   "GP13": {
    "best_case": {
     "top-1": 0.0,
     "top-5": 0.0,
     "top-10": 0.0,
     "top-200": 0.6367,
     "exam": 0.09622972380534853,
     "wasted-effort": 314
    },
    "avg_case": {
     "top-1": 0.0,
     "top-5": 0.0,
     "top-10": 0.0,
     "top-200": 0.653,
     "exam": 0.09622972380534853,
     "wasted-effort": 314
    },
    "worst_case": {
     "top-1": 0.0,
     "top-5": 0.0,
     "top-10": 0.0,
     "top-200": 0.31925,
     "exam": 0.63042525208242,
     "wasted-effort": 2281
    }
   }
  },
  "line_defuse": {
   "Tarantula": {
    "best_case": {
     "top-1": 0.0,
     "top-5": 0.0,
     "top-10": 0.0,
     "top-200": 0.6341,
     "exam": 0.09622972380534853,
     "wasted-effort": 314
    },
    "avg_case": {
     "top-1": 0.0,
     "top-5": 0.0,
     "top-10": 0.0,
     "top-200": 0.6408,
     "exam": 0.09622972380534853,
     "wasted-effort": 314
    },
    "worst_case": {
     "top-1": 0.0,
     "top-5": 0.0,
     "top-10": 0.0,
     "top-200": 0.3202,
     "exam": 0.63042525208242,
     "wasted-effort": 2281
    }
   },
   "Ochiai": {
    "best_case": {
     "top-1": 0.0,
     "top-5": 0.0,
     "top-10": 0.0,
     "top-200": 0.6373,
     "exam": 0.09622972380534853,
     "wasted-effort": 314
    },
    "avg_case": {
     "top-1": 0.0,
     "top-5": 0.0,
     "top-10": 0.0,
     "top-200": 0.64,
     "exam": 0.09622972380534853,
     "wasted-effort": 314
    },
    "worst_case": {
     "top-1": 0.0,
     "top-5": 0.0,
     "top-10": 0.0,
     "top-200": 0.3153,
     "exam": 0.63042525208242,
     "wasted-effort": 2281
    }
   },
   "DStar": {
    "best_case": {
     "top-1": 0.0,
     "top-5": 0.0,
     "top-10": 0.0,
     "top-200": 0.6373,
     "exam": 0.09622972380534853,
     "wasted-effort": 314
    },
    "avg_case": {
     "top-1": 0.0,
     "top-5": 0.0,
     "top-10": 0.0,
     "top-200": 0.6343,
     "exam": 0.09622972380534853,
     "wasted-effort": 314
    },
    "worst_case": {
     "top-1": 0.0,
     "top-5": 0.0,
     "top-10": 0.0,
     "top-200": 0.31145,
     "exam": 0.63042525208242,
     "wasted-effort": 2281
    }
   },
   "Naish2": {
    "best_case": {
     "top-1": 0.0,
     "top-5": 0.0,
     "top-10": 0.0,
     "top-200": 0.6372,
     "exam": 0.09622972380534853,
     "wasted-effort": 314
    },
    "avg_case": {
     "top-1": 0.0,
     "top-5": 0.0,
     "top-10": 0.0,
     "top-200": 0.6357,
     "exam": 0.09622972380534853,
     "wasted-effort": 314
    },
    "worst_case": {
     "top-1": 0.0,
     "top-5": 0.0,
     "top-10": 0.0,
     "top-200": 0.31285,
     "exam": 0.63042525208242,
     "wasted-effort": 2281
    }
   },
   "GP13": {
    "best_case": {
     "top-1": 0.0,
     "top-5": 0.0,
     "top-10": 0.0,
     "top-200": 0.6438,
     "exam": 0.09622972380534853,
     "wasted-effort": 314
    },
    "avg_case": {
     "top-1": 0.0,
     "top-5": 0.0,
     "top-10": 0.0,
     "top-200": 0.6326,
     "exam": 0.09622972380534853,
     "wasted-effort": 314
    },
    "worst_case": {
     "top-1": 0.0,
     "top-5": 0.0,
     "top-10": 0.0,
     "top-200": 0.31425,
     "exam": 0.63042525208242,
     "wasted-effort": 2281
    }
   }
  },
  "line_defuses": {
   "Tarantula": {
    "best_case": {
     "top-1": 0.0,