{
 "httpie_1": {
  "line": {
   "Tarantula": {
    "best_case": {
     "top-1": 0.0017,
     "top-5": 0.0081,
     "top-10": 0.0141,
     "top-200": 0.2953,
     "exam": 0.13939144736842105,
     "wasted-effort": 678
    },
    "avg_case": {
     "top-1": 0.00035,
     "top-5": 0.00335,
     "top-10": 0.00735,
     "top-200": 0.14755,
     "exam": 0.639391447368421,
     "wasted-effort": 2432
    },
    "worst_case": {
     "top-1": 0.0004,
     "top-5": 0.001675,
     "top-10": 0.00385,
     "top-200": 0.074125,
     "exam": 0.639391447368421,
     "wasted-effort": 2432
    }
   },
   "Ochiai": {
    "best_case": {
     "top-1": 0.0022,
     "top-5": 0.0075,
     "top-10": 0.0149,
     "top-200": 0.2952,
     "exam": 0.13939144736842105,
     "wasted-effort": 678
    },
    "avg_case": {
     "top-1": 0.0007,
     "top-5": 0.00295,
     "top-10": 0.0065,
     "top-200": 0.1413,
     "exam": 0.639391447368421,
     "wasted-effort": 2432
    },
    "worst_case": {
     "top-1": 0.0003,
     "top-5": 0.001475,
     "top-10": 0.003675,
     "top-200": 0.074325,
     "exam": 0.639391447368421,
     "wasted-effort": 2432
    }
   },
   "DStar": {
    "best_case": {
     "top-1": 0.0015,
     "top-5": 0.0085,
     "top-10": 0.0155,
     "top-200": 0.2932,
     "exam": 0.13939144736842105,
     "wasted-effort": 678
    },
    "avg_case": {
     "top-1": 0.0004,
     "top-5": 0.0029,
     "top-10": 0.00835,
     "top-200": 0.14965,
     "exam": 0.639391447368421,
     "wasted-effort": 2432
    },
    "worst_case": {
     "top-1": 0.000375,
     "top-5": 0.00205,
     "top-10": 0.00355,
     "top-200": 0.07565,
     "exam": 0.639391447368421,
     "wasted-effort": 2432
    }
   },
   "Naish2": {
    "best_case": {
     "top-1": 0.0016,
     "top-5": 0.0077,
     "top-10": 0.0125,
     "top-200": 0.2915,
     "exam": 0.13939144736842105,
     "wasted-effort": 678
    },
    "avg_case": {
     "top-1": 0.00135,
     "top-5": 0.00235,
     "top-10": 0.00765,
     "top-200": 0.1479,
     "exam": 0.639391447368421,
     "wasted-effort": 2432
    },
    "worst_case": {
     "top-1": 0.000325,
     "top-5": 0.0018,
     "top-10": 0.003775,
     "top-200": 0.073175,
     "exam": 0.639391447368421,
     "wasted-effort": 2432
    }
   },
   "GP13": {
    "best_case": {
     "top-1": 0.0018,
     "top-5": 0.0063,
     "top-10": 0.016,
     "top-200": 0.2881,
     "exam": 0.13939144736842105,
     "wasted-effort": 678
    },
    "avg_case": {
     "top-1": 0.0006,
     "top-5": 0.004,
     "top-10": 0.00705,
     "top-200": 0.1486,
     "exam": 0.639391447368421,
     "wasted-effort": 2432
    },
    "worst_case": {
     "top-1": 0.00035,
     "top-5": 0.002075,
     "top-10": 0.00345,
     "top-200": 0.0743,
     "exam": 0.639391447368421,
     "wasted-effort": 2432
    }
   }
  },
  "line_line": {
   "Tarantula": {
    "best_case": {
     "top-1": 0.0,
     "top-5": 0.0,
     "top-10": 0.0,
     "top-200": 0.788,
     "exam": 0.05982730263157895,
     "wasted-effort": 253
    },
    "avg_case": {
     "top-1": 0.0,
     "top-5": 0.0,
     "top-10": 0.0,
     "top-200": 0.39255,
     "exam": 0.639391447368421,
     "wasted-effort": 2432
    },
    "worst_case": {
     "top-1": 0.0,
     "top-5": 0.0,
     "top-10": 0.0,
     "top-200": 0.198375,
     "exam": 0.639391447368421,
     "wasted-effort": 2432
    }
   },
   "Ochiai": {
    "best_case": {
     "top-1": 0.0,
     "top-5": 0.0,
     "top-10": 0.0,
     "top-200": 0.7908,
     "exam": 0.05982730263157895,
     "wasted-effort": 253
    },
    "avg_case": {
     "top-1": 0.0,
     "top-5": 0.0,
     "top-10": 0.0,
     "top-200": 0.3945,
     "exam": 0.639391447368421,
     "wasted-effort": 2432
    },
    "worst_case": {
     "top-1": 0.0,
     "top-5": 0.0,
     "top-10": 0.0,
     "top-200": 0.198325,
     "exam": 0.639391447368421,
     "wasted-effort": 2432
    }
   },
   "DStar": {
    "best_case": {
     "top-1": 0.0,
     "top-5": 0.0,
     "top-10": 0.0,
     "top-200": 0.7845,
     "exam": 0.05982730263157895,
     "wasted-effort": 253
    },
    "avg_case": {
     "top-1": 0.0,
     "top-5": 0.0,
     "top-10": 0.0,
     "top-200": 0.3926,
     "exam": 0.639391447368421,
     "wasted-effort": 2432
    },
    "worst_case": {
     "top-1": 0.0,
     "top-5": 0.0,
     "top-10": 0.0,
     "top-200": 0.197875,
     "exam": 0.639391447368421,
     "wasted-effort": 2432
    }
   },
   "Naish2": {
    "best_case": {
     "top-1": 0.0,
     "top-5": 0.0,
     "top-10": 0.0,
     "top-200": 0.7866,
     "exam": 0.05982730263157895,
     "wasted-effort": 253
    },
    "avg_case": {
     "top-1": 0.0,
     "top-5": 0.0,
     "top-10": 0.0,
     "top-200": 0.3946,
     "exam": 0.639391447368421,
     "wasted-effort": 2432
    },
    "worst_case": {
     "top-1": 0.0,
     "top-5": 0.0,
     "top-10": 0.0,
     "top-200": 0.196675,
     "exam": 0.639391447368421,
     "wasted-effort": 2432
    }
   },
   "GP13": {
    "best_case": {
     "top-1": 0.0,
     "top-5": 0.0,
     "top-10": 0.0,
     "top-200": 0.7841,
     "exam": 0.05982730263157895,
     "wasted-effort": 253
    },
    "avg_case": {
     "top-1": 0.0,
     "top-5": 0.0,
     "top-10": 0.0,
     "top-200": 0.39405,
     "exam": 0.639391447368421,
     "wasted-effort": 2432
    },
    "worst_case": {
     "top-1": 0.0,
     "top-5": 0.0,
     "top-10": 0.0,
     "top-200": 0.194975,
     "exam": 0.639391447368421,
     "wasted-effort": 2432
    }
   }
  },
  "line_defuse": {
   "Tarantula": {
    "best_case": {
     "top-1": 0.0,
     "top-5": 0.0,
     "top-10": 0.0,
     "top-200": 0.7897,
     "exam": 0.05982730263157895,
     "wasted-effort": 253
    },
    "avg_case": {
     "top-1": 0.0,
     "top-5": 0.0,
     "top-10": 0.0,
     "top-200": 0.39815,
     "exam": 0.639391447368421,
     "wasted-effort": 2432
    },
    "worst_case": {
     "top-1": 0.0,
     "top-5": 0.0,
     "top-10": 0.0,
     "top-200": 0.1963,
     "exam": 0.639391447368421,
     "wasted-effort": 2432
    }
   },
   "Ochiai": {
    "best_case": {
     "top-1": 0.0,
     "top-5": 0.0,
     "top-10": 0.0,
     "top-200": 0.7882,
     "exam": 0.05982730263157895,
     "wasted-effort": 253
    },
    "avg_case": {
     "top-1": 0.0,
     "top-5": 0.0,
     "top-10": 0.0,
     "top-200": 0.39815,
     "exam": 0.639391447368421,
     "wasted-effort": 2432
    },
    "worst_case": {
     "top-1": 0.0,
     "top-5": 0.0,
     "top-10": 0.0,
     "top-200": 0.198175,
     "exam": 0.639391447368421,
     "wasted-effort": 2432
    }
   },
   "DStar": {
    "best_case": {
     "top-1": 0.0,
     "top-5": 0.0,
     "top-10": 0.0,
     "top-200": 0.7799,
     "exam": 0.05982730263157895,
     "wasted-effort": 253
    },
    "avg_case": {
     "top-1": 0.0,
     "top-5": 0.0,
     "top-10": 0.0,
     "top-200": 0.39565,
     "exam": 0.639391447368421,
     "wasted-effort": 2432
    },
    "worst_case": {
     "top-1": 0.0,
     "top-5": 0.0,
     "top-10": 0.0,
     "top-200": 0.1973,
     "exam": 0.639391447368421,
     "wasted-effort": 2432
    }
   },
   "Naish2": {
    "best_case": {
     "top-1": 0.0,
     "top-5": 0.0,
     "top-10": 0.0,
     "top-200": 0.7879,
     "exam": 0.05982730263157895,
     "wasted-effort": 253
    },
    "avg_case": {
     "top-1": 0.0,
     "top-5": 0.0,
     "top-10": 0.0,
     "top-200": 0.3989,
     "exam": 0.639391447368421,
     "wasted-effort": 2432
    },
    "worst_case": {
     "top-1": 0.0,
     "top-5": 0.0,
     "top-10": 0.0,
     "top-200": 0.19705,
     "exam": 0.639391447368421,
     "wasted-effort": 2432
    }
   },
   "GP13": {
    "best_case": {
     "top-1": 0.0,
     "top-5": 0.0,
     "top-10": 0.0,
     "top-200": 0.7897,
     "exam": 0.05982730263157895,
     "wasted-effort": 253
    },
    "avg_case": {
     "top-1": 0.0,
     "top-5": 0.0,
     "top-10": 0.0,
     "top-200": 0.39265,
     "exam": 0.639391447368421,
     "wasted-effort": 2432
    },
    "worst_case": {
     "top-1": 0.0,
     "top-5": 0.0,
     "top-10": 0.0,