{
 "httpie_2": {
  "line": {
   "Tarantula": {
    "best_case": {
     "top-1": 0.0,
     "top-5": 0.0,
     "top-10": 0.0,
     "top-200": 0.3495,
     "exam": 0.15322227093380097,
     "wasted-effort": 574
    },
    "avg_case": {
     "top-1": 0.0,
     "top-5": 0.0,
     "top-10": 0.0,
     "top-200": 0.3472,
     "exam": 0.15322227093380097,
     "wasted-effort": 574
    },
    "worst_case": {
     "top-1": 0.0,
     "top-5": 0.0,
     "top-10": 0.0,
     "top-200": 0.17025,
     "exam": 0.63042525208242,
     "wasted-effort": 2281
    }
   },
   "Ochiai": {
    "best_case": {
     "top-1": 0.0,
     "top-5": 0.0,
     "top-10": 0.0,
     "top-200": 0.3417,
     "exam": 0.15322227093380097,
     "wasted-effort": 574
    },
    "avg_case": {
     "top-1": 0.0,
     "top-5": 0.0,
     "top-10": 0.0,
     "top-200": 0.3486,
     "exam": 0.15322227093380097,
     "wasted-effort": 574
    },
    "worst_case": {
     "top-1": 0.0,
     "top-5": 0.0,
     "top-10": 0.0,
     "top-200": 0.17315,
     "exam": 0.63042525208242,
     "wasted-effort": 2281
    }
   },
   "DStar": {
    "best_case": {
     "top-1": 0.0,
     "top-5": 0.0,
     "top-10": 0.0,
     "top-200": 0.3583,
     "exam": 0.15322227093380097,
     "wasted-effort": 574
    },
    "avg_case": {
     "top-1": 0.0,
     "top-5": 0.0,
     "top-10": 0.0,
     "top-200": 0.3554,
     "exam": 0.15322227093380097,
     "wasted-effort": 574
    },
    "worst_case": {
     "top-1": 0.0,
     "top-5": 0.0,
     "top-10": 0.0,
     "top-200": 0.1781,
     "exam": 0.63042525208242,
     "wasted-effort": 2281
    }
   },
   "Naish1": {
    "best_case": {
     "top-1": 0.0,
     "top-5": 0.0,
     "top-10": 0.0,
     "top-200": 0.3458,
     "exam": 0.15322227093380097,
     "wasted-effort": 574
    },
    "avg_case": {
     "top-1": 0.0,
     "top-5": 0.0,
     "top-10": 0.0,
     "top-200": 0.3472,
     "exam": 0.15322227093380097,
     "wasted-effort": 574
    },
    "worst_case": {
     "top-1": 0.0,
     "top-5": 0.0,
     "top-10": 0.0,
     "top-200": 0.1739,
     "exam": 0.63042525208242,
     "wasted-effort": 2281
    }
   },
   "Naish2": {
    "best_case": {
     "top-1": 0.0,
     "top-5": 0.0,
     "top-10": 0.0,
     "top-200": 0.3453,
     "exam": 0.15322227093380097,
     "wasted-effort": 574
    },
    "avg_case": {
     "top-1": 0.0,
     "top-5": 0.0,
     "top-10": 0.0,
     "top-200": 0.3409,
     "exam": 0.15322227093380097,
     "wasted-effort": 574
    },
    "worst_case": {
     "top-1": 0.0,
     "top-5": 0.0,
     "top-10": 0.0,
     "top-200": 0.17775,
     "exam": 0.63042525208242,
     "wasted-effort": 2281
    }
   },
   "GP13": {
    "best_case": {
     "top-1": 0.0,
     "top-5": 0.0,
     "top-10": 0.0,
     "top-200": 0.3467,
     "exam": 0.15322227093380097,
     "wasted-effort": 574
    },
    "avg_case": {
     "top-1": 0.0,
     "top-5": 0.0,
     "top-10": 0.0,
     "top-200": 0.3561,
     "exam": 0.15322227093380097,
     "wasted-effort": 574
    },
    "worst_case": {
     "top-1": 0.0,
     "top-5": 0.0,
     "top-10": 0.0,
     "top-200": 0.1712,
     "exam": 0.63042525208242,
     "wasted-effort": 2281
    }
   }
  },
  "line_line": {
   "Tarantula": {
    "best_case": {
     "top-1": 0.0,
     "top-5": 0.0,
     "top-10": 0.0,
     "top-200": 0.6412,
     "exam": 0.09622972380534853,
     "wasted-effort": 314
    },
    "avg_case": {
     "top-1": 0.0,
     "top-5": 0.0,
     "top-10": 0.0,
     "top-200": 0.6347,
     "exam": 0.09622972380534853,
     "wasted-effort": 314
    },
    "worst_case": {
     "top-1": 0.0,
     "top-5": 0.0,
     "top-10": 0.0,
     "top-200": 0.3204,
     "exam": 0.63042525208242,
     "wasted-effort": 2281
    }
   },
   "Ochiai": {
    "best_case": {
     "top-1": 0.0,
     "top-5": 0.0,
     "top-10": 0.0,
     "top-200": 0.638,
     "exam": 0.09622972380534853,
     "wasted-effort": 314
    },
    "avg_case": {
     "top-1": 0.0,
     "top-5": 0.0,
     "top-10": 0.0,
     "top-200": 0.6372,
     "exam": 0.09622972380534853,
     "wasted-effort": 314
    },
    "worst_case": {
     "top-1": 0.0,
     "top-5": 0.0,
     "top-10": 0.0,
     "top-200": 0.3191,
     "exam": 0.63042525208242,
     "wasted-effort": 2281
    }
   },
   "DStar": {
    "best_case": {
     "top-1": 0.0,
     "top-5": 0.0,
     "top-10": 0.0,
     "top-200": 0.642,
     "exam": 0.09622972380534853,
     "wasted-effort": 314
    },
    "avg_case": {
     "top-1": 0.0,
     "top-5": 0.0,
     "top-10": 0.0,
     "top-200": 0.6375,
     "exam": 0.09622972380534853,
     "wasted-effort": 314
    },
    "worst_case": {
     "top-1": 0.0,
     "top-5": 0.0,
     "top-10": 0.0,
     "top-200": 0.3183,
     "exam": 0.63042525208242,
     "wasted-effort": 2281
    }
   },
   "Naish1": {
    "best_case": {
     "top-1": 0.0,
     "top-5": 0.0,
     "top-10": 0.0,
     "top-200": 0.3376,
     "exam": 0.1578255151249452,
     "wasted-effort": 595
    },
    "avg_case": {
     "top-1": 0.0,
     "top-5": 0.0,
     "top-10": 0.0,
     "top-200": 0.3359,
     "exam": 0.1578255151249452,
     "wasted-effort": 595
    },
    "worst_case": {
     "top-1": 0.0,
     "top-5": 0.0,
     "top-10": 0.0,
     "top-200": 0.1686,
     "exam": 0.63042525208242,
     "wasted-effort": 2281
    }
   },
   "Naish2": {
    "best_case": {
     "top-1": 0.0,
     "top-5": 0.0,
     "top-10": 0.0,
     "top-200": 0.6374,
     "exam": 0.09622972380534853,
     "wasted-effort": 314
    },
    "avg_case": {
     "top-1": 0.0,
     "top-5": 0.0,
     "top-10": 0.0,
     "top-200": 0.6441,
     "exam": 0.09622972380534853,
     "wasted-effort": 314
    },
    "worst_case": {
     "top-1": 0.0,
     "top-5": 0.0,
     "top-10": 0.0,
     "top-200": 0.32105,
     "exam": 0.63042525208242,
     "wasted-effort": 2281
    }
   },
   "GP13": {
    "best_case": {
     "top-1": 0.0,
     "top-5": 0.0,
     "top-10": 0.0,
     "top-200": 0.637,
     "exam": 0.09622972380534853,
     "wasted-effort": 314
    },
    "avg_case": {
     "top-1": 0.0,
     "top-5": 0.0,
     "top-10": 0.0,
     "top-200": 0.6341,
     "exam": 0.09622972380534853,
     "wasted-effort": 314
    },
    "worst_case": {
     "top-1": 0.0,
     "top-5": 0.0,
     "top-10": 0.0,
     "top-200": 0.3203,
     "exam": 0.63042525208242,
     "wasted-effort": 2281
    }
   }
  },
  "line_defuse": {
   "Tarantula": {
    "best_case": {
     "top-1": 0.0,
     "top-5": 0.0,
     "top-10": 0.0,
     "top-200": 0.6397,
     "exam": 0.09622972380534853,
     "wasted-effort": 314
    },
    "avg_case": {
     "top-1": 0.0,
     "top-5": 0.0,
     "top-10": 0.0,
     "top-200": 0.6353,
     "exam": 0.09622972380534853,
     "wasted-effort": 314
    },
    "worst_case": {
     "top-1": 0.0,
     "top-5": 0.0,
     "top-10": 0.0,
     "top-200": 0.32015,
     "exam": 0.63042525208242,
     "wasted-effort": 2281
    }
   },
   "Ochiai": {
    "best_case": {
     "top-1": 0.0,
     "top-5": 0.0,
     "top-10": 0.0,
     "top-200": 0.6389,
     "exam": 0.09622972380534853,
     "wasted-effort": 314
    },
    "avg_case": {
     "top-1": 0.0,
     "top-5": 0.0,
     "top-10": 0.0,
     "top-200": 0.6381,
     "exam": 0.09622972380534853,
     "wasted-effort": 314
    },
    "worst_case": {
     "top-1": 0.0,
     "top-5": 0.0,
     "top-10": 0.0,
     "top-200": 0.32035,
     "exam": 0.63042525208242,
     "wasted-effort": 2281
    }
   },
   "DStar": {
    "best_case": {
     "top-1": 0.0,
     "top-5": 0.0,
     "top-10": 0.0,
     "top-200": 0.6324,
     "exam": 0.09622972380534853,
     "wasted-effort": 314
    },
    "avg_case": {
     "top-1": 0.0,
     "top-5": 0.0,
     "top-10": 0.0,
     "top-200": 0.6257,
     "exam": 0.09622972380534853,
     "wasted-effort": 314
    },
    "worst_case": {
     "top-1": 0.0,
     "top-5": 0.0,
     "top-10": 0.0,
     "top-200": 0.31765,
     "exam": 0.63042525208242,
     "wasted-effort": 2281
    }
   },
   "Naish1": {
    "best_case": {
     "top-1": 0.0,
     "top-5": 0.0,
     "top-10": 0.0,