{
 "httpie_2": {
  "line": {
   "Tarantula": {
    "best_case": {
     "top-5": 0.0,
     "top-10": 0.0,
     "top-200": 0.3465,
     "exam": 0.15322227093380097,
     "wasted-effort": 574
    },
    "avg_case": {
     "top-5": 0.0,
     "top-10": 0.0,
     "top-200": 0.352,
     "exam": 0.15322227093380097,
     "wasted-effort": 574
    },
    "worst_case": {
     "top-5": 0.0,
     "top-10": 0.0,
     "top-200": 0.1803,
     "exam": 0.63042525208242,
     "wasted-effort": 2281
    }
   },
   "Ochiai": {
    "best_case": {
     "top-5": 0.0,
     "top-10": 0.0,
     "top-200": 0.3452,
     "exam": 0.15322227093380097,
     "wasted-effort": 574
    },
    "avg_case": {
     "top-5": 0.0,
     "top-10": 0.0,
     "top-200": 0.3406,
     "exam": 0.15322227093380097,
     "wasted-effort": 574
    },
    "worst_case": {
     "top-5": 0.0,
     "top-10": 0.0,
     "top-200": 0.1744,
     "exam": 0.63042525208242,
     "wasted-effort": 2281
    }
   },
   "DStar": {
    "best_case": {
     "top-5": 0.0,
     "top-10": 0.0,
     "top-200": 0.355,
     "exam": 0.15322227093380097,
     "wasted-effort": 574
    },
    "avg_case": {
     "top-5": 0.0,
     "top-10": 0.0,
     "top-200": 0.3443,
     "exam": 0.15322227093380097,
     "wasted-effort": 574
    },
    "worst_case": {
     "top-5": 0.0,
     "top-10": 0.0,
     "top-200": 0.1798,
     "exam": 0.63042525208242,
     "wasted-effort": 2281
    }
   }
  },
  "line_line": {
   "Tarantula": {
    "best_case": {
     "top-5": 0.0,
     "top-10": 0.0,
     "top-200": 0.6365,
     "exam": 0.09622972380534853,
     "wasted-effort": 314
    },
    "avg_case": {
     "top-5": 0.0,
     "top-10": 0.0,
     "top-200": 0.6399,
     "exam": 0.09622972380534853,
     "wasted-effort": 314
    },
    "worst_case": {
     "top-5": 0.0,
     "top-10": 0.0,
     "top-200": 0.32075,
     "exam": 0.63042525208242,
     "wasted-effort": 2281
    }
   },
   "Ochiai": {
    "best_case": {
     "top-5": 0.0,
     "top-10": 0.0,
     "top-200": 0.6434,
     "exam": 0.09622972380534853,
     "wasted-effort": 314
    },
    "avg_case": {
     "top-5": 0.0,
     "top-10": 0.0,
     "top-200": 0.6329,
     "exam": 0.09622972380534853,
     "wasted-effort": 314
    },
    "worst_case": {
     "top-5": 0.0,
     "top-10": 0.0,
     "top-200": 0.3228,
     "exam": 0.63042525208242,
     "wasted-effort": 2281
    }
   },
   "DStar": {
    "best_case": {
     "top-5": 0.0,
     "top-10": 0.0,
     "top-200": 0.6407,
     "exam": 0.09622972380534853,
     "wasted-effort": 314
    },
    "avg_case": {
     "top-5": 0.0,
     "top-10": 0.0,
     "top-200": 0.6331,
     "exam": 0.09622972380534853,
     "wasted-effort": 314
    },
    "worst_case": {
     "top-5": 0.0,
     "top-10": 0.0,
     "top-200": 0.3148,
     "exam": 0.63042525208242,
     "wasted-effort": 2281
    }
   }
  },
  "line_defuse": {
   "Tarantula": {
    "best_case": {
     "top-5": 0.0,
     "top-10": 0.0,
     "top-200": 0.6395,
     "exam": 0.09622972380534853,
     "wasted-effort": 314
    },
    "avg_case": {
     "top-5": 0.0,
     "top-10": 0.0,
     "top-200": 0.6358,
     "exam": 0.09622972380534853,
     "wasted-effort": 314
    },
    "worst_case": {
     "top-5": 0.0,
     "top-10": 0.0,
     "top-200": 0.3169,
     "exam": 0.63042525208242,
     "wasted-effort": 2281
    }
   },
   "Ochiai": {
    "best_case": {
     "top-5": 0.0,
     "top-10": 0.0,
     "top-200": 0.6357,
     "exam": 0.09622972380534853,
     "wasted-effort": 314
    },
    "avg_case": {
     "top-5": 0.0,
     "top-10": 0.0,
     "top-200": 0.6437,
     "exam": 0.09622972380534853,
     "wasted-effort": 314
    },
    "worst_case": {
     "top-5": 0.0,
     "top-10": 0.0,
     "top-200": 0.31355,
     "exam": 0.63042525208242,
     "wasted-effort": 2281
    }
   },
   "DStar": {
    "best_case": {
     "top-5": 0.0,
     "top-10": 0.0,
     "top-200": 0.6461,
     "exam": 0.09622972380534853,
     "wasted-effort": 314
    },
    "avg_case": {
     "top-5": 0.0,
     "top-10": 0.0,
     "top-200": 0.6338,
     "exam": 0.09622972380534853,
     "wasted-effort": 314
    },
    "worst_case": {
     "top-5": 0.0,
     "top-10": 0.0,
     "top-200": 0.3198,
     "exam": 0.63042525208242,
     "wasted-effort": 2281
    }
   }
  },
  "line_defuses": {
   "Tarantula": {
    "best_case": {
     "top-5": 0.0,
     "top-10": 0.0,
     "top-200": 0.6367,
     "exam": 0.09622972380534853,
     "wasted-effort": 314
    },
    "avg_case": {
     "top-5": 0.0,
     "top-10": 0.0,
     "top-200": 0.6431,
     "exam": 0.09622972380534853,
     "wasted-effort": 314
    },
    "worst_case": {
     "top-5": 0.0,
     "top-10": 0.0,
     "top-200": 0.31665,
     "exam": 0.63042525208242,
     "wasted-effort": 2281
    }
   },
   "Ochiai": {
    "best_case": {
     "top-5": 0.0,
     "top-10": 0.0,
     "top-200": 0.6412,
     "exam": 0.09622972380534853,
     "wasted-effort": 314
    },
    "avg_case": {
     "top-5": 0.0,
     "top-10": 0.0,
     "top-200": 0.6362,
     "exam": 0.09622972380534853,
     "wasted-effort": 314
    },
    "worst_case": {
     "top-5": 0.0,
     "top-10": 0.0,
     "top-200": 0.3178,
     "exam": 0.63042525208242,
     "wasted-effort": 2281
    }
   },
   "DStar": {
    "best_case": {
     "top-5": 0.0,
     "top-10": 0.0,
     "top-200": 0.6369,
     "exam": 0.09622972380534853,
     "wasted-effort": 314
    },
    "avg_case": {
     "top-5": 0.0,
     "top-10": 0.0,
     "top-200": 0.6327,
     "exam": 0.09622972380534853,
     "wasted-effort": 314
    },
    "worst_case": {
     "top-5": 0.0,
     "top-10": 0.0,
     "top-200": 0.31755,
     "exam": 0.63042525208242,
     "wasted-effort": 2281
    }
   }
  },
  "line_assert_use": {
   "Tarantula": {
    "best_case": {
     "top-5": 0.0,
     "top-10": 0.0,
     "top-200": 0.6336,
     "exam": 0.09622972380534853,
     "wasted-effort": 314
    },
    "avg_case": {
     "top-5": 0.0,
     "top-10": 0.0,
     "top-200": 0.6341,
     "exam": 0.09622972380534853,
     "wasted-effort": 314
    },
    "worst_case": {
     "top-5": 0.0,
     "top-10": 0.0,
     "top-200": 0.316,
     "exam": 0.63042525208242,
     "wasted-effort": 2281
    }
   },
   "Ochiai": {
    "best_case": {
     "top-5": 0.0,
     "top-10": 0.0,
     "top-200": 0.6393,
     "exam": 0.09622972380534853,
     "wasted-effort": 314
    },
    "avg_case": {
     "top-5": 0.0,
     "top-10": 0.0,
     "top-200": 0.6395,
     "exam": 0.09622972380534853,
     "wasted-effort": 314
    },
    "worst_case": {
     "top-5": 0.0,
     "top-10": 0.0,
     "top-200": 0.32205,
     "exam": 0.63042525208242,
     "wasted-effort": 2281
    }
   },
   "DStar": {
    "best_case": {
     "top-5": 0.0,
     "top-10": 0.0,
     "top-200": 0.6267,
     "exam": 0.09622972380534853,
     "wasted-effort": 314
    },
    "avg_case": {
     "top-5": 0.0,
     "top-10": 0.0,
     "top-200": 0.6378,
     "exam": 0.09622972380534853,
     "wasted-effort": 314
    },
    "worst_case": {
     "top-5": 0.0,
     "top-10": 0.0,
     "top-200": 0.3193,
     "exam": 0.63042525208242,
     "wasted-effort": 2281
    }
   }
  },
  "line_assert_uses": {
   "Tarantula": {
    "best_case": {
     "top-5": 0.0,
     "top-10": 0.0,
     "top-200": 0.6409,
     "exam": 0.09622972380534853,
     "wasted-effort": 314
    },
    "avg_case": {
     "top-5": 0.0,
     "top-10": 0.0,
     "top-200": 0.631,
     "exam": 0.09622972380534853,
     "wasted-effort": 314
    },
    "worst_case": {
     "top-5": 0.0,
     "top-10": 0.0,
     "top-200": 0.3201,
     "exam": 0.63042525208242,
     "wasted-effort": 2281
    }
   },
   "Ochiai": {
    "best_case": {
     "top-5": 0.0,
     "top-10": 0.0,
     "top-200": 0.6392,
     "exam": 0.09622972380534853,
     "wasted-effort": 314
    },
    "avg_case": {
     "top-5": 0.0,
     "top-10": 0.0,
     "top-200": 0.6308,
     "exam": 0.09622972380534853,
     "wasted-effort": 314
    },
    "worst_case": {
     "top-5": 0.0,
     "top-10": 0.0,
     "top-200": 0.3194,