{
 "httpie_2": {
  "line": {
   "Tarantula": {
    "best_case": {
     "top-5": 0.0,
     "top-10": 0.0,
     "top-200": 0.334,
     "exam": 0.15322227093380097,
     "wasted-effort": 574
    },
    "avg_case": {
     "top-5": 0.0,
     "top-10": 0.0,
     "top-200": 0.347,
     "exam": 0.15322227093380097,
     "wasted-effort": 574
    },
    "worst_case": {
     "top-5": 0.0,
     "top-10": 0.0,
     "top-200": 0.1645,
     "exam": 0.63042525208242,
     "wasted-effort": 2281
    }
   },
   "Ochiai": {
    "best_case": {
     "top-5": 0.0,
     "top-10": 0.0,
     "top-200": 0.347,
     "exam": 0.15322227093380097,
     "wasted-effort": 574
    },
    "avg_case": {
     "top-5": 0.0,
     "top-10": 0.0,
     "top-200": 0.329,
     "exam": 0.15322227093380097,
     "wasted-effort": 574
    },
    "worst_case": {
     "top-5": 0.0,
     "top-10": 0.0,
     "top-200": 0.1735,
     "exam": 0.63042525208242,
     "wasted-effort": 2281
    }
   },
   "DStar": {
    "best_case": {
     "top-5": 0.0,
     "top-10": 0.0,
     "top-200": 0.348,
     "exam": 0.15322227093380097,
     "wasted-effort": 574
    },
    "avg_case": {
     "top-5": 0.0,
     "top-10": 0.0,
     "top-200": 0.368,
     "exam": 0.15322227093380097,
     "wasted-effort": 574
    },
    "worst_case": {
     "top-5": 0.0,
     "top-10": 0.0,
     "top-200": 0.178,
     "exam": 0.63042525208242,
     "wasted-effort": 2281
    }
   }
  },
  "line_line": {
   "Tarantula": {
    "best_case": {
     "top-5": 0.0,
     "top-10": 0.0,
     "top-200": 0.647,
     "exam": 0.09622972380534853,
     "wasted-effort": 314
    },
    "avg_case": {
     "top-5": 0.0,
     "top-10": 0.0,
     "top-200": 0.643,
     "exam": 0.09622972380534853,
     "wasted-effort": 314
    },
    "worst_case": {
     "top-5": 0.0,
     "top-10": 0.0,
     "top-200": 0.312,
     "exam": 0.63042525208242,
     "wasted-effort": 2281
    }
   },
   "Ochiai": {
    "best_case": {
     "top-5": 0.0,
     "top-10": 0.0,
     "top-200": 0.654,
     "exam": 0.09622972380534853,
     "wasted-effort": 314
    },
    "avg_case": {
     "top-5": 0.0,
     "top-10": 0.0,
     "top-200": 0.65,
     "exam": 0.09622972380534853,
     "wasted-effort": 314
    },
    "worst_case": {
     "top-5": 0.0,
     "top-10": 0.0,
     "top-200": 0.3195,
     "exam": 0.63042525208242,
     "wasted-effort": 2281
    }
   },
   "DStar": {
    "best_case": {
     "top-5": 0.0,
     "top-10": 0.0,
     "top-200": 0.617,
     "exam": 0.09622972380534853,
     "wasted-effort": 314
    },
    "avg_case": {
     "top-5": 0.0,
     "top-10": 0.0,
     "top-200": 0.654,
     "exam": 0.09622972380534853,
     "wasted-effort": 314
    },
    "worst_case": {
     "top-5": 0.0,
     "top-10": 0.0,
     "top-200": 0.3225,
     "exam": 0.63042525208242,
     "wasted-effort": 2281
    }
   }
  },
  "line_defuse": {
   "Tarantula": {
    "best_case": {
     "top-5": 0.0,
     "top-10": 0.0,
     "top-200": 0.654,
     "exam": 0.09622972380534853,
     "wasted-effort": 314
    },
    "avg_case": {
     "top-5": 0.0,
     "top-10": 0.0,
     "top-200": 0.647,
     "exam": 0.09622972380534853,
     "wasted-effort": 314
    },
    "worst_case": {
     "top-5": 0.0,
     "top-10": 0.0,
     "top-200": 0.3105,
     "exam": 0.63042525208242,
     "wasted-effort": 2281
    }
   },
   "Ochiai": {
    "best_case": {
     "top-5": 0.0,
     "top-10": 0.0,
     "top-200": 0.635,
     "exam": 0.09622972380534853,
     "wasted-effort": 314
    },
    "avg_case": {
     "top-5": 0.0,
     "top-10": 0.0,
     "top-200": 0.637,
     "exam": 0.09622972380534853,
     "wasted-effort": 314
    },
    "worst_case": {
     "top-5": 0.0,
     "top-10": 0.0,
     "top-200": 0.3095,
     "exam": 0.63042525208242,
     "wasted-effort": 2281
    }
   },
   "DStar": {
    "best_case": {
     "top-5": 0.0,
     "top-10": 0.0,
     "top-200": 0.635,
     "exam": 0.09622972380534853,
     "wasted-effort": 314
    },
    "avg_case": {
     "top-5": 0.0,
     "top-10": 0.0,
     "top-200": 0.614,
     "exam": 0.09622972380534853,
     "wasted-effort": 314
    },
    "worst_case": {
     "top-5": 0.0,
     "top-10": 0.0,
     "top-200": 0.3125,
     "exam": 0.63042525208242,
     "wasted-effort": 2281
    }
   }
  },
  "line_defuses": {
   "Tarantula": {
    "best_case": {
     "top-5": 0.0,
     "top-10": 0.0,
     "top-200": 0.639,
     "exam": 0.09622972380534853,
     "wasted-effort": 314
    },
    "avg_case": {
     "top-5": 0.0,
     "top-10": 0.0,
     "top-200": 0.632,
     "exam": 0.09622972380534853,
     "wasted-effort": 314
    },
    "worst_case": {
     "top-5": 0.0,
     "top-10": 0.0,
     "top-200": 0.3145,
     "exam": 0.63042525208242,
     "wasted-effort": 2281
    }
   },
   "Ochiai": {
    "best_case": {
     "top-5": 0.0,
     "top-10": 0.0,
     "top-200": 0.632,
     "exam": 0.09622972380534853,
     "wasted-effort": 314
    },
    "avg_case": {
     "top-5": 0.0,
     "top-10": 0.0,
     "top-200": 0.65,
     "exam": 0.09622972380534853,
     "wasted-effort": 314
    },
    "worst_case": {
     "top-5": 0.0,
     "top-10": 0.0,
     "top-200": 0.3175,
     "exam": 0.63042525208242,
     "wasted-effort": 2281
    }
   },
   "DStar": {
    "best_case": {
     "top-5": 0.0,
     "top-10": 0.0,
     "top-200": 0.631,
     "exam": 0.09622972380534853,
     "wasted-effort": 314
    },
    "avg_case": {
     "top-5": 0.0,
     "top-10": 0.0,
     "top-200": 0.61,
     "exam": 0.09622972380534853,
     "wasted-effort": 314
    },
    "worst_case": {
     "top-5": 0.0,
     "top-10": 0.0,
     "top-200": 0.316,
     "exam": 0.63042525208242,
     "wasted-effort": 2281
    }
   }
  },
  "line_assert_use": {
   "Tarantula": {
    "best_case": {
     "top-5": 0.0,
     "top-10": 0.0,
     "top-200": 0.645,
     "exam": 0.09622972380534853,
     "wasted-effort": 314
    },
    "avg_case": {
     "top-5": 0.0,
     "top-10": 0.0,
     "top-200": 0.642,
     "exam": 0.09622972380534853,
     "wasted-effort": 314
    },
    "worst_case": {
     "top-5": 0.0,
     "top-10": 0.0,
     "top-200": 0.317,
     "exam": 0.63042525208242,
     "wasted-effort": 2281
    }
   },
   "Ochiai": {
    "best_case": {
     "top-5": 0.0,
     "top-10": 0.0,
     "top-200": 0.679,
     "exam": 0.09622972380534853,
     "wasted-effort": 314
    },
    "avg_case": {
     "top-5": 0.0,
     "top-10": 0.0,
     "top-200": 0.653,
     "exam": 0.09622972380534853,
     "wasted-effort": 314
    },
    "worst_case": {
     "top-5": 0.0,
     "top-10": 0.0,
     "top-200": 0.312,
     "exam": 0.63042525208242,
     "wasted-effort": 2281
    }
   },
   "DStar": {
    "best_case": {
     "top-5": 0.0,
     "top-10": 0.0,
     "top-200": 0.644,
     "exam": 0.09622972380534853,
     "wasted-effort": 314
    },
    "avg_case": {
     "top-5": 0.0,
     "top-10": 0.0,
     "top-200": 0.636,
     "exam": 0.09622972380534853,
     "wasted-effort": 314
    },
    "worst_case": {
     "top-5": 0.0,
     "top-10": 0.0,
     "top-200": 0.32,
     "exam": 0.63042525208242,
     "wasted-effort": 2281
    }
   }
  },
  "line_assert_uses": {
   "Tarantula": {
    "best_case": {
     "top-5": 0.0,
     "top-10": 0.0,
     "top-200": 0.66,
     "exam": 0.09622972380534853,
     "wasted-effort": 314
    },
    "avg_case": {
     "top-5": 0.0,
     "top-10": 0.0,
     "top-200": 0.661,
     "exam": 0.09622972380534853,
     "wasted-effort": 314
    },
    "worst_case": {
     "top-5": 0.0,
     "top-10": 0.0,
     "top-200": 0.3095,
     "exam": 0.63042525208242,
     "wasted-effort": 2281
    }
   },
   "Ochiai": {
    "best_case": {
     "top-5": 0.0,
     "top-10": 0.0,
     "top-200": 0.617,
     "exam": 0.09622972380534853,
     "wasted-effort": 314
    },
    "avg_case": {
     "top-5": 0.0,
     "top-10": 0.0,
     "top-200": 0.609,
     "exam": 0.09622972380534853,
     "wasted-effort": 314
    },
    "worst_case": {
     "top-5": 0.0,
     "top-10": 0.0,
     "top-200": 0.3245,
     "exam": 0.63042525208242,