{
 "httpie_5": {
  "line": {
   "Tarantula": {
    "best_case": {
     "top-1": 0.0,
     "top-5": 0.0,
     "top-10": 0.0,
     "top-200": 1.0,
     "exam": 0.03241650294695481,
     "wasted-effort": 21
    },
    "avg_case": {
     "top-1": 0.0,
     "top-5": 0.0,
     "top-10": 0.0,
     "top-200": 0.9990333333333334,
     "exam": 0.047151277013752456,
     "wasted-effort": 27
    },
    "worst_case": {
     "top-1": 0.0,
     "top-5": 0.0,
     "top-10": 0.0,
     "top-200": 0.8651999999999797,
     "exam": 0.1738703339882122,
     "wasted-effort": 145
    }
   },
   "Ochiai": {
    "best_case": {
     "top-1": 0.0,
     "top-5": 0.0,
     "top-10": 0.0,
     "top-200": 0.9999,
     "exam": 0.03241650294695481,
     "wasted-effort": 21
    },
    "avg_case": {
     "top-1": 0.0,
     "top-5": 0.0,
     "top-10": 0.0,
     "top-200": 0.999133333333333,
     "exam": 0.047151277013752456,
     "wasted-effort": 27
    },
    "worst_case": {
     "top-1": 0.0,
     "top-5": 0.0,
     "top-10": 0.0,
     "top-200": 0.869216666666647,
     "exam": 0.1738703339882122,
     "wasted-effort": 145
    }
   },
   "DStar": {
    "best_case": {
     "top-1": 0.0,
     "top-5": 0.0,
     "top-10": 0.0,
     "top-200": 1.0,
     "exam": 0.03241650294695481,
     "wasted-effort": 21
    },
    "avg_case": {
     "top-1": 0.0,
     "top-5": 0.0,
     "top-10": 0.0,
     "top-200": 0.9987,
     "exam": 0.047151277013752456,
     "wasted-effort": 27
    },
    "worst_case": {
     "top-1": 0.0,
     "top-5": 0.0,
     "top-10": 0.0,
     "top-200": 0.8659499999999832,
     "exam": 0.1738703339882122,
     "wasted-effort": 145
    }
   },
   "Naish1": {
    "best_case": {
     "top-1": 0.0,
     "top-5": 0.0,
     "top-10": 0.0,
     "top-200": 1.0,
     "exam": 0.03241650294695481,
     "wasted-effort": 21
    },
    "avg_case": {
     "top-1": 0.0,
     "top-5": 0.0,
     "top-10": 0.0,
     "top-200": 0.9989666666666666,
     "exam": 0.047151277013752456,
     "wasted-effort": 27
    },
    "worst_case": {
     "top-1": 0.0,
     "top-5": 0.0,
     "top-10": 0.0,
     "top-200": 0.8658999999999821,
     "exam": 0.1738703339882122,
     "wasted-effort": 145
    }
   },
   "Naish2": {
    "best_case": {
     "top-1": 0.0,
     "top-5": 0.0,
     "top-10": 0.0,
     "top-200": 1.0,
     "exam": 0.03241650294695481,
     "wasted-effort": 21
    },
    "avg_case": {
     "top-1": 0.0,
     "top-5": 0.0,
     "top-10": 0.0,
     "top-200": 0.9998999999999998,
     "exam": 0.047151277013752456,
     "wasted-effort": 27
    },
    "worst_case": {
     "top-1": 0.0,
     "top-5": 0.0,
     "top-10": 0.0,
     "top-200": 0.9300999999999905,
     "exam": 0.1738703339882122,
     "wasted-effort": 145
    }
   },
   "GP13": {
    "best_case": {
     "top-1": 0.0,
     "top-5": 0.0,
     "top-10": 0.0,
     "top-200": 0.9998,
     "exam": 0.03241650294695481,
     "wasted-effort": 21
    },
    "avg_case": {
     "top-1": 0.0,
     "top-5": 0.0,
     "top-10": 0.0,
     "top-200": 0.9988666666666668,
     "exam": 0.047151277013752456,
     "wasted-effort": 27
    },
    "worst_case": {
     "top-1": 0.0,
     "top-5": 0.0,
     "top-10": 0.0,
     "top-200": 0.8637666666666459,
     "exam": 0.1738703339882122,
     "wasted-effort": 145
    }
   }
  },
  "line_line": {
   "Tarantula": {
    "best_case": {
     "top-1": 0.0,
     "top-5": 0.0,
     "top-10": 0.0,
     "top-200": 1.0,
     "exam": 0.03241650294695481,
     "wasted-effort": 21
    },
    "avg_case": {
     "top-1": 0.0,
     "top-5": 0.0,
     "top-10": 0.0,
     "top-200": 0.998833333333333,
     "exam": 0.047151277013752456,
     "wasted-effort": 27
    },
    "worst_case": {
     "top-1": 0.0,
     "top-5": 0.0,
     "top-10": 0.0,
     "top-200": 0.8670333333333087,
     "exam": 0.06483300589390963,
     "wasted-effort": 33
    }
   },
   "Ochiai": {
    "best_case": {
     "top-1": 0.0,
     "top-5": 0.0,
     "top-10": 0.0,
     "top-200": 1.0,
     "exam": 0.03241650294695481,
     "wasted-effort": 21
    },
    "avg_case": {
     "top-1": 0.0,
     "top-5": 0.0,
     "top-10": 0.0,
     "top-200": 0.9987333333333334,
     "exam": 0.047151277013752456,
     "wasted-effort": 27
    },
    "worst_case": {
     "top-1": 0.0,
     "top-5": 0.0,
     "top-10": 0.0,
     "top-200": 0.8678833333333122,
     "exam": 0.06483300589390963,
     "wasted-effort": 33
    }
   },
   "DStar": {
    "best_case": {
     "top-1": 0.0,
     "top-5": 0.0,
     "top-10": 0.0,
     "top-200": 1.0,
     "exam": 0.03241650294695481,
     "wasted-effort": 21
    },
    "avg_case": {
     "top-1": 0.0,
     "top-5": 0.0,
     "top-10": 0.0,
     "top-200": 0.9991000000000002,
     "exam": 0.047151277013752456,
     "wasted-effort": 27
    },
    "worst_case": {
     "top-1": 0.0,
     "top-5": 0.0,
     "top-10": 0.0,
     "top-200": 0.8685999999999804,
     "exam": 0.06483300589390963,
     "wasted-effort": 33
    }
   },
   "Naish1": {
    "best_case": {
     "top-1": 0.0,
     "top-5": 0.0,
     "top-10": 0.0,
     "top-200": 1.0,
     "exam": 0.03241650294695481,
     "wasted-effort": 21
    },
    "avg_case": {
     "top-1": 0.0,
     "top-5": 0.0,
     "top-10": 0.0,
     "top-200": 0.9990000000000002,
     "exam": 0.047151277013752456,
     "wasted-effort": 27
    },
    "worst_case": {
     "top-1": 0.0,
     "top-5": 0.0,
     "top-10": 0.0,
     "top-200": 0.86599999999998,
     "exam": 0.2583497053045187,
     "wasted-effort": 231
    }
   },
   "Naish2": {
    "best_case": {
     "top-1": 0.0,
     "top-5": 0.0,
     "top-10": 0.0,
     "top-200": 1.0,
     "exam": 0.03241650294695481,
     "wasted-effort": 21
    },
    "avg_case": {
     "top-1": 0.0,
     "top-5": 0.0,
     "top-10": 0.0,
     "top-200": 0.9992,
     "exam": 0.047151277013752456,
     "wasted-effort": 27
    },
    "worst_case": {
     "top-1": 0.0,
     "top-5": 0.0,
     "top-10": 0.0,
     "top-200": 0.8672666666666499,
     "exam": 0.06483300589390963,
     "wasted-effort": 33
    }
   },
   "GP13": {
    "best_case": {
     "top-1": 0.0,
     "top-5": 0.0,
     "top-10": 0.0,
     "top-200": 1.0,
     "exam": 0.03241650294695481,
     "wasted-effort": 21
    },
    "avg_case": {
     "top-1": 0.0,
     "top-5": 0.0,
     "top-10": 0.0,
     "top-200": 0.999066666666667,
     "exam": 0.047151277013752456,
     "wasted-effort": 27
    },
    "worst_case": {
     "top-1": 0.0,
     "top-5": 0.0,
     "top-10": 0.0,
     "top-200": 0.8649333333333107,
     "exam": 0.06483300589390963,
     "wasted-effort": 33
    }
   }
  },
  "line_defuse": {
   "Tarantula": {
    "best_case": {
     "top-1": 0.0,
     "top-5": 0.0,
     "top-10": 0.0,
     "top-200": 1.0,
     "exam": 0.03241650294695481,
     "wasted-effort": 21
    },
    "avg_case": {
     "top-1": 0.0,
     "top-5": 0.0,
     "top-10": 0.0,
     "top-200": 0.9988666666666666,
     "exam": 0.047151277013752456,
     "wasted-effort": 27
    },
    "worst_case": {
     "top-1": 0.0,
     "top-5": 0.0,
     "top-10": 0.0,
     "top-200": 0.865316666666647,
     "exam": 0.06483300589390963,
     "wasted-effort": 33
    }
   },
   "Ochiai": {
    "best_case": {
     "top-1": 0.0,
     "top-5": 0.0,
     "top-10": 0.0,
     "top-200": 1.0,
     "exam": 0.03241650294695481,
     "wasted-effort": 21
    },
    "avg_case": {
     "top-1": 0.0,
     "top-5": 0.0,
     "top-10": 0.0,
     "top-200": 0.9987,
     "exam": 0.047151277013752456,
     "wasted-effort": 27
    },
    "worst_case": {
     "top-1": 0.0,
     "top-5": 0.0,
     "top-10": 0.0,
     "top-200": 0.8649666666666459,
     "exam": 0.06483300589390963,
     "wasted-effort": 33
    }
   },
   "DStar": {
    "best_case": {
     "top-1": 0.0,
     "top-5": 0.0,
     "top-10": 0.0,
     "top-200": 1.0,
     "exam": 0.03241650294695481,
     "wasted-effort": 21
    },
    "avg_case": {
     "top-1": 0.0,
     "top-5": 0.0,
     "top-10": 0.0,
     "top-200": 0.9986333333333334,
     "exam": 0.047151277013752456,
     "wasted-effort": 27
    },