{
 "httpie_5": {
  "line": {
   "Tarantula": {
    "best_case": {
     "top-1": 0.0,
     "top-5": 0.0,
     "top-10": 0.0,
     "top-200": 1.0,
     "exam": 0.03241650294695481,
     "wasted-effort": 21
    },
    "avg_case": {
     "top-1": 0.0,
     "top-5": 0.0,
     "top-10": 0.0,
     "top-200": 0.9985666666666668,
     "exam": 0.047151277013752456,
     "wasted-effort": 27
    },
    "worst_case": {
     "top-1": 0.0,
     "top-5": 0.0,
     "top-10": 0.0,
     "top-200": 0.8658833333333125,
     "exam": 0.1738703339882122,
     "wasted-effort": 145
    }
   },
   "Ochiai": {
    "best_case": {
     "top-1": 0.0,
     "top-5": 0.0,
     "top-10": 0.0,
     "top-200": 1.0,
     "exam": 0.03241650294695481,
     "wasted-effort": 21
    },
    "avg_case": {
     "top-1": 0.0,
     "top-5": 0.0,
     "top-10": 0.0,
     "top-200": 0.9983666666666666,
     "exam": 0.047151277013752456,
     "wasted-effort": 27
    },
    "worst_case": {
     "top-1": 0.0,
     "top-5": 0.0,
     "top-10": 0.0,
     "top-200": 0.8653499999999834,
     "exam": 0.1738703339882122,
     "wasted-effort": 145
    }
   },
   "DStar": {
    "best_case": {
     "top-1": 0.0,
     "top-5": 0.0,
     "top-10": 0.0,
     "top-200": 1.0,
     "exam": 0.03241650294695481,
     "wasted-effort": 21
    },
    "avg_case": {
     "top-1": 0.0,
     "top-5": 0.0,
     "top-10": 0.0,
     "top-200": 0.9986999999999996,
     "exam": 0.047151277013752456,
     "wasted-effort": 27
    },
    "worst_case": {
     "top-1": 0.0,
     "top-5": 0.0,
     "top-10": 0.0,
     "top-200": 0.8649333333333121,
     "exam": 0.1738703339882122,
     "wasted-effort": 145
    }
   },
   "Naish2": {
    "best_case": {
     "top-1": 0.0,
     "top-5": 0.0,
     "top-10": 0.0,
     "top-200": 1.0,
     "exam": 0.03241650294695481,
     "wasted-effort": 21
    },
    "avg_case": {
     "top-1": 0.0,
     "top-5": 0.0,
     "top-10": 0.0,
     "top-200": 0.9999,
     "exam": 0.047151277013752456,
     "wasted-effort": 27
    },
    "worst_case": {
     "top-1": 0.0,
     "top-5": 0.0,
     "top-10": 0.0,
     "top-200": 0.930683333333323,
     "exam": 0.1738703339882122,
     "wasted-effort": 145
    }
   },
   "GP13": {
    "best_case": {
     "top-1": 0.0,
     "top-5": 0.0,
     "top-10": 0.0,
     "top-200": 1.0,
     "exam": 0.03241650294695481,
     "wasted-effort": 21
    },
    "avg_case": {
     "top-1": 0.0,
     "top-5": 0.0,
     "top-10": 0.0,
     "top-200": 0.998533333333333,
     "exam": 0.047151277013752456,
     "wasted-effort": 27
    },
    "worst_case": {
     "top-1": 0.0,
     "top-5": 0.0,
     "top-10": 0.0,
     "top-200": 0.8656999999999833,
     "exam": 0.1738703339882122,
     "wasted-effort": 145
    }
   }
  },
  "line_line": {
   "Tarantula": {
    "best_case": {
     "top-1": 0.0,
     "top-5": 0.0,
     "top-10": 0.0,
     "top-200": 1.0,
     "exam": 0.03241650294695481,
     "wasted-effort": 21
    },
    "avg_case": {
     "top-1": 0.0,
     "top-5": 0.0,
     "top-10": 0.0,
     "top-200": 0.999033333333333,
     "exam": 0.047151277013752456,
     "wasted-effort": 27
    },
    "worst_case": {
     "top-1": 0.0,
     "top-5": 0.0,
     "top-10": 0.0,
     "top-200": 0.8658166666666449,
     "exam": 0.06483300589390963,
     "wasted-effort": 33
    }
   },
   "Ochiai": {
    "best_case": {
     "top-1": 0.0,
     "top-5": 0.0,
     "top-10": 0.0,
     "top-200": 1.0,
     "exam": 0.03241650294695481,
     "wasted-effort": 21
    },
    "avg_case": {
     "top-1": 0.0,
     "top-5": 0.0,
     "top-10": 0.0,
     "top-200": 0.9987666666666666,
     "exam": 0.047151277013752456,
     "wasted-effort": 27
    },
    "worst_case": {
     "top-1": 0.0,
     "top-5": 0.0,
     "top-10": 0.0,
     "top-200": 0.8678833333333125,
     "exam": 0.06483300589390963,
     "wasted-effort": 33
    }
   },
   "DStar": {
    "best_case": {
     "top-1": 0.0,
     "top-5": 0.0,
     "top-10": 0.0,
     "top-200": 1.0,
     "exam": 0.03241650294695481,
     "wasted-effort": 21
    },
    "avg_case": {
     "top-1": 0.0,
     "top-5": 0.0,
     "top-10": 0.0,
     "top-200": 0.9990333333333334,
     "exam": 0.047151277013752456,
     "wasted-effort": 27
    },
    "worst_case": {
     "top-1": 0.0,
     "top-5": 0.0,
     "top-10": 0.0,
     "top-200": 0.865983333333311,
     "exam": 0.06483300589390963,
     "wasted-effort": 33
    }
   },
   "Naish2": {
    "best_case": {
     "top-1": 0.0,
     "top-5": 0.0,
     "top-10": 0.0,
     "top-200": 0.9999,
     "exam": 0.03241650294695481,
     "wasted-effort": 21
    },
    "avg_case": {
     "top-1": 0.0,
     "top-5": 0.0,
     "top-10": 0.0,
     "top-200": 0.9985,
     "exam": 0.047151277013752456,
     "wasted-effort": 27
    },
    "worst_case": {
     "top-1": 0.0,
     "top-5": 0.0,
     "top-10": 0.0,
     "top-200": 0.8649333333333123,
     "exam": 0.06483300589390963,
     "wasted-effort": 33
    }
   },
   "GP13": {
    "best_case": {
     "top-1": 0.0,
     "top-5": 0.0,
     "top-10": 0.0,
     "top-200": 1.0,
     "exam": 0.03241650294695481,
     "wasted-effort": 21
    },
    "avg_case": {
     "top-1": 0.0,
     "top-5": 0.0,
     "top-10": 0.0,
     "top-200": 0.9987,
     "exam": 0.047151277013752456,
     "wasted-effort": 27
    },
    "worst_case": {
     "top-1": 0.0,
     "top-5": 0.0,
     "top-10": 0.0,
     "top-200": 0.8668499999999798,
     "exam": 0.06483300589390963,
     "wasted-effort": 33
    }
   }
  },
  "line_defuse": {
   "Tarantula": {
    "best_case": {
     "top-1": 0.0,
     "top-5": 0.0,
     "top-10": 0.0,
     "top-200": 1.0,
     "exam": 0.03241650294695481,
     "wasted-effort": 21
    },
    "avg_case": {
     "top-1": 0.0,
     "top-5": 0.0,
     "top-10": 0.0,
     "top-200": 0.9991333333333334,
     "exam": 0.047151277013752456,
     "wasted-effort": 27
    },
    "worst_case": {
     "top-1": 0.0,
     "top-5": 0.0,
     "top-10": 0.0,
     "top-200": 0.8636166666666418,
     "exam": 0.06483300589390963,
     "wasted-effort": 33
    }
   },
   "Ochiai": {
    "best_case": {
     "top-1": 0.0,
     "top-5": 0.0,
     "top-10": 0.0,
     "top-200": 1.0,
     "exam": 0.03241650294695481,
     "wasted-effort": 21
    },
    "avg_case": {
     "top-1": 0.0,
     "top-5": 0.0,
     "top-10": 0.0,
     "top-200": 0.998966666666667,
     "exam": 0.047151277013752456,
     "wasted-effort": 27
    },
    "worst_case": {
     "top-1": 0.0,
     "top-5": 0.0,
     "top-10": 0.0,
     "top-200": 0.8638666666666449,
     "exam": 0.06483300589390963,
     "wasted-effort": 33
    }
   },
   "DStar": {
    "best_case": {
     "top-1": 0.0,
     "top-5": 0.0,
     "top-10": 0.0,
     "top-200": 1.0,
     "exam": 0.03241650294695481,
     "wasted-effort": 21
    },
    "avg_case": {
     "top-1": 0.0,
     "top-5": 0.0,
     "top-10": 0.0,
     "top-200": 0.999133333333333,
     "exam": 0.047151277013752456,
     "wasted-effort": 27
    },
    "worst_case": {
     "top-1": 0.0,
     "top-5": 0.0,
     "top-10": 0.0,
     "top-200": 0.8647666666666423,
     "exam": 0.06483300589390963,
     "wasted-effort": 33
    }
   },
   "Naish2": {
    "best_case": {
     "top-1": 0.0,
     "top-5": 0.0,
     "top-10": 0.0,
     "top-200": 1.0,
     "exam": 0.03241650294695481,
     "wasted-effort": 21
    },
    "avg_case": {
     "top-1": 0.0,
     "top-5": 0.0,
     "top-10": 0.0,
     "top-200": 0.9988333333333332,
     "exam": 0.047151277013752456,
     "wasted-effort": 27
    },
    "worst_case": {
     "top-1": 0.0,
     "top-5": 0.0,
     "top-10": 0.0,
     "top-200": 0.8662999999999758,
     "exam": 0.06483300589390963,
     "wasted-effort": 33
    }
   },
   "GP13": {
    "best_case": {
     "top-1": 0.0,
     "top-5": 0.0,
     "top-10": 0.0,
     "top-200": 1.0,
     "exam": 0.03241650294695481,
     "wasted-effort": 21
    },
    "avg_case": {
     "top-1": 0.0,
     "top-5": 0.0,
     "top-10": 0.0,
     "top-200": 0.9989666666666668,
     "exam": 0.047151277013752456,
     "wasted-effort": 27
    },