{
 "keras_32": {
  "line": {
   "Tarantula": {
    "best_case": {
     "top-5": 0.7237,
     "top-10": 0.9528,
     "top-200": 0.7179,
     "exam": 6.486766995329527e-05,
     "wasted-effort": 3
    },
    "avg_case": {
     "top-5": 0.26445,
     "top-10": 0.518475,
     "top-200": 0.2721,
     "exam": 0.0005838090295796575,
     "wasted-effort": 24
    },
    "worst_case": {
     "top-5": 0.1313,
     "top-10": 0.2591375,
     "top-200": 0.1389375,
     "exam": 0.571613907628438,
     "wasted-effort": 23124
    }
   },
   "Ochiai": {
    "best_case": {
     "top-5": 0.5831,
     "top-10": 0.8732,
     "top-200": 0.7219,
     "exam": 0.00045407368967306696,
     "wasted-effort": 21
    },
    "avg_case": {
     "top-5": 0.1777,
     "top-10": 0.357925,
     "top-200": 0.2836,
     "exam": 0.0009730150492994292,
     "wasted-effort": 24
    },
    "worst_case": {
     "top-5": 0.0897625,
     "top-10": 0.17845,
     "top-200": 0.1401375,
     "exam": 0.571613907628438,
     "wasted-effort": 23124
    }
   },
   "DStar": {
    "best_case": {
     "top-5": 0.5752,
     "top-10": 0.8745,
     "top-200": 0.5373,
     "exam": 0.00045407368967306696,
     "wasted-effort": 21
    },
    "avg_case": {
     "top-5": 0.180875,
     "top-10": 0.356675,
     "top-200": 0.169325,
     "exam": 0.03803407714928213,
     "wasted-effort": 881
    },
    "worst_case": {
     "top-5": 0.0896125,
     "top-10": 0.176475,
     "top-200": 0.0863375,
     "exam": 0.571613907628438,
     "wasted-effort": 23124
    }
   }
  },
  "line_line": {
   "Tarantula": {
    "best_case": {
     "top-5": 0.782,
     "top-10": 1,
     "top-200": 1.0,
     "exam": 6.486766995329527e-05,
     "wasted-effort": 3
    },
    "avg_case": {
     "top-5": 0.249075,
     "top-10": 0.5,
     "top-200": 0.9929,
     "exam": 0.0009730150492994292,
     "wasted-effort": 33
    },
    "worst_case": {
     "top-5": 0.1241125,
     "top-10": 0.25,
     "top-200": 0.5888875,
     "exam": 0.571613907628438,
     "wasted-effort": 23124
    }
   },
   "Ochiai": {
    "best_case": {
     "top-5": 0.7235,
     "top-10": 0.956,
     "top-200": 1,
     "exam": 6.486766995329527e-05,
     "wasted-effort": 3
    },
    "avg_case": {
     "top-5": 0.25815,
     "top-10": 0.51695,
     "top-200": 1,
     "exam": 0.0005838090295796575,
     "wasted-effort": 24
    },
    "worst_case": {
     "top-5": 0.1307125,
     "top-10": 0.260675,
     "top-200": 0.625,
     "exam": 0.571613907628438,
     "wasted-effort": 23124
    }
   },
   "DStar": {
    "best_case": {
     "top-5": 0.5787,
     "top-10": 0.8783,
     "top-200": 0.708,
     "exam": 0.00045407368967306696,
     "wasted-effort": 21
    },
    "avg_case": {
     "top-5": 0.178,
     "top-10": 0.355825,
     "top-200": 0.2746,
     "exam": 0.0009730150492994292,
     "wasted-effort": 24
    },
    "worst_case": {
     "top-5": 0.08815,
     "top-10": 0.1784,
     "top-200": 0.1371875,
     "exam": 0.571613907628438,
     "wasted-effort": 23124
    }
   }
  },
  "line_defuse": {
   "Tarantula": {
    "best_case": {
     "top-5": 0.7256,
     "top-10": 0.9537,
     "top-200": 1.0,
     "exam": 6.486766995329527e-05,
     "wasted-effort": 3
    },
    "avg_case": {
     "top-5": 0.260775,
     "top-10": 0.5194,
     "top-200": 0.995775,
     "exam": 0.0005838090295796575,
     "wasted-effort": 24
    },
    "worst_case": {
     "top-5": 0.129125,
     "top-10": 0.261775,
     "top-200": 0.5990375,
     "exam": 0.571613907628438,
     "wasted-effort": 23124
    }
   },
   "Ochiai": {
    "best_case": {
     "top-5": 0.5806,
     "top-10": 0.8727,
     "top-200": 1.0,
     "exam": 0.00045407368967306696,
     "wasted-effort": 21
    },
    "avg_case": {
     "top-5": 0.176225,
     "top-10": 0.35315,
     "top-200": 0.994525,
     "exam": 0.0009730150492994292,
     "wasted-effort": 24
    },
    "worst_case": {
     "top-5": 0.088775,
     "top-10": 0.1782875,
     "top-200": 0.5921,
     "exam": 0.571613907628438,
     "wasted-effort": 23124
    }
   },
   "DStar": {
    "best_case": {
     "top-5": 0.5768,
     "top-10": 0.8783,
     "top-200": 0.7081,
     "exam": 0.00045407368967306696,
     "wasted-effort": 21
    },
    "avg_case": {
     "top-5": 0.1791,
     "top-10": 0.3577,
     "top-200": 0.27115,
     "exam": 0.0009730150492994292,
     "wasted-effort": 24
    },
    "worst_case": {
     "top-5": 0.0888625,
     "top-10": 0.178075,
     "top-200": 0.1370625,
     "exam": 0.571613907628438,
     "wasted-effort": 23124
    }
   }
  },
  "line_defuses": {
   "Tarantula": {
    "best_case": {
     "top-5": 0.7251,
     "top-10": 0.954,
     "top-200": 1.0,
     "exam": 6.486766995329527e-05,
     "wasted-effort": 3
    },
    "avg_case": {
     "top-5": 0.264475,
     "top-10": 0.51495,
     "top-200": 0.996325,
     "exam": 0.0005838090295796575,
     "wasted-effort": 24
    },
    "worst_case": {
     "top-5": 0.1302125,
     "top-10": 0.26025,
     "top-200": 0.5984625,
     "exam": 0.571613907628438,
     "wasted-effort": 23124
    }
   },
   "Ochiai": {
    "best_case": {
     "top-5": 0.5808,
     "top-10": 0.8814,
     "top-200": 1,
     "exam": 0.00045407368967306696,
     "wasted-effort": 21
    },
    "avg_case": {
     "top-5": 0.17815,
     "top-10": 0.3588,
     "top-200": 1,
     "exam": 0.0009730150492994292,
     "wasted-effort": 24
    },
    "worst_case": {
     "top-5": 0.0905,
     "top-10": 0.1794875,
     "top-200": 0.625,
     "exam": 0.571613907628438,
     "wasted-effort": 23124
    }
   },
   "DStar": {
    "best_case": {
     "top-5": 0.58,
     "top-10": 0.8777,
     "top-200": 0.7121,
     "exam": 0.00045407368967306696,
     "wasted-effort": 21
    },
    "avg_case": {
     "top-5": 0.178275,
     "top-10": 0.3581,
     "top-200": 0.276375,
     "exam": 0.0009730150492994292,
     "wasted-effort": 24
    },
    "worst_case": {
     "top-5": 0.0895,
     "top-10": 0.1786375,
     "top-200": 0.1364625,
     "exam": 0.571613907628438,
     "wasted-effort": 23124
    }
   }
  },
  "line_assert_use": {
   "Tarantula": {
    "best_case": {
     "top-5": 0.7209,
     "top-10": 0.9535,
     "top-200": 1.0,
     "exam": 6.486766995329527e-05,
     "wasted-effort": 3
    },
    "avg_case": {
     "top-5": 0.258175,
     "top-10": 0.52215,
     "top-200": 0.996,
     "exam": 0.0005838090295796575,
     "wasted-effort": 24
    },
    "worst_case": {
     "top-5": 0.1287625,
     "top-10": 0.259325,
     "top-200": 0.59785,
     "exam": 0.571613907628438,
     "wasted-effort": 23124
    }
   },
   "Ochiai": {
    "best_case": {
     "top-5": 0.582,
     "top-10": 0.8768,
     "top-200": 1.0,
     "exam": 0.00045407368967306696,
     "wasted-effort": 21
    },
    "avg_case": {
     "top-5": 0.18055,
     "top-10": 0.35695,
     "top-200": 0.994575,
     "exam": 0.0009730150492994292,
     "wasted-effort": 24
    },
    "worst_case": {
     "top-5": 0.0896875,
     "top-10": 0.1788625,
     "top-200": 0.5930375,
     "exam": 0.571613907628438,
     "wasted-effort": 23124
    }
   },
   "DStar": {
    "best_case": {
     "top-5": 0.5685,
     "top-10": 0.8749,
     "top-200": 0.7131,
     "exam": 0.00045407368967306696,
     "wasted-effort": 21
    },
    "avg_case": {
     "top-5": 0.1806,
     "top-10": 0.354425,
     "top-200": 0.278325,
     "exam": 0.0009730150492994292,
     "wasted-effort": 24
    },
    "worst_case": {
     "top-5": 0.0885375,
     "top-10": 0.177175,
     "top-200": 0.138775,
     "exam": 0.571613907628438,
     "wasted-effort": 23124
    }
   }
  },
  "line_assert_uses": {
   "Tarantula": {
    "best_case": {
     "top-5": 0.7689,
     "top-10": 1,
     "top-200": 1.0,
     "exam": 6.486766995329527e-05,
     "wasted-effort": 3
    },
    "avg_case": {
     "top-5": 0.2532,
     "top-10": 0.5,
     "top-200": 0.9927,
     "exam": 0.0009730150492994292,
     "wasted-effort": 33
    },
    "worst_case": {
     "top-5": 0.1242625,
     "top-10": 0.25,
     "top-200": 0.5901125,
     "exam": 0.571613907628438,