{
 "keras_40": {
  "line": {
   "Tarantula": {
    "best_case": {
     "top-1": 0,
     "top-5": 0.0,
     "top-10": 0.0,
     "top-200": 0.3723,
     "exam": 0.0005586072060329579,
     "wasted-effort": 13
    },
    "avg_case": {
     "top-1": 0.0,
     "top-5": 0.0,
     "top-10": 0.0,
     "top-200": 0.2609333333333305,
     "exam": 0.0005586072060329579,
     "wasted-effort": 13
    },
    "worst_case": {
     "top-1": 0.0,
     "top-5": 0.0,
     "top-10": 0.0,
     "top-200": 0.1373666666666643,
     "exam": 0.10054929708593241,
     "wasted-effort": 3368
    }
   },
   "Ochiai": {
    "best_case": {
     "top-1": 0,
     "top-5": 0.0,
     "top-10": 0.0,
     "top-200": 0.3696,
     "exam": 0.0005586072060329579,
     "wasted-effort": 13
    },
    "avg_case": {
     "top-1": 0.0,
     "top-5": 0.0,
     "top-10": 0.0,
     "top-200": 0.2668666666666628,
     "exam": 0.0005586072060329579,
     "wasted-effort": 13
    },
    "worst_case": {
     "top-1": 0.0,
     "top-5": 0.0,
     "top-10": 0.0,
     "top-200": 0.14129999999999754,
     "exam": 0.10054929708593241,
     "wasted-effort": 3368
    }
   },
   "DStar": {
    "best_case": {
     "top-1": 0,
     "top-5": 0.0,
     "top-10": 0.0,
     "top-200": 0.3687,
     "exam": 0.0005586072060329579,
     "wasted-effort": 13
    },
    "avg_case": {
     "top-1": 0.0,
     "top-5": 0.0,
     "top-10": 0.0,
     "top-200": 0.2616999999999965,
     "exam": 0.0005586072060329579,
     "wasted-effort": 13
    },
    "worst_case": {
     "top-1": 0.0,
     "top-5": 0.0,
     "top-10": 0.0,
     "top-200": 0.13779999999999765,
     "exam": 0.10054929708593241,
     "wasted-effort": 3368
    }
   },
   "Naish2": {
    "best_case": {
     "top-1": 0,
     "top-5": 0.0,
     "top-10": 0.0,
     "top-200": 0.3805,
     "exam": 0.0005586072060329579,
     "wasted-effort": 13
    },
    "avg_case": {
     "top-1": 0.0,
     "top-5": 0.0,
     "top-10": 0.0,
     "top-200": 0.2608333333333305,
     "exam": 0.0005586072060329579,
     "wasted-effort": 13
    },
    "worst_case": {
     "top-1": 0.0,
     "top-5": 0.0,
     "top-10": 0.0,
     "top-200": 0.14033333333333065,
     "exam": 0.11563169164882227,
     "wasted-effort": 2485
    }
   },
   "GP13": {
    "best_case": {
     "top-1": 0,
     "top-5": 0.0,
     "top-10": 0.0,
     "top-200": 0.3762,
     "exam": 0.0005586072060329579,
     "wasted-effort": 13
    },
    "avg_case": {
     "top-1": 0.0,
     "top-5": 0.0,
     "top-10": 0.0,
     "top-200": 0.2731999999999947,
     "exam": 0.0005586072060329579,
     "wasted-effort": 13
    },
    "worst_case": {
     "top-1": 0.0,
     "top-5": 0.0,
     "top-10": 0.0,
     "top-200": 0.14196666666666358,
     "exam": 0.10054929708593241,
     "wasted-effort": 3368
    }
   }
  },
  "line_line": {
   "Tarantula": {
    "best_case": {
     "top-1": 0,
     "top-5": 0,
     "top-10": 0.7079,
     "top-200": 0.3728,
     "exam": 0.00027930360301647893,
     "wasted-effort": 7
    },
    "avg_case": {
     "top-1": 0.0,
     "top-5": 0.0,
     "top-10": 0.4793333333333278,
     "top-200": 0.2633666666666633,
     "exam": 0.00027930360301647893,
     "wasted-effort": 7
    },
    "worst_case": {
     "top-1": 0.0,
     "top-5": 0.0,
     "top-10": 0.2379666666666631,
     "top-200": 0.1358333333333311,
     "exam": 0.10054929708593241,
     "wasted-effort": 3368
    }
   },
   "Ochiai": {
    "best_case": {
     "top-1": 0,
     "top-5": 0,
     "top-10": 0.0,
     "top-200": 0.3815,
     "exam": 0.0005586072060329579,
     "wasted-effort": 13
    },
    "avg_case": {
     "top-1": 0.0,
     "top-5": 0.0,
     "top-10": 0.0,
     "top-200": 0.26393333333332963,
     "exam": 0.0005586072060329579,
     "wasted-effort": 13
    },
    "worst_case": {
     "top-1": 0.0,
     "top-5": 0.0,
     "top-10": 0.0,
     "top-200": 0.13996666666666394,
     "exam": 0.10054929708593241,
     "wasted-effort": 3368
    }
   },
   "DStar": {
    "best_case": {
     "top-1": 0,
     "top-5": 0,
     "top-10": 0.0,
     "top-200": 0.3697,
     "exam": 0.0005586072060329579,
     "wasted-effort": 13
    },
    "avg_case": {
     "top-1": 0.0,
     "top-5": 0.0,
     "top-10": 0.0,
     "top-200": 0.26769999999999566,
     "exam": 0.0005586072060329579,
     "wasted-effort": 13
    },
    "worst_case": {
     "top-1": 0.0,
     "top-5": 0.0,
     "top-10": 0.0,
     "top-200": 0.1398333333333307,
     "exam": 0.10054929708593241,
     "wasted-effort": 3368
    }
   },
   "Naish2": {
    "best_case": {
     "top-1": 0,
     "top-5": 0,
     "top-10": 0.7116,
     "top-200": 0.381,
     "exam": 0.00027930360301647893,
     "wasted-effort": 7
    },
    "avg_case": {
     "top-1": 0.0,
     "top-5": 0.0,
     "top-10": 0.48179999999999557,
     "top-200": 0.26463333333332945,
     "exam": 0.00027930360301647893,
     "wasted-effort": 7
    },
    "worst_case": {
     "top-1": 0.0,
     "top-5": 0.0,
     "top-10": 0.2402999999999975,
     "top-200": 0.13983333333333095,
     "exam": 0.10054929708593241,
     "wasted-effort": 3368
    }
   },
   "GP13": {
    "best_case": {
     "top-1": 0,
     "top-5": 0,
     "top-10": 0.7222,
     "top-200": 0.3643,
     "exam": 0.00027930360301647893,
     "wasted-effort": 7
    },
    "avg_case": {
     "top-1": 0.0,
     "top-5": 0.0,
     "top-10": 0.4779333333333271,
     "top-200": 0.26269999999999666,
     "exam": 0.00027930360301647893,
     "wasted-effort": 7
    },
    "worst_case": {
     "top-1": 0.0,
     "top-5": 0.0,
     "top-10": 0.23826666666666324,
     "top-200": 0.14143333333332986,
     "exam": 0.10054929708593241,
     "wasted-effort": 3368
    }
   }
  },
  "line_defuse": {
   "Tarantula": {
    "best_case": {
     "top-1": 0,
     "top-5": 0,
     "top-10": 0.7194,
     "top-200": 0.3715,
     "exam": 0.00027930360301647893,
     "wasted-effort": 7
    },
    "avg_case": {
     "top-1": 0.0,
     "top-5": 0.0,
     "top-10": 0.47513333333332586,
     "top-200": 0.26316666666666316,
     "exam": 0.00027930360301647893,
     "wasted-effort": 7
    },
    "worst_case": {
     "top-1": 0.0,
     "top-5": 0.0,
     "top-10": 0.23983333333333062,
     "top-200": 0.14329999999999668,
     "exam": 0.10054929708593241,
     "wasted-effort": 3368
    }
   },
   "Ochiai": {
    "best_case": {
     "top-1": 0,
     "top-5": 0,
     "top-10": 0.0,
     "top-200": 0.3763,
     "exam": 0.0005586072060329579,
     "wasted-effort": 13
    },
    "avg_case": {
     "top-1": 0.0,
     "top-5": 0.0,
     "top-10": 0.0,
     "top-200": 0.2595333333333307,
     "exam": 0.0005586072060329579,
     "wasted-effort": 13
    },
    "worst_case": {
     "top-1": 0.0,
     "top-5": 0.0,
     "top-10": 0.0,
     "top-200": 0.13819999999999727,
     "exam": 0.10054929708593241,
     "wasted-effort": 3368
    }
   },
   "DStar": {
    "best_case": {
     "top-1": 0,
     "top-5": 0,
     "top-10": 0.0,
     "top-200": 0.383,
     "exam": 0.0005586072060329579,
     "wasted-effort": 13
    },
    "avg_case": {
     "top-1": 0.0,
     "top-5": 0.0,
     "top-10": 0.0,
     "top-200": 0.2623999999999965,
     "exam": 0.0005586072060329579,
     "wasted-effort": 13
    },
    "worst_case": {
     "top-1": 0.0,
     "top-5": 0.0,
     "top-10": 0.0,
     "top-200": 0.13879999999999731,
     "exam": 0.10054929708593241,
     "wasted-effort": 3368
    }
   },
   "Naish2": {
    "best_case": {
     "top-1": 0,
     "top-5": 0,
     "top-10": 0.7107,
     "top-200": 0.372,
     "exam": 0.00027930360301647893,
     "wasted-effort": 7
    },
    "avg_case": {
     "top-1": 0.0,
     "top-5": 0.0,
     "top-10": 0.473333333333325,
     "top-200": 0.27193333333332853,
     "exam": 0.00027930360301647893,
     "wasted-effort": 7
    },
    "worst_case": {
     "top-1": 0.0,
     "top-5": 0.0,
     "top-10": 0.23976666666666394,
     "top-200": 0.14109999999999717,
     "exam": 0.10054929708593241,
     "wasted-effort": 3368
    }
   },
   "GP13": {
    "best_case": {
     "top-1": 0,
     "top-5": 0,