{
 "keras_33": {
  "line": {
   "Tarantula": {
    "best_case": {
     "top-5": 0.0107,
     "top-10": 0.0242,
     "top-200": 0.4215,
     "exam": 0.018020359540827376,
     "wasted-effort": 832
    },
    "avg_case": {
     "top-5": 0.0059,
     "top-10": 0.0126,
     "top-200": 0.23815,
     "exam": 0.018020359540827376,
     "wasted-effort": 832
    },
    "worst_case": {
     "top-5": 0.003075,
     "top-10": 0.006175,
     "top-200": 0.1199,
     "exam": 0.5201862681394845,
     "wasted-effort": 23085
    }
   },
   "Ochiai": {
    "best_case": {
     "top-5": 0.0118,
     "top-10": 0.0222,
     "top-200": 0.4316,
     "exam": 0.018020359540827376,
     "wasted-effort": 832
    },
    "avg_case": {
     "top-5": 0.0068,
     "top-10": 0.01145,
     "top-200": 0.2389,
     "exam": 0.018020359540827376,
     "wasted-effort": 832
    },
    "worst_case": {
     "top-5": 0.003075,
     "top-10": 0.0061,
     "top-200": 0.11945,
     "exam": 0.5201862681394845,
     "wasted-effort": 23085
    }
   },
   "DStar": {
    "best_case": {
     "top-5": 0.0116,
     "top-10": 0.026,
     "top-200": 0.4215,
     "exam": 0.018020359540827376,
     "wasted-effort": 832
    },
    "avg_case": {
     "top-5": 0.0064,
     "top-10": 0.01315,
     "top-200": 0.2416,
     "exam": 0.018020359540827376,
     "wasted-effort": 832
    },
    "worst_case": {
     "top-5": 0.003075,
     "top-10": 0.006025,
     "top-200": 0.120925,
     "exam": 0.5201862681394845,
     "wasted-effort": 23085
    }
   }
  },
  "line_line": {
   "Tarantula": {
    "best_case": {
     "top-5": 0.0131,
     "top-10": 0.0251,
     "top-200": 0.4154,
     "exam": 8.663634394628546e-05,
     "wasted-effort": 4
    },
    "avg_case": {
     "top-5": 0.0058,
     "top-10": 0.0122,
     "top-200": 0.23985,
     "exam": 8.663634394628546e-05,
     "wasted-effort": 4
    },
    "worst_case": {
     "top-5": 0.003625,
     "top-10": 0.00585,
     "top-200": 0.1225,
     "exam": 0.5201862681394845,
     "wasted-effort": 23085
    }
   },
   "Ochiai": {
    "best_case": {
     "top-5": 0.0112,
     "top-10": 0.0226,
     "top-200": 0.4148,
     "exam": 8.663634394628546e-05,
     "wasted-effort": 4
    },
    "avg_case": {
     "top-5": 0.00595,
     "top-10": 0.0116,
     "top-200": 0.2433,
     "exam": 8.663634394628546e-05,
     "wasted-effort": 4
    },
    "worst_case": {
     "top-5": 0.0025,
     "top-10": 0.005975,
     "top-200": 0.1195,
     "exam": 0.5201862681394845,
     "wasted-effort": 23085
    }
   },
   "DStar": {
    "best_case": {
     "top-5": 0.0127,
     "top-10": 0.0237,
     "top-200": 0.4168,
     "exam": 8.663634394628546e-05,
     "wasted-effort": 4
    },
    "avg_case": {
     "top-5": 0.00655,
     "top-10": 0.01135,
     "top-200": 0.24175,
     "exam": 8.663634394628546e-05,
     "wasted-effort": 4
    },
    "worst_case": {
     "top-5": 0.00275,
     "top-10": 0.006075,
     "top-200": 0.120075,
     "exam": 0.5201862681394845,
     "wasted-effort": 23085
    }
   }
  },
  "line_defuse": {
   "Tarantula": {
    "best_case": {
     "top-5": 0.013,
     "top-10": 0.0221,
     "top-200": 0.4168,
     "exam": 8.663634394628546e-05,
     "wasted-effort": 4
    },
    "avg_case": {
     "top-5": 0.00585,
     "top-10": 0.0121,
     "top-200": 0.24335,
     "exam": 8.663634394628546e-05,
     "wasted-effort": 4
    },
    "worst_case": {
     "top-5": 0.00265,
     "top-10": 0.00535,
     "top-200": 0.1208,
     "exam": 0.5201862681394845,
     "wasted-effort": 23085
    }
   },
   "Ochiai": {
    "best_case": {
     "top-5": 0.0121,
     "top-10": 0.0234,
     "top-200": 0.424,
     "exam": 8.663634394628546e-05,
     "wasted-effort": 4
    },
    "avg_case": {
     "top-5": 0.00565,
     "top-10": 0.0111,
     "top-200": 0.24135,
     "exam": 8.663634394628546e-05,
     "wasted-effort": 4
    },
    "worst_case": {
     "top-5": 0.003025,
     "top-10": 0.006475,
     "top-200": 0.12025,
     "exam": 0.5201862681394845,
     "wasted-effort": 23085
    }
   },
   "DStar": {
    "best_case": {
     "top-5": 0.0111,
     "top-10": 0.0229,
     "top-200": 0.4247,
     "exam": 8.663634394628546e-05,
     "wasted-effort": 4
    },
    "avg_case": {
     "top-5": 0.0061,
     "top-10": 0.011,
     "top-200": 0.24055,
     "exam": 8.663634394628546e-05,
     "wasted-effort": 4
    },
    "worst_case": {
     "top-5": 0.0032,
     "top-10": 0.00505,
     "top-200": 0.1205,
     "exam": 0.5201862681394845,
     "wasted-effort": 23085
    }
   }
  },
  "line_defuses": {
   "Tarantula": {
    "best_case": {
     "top-5": 0.0121,
     "top-10": 0.0216,
     "top-200": 0.4238,
     "exam": 8.663634394628546e-05,
     "wasted-effort": 4
    },
    "avg_case": {
     "top-5": 0.00695,
     "top-10": 0.00985,
     "top-200": 0.24235,
     "exam": 8.663634394628546e-05,
     "wasted-effort": 4
    },
    "worst_case": {
     "top-5": 0.0033,
     "top-10": 0.006,
     "top-200": 0.118175,
     "exam": 0.5201862681394845,
     "wasted-effort": 23085
    }
   },
   "Ochiai": {
    "best_case": {
     "top-5": 0.0137,
     "top-10": 0.022,
     "top-200": 0.4154,
     "exam": 8.663634394628546e-05,
     "wasted-effort": 4
    },
    "avg_case": {
     "top-5": 0.00615,
     "top-10": 0.01115,
     "top-200": 0.23935,
     "exam": 8.663634394628546e-05,
     "wasted-effort": 4
    },
    "worst_case": {
     "top-5": 0.003125,
     "top-10": 0.00615,
     "top-200": 0.1184,
     "exam": 0.5201862681394845,
     "wasted-effort": 23085
    }
   },
   "DStar": {
    "best_case": {
     "top-5": 0.0125,
     "top-10": 0.0218,
     "top-200": 0.4269,
     "exam": 8.663634394628546e-05,
     "wasted-effort": 4
    },
    "avg_case": {
     "top-5": 0.0058,
     "top-10": 0.0125,
     "top-200": 0.23915,
     "exam": 8.663634394628546e-05,
     "wasted-effort": 4
    },
    "worst_case": {
     "top-5": 0.00315,
     "top-10": 0.006475,
     "top-200": 0.119,
     "exam": 0.5201862681394845,
     "wasted-effort": 23085
    }
   }
  },
  "line_assert_use": {
   "Tarantula": {
    "best_case": {
     "top-5": 0.0125,
     "top-10": 0.0241,
     "top-200": 0.4193,
     "exam": 8.663634394628546e-05,
     "wasted-effort": 4
    },
    "avg_case": {
     "top-5": 0.00565,
     "top-10": 0.0111,
     "top-200": 0.23675,
     "exam": 8.663634394628546e-05,
     "wasted-effort": 4
    },
    "worst_case": {
     "top-5": 0.003225,
     "top-10": 0.005625,
     "top-200": 0.1225,
     "exam": 0.5201862681394845,
     "wasted-effort": 23085
    }
   },
   "Ochiai": {
    "best_case": {
     "top-5": 0.0142,
     "top-10": 0.0207,
     "top-200": 0.4282,
     "exam": 8.663634394628546e-05,
     "wasted-effort": 4
    },
    "avg_case": {
     "top-5": 0.00525,
     "top-10": 0.0118,
     "top-200": 0.2397,
     "exam": 8.663634394628546e-05,
     "wasted-effort": 4
    },
    "worst_case": {
     "top-5": 0.002775,
     "top-10": 0.00635,
     "top-200": 0.120075,
     "exam": 0.5201862681394845,
     "wasted-effort": 23085
    }
   },
   "DStar": {
    "best_case": {
     "top-5": 0.0116,
     "top-10": 0.0237,
     "top-200": 0.4195,
     "exam": 8.663634394628546e-05,
     "wasted-effort": 4
    },
    "avg_case": {
     "top-5": 0.00625,
     "top-10": 0.01255,
     "top-200": 0.2383,
     "exam": 8.663634394628546e-05,
     "wasted-effort": 4
    },
    "worst_case": {
     "top-5": 0.0035,
     "top-10": 0.006375,
     "top-200": 0.121,
     "exam": 0.5201862681394845,
     "wasted-effort": 23085
    }
   }
  },
  "line_assert_uses": {
   "Tarantula": {
    "best_case": {
     "top-5": 0.0119,
     "top-10": 0.0238,
     "top-200": 0.4224,
     "exam": 8.663634394628546e-05,
     "wasted-effort": 4
    },
    "avg_case": {
     "top-5": 0.0067,
     "top-10": 0.01335,
     "top-200": 0.24595,
     "exam": 8.663634394628546e-05,
     "wasted-effort": 4
    },
    "worst_case": {
     "top-5": 0.002975,
     "top-10": 0.005725,
     "top-200": 0.12125,
     "exam": 0.5201862681394845,