{
 "keras_40": {
  "line": {
   "Tarantula": {
    "best_case": {
     "top-5": 0.0,
     "top-10": 0.0,
     "top-200": 0.3743,
     "exam": 0.0005586072060329579,
     "wasted-effort": 13
    },
    "avg_case": {
     "top-5": 0.0,
     "top-10": 0.0,
     "top-200": 0.257033333333331,
     "exam": 0.0005586072060329579,
     "wasted-effort": 13
    },
    "worst_case": {
     "top-5": 0.0,
     "top-10": 0.0,
     "top-200": 0.13863333333333086,
     "exam": 0.10085187598920026,
     "wasted-effort": 3368
    }
   },
   "Ochiai": {
    "best_case": {
     "top-5": 0.0,
     "top-10": 0.0,
     "top-200": 0.3775,
     "exam": 0.0005586072060329579,
     "wasted-effort": 13
    },
    "avg_case": {
     "top-5": 0.0,
     "top-10": 0.0,
     "top-200": 0.26133333333333014,
     "exam": 0.0005586072060329579,
     "wasted-effort": 13
    },
    "worst_case": {
     "top-5": 0.0,
     "top-10": 0.0,
     "top-200": 0.13763333333333105,
     "exam": 0.10085187598920026,
     "wasted-effort": 3368
    }
   },
   "DStar": {
    "best_case": {
     "top-5": 0.0,
     "top-10": 0.0,
     "top-200": 0.3703,
     "exam": 0.0005586072060329579,
     "wasted-effort": 13
    },
    "avg_case": {
     "top-5": 0.0,
     "top-10": 0.0,
     "top-200": 0.2582333333333311,
     "exam": 0.0005586072060329579,
     "wasted-effort": 13
    },
    "worst_case": {
     "top-5": 0.0,
     "top-10": 0.0,
     "top-200": 0.13929999999999776,
     "exam": 0.10085187598920026,
     "wasted-effort": 3368
    }
   }
  },
  "line_line": {
   "Tarantula": {
    "best_case": {
     "top-5": 0,
     "top-10": 0.7659,
     "top-200": 0.376,
     "exam": 0.00027930360301647893,
     "wasted-effort": 7
    },
    "avg_case": {
     "top-5": 0.0,
     "top-10": 0.5078000000000074,
     "top-200": 0.25903333333333045,
     "exam": 0.00027930360301647893,
     "wasted-effort": 7
    },
    "worst_case": {
     "top-5": 0.0,
     "top-10": 0.26000000000000645,
     "top-200": 0.13823333333333082,
     "exam": 0.10085187598920026,
     "wasted-effort": 3368
    }
   },
   "Ochiai": {
    "best_case": {
     "top-5": 0,
     "top-10": 0.0,
     "top-200": 0.3641,
     "exam": 0.0005586072060329579,
     "wasted-effort": 13
    },
    "avg_case": {
     "top-5": 0.0,
     "top-10": 0.0,
     "top-200": 0.26766666666666245,
     "exam": 0.0005586072060329579,
     "wasted-effort": 13
    },
    "worst_case": {
     "top-5": 0.0,
     "top-10": 0.0,
     "top-200": 0.1357666666666647,
     "exam": 0.10085187598920026,
     "wasted-effort": 3368
    }
   },
   "DStar": {
    "best_case": {
     "top-5": 0,
     "top-10": 0.0,
     "top-200": 0.3768,
     "exam": 0.0005586072060329579,
     "wasted-effort": 13
    },
    "avg_case": {
     "top-5": 0.0,
     "top-10": 0.0,
     "top-200": 0.26566666666666244,
     "exam": 0.0005586072060329579,
     "wasted-effort": 13
    },
    "worst_case": {
     "top-5": 0.0,
     "top-10": 0.0,
     "top-200": 0.13589999999999797,
     "exam": 0.10085187598920026,
     "wasted-effort": 3368
    }
   }
  },
  "line_defuse": {
   "Tarantula": {
    "best_case": {
     "top-5": 0,
     "top-10": 0.0,
     "top-200": 0.3693,
     "exam": 0.0005586072060329579,
     "wasted-effort": 13
    },
    "avg_case": {
     "top-5": 0.0,
     "top-10": 0.0,
     "top-200": 0.2585666666666637,
     "exam": 0.0005586072060329579,
     "wasted-effort": 13
    },
    "worst_case": {
     "top-5": 0.0,
     "top-10": 0.0,
     "top-200": 0.14173333333333007,
     "exam": 0.10085187598920026,
     "wasted-effort": 3368
    }
   },
   "Ochiai": {
    "best_case": {
     "top-5": 0,
     "top-10": 0.0,
     "top-200": 0.369,
     "exam": 0.0005586072060329579,
     "wasted-effort": 13
    },
    "avg_case": {
     "top-5": 0.0,
     "top-10": 0.0,
     "top-200": 0.2616666666666632,
     "exam": 0.0005586072060329579,
     "wasted-effort": 13
    },
    "worst_case": {
     "top-5": 0.0,
     "top-10": 0.0,
     "top-200": 0.13763333333333114,
     "exam": 0.10085187598920026,
     "wasted-effort": 3368
    }
   },
   "DStar": {
    "best_case": {
     "top-5": 0,
     "top-10": 0.0,
     "top-200": 0.3703,
     "exam": 0.0005586072060329579,
     "wasted-effort": 13
    },
    "avg_case": {
     "top-5": 0.0,
     "top-10": 0.0,
     "top-200": 0.26053333333333034,
     "exam": 0.0005586072060329579,
     "wasted-effort": 13
    },
    "worst_case": {
     "top-5": 0.0,
     "top-10": 0.0,
     "top-200": 0.13903333333333043,
     "exam": 0.10085187598920026,
     "wasted-effort": 3368
    }
   }
  },
  "line_defuses": {
   "Tarantula": {
    "best_case": {
     "top-5": 0,
     "top-10": 0.0,
     "top-200": 0.3701,
     "exam": 0.0005586072060329579,
     "wasted-effort": 13
    },
    "avg_case": {
     "top-5": 0.0,
     "top-10": 0.0,
     "top-200": 0.2602999999999973,
     "exam": 0.0005586072060329579,
     "wasted-effort": 13
    },
    "worst_case": {
     "top-5": 0.0,
     "top-10": 0.0,
     "top-200": 0.14073333333333102,
     "exam": 0.10085187598920026,
     "wasted-effort": 3368
    }
   },
   "Ochiai": {
    "best_case": {
     "top-5": 0,
     "top-10": 0.0,
     "top-200": 0.37,
     "exam": 0.0005586072060329579,
     "wasted-effort": 13
    },
    "avg_case": {
     "top-5": 0.0,
     "top-10": 0.0,
     "top-200": 0.2656999999999962,
     "exam": 0.0005586072060329579,
     "wasted-effort": 13
    },
    "worst_case": {
     "top-5": 0.0,
     "top-10": 0.0,
     "top-200": 0.13993333333333083,
     "exam": 0.10085187598920026,
     "wasted-effort": 3368
    }
   },
   "DStar": {
    "best_case": {
     "top-5": 0,
     "top-10": 0.0,
     "top-200": 0.3778,
     "exam": 0.0005586072060329579,
     "wasted-effort": 13
    },
    "avg_case": {
     "top-5": 0.0,
     "top-10": 0.0,
     "top-200": 0.26476666666666326,
     "exam": 0.0005586072060329579,
     "wasted-effort": 13
    },
    "worst_case": {
     "top-5": 0.0,
     "top-10": 0.0,
     "top-200": 0.13849999999999735,
     "exam": 0.10085187598920026,
     "wasted-effort": 3368
    }
   }
  },
  "line_assert_use": {
   "Tarantula": {
    "best_case": {
     "top-5": 0,
     "top-10": 0.0,
     "top-200": 0.3786,
     "exam": 0.0005586072060329579,
     "wasted-effort": 13
    },
    "avg_case": {
     "top-5": 0.0,
     "top-10": 0.0,
     "top-200": 0.2615666666666636,
     "exam": 0.0005586072060329579,
     "wasted-effort": 13
    },
    "worst_case": {
     "top-5": 0.0,
     "top-10": 0.0,
     "top-200": 0.13633333333333142,
     "exam": 0.10085187598920026,
     "wasted-effort": 3368
    }
   },
   "Ochiai": {
    "best_case": {
     "top-5": 0,
     "top-10": 0.0,
     "top-200": 0.3742,
     "exam": 0.0005586072060329579,
     "wasted-effort": 13
    },
    "avg_case": {
     "top-5": 0.0,
     "top-10": 0.0,
     "top-200": 0.2596666666666639,
     "exam": 0.0005586072060329579,
     "wasted-effort": 13
    },
    "worst_case": {
     "top-5": 0.0,
     "top-10": 0.0,
     "top-200": 0.13559999999999786,
     "exam": 0.10085187598920026,
     "wasted-effort": 3368
    }
   },
   "DStar": {
    "best_case": {
     "top-5": 0,
     "top-10": 0.0,
     "top-200": 0.3664,
     "exam": 0.0005586072060329579,
     "wasted-effort": 13
    },
    "avg_case": {
     "top-5": 0.0,
     "top-10": 0.0,
     "top-200": 0.2585666666666639,
     "exam": 0.0005586072060329579,
     "wasted-effort": 13
    },
    "worst_case": {
     "top-5": 0.0,
     "top-10": 0.0,
     "top-200": 0.13553333333333156,
     "exam": 0.10085187598920026,
     "wasted-effort": 3368
    }
   }
  },
  "line_assert_uses": {
   "Tarantula": {
    "best_case": {
     "top-5": 0,
     "top-10": 0.0,
     "top-200": 0.367,
     "exam": 0.0005586072060329579,
     "wasted-effort": 13
    },
    "avg_case": {
     "top-5": 0.0,
     "top-10": 0.0,
     "top-200": 0.26389999999999697,
     "exam": 0.0005586072060329579,
     "wasted-effort": 13
    },
    "worst_case": {
     "top-5": 0.0,
     "top-10": 0.0,