{
 "keras_10": {
  "line": {
   "Tarantula": {
    "best_case": {
     "top-5": 1,
     "top-10": 1,
     "top-200": 0.691,
     "exam": 4.528370239550786e-05,
     "wasted-effort": 2
    },
    "avg_case": {
     "top-5": 0.2222222222222222,
     "top-10": 0.4444444444444444,
     "top-200": 0.107777777777779,
     "exam": 0.577842684417878,
     "wasted-effort": 22083
    },
    "worst_case": {
     "top-5": 0.1111111111111111,
     "top-10": 0.2222222222222222,
     "top-200": 0.054888888888889494,
     "exam": 0.577842684417878,
     "wasted-effort": 22083
    }
   },
   "Ochiai": {
    "best_case": {
     "top-5": 1,
     "top-10": 1,
     "top-200": 0.683,
     "exam": 4.528370239550786e-05,
     "wasted-effort": 2
    },
    "avg_case": {
     "top-5": 0.2222222222222222,
     "top-10": 0.4444444444444444,
     "top-200": 0.1064444444444457,
     "exam": 0.577842684417878,
     "wasted-effort": 22083
    },
    "worst_case": {
     "top-5": 0.1111111111111111,
     "top-10": 0.2222222222222222,
     "top-200": 0.05233333333333398,
     "exam": 0.577842684417878,
     "wasted-effort": 22083
    }
   },
   "DStar": {
    "best_case": {
     "top-5": 0.982,
     "top-10": 0.041,
     "top-200": 0.594,
     "exam": 6.792555359326178e-05,
     "wasted-effort": 3
    },
    "avg_case": {
     "top-5": 0.20888888888889226,
     "top-10": 0.003666666666666668,
     "top-200": 0.08422222222222313,
     "exam": 0.577842684417878,
     "wasted-effort": 22083
    },
    "worst_case": {
     "top-5": 0.10511111111111276,
     "top-10": 0.002555555555555554,
     "top-200": 0.0396666666666671,
     "exam": 0.577842684417878,
     "wasted-effort": 22083
    }
   }
  },
  "line_line": {
   "Tarantula": {
    "best_case": {
     "top-5": 1,
     "top-10": 1,
     "top-200": 0.679,
     "exam": 4.528370239550786e-05,
     "wasted-effort": 2
    },
    "avg_case": {
     "top-5": 0.2222222222222222,
     "top-10": 0.4444444444444444,
     "top-200": 0.11755555555555701,
     "exam": 0.577842684417878,
     "wasted-effort": 22083
    },
    "worst_case": {
     "top-5": 0.1111111111111111,
     "top-10": 0.2222222222222222,
     "top-200": 0.05455555555555618,
     "exam": 0.577842684417878,
     "wasted-effort": 22083
    }
   },
   "Ochiai": {
    "best_case": {
     "top-5": 1,
     "top-10": 1,
     "top-200": 0.672,
     "exam": 4.528370239550786e-05,
     "wasted-effort": 2
    },
    "avg_case": {
     "top-5": 0.2222222222222222,
     "top-10": 0.4444444444444444,
     "top-200": 0.11133333333333457,
     "exam": 0.577842684417878,
     "wasted-effort": 22083
    },
    "worst_case": {
     "top-5": 0.1111111111111111,
     "top-10": 0.2222222222222222,
     "top-200": 0.053666666666667265,
     "exam": 0.577842684417878,
     "wasted-effort": 22083
    }
   },
   "DStar": {
    "best_case": {
     "top-5": 0.985,
     "top-10": 0.913,
     "top-200": 0.569,
     "exam": 6.792555359326178e-05,
     "wasted-effort": 3
    },
    "avg_case": {
     "top-5": 0.2068888888888923,
     "top-10": 0.17255555555555813,
     "top-200": 0.08355555555555644,
     "exam": 0.577842684417878,
     "wasted-effort": 22083
    },
    "worst_case": {
     "top-5": 0.10400000000000166,
     "top-10": 0.08666666666666799,
     "top-200": 0.041555555555555984,
     "exam": 0.577842684417878,
     "wasted-effort": 22083
    }
   }
  },
  "line_defuse": {
   "Tarantula": {
    "best_case": {
     "top-5": 1,
     "top-10": 1,
     "top-200": 0.677,
     "exam": 4.528370239550786e-05,
     "wasted-effort": 2
    },
    "avg_case": {
     "top-5": 0.2222222222222222,
     "top-10": 0.4444444444444444,
     "top-200": 0.10477777777777907,
     "exam": 0.577842684417878,
     "wasted-effort": 22083
    },
    "worst_case": {
     "top-5": 0.1111111111111111,
     "top-10": 0.2222222222222222,
     "top-200": 0.056000000000000674,
     "exam": 0.577842684417878,
     "wasted-effort": 22083
    }
   },
   "Ochiai": {
    "best_case": {
     "top-5": 1,
     "top-10": 1,
     "top-200": 0.676,
     "exam": 4.528370239550786e-05,
     "wasted-effort": 2
    },
    "avg_case": {
     "top-5": 0.2222222222222222,
     "top-10": 0.4444444444444444,
     "top-200": 0.10711111111111245,
     "exam": 0.577842684417878,
     "wasted-effort": 22083
    },
    "worst_case": {
     "top-5": 0.1111111111111111,
     "top-10": 0.2222222222222222,
     "top-200": 0.05527777777777847,
     "exam": 0.577842684417878,
     "wasted-effort": 22083
    }
   },
   "DStar": {
    "best_case": {
     "top-5": 0.982,
     "top-10": 0.903,
     "top-200": 0.578,
     "exam": 6.792555359326178e-05,
     "wasted-effort": 3
    },
    "avg_case": {
     "top-5": 0.20744444444444793,
     "top-10": 0.17822222222222497,
     "top-200": 0.08600000000000098,
     "exam": 0.577842684417878,
     "wasted-effort": 22083
    },
    "worst_case": {
     "top-5": 0.10588888888889057,
     "top-10": 0.08988888888889025,
     "top-200": 0.041944444444444895,
     "exam": 0.577842684417878,
     "wasted-effort": 22083
    }
   }
  },
  "line_defuses": {
   "Tarantula": {
    "best_case": {
     "top-5": 1,
     "top-10": 1,
     "top-200": 0.695,
     "exam": 4.528370239550786e-05,
     "wasted-effort": 2
    },
    "avg_case": {
     "top-5": 0.2222222222222222,
     "top-10": 0.4444444444444444,
     "top-200": 0.11000000000000136,
     "exam": 0.577842684417878,
     "wasted-effort": 22083
    },
    "worst_case": {
     "top-5": 0.1111111111111111,
     "top-10": 0.2222222222222222,
     "top-200": 0.050611111111111655,
     "exam": 0.577842684417878,
     "wasted-effort": 22083
    }
   },
   "Ochiai": {
    "best_case": {
     "top-5": 1,
     "top-10": 1,
     "top-200": 0.697,
     "exam": 4.528370239550786e-05,
     "wasted-effort": 2
    },
    "avg_case": {
     "top-5": 0.2222222222222222,
     "top-10": 0.4444444444444444,
     "top-200": 0.10533333333333457,
     "exam": 0.577842684417878,
     "wasted-effort": 22083
    },
    "worst_case": {
     "top-5": 0.1111111111111111,
     "top-10": 0.2222222222222222,
     "top-200": 0.05583333333333402,
     "exam": 0.577842684417878,
     "wasted-effort": 22083
    }
   },
   "DStar": {
    "best_case": {
     "top-5": 0.978,
     "top-10": 0.913,
     "top-200": 0.595,
     "exam": 6.792555359326178e-05,
     "wasted-effort": 3
    },
    "avg_case": {
     "top-5": 0.2054444444444479,
     "top-10": 0.17555555555555824,
     "top-200": 0.08344444444444536,
     "exam": 0.577842684417878,
     "wasted-effort": 22083
    },
    "worst_case": {
     "top-5": 0.10372222222222391,
     "top-10": 0.08655555555555684,
     "top-200": 0.04033333333333372,
     "exam": 0.577842684417878,
     "wasted-effort": 22083
    }
   }
  },
  "line_assert_use": {
   "Tarantula": {
    "best_case": {
     "top-5": 1,
     "top-10": 1,
     "top-200": 0.664,
     "exam": 4.528370239550786e-05,
     "wasted-effort": 2
    },
    "avg_case": {
     "top-5": 0.2222222222222222,
     "top-10": 0.4444444444444444,
     "top-200": 0.113666666666668,
     "exam": 0.577842684417878,
     "wasted-effort": 22083
    },
    "worst_case": {
     "top-5": 0.1111111111111111,
     "top-10": 0.2222222222222222,
     "top-200": 0.0539444444444451,
     "exam": 0.577842684417878,
     "wasted-effort": 22083
    }
   },
   "Ochiai": {
    "best_case": {
     "top-5": 1,
     "top-10": 1,
     "top-200": 0.703,
     "exam": 4.528370239550786e-05,
     "wasted-effort": 2
    },
    "avg_case": {
     "top-5": 0.2222222222222222,
     "top-10": 0.4444444444444444,
     "top-200": 0.11366666666666798,
     "exam": 0.577842684417878,
     "wasted-effort": 22083
    },
    "worst_case": {
     "top-5": 0.1111111111111111,
     "top-10": 0.2222222222222222,
     "top-200": 0.055222222222222915,
     "exam": 0.577842684417878,
     "wasted-effort": 22083
    }
   },
   "DStar": {
    "best_case": {
     "top-5": 0.979,
     "top-10": 0.908,
     "top-200": 0.572,
     "exam": 6.792555359326178e-05,