{
 "keras_10": {
  "line": {
   "Tarantula": {
    "best_case": {
     "top-1": 0.4949,
     "top-5": 1,
     "top-10": 1,
     "top-200": 0.685,
     "exam": 4.528370239550786e-05,
     "wasted-effort": 2
    },
    "avg_case": {
     "top-1": 0.055377777777771635,
     "top-5": 0.2222222222222222,
     "top-10": 0.4444444444444444,
     "top-200": 0.11027777777776519,
     "exam": 0.5777747588642848,
     "wasted-effort": 22083
    },
    "worst_case": {
     "top-1": 0.027727777777774697,
     "top-5": 0.1111111111111111,
     "top-10": 0.2222222222222222,
     "top-200": 0.056638888888882466,
     "exam": 0.5777747588642848,
     "wasted-effort": 22083
    }
   },
   "Ochiai": {
    "best_case": {
     "top-1": 0.5095,
     "top-5": 1,
     "top-10": 1,
     "top-200": 0.6887,
     "exam": 4.528370239550786e-05,
     "wasted-effort": 2
    },
    "avg_case": {
     "top-1": 0.05547777777777161,
     "top-5": 0.2222222222222222,
     "top-10": 0.4444444444444444,
     "top-200": 0.10986666666665408,
     "exam": 0.5777747588642848,
     "wasted-effort": 22083
    },
    "worst_case": {
     "top-1": 0.02813333333333016,
     "top-5": 0.1111111111111111,
     "top-10": 0.2222222222222222,
     "top-200": 0.05657222222221559,
     "exam": 0.5777747588642848,
     "wasted-effort": 22083
    }
   },
   "DStar": {
    "best_case": {
     "top-1": 0.3401,
     "top-5": 0.9792,
     "top-10": 0.0362,
     "top-200": 0.5797,
     "exam": 6.792555359326178e-05,
     "wasted-effort": 3
    },
    "avg_case": {
     "top-1": 0.036344444444442625,
     "top-5": 0.2072222222221928,
     "top-10": 0.004388888888888911,
     "top-200": 0.08328888888887967,
     "exam": 0.5777747588642848,
     "wasted-effort": 22083
    },
    "worst_case": {
     "top-1": 0.01842777777777681,
     "top-5": 0.10348888888887407,
     "top-10": 0.001961111111111116,
     "top-200": 0.042005555555550946,
     "exam": 0.5777747588642848,
     "wasted-effort": 22083
    }
   },
   "Naish2": {
    "best_case": {
     "top-1": 0.5008,
     "top-5": 1,
     "top-10": 1,
     "top-200": 0.6876,
     "exam": 4.528370239550786e-05,
     "wasted-effort": 2
    },
    "avg_case": {
     "top-1": 0.055922222222215955,
     "top-5": 0.2222222222222222,
     "top-10": 0.4444444444444444,
     "top-200": 0.11151111111109846,
     "exam": 0.5777747588642848,
     "wasted-effort": 22083
    },
    "worst_case": {
     "top-1": 0.02753888888888585,
     "top-5": 0.1111111111111111,
     "top-10": 0.2222222222222222,
     "top-200": 0.05600555555554904,
     "exam": 0.5777747588642848,
     "wasted-effort": 22083
    }
   },
   "GP13": {
    "best_case": {
     "top-1": 0.4948,
     "top-5": 1,
     "top-10": 1,
     "top-200": 0.683,
     "exam": 4.528370239550786e-05,
     "wasted-effort": 2
    },
    "avg_case": {
     "top-1": 0.05552222222221605,
     "top-5": 0.2222222222222222,
     "top-10": 0.4444444444444444,
     "top-200": 0.11223333333332039,
     "exam": 0.5777747588642848,
     "wasted-effort": 22083
    },
    "worst_case": {
     "top-1": 0.02719999999999704,
     "top-5": 0.1111111111111111,
     "top-10": 0.2222222222222222,
     "top-200": 0.055533333333326926,
     "exam": 0.5777747588642848,
     "wasted-effort": 22083
    }
   }
  },
  "line_line": {
   "Tarantula": {
    "best_case": {
     "top-1": 0.4971,
     "top-5": 1,
     "top-10": 1,
     "top-200": 0.6822,
     "exam": 4.528370239550786e-05,
     "wasted-effort": 2
    },
    "avg_case": {
     "top-1": 0.05605555555554926,
     "top-5": 0.2222222222222222,
     "top-10": 0.4444444444444444,
     "top-200": 0.11325555555554245,
     "exam": 0.5777747588642848,
     "wasted-effort": 22083
    },
    "worst_case": {
     "top-1": 0.027816666666663565,
     "top-5": 0.1111111111111111,
     "top-10": 0.2222222222222222,
     "top-200": 0.05608888888888247,
     "exam": 0.5777747588642848,
     "wasted-effort": 22083
    }
   },
   "Ochiai": {
    "best_case": {
     "top-1": 0.4941,
     "top-5": 1,
     "top-10": 1,
     "top-200": 0.6868,
     "exam": 4.528370239550786e-05,
     "wasted-effort": 2
    },
    "avg_case": {
     "top-1": 0.055577777777771585,
     "top-5": 0.2222222222222222,
     "top-10": 0.4444444444444444,
     "top-200": 0.11201111111109799,
     "exam": 0.5777747588642848,
     "wasted-effort": 22083
    },
    "worst_case": {
     "top-1": 0.027766666666663577,
     "top-5": 0.1111111111111111,
     "top-10": 0.2222222222222222,
     "top-200": 0.05555555555554916,
     "exam": 0.5777747588642848,
     "wasted-effort": 22083
    }
   },
   "DStar": {
    "best_case": {
     "top-1": 0.3333,
     "top-5": 0.9799,
     "top-10": 0.915,
     "top-200": 0.5907,
     "exam": 6.792555359326178e-05,
     "wasted-effort": 3
    },
    "avg_case": {
     "top-1": 0.03778888888888674,
     "top-5": 0.20905555555552624,
     "top-10": 0.17623333333330823,
     "top-200": 0.0825333333333244,
     "exam": 0.5777747588642848,
     "wasted-effort": 22083
    },
    "worst_case": {
     "top-1": 0.018577777777776777,
     "top-5": 0.10397777777776324,
     "top-10": 0.08812222222220974,
     "top-200": 0.04212777777777309,
     "exam": 0.5777747588642848,
     "wasted-effort": 22083
    }
   },
   "Naish2": {
    "best_case": {
     "top-1": 0.5005,
     "top-5": 1,
     "top-10": 1,
     "top-200": 0.685,
     "exam": 4.528370239550786e-05,
     "wasted-effort": 2
    },
    "avg_case": {
     "top-1": 0.055299999999993875,
     "top-5": 0.2222222222222222,
     "top-10": 0.4444444444444444,
     "top-200": 0.11185555555554254,
     "exam": 0.5777747588642848,
     "wasted-effort": 22083
    },
    "worst_case": {
     "top-1": 0.027794444444441346,
     "top-5": 0.1111111111111111,
     "top-10": 0.2222222222222222,
     "top-200": 0.05537777777777153,
     "exam": 0.5777747588642848,
     "wasted-effort": 22083
    }
   },
   "GP13": {
    "best_case": {
     "top-1": 0.4972,
     "top-5": 1,
     "top-10": 1,
     "top-200": 0.6797,
     "exam": 4.528370239550786e-05,
     "wasted-effort": 2
    },
    "avg_case": {
     "top-1": 0.05577777777777154,
     "top-5": 0.2222222222222222,
     "top-10": 0.4444444444444444,
     "top-200": 0.11118888888887618,
     "exam": 0.5777747588642848,
     "wasted-effort": 22083
    },
    "worst_case": {
     "top-1": 0.02754999999999696,
     "top-5": 0.1111111111111111,
     "top-10": 0.2222222222222222,
     "top-200": 0.05578333333332689,
     "exam": 0.5777747588642848,
     "wasted-effort": 22083
    }
   }
  },
  "line_defuse": {
   "Tarantula": {
    "best_case": {
     "top-1": 0.5018,
     "top-5": 1,
     "top-10": 1,
     "top-200": 0.6927,
     "exam": 4.528370239550786e-05,
     "wasted-effort": 2
    },
    "avg_case": {
     "top-1": 0.05515555555554946,
     "top-5": 0.2222222222222222,
     "top-10": 0.4444444444444444,
     "top-200": 0.11016666666665408,
     "exam": 0.5777747588642848,
     "wasted-effort": 22083
    },
    "worst_case": {
     "top-1": 0.02784999999999689,
     "top-5": 0.1111111111111111,
     "top-10": 0.2222222222222222,
     "top-200": 0.05591666666666004,
     "exam": 0.5777747588642848,
     "wasted-effort": 22083
    }
   },
   "Ochiai": {
    "best_case": {
     "top-1": 0.494,
     "top-5": 1,
     "top-10": 1,
     "top-200": 0.6901,
     "exam": 4.528370239550786e-05,
     "wasted-effort": 2
    },
    "avg_case": {
     "top-1": 0.05513333333332724,
     "top-5": 0.2222222222222222,
     "top-10": 0.4444444444444444,
     "top-200": 0.1128222222222091,
     "exam": 0.5777747588642848,
     "wasted-effort": 22083
    },
    "worst_case": {
     "top-1": 0.027827777777774673,
     "top-5": 0.1111111111111111,
     "top-10": 0.2222222222222222,
     "top-200": 0.05644999999999354,
     "exam": 0.5777747588642848,
     "wasted-effort": 22083
    }
   },
   "DStar": {
    "best_case": {
     "top-1": 0.3295,
     "top-5": 0.9827,
     "top-10": 0.9137,
     "top-200": 0.5844,
     "exam": 6.792555359326178e-05,