{
 "keras_1": {
  "line": {
   "Tarantula": {
    "best_case": {
     "top-5": 0.628,
     "top-10": 0.91,
     "top-200": 0.6898,
     "exam": 0.0004417351356126866,
     "wasted-effort": 19
    },
    "avg_case": {
     "top-5": 0.07737000000000775,
     "top-10": 0.15715999999999966,
     "top-200": 0.1060300000000077,
     "exam": 0.526393674352858,
     "wasted-effort": 22638
    },
    "worst_case": {
     "top-5": 0.039135000000003944,
     "top-10": 0.079385,
     "top-200": 0.05230000000000427,
     "exam": 0.526393674352858,
     "wasted-effort": 22638
    }
   },
   "Ochiai": {
    "best_case": {
     "top-5": 0.0,
     "top-10": 0.0,
     "top-200": 0.1904,
     "exam": 0.02442795299938157,
     "wasted-effort": 1092
    },
    "avg_case": {
     "top-5": 0.0,
     "top-10": 0.0,
     "top-200": 0.019109999999999343,
     "exam": 0.526393674352858,
     "wasted-effort": 22638
    },
    "worst_case": {
     "top-5": 0.0,
     "top-10": 0.0,
     "top-200": 0.009144999999999695,
     "exam": 0.526393674352858,
     "wasted-effort": 22638
    }
   },
   "DStar": {
    "best_case": {
     "top-5": 0.0,
     "top-10": 0.0,
     "top-200": 0.1808,
     "exam": 0.02442795299938157,
     "wasted-effort": 1092
    },
    "avg_case": {
     "top-5": 0.0,
     "top-10": 0.0,
     "top-200": 0.018199999999999394,
     "exam": 0.526393674352858,
     "wasted-effort": 22638
    },
    "worst_case": {
     "top-5": 0.0,
     "top-10": 0.0,
     "top-200": 0.0090449999999997,
     "exam": 0.526393674352858,
     "wasted-effort": 22638
    }
   }
  },
  "line_line": {
   "Tarantula": {
    "best_case": {
     "top-5": 0.9217,
     "top-10": 1,
     "top-200": 0.6752,
     "exam": 0.00024295432458697764,
     "wasted-effort": 10
    },
    "avg_case": {
     "top-5": 0.14995000000000136,
     "top-10": 0.3,
     "top-200": 0.10375000000000867,
     "exam": 0.526393674352858,
     "wasted-effort": 22638
    },
    "worst_case": {
     "top-5": 0.0751050000000009,
     "top-10": 0.15,
     "top-200": 0.052315000000004185,
     "exam": 0.526393674352858,
     "wasted-effort": 22638
    }
   },
   "Ochiai": {
    "best_case": {
     "top-5": 0.0,
     "top-10": 0.0,
     "top-200": 0.6882,
     "exam": 0.0014356391907412315,
     "wasted-effort": 37
    },
    "avg_case": {
     "top-5": 0.0,
     "top-10": 0.0,
     "top-200": 0.10283000000000896,
     "exam": 0.526393674352858,
     "wasted-effort": 22638
    },
    "worst_case": {
     "top-5": 0.0,
     "top-10": 0.0,
     "top-200": 0.05198500000000419,
     "exam": 0.526393674352858,
     "wasted-effort": 22638
    }
   },
   "DStar": {
    "best_case": {
     "top-5": 0.0,
     "top-10": 0.0,
     "top-200": 0.6848,
     "exam": 0.0016123332449863063,
     "wasted-effort": 41
    },
    "avg_case": {
     "top-5": 0.0,
     "top-10": 0.0,
     "top-200": 0.10365000000000875,
     "exam": 0.526393674352858,
     "wasted-effort": 22638
    },
    "worst_case": {
     "top-5": 0.0,
     "top-10": 0.0,
     "top-200": 0.052225000000004226,
     "exam": 0.526393674352858,
     "wasted-effort": 22638
    }
   }
  },
  "line_defuse": {
   "Tarantula": {
    "best_case": {
     "top-5": 0.9136,
     "top-10": 1,
     "top-200": 0.6777,
     "exam": 0.00024295432458697764,
     "wasted-effort": 10
    },
    "avg_case": {
     "top-5": 0.1498500000000019,
     "top-10": 0.3,
     "top-200": 0.10291000000000888,
     "exam": 0.526393674352858,
     "wasted-effort": 22638
    },
    "worst_case": {
     "top-5": 0.07530000000000076,
     "top-10": 0.15,
     "top-200": 0.05175000000000439,
     "exam": 0.526393674352858,
     "wasted-effort": 22638
    }
   },
   "Ochiai": {
    "best_case": {
     "top-5": 0.0,
     "top-10": 0.0,
     "top-200": 0.6769,
     "exam": 0.0014356391907412315,
     "wasted-effort": 37
    },
    "avg_case": {
     "top-5": 0.0,
     "top-10": 0.0,
     "top-200": 0.10412000000000866,
     "exam": 0.526393674352858,
     "wasted-effort": 22638
    },
    "worst_case": {
     "top-5": 0.0,
     "top-10": 0.0,
     "top-200": 0.05181000000000431,
     "exam": 0.526393674352858,
     "wasted-effort": 22638
    }
   },
   "DStar": {
    "best_case": {
     "top-5": 0.0,
     "top-10": 0.0,
     "top-200": 0.6792,
     "exam": 0.0016123332449863063,
     "wasted-effort": 41
    },
    "avg_case": {
     "top-5": 0.0,
     "top-10": 0.0,
     "top-200": 0.10559000000000779,
     "exam": 0.526393674352858,
     "wasted-effort": 22638
    },
    "worst_case": {
     "top-5": 0.0,
     "top-10": 0.0,
     "top-200": 0.05263500000000411,
     "exam": 0.526393674352858,
     "wasted-effort": 22638
    }
   }
  },
  "line_defuses": {
   "Tarantula": {
    "best_case": {
     "top-5": 0.9165,
     "top-10": 1,
     "top-200": 0.6803,
     "exam": 0.00024295432458697764,
     "wasted-effort": 10
    },
    "avg_case": {
     "top-5": 0.14951000000000197,
     "top-10": 0.3,
     "top-200": 0.10496000000000841,
     "exam": 0.526393674352858,
     "wasted-effort": 22638
    },
    "worst_case": {
     "top-5": 0.07491500000000062,
     "top-10": 0.15,
     "top-200": 0.05178000000000455,
     "exam": 0.526393674352858,
     "wasted-effort": 22638
    }
   },
   "Ochiai": {
    "best_case": {
     "top-5": 0.0,
     "top-10": 0.0,
     "top-200": 0.6772,
     "exam": 0.0014356391907412315,
     "wasted-effort": 37
    },
    "avg_case": {
     "top-5": 0.0,
     "top-10": 0.0,
     "top-200": 0.10261000000000911,
     "exam": 0.526393674352858,
     "wasted-effort": 22638
    },
    "worst_case": {
     "top-5": 0.0,
     "top-10": 0.0,
     "top-200": 0.05166500000000435,
     "exam": 0.526393674352858,
     "wasted-effort": 22638
    }
   },
   "DStar": {
    "best_case": {
     "top-5": 0.0,
     "top-10": 0.0,
     "top-200": 0.6964,
     "exam": 0.0016123332449863063,
     "wasted-effort": 41
    },
    "avg_case": {
     "top-5": 0.0,
     "top-10": 0.0,
     "top-200": 0.10502000000000823,
     "exam": 0.526393674352858,
     "wasted-effort": 22638
    },
    "worst_case": {
     "top-5": 0.0,
     "top-10": 0.0,
     "top-200": 0.05226500000000428,
     "exam": 0.526393674352858,
     "wasted-effort": 22638
    }
   }
  },
  "line_assert_use": {
   "Tarantula": {
    "best_case": {
     "top-5": 0.9171,
     "top-10": 1,
     "top-200": 0.677,
     "exam": 0.00024295432458697764,
     "wasted-effort": 10
    },
    "avg_case": {
     "top-5": 0.14955000000000174,
     "top-10": 0.3,
     "top-200": 0.10188000000000898,
     "exam": 0.526393674352858,
     "wasted-effort": 22638
    },
    "worst_case": {
     "top-5": 0.07523000000000087,
     "top-10": 0.15,
     "top-200": 0.05114500000000462,
     "exam": 0.526393674352858,
     "wasted-effort": 22638
    }
   },
   "Ochiai": {
    "best_case": {
     "top-5": 0.0,
     "top-10": 0.0,
     "top-200": 0.6803,
     "exam": 0.0016123332449863063,
     "wasted-effort": 41
    },
    "avg_case": {
     "top-5": 0.0,
     "top-10": 0.0,
     "top-200": 0.10371000000000863,
     "exam": 0.526393674352858,
     "wasted-effort": 22638
    },
    "worst_case": {
     "top-5": 0.0,
     "top-10": 0.0,
     "top-200": 0.052295000000004185,
     "exam": 0.526393674352858,
     "wasted-effort": 22638
    }
   },
   "DStar": {
    "best_case": {
     "top-5": 0.0,
     "top-10": 0.0,
     "top-200": 0.683,
     "exam": 0.0016123332449863063,
     "wasted-effort": 41
    },
    "avg_case": {
     "top-5": 0.0,
     "top-10": 0.0,
     "top-200": 0.10330000000000888,
     "exam": 0.526393674352858,
     "wasted-effort": 22638
    },
    "worst_case": {
     "top-5": 0.0,
     "top-10": 0.0,
     "top-200": 0.05261000000000407,
     "exam": 0.526393674352858,
     "wasted-effort": 22638
    }
   }
  },
  "line_assert_uses": {
   "Tarantula": {
    "best_case": {
     "top-5": 0.9195,
     "top-10": 1,
     "top-200": 0.6747,
     "exam": 0.00024295432458697764,
     "wasted-effort": 10
    },
    "avg_case": {
     "top-5": 0.14943000000000137,