{
 "keras_31": {
  "line": {
   "Tarantula": {
    "best_case": {
     "top-5": 0.468,
     "top-10": 0.792,
     "top-200": 0.416,
     "exam": 0.00041065098988501774,
     "wasted-effort": 19
    },
    "avg_case": {
     "top-5": 0.481,
     "top-10": 0.803,
     "top-200": 0.379,
     "exam": 0.00041065098988501774,
     "wasted-effort": 19
    },
    "worst_case": {
     "top-5": 0.261,
     "top-10": 0.537,
     "top-200": 0.212,
     "exam": 0.00041065098988501774,
     "wasted-effort": 19
    }
   },
   "Ochiai": {
    "best_case": {
     "top-5": 0.444,
     "top-10": 0.776,
     "top-200": 0.39,
     "exam": 0.00041065098988501774,
     "wasted-effort": 19
    },
    "avg_case": {
     "top-5": 0.462,
     "top-10": 0.805,
     "top-200": 0.408,
     "exam": 0.00041065098988501774,
     "wasted-effort": 19
    },
    "worst_case": {
     "top-5": 0.2565,
     "top-10": 0.5175,
     "top-200": 0.209,
     "exam": 0.00041065098988501774,
     "wasted-effort": 19
    }
   },
   "DStar": {
    "best_case": {
     "top-5": 0.0,
     "top-10": 0.0,
     "top-200": 0.0,
     "exam": 0.0508774963257543,
     "wasted-effort": 1448
    },
    "avg_case": {
     "top-5": 0.0,
     "top-10": 0.0,
     "top-200": 0.0,
     "exam": 0.0508774963257543,
     "wasted-effort": 1448
    },
    "worst_case": {
     "top-5": 0.0,
     "top-10": 0.0,
     "top-200": 0.0,
     "exam": 0.0508774963257543,
     "wasted-effort": 1448
    }
   }
  },
  "line_line": {
   "Tarantula": {
    "best_case": {
     "top-5": 0.897,
     "top-10": 0.792,
     "top-200": 0.369,
     "exam": 0.0001729056799515864,
     "wasted-effort": 8
    },
    "avg_case": {
     "top-5": 0.881,
     "top-10": 0.787,
     "top-200": 0.376,
     "exam": 0.0001729056799515864,
     "wasted-effort": 8
    },
    "worst_case": {
     "top-5": 0.627,
     "top-10": 0.534,
     "top-200": 0.216,
     "exam": 0.0001729056799515864,
     "wasted-effort": 8
    }
   },
   "Ochiai": {
    "best_case": {
     "top-5": 0.895,
     "top-10": 0.804,
     "top-200": 0.387,
     "exam": 0.0001729056799515864,
     "wasted-effort": 8
    },
    "avg_case": {
     "top-5": 0.896,
     "top-10": 0.774,
     "top-200": 0.39,
     "exam": 0.0001729056799515864,
     "wasted-effort": 8
    },
    "worst_case": {
     "top-5": 0.621,
     "top-10": 0.5155,
     "top-200": 0.216,
     "exam": 0.0001729056799515864,
     "wasted-effort": 8
    }
   },
   "DStar": {
    "best_case": {
     "top-5": 0.0,
     "top-10": 0.0,
     "top-200": 0.0,
     "exam": 0.0508774963257543,
     "wasted-effort": 1448
    },
    "avg_case": {
     "top-5": 0.0,
     "top-10": 0.0,
     "top-200": 0.0,
     "exam": 0.0508774963257543,
     "wasted-effort": 1448
    },
    "worst_case": {
     "top-5": 0.0,
     "top-10": 0.0,
     "top-200": 0.0,
     "exam": 0.0508774963257543,
     "wasted-effort": 1448
    }
   }
  },
  "line_defuse": {
   "Tarantula": {
    "best_case": {
     "top-5": 0.882,
     "top-10": 0.788,
     "top-200": 0.383,
     "exam": 0.0001729056799515864,
     "wasted-effort": 8
    },
    "avg_case": {
     "top-5": 0.902,
     "top-10": 0.792,
     "top-200": 0.377,
     "exam": 0.0001729056799515864,
     "wasted-effort": 8
    },
    "worst_case": {
     "top-5": 0.6305,
     "top-10": 0.522,
     "top-200": 0.223,
     "exam": 0.0001729056799515864,
     "wasted-effort": 8
    }
   },
   "Ochiai": {
    "best_case": {
     "top-5": 0.9,
     "top-10": 0.796,
     "top-200": 0.39,
     "exam": 0.0001729056799515864,
     "wasted-effort": 8
    },
    "avg_case": {
     "top-5": 0.879,
     "top-10": 0.793,
     "top-200": 0.379,
     "exam": 0.0001729056799515864,
     "wasted-effort": 8
    },
    "worst_case": {
     "top-5": 0.6255,
     "top-10": 0.5415,
     "top-200": 0.2285,
     "exam": 0.0001729056799515864,
     "wasted-effort": 8
    }
   },
   "DStar": {
    "best_case": {
     "top-5": 0.0,
     "top-10": 0.0,
     "top-200": 0.0,
     "exam": 0.0508774963257543,
     "wasted-effort": 1448
    },
    "avg_case": {
     "top-5": 0.0,
     "top-10": 0.0,
     "top-200": 0.0,
     "exam": 0.0508774963257543,
     "wasted-effort": 1448
    },
    "worst_case": {
     "top-5": 0.0,
     "top-10": 0.0,
     "top-200": 0.0,
     "exam": 0.0508774963257543,
     "wasted-effort": 1448
    }
   }
  },
  "line_defuses": {
   "Tarantula": {
    "best_case": {
     "top-5": 0.897,
     "top-10": 0.778,
     "top-200": 0.407,
     "exam": 0.0001729056799515864,
     "wasted-effort": 8
    },
    "avg_case": {
     "top-5": 0.9,
     "top-10": 0.794,
     "top-200": 0.373,
     "exam": 0.0001729056799515864,
     "wasted-effort": 8
    },
    "worst_case": {
     "top-5": 0.6255,
     "top-10": 0.5355,
     "top-200": 0.209,
     "exam": 0.0001729056799515864,
     "wasted-effort": 8
    }
   },
   "Ochiai": {
    "best_case": {
     "top-5": 0.899,
     "top-10": 0.817,
     "top-200": 0.395,
     "exam": 0.0001729056799515864,
     "wasted-effort": 8
    },
    "avg_case": {
     "top-5": 0.881,
     "top-10": 0.787,
     "top-200": 0.385,
     "exam": 0.0001729056799515864,
     "wasted-effort": 8
    },
    "worst_case": {
     "top-5": 0.624,
     "top-10": 0.5295,
     "top-200": 0.2185,
     "exam": 0.0001729056799515864,
     "wasted-effort": 8
    }
   },
   "DStar": {
    "best_case": {
     "top-5": 0.0,
     "top-10": 0.0,
     "top-200": 0.0,
     "exam": 0.0508774963257543,
     "wasted-effort": 1448
    },
    "avg_case": {
     "top-5": 0.0,
     "top-10": 0.0,
     "top-200": 0.0,
     "exam": 0.0508774963257543,
     "wasted-effort": 1448
    },
    "worst_case": {
     "top-5": 0.0,
     "top-10": 0.0,
     "top-200": 0.0,
     "exam": 0.0508774963257543,
     "wasted-effort": 1448
    }
   }
  },
  "line_assert_use": {
   "Tarantula": {
    "best_case": {
     "top-5": 0.902,
     "top-10": 0.797,
     "top-200": 0.387,
     "exam": 0.0001729056799515864,
     "wasted-effort": 8
    },
    "avg_case": {
     "top-5": 0.885,
     "top-10": 0.795,
     "top-200": 0.384,
     "exam": 0.0001729056799515864,
     "wasted-effort": 8
    },
    "worst_case": {
     "top-5": 0.636,
     "top-10": 0.5355,
     "top-200": 0.219,
     "exam": 0.0001729056799515864,
     "wasted-effort": 8
    }
   },
   "Ochiai": {
    "best_case": {
     "top-5": 0.893,
     "top-10": 0.786,
     "top-200": 0.403,
     "exam": 0.0001729056799515864,
     "wasted-effort": 8
    },
    "avg_case": {
     "top-5": 0.891,
     "top-10": 0.797,
     "top-200": 0.385,
     "exam": 0.0001729056799515864,
     "wasted-effort": 8
    },
    "worst_case": {
     "top-5": 0.641,
     "top-10": 0.523,
     "top-200": 0.2155,
     "exam": 0.0001729056799515864,
     "wasted-effort": 8
    }
   },
   "DStar": {
    "best_case": {
     "top-5": 0.0,
     "top-10": 0.0,
     "top-200": 0.0,
     "exam": 0.0508774963257543,
     "wasted-effort": 1448
    },
    "avg_case": {
     "top-5": 0.0,
     "top-10": 0.0,
     "top-200": 0.0,
     "exam": 0.0508774963257543,
     "wasted-effort": 1448
    },
    "worst_case": {
     "top-5": 0.0,
     "top-10": 0.0,
     "top-200": 0.0,
     "exam": 0.0508774963257543,
     "wasted-effort": 1448
    }
   }
  },
  "line_assert_uses": {
   "Tarantula": {
    "best_case": {
     "top-5": 0.904,
     "top-10": 0.79,
     "top-200": 0.42,
     "exam": 0.0001729056799515864,
     "wasted-effort": 8
    },
    "avg_case": {
     "top-5": 0.902,
     "top-10": 0.778,
     "top-200": 0.384,
     "exam": 0.0001729056799515864,
     "wasted-effort": 8
    },
    "worst_case": {
     "top-5": 0.612,
     "top-10": 0.5175,
     "top-200": 0.215,
     "exam": 0.0001729056799515864,
     "wasted-effort": 8
    }
   },
   "Ochiai": {
    "best_case": {
     "top-5": 0.909,
     "top-10": 0.789,
     "top-200": 0.372,
     "exam": 0.0001729056799515864,
     "wasted-effort": 8
    },
    "avg_case": {
     "top-5": 0.894,
     "top-10": 0.791,
     "top-200": 0.376,
     "exam": 0.0001729056799515864,