{
 "keras_8": {
  "line": {
   "Tarantula": {
    "best_case": {
     "top-1": 0.0,
     "top-5": 0.0,
     "top-10": 0.0,
     "top-200": 0.9995,
     "exam": 0.0028759976813662103,
     "wasted-effort": 105
    },
    "avg_case": {
     "top-1": 0.0,
     "top-5": 0.0,
     "top-10": 0.0,
     "top-200": 0.95355,
     "exam": 0.011526285281134347,
     "wasted-effort": 325
    },
    "worst_case": {
     "top-1": 0.0,
     "top-5": 0.0,
     "top-10": 0.0,
     "top-200": 0.6165,
     "exam": 0.011526285281134347,
     "wasted-effort": 325
    }
   },
   "Ochiai": {
    "best_case": {
     "top-1": 0.0,
     "top-5": 0.0,
     "top-10": 0.0,
     "top-200": 0.9999,
     "exam": 0.0028759976813662103,
     "wasted-effort": 105
    },
    "avg_case": {
     "top-1": 0.0,
     "top-5": 0.0,
     "top-10": 0.0,
     "top-200": 0.950425,
     "exam": 0.011526285281134347,
     "wasted-effort": 325
    },
    "worst_case": {
     "top-1": 0.0,
     "top-5": 0.0,
     "top-10": 0.0,
     "top-200": 0.6157375,
     "exam": 0.011526285281134347,
     "wasted-effort": 325
    }
   },
   "DStar": {
    "best_case": {
     "top-1": 0.0,
     "top-5": 0,
     "top-10": 0.2176,
     "top-200": 0.9998,
     "exam": 0.0020288045659250012,
     "wasted-effort": 86
    },
    "avg_case": {
     "top-1": 0.0,
     "top-5": 0.0,
     "top-10": 0.06085,
     "top-200": 0.969525,
     "exam": 0.010679092165693137,
     "wasted-effort": 306
    },
    "worst_case": {
     "top-1": 0.0,
     "top-5": 0.0,
     "top-10": 0.0289375,
     "top-200": 0.656225,
     "exam": 0.010679092165693137,
     "wasted-effort": 306
    }
   },
   "Naish1": {
    "best_case": {
     "top-1": 0.0,
     "top-5": 0.0,
     "top-10": 0.0,
     "top-200": 0.9998,
     "exam": 0.0028759976813662103,
     "wasted-effort": 105
    },
    "avg_case": {
     "top-1": 0.0,
     "top-5": 0.0,
     "top-10": 0.0,
     "top-200": 0.952225,
     "exam": 0.011526285281134347,
     "wasted-effort": 325
    },
    "worst_case": {
     "top-1": 0.0,
     "top-5": 0.0,
     "top-10": 0.0,
     "top-200": 0.6123625,
     "exam": 0.011526285281134347,
     "wasted-effort": 325
    }
   },
   "Naish2": {
    "best_case": {
     "top-1": 0.0,
     "top-5": 0.0,
     "top-10": 0.0,
     "top-200": 0.9996,
     "exam": 0.0028759976813662103,
     "wasted-effort": 105
    },
    "avg_case": {
     "top-1": 0.0,
     "top-5": 0.0,
     "top-10": 0.0,
     "top-200": 0.951525,
     "exam": 0.011526285281134347,
     "wasted-effort": 325
    },
    "worst_case": {
     "top-1": 0.0,
     "top-5": 0.0,
     "top-10": 0.0,
     "top-200": 0.6163125,
     "exam": 0.011526285281134347,
     "wasted-effort": 325
    }
   },
   "GP13": {
    "best_case": {
     "top-1": 0.0,
     "top-5": 0.0,
     "top-10": 0.0,
     "top-200": 0.9992,
     "exam": 0.0028759976813662103,
     "wasted-effort": 105
    },
    "avg_case": {
     "top-1": 0.0,
     "top-5": 0.0,
     "top-10": 0.0,
     "top-200": 0.95105,
     "exam": 0.011526285281134347,
     "wasted-effort": 325
    },
    "worst_case": {
     "top-1": 0.0,
     "top-5": 0.0,
     "top-10": 0.0,
     "top-200": 0.6158375,
     "exam": 0.011526285281134347,
     "wasted-effort": 325
    }
   }
  },
  "line_line": {
   "Tarantula": {
    "best_case": {
     "top-1": 0.0,
     "top-5": 0.0,
     "top-10": 0.0,
     "top-200": 1.0,
     "exam": 0.0015829134525348909,
     "wasted-effort": 47
    },
    "avg_case": {
     "top-1": 0.0,
     "top-5": 0.0,
     "top-10": 0.0,
     "top-200": 0.99975,
     "exam": 0.0075801489276318725,
     "wasted-effort": 226
    },
    "worst_case": {
     "top-1": 0.0,
     "top-5": 0.0,
     "top-10": 0.0,
     "top-200": 0.8826875,
     "exam": 0.0075801489276318725,
     "wasted-effort": 226
    }
   },
   "Ochiai": {
    "best_case": {
     "top-1": 0.0,
     "top-5": 0.0,
     "top-10": 0.0,
     "top-200": 1.0,
     "exam": 0.0015829134525348909,
     "wasted-effort": 47
    },
    "avg_case": {
     "top-1": 0.0,
     "top-5": 0.0,
     "top-10": 0.0,
     "top-200": 0.969225,
     "exam": 0.011147277834752754,
     "wasted-effort": 306
    },
    "worst_case": {
     "top-1": 0.0,
     "top-5": 0.0,
     "top-10": 0.0,
     "top-200": 0.65575,
     "exam": 0.011147277834752754,
     "wasted-effort": 306
    }
   },
   "DStar": {
    "best_case": {
     "top-1": 0.0,
     "top-5": 0,
     "top-10": 0.5986,
     "top-200": 1.0,
     "exam": 0.0007357203370936817,
     "wasted-effort": 28
    },
    "avg_case": {
     "top-1": 0.0,
     "top-5": 0.0,
     "top-10": 0.178225,
     "top-200": 0.981275,
     "exam": 0.010389262941989566,
     "wasted-effort": 289
    },
    "worst_case": {
     "top-1": 0.0,
     "top-5": 0.0,
     "top-10": 0.0897625,
     "top-200": 0.691575,
     "exam": 0.010389262941989566,
     "wasted-effort": 289
    }
   },
   "Naish1": {
    "best_case": {
     "top-1": 0.0,
     "top-5": 0.0,
     "top-10": 0.0,
     "top-200": 0.9997,
     "exam": 0.0015829134525348909,
     "wasted-effort": 47
    },
    "avg_case": {
     "top-1": 0.0,
     "top-5": 0.0,
     "top-10": 0.0,
     "top-200": 0.9679,
     "exam": 0.011147277834752754,
     "wasted-effort": 306
    },
    "worst_case": {
     "top-1": 0.0,
     "top-5": 0.0,
     "top-10": 0.0,
     "top-200": 0.65305,
     "exam": 0.011147277834752754,
     "wasted-effort": 306
    }
   },
   "Naish2": {
    "best_case": {
     "top-1": 0.0,
     "top-5": 0.0,
     "top-10": 0.0,
     "top-200": 1.0,
     "exam": 0.0015829134525348909,
     "wasted-effort": 47
    },
    "avg_case": {
     "top-1": 0.0,
     "top-5": 0.0,
     "top-10": 0.0,
     "top-200": 0.96785,
     "exam": 0.011147277834752754,
     "wasted-effort": 306
    },
    "worst_case": {
     "top-1": 0.0,
     "top-5": 0.0,
     "top-10": 0.0,
     "top-200": 0.6519625,
     "exam": 0.011147277834752754,
     "wasted-effort": 306
    }
   },
   "GP13": {
    "best_case": {
     "top-1": 0.0,
     "top-5": 0.0,
     "top-10": 0.0,
     "top-200": 1.0,
     "exam": 0.0015829134525348909,
     "wasted-effort": 47
    },
    "avg_case": {
     "top-1": 0.0,
     "top-5": 0.0,
     "top-10": 0.0,
     "top-200": 0.99985,
     "exam": 0.0075801489276318725,
     "wasted-effort": 226
    },
    "worst_case": {
     "top-1": 0.0,
     "top-5": 0.0,
     "top-10": 0.0,
     "top-200": 0.88555,
     "exam": 0.0075801489276318725,
     "wasted-effort": 226
    }
   }
  },
  "line_defuse": {
   "Tarantula": {
    "best_case": {
     "top-1": 0.0,
     "top-5": 0.0,
     "top-10": 0.0,
     "top-200": 1.0,
     "exam": 0.0015160297855263745,
     "wasted-effort": 44
    },
    "avg_case": {
     "top-1": 0.0,
     "top-5": 0.0,
     "top-10": 0.0,
     "top-200": 0.99965,
     "exam": 0.003433361573103848,
     "wasted-effort": 104
    },
    "worst_case": {
     "top-1": 0.0,
     "top-5": 0.0,
     "top-10": 0.0,
     "top-200": 0.8673375,
     "exam": 0.003433361573103848,
     "wasted-effort": 104
    }
   },
   "Ochiai": {
    "best_case": {
     "top-1": 0.0,
     "top-5": 0.0,
     "top-10": 0.0,
     "top-200": 1.0,
     "exam": 0.0015160297855263745,
     "wasted-effort": 44
    },
    "avg_case": {
     "top-1": 0.0,
     "top-5": 0.0,
     "top-10": 0.0,
     "top-200": 0.998175,
     "exam": 0.0061087082534445085,
     "wasted-effort": 164
    },
    "worst_case": {
     "top-1": 0.0,
     "top-5": 0.0,
     "top-10": 0.0,
     "top-200": 0.81755,
     "exam": 0.0061087082534445085,
     "wasted-effort": 164
    }
   },
   "DStar": {
    "best_case": {
     "top-1": 0.0,
     "top-5": 0,
     "top-10": 0.655,
     "top-200": 1.0,
     "exam": 0.0006688366700851652,
     "wasted-effort": 25
    },
    "avg_case": {
     "top-1": 0.0,
     "top-5": 0.0,
     "top-10": 0.201975,
     "top-200": 0.9999,
     "exam": 0.008917822267802203,
     "wasted-effort": 227
    },
    "worst_case": {
     "top-1": 0.0,
     "top-5": 0.0,
     "top-10": 0.0992375,
     "top-200": 0.8820625,