{
 "keras_26": {
  "line": {
   "Tarantula": {
    "best_case": {
     "top-5": 0.1277,
     "top-10": 0.2551,
     "top-200": 0.1828,
     "exam": 0.0008263061994152294,
     "wasted-effort": 39
    },
    "avg_case": {
     "top-5": 0.1357,
     "top-10": 0.2577,
     "top-200": 0.1822,
     "exam": 0.0008263061994152294,
     "wasted-effort": 39
    },
    "worst_case": {
     "top-5": 0.1298,
     "top-10": 0.2558,
     "top-200": 0.191,
     "exam": 0.0008263061994152294,
     "wasted-effort": 39
    }
   },
   "Ochiai": {
    "best_case": {
     "top-5": 0.127,
     "top-10": 0.2553,
     "top-200": 0.1847,
     "exam": 0.0008263061994152294,
     "wasted-effort": 39
    },
    "avg_case": {
     "top-5": 0.1262,
     "top-10": 0.2637,
     "top-200": 0.1867,
     "exam": 0.0008263061994152294,
     "wasted-effort": 39
    },
    "worst_case": {
     "top-5": 0.1281,
     "top-10": 0.269,
     "top-200": 0.1783,
     "exam": 0.0008263061994152294,
     "wasted-effort": 39
    }
   },
   "DStar": {
    "best_case": {
     "top-5": 0.1319,
     "top-10": 0.2708,
     "top-200": 0.1869,
     "exam": 0.0008263061994152294,
     "wasted-effort": 39
    },
    "avg_case": {
     "top-5": 0.1262,
     "top-10": 0.2604,
     "top-200": 0.179,
     "exam": 0.0008263061994152294,
     "wasted-effort": 39
    },
    "worst_case": {
     "top-5": 0.128,
     "top-10": 0.2578,
     "top-200": 0.1831,
     "exam": 0.0008263061994152294,
     "wasted-effort": 39
    }
   }
  },
  "line_line": {
   "Tarantula": {
    "best_case": {
     "top-5": 0.5478,
     "top-10": 0.6242,
     "top-200": 0.1869,
     "exam": 0.0001906860460188991,
     "wasted-effort": 9
    },
    "avg_case": {
     "top-5": 0.562,
     "top-10": 0.6303,
     "top-200": 0.1848,
     "exam": 0.0001906860460188991,
     "wasted-effort": 9
    },
    "worst_case": {
     "top-5": 0.5596,
     "top-10": 0.6205,
     "top-200": 0.1888,
     "exam": 0.0001906860460188991,
     "wasted-effort": 9
    }
   },
   "Ochiai": {
    "best_case": {
     "top-5": 0.551,
     "top-10": 0.6231,
     "top-200": 0.1864,
     "exam": 0.0001906860460188991,
     "wasted-effort": 9
    },
    "avg_case": {
     "top-5": 0.5586,
     "top-10": 0.62,
     "top-200": 0.1942,
     "exam": 0.0001906860460188991,
     "wasted-effort": 9
    },
    "worst_case": {
     "top-5": 0.5618,
     "top-10": 0.6212,
     "top-200": 0.1847,
     "exam": 0.0001906860460188991,
     "wasted-effort": 9
    }
   },
   "DStar": {
    "best_case": {
     "top-5": 0.5612,
     "top-10": 0.6272,
     "top-200": 0.1945,
     "exam": 0.0001906860460188991,
     "wasted-effort": 9
    },
    "avg_case": {
     "top-5": 0.5572,
     "top-10": 0.6255,
     "top-200": 0.1866,
     "exam": 0.0001906860460188991,
     "wasted-effort": 9
    },
    "worst_case": {
     "top-5": 0.5611,
     "top-10": 0.6247,
     "top-200": 0.186,
     "exam": 0.0001906860460188991,
     "wasted-effort": 9
    }
   }
  },
  "line_defuse": {
   "Tarantula": {
    "best_case": {
     "top-5": 0.5583,
     "top-10": 0.7749,
     "top-200": 0.1872,
     "exam": 0.0001906860460188991,
     "wasted-effort": 9
    },
    "avg_case": {
     "top-5": 0.5575,
     "top-10": 0.7691,
     "top-200": 0.1838,
     "exam": 0.0001906860460188991,
     "wasted-effort": 9
    },
    "worst_case": {
     "top-5": 0.5525,
     "top-10": 0.768,
     "top-200": 0.1814,
     "exam": 0.0001906860460188991,
     "wasted-effort": 9
    }
   },
   "Ochiai": {
    "best_case": {
     "top-5": 0.5615,
     "top-10": 0.6249,
     "top-200": 0.1821,
     "exam": 0.0001906860460188991,
     "wasted-effort": 9
    },
    "avg_case": {
     "top-5": 0.5513,
     "top-10": 0.6194,
     "top-200": 0.1861,
     "exam": 0.0001906860460188991,
     "wasted-effort": 9
    },
    "worst_case": {
     "top-5": 0.548,
     "top-10": 0.6236,
     "top-200": 0.1841,
     "exam": 0.0001906860460188991,
     "wasted-effort": 9
    }
   },
   "DStar": {
    "best_case": {
     "top-5": 0.5618,
     "top-10": 0.6242,
     "top-200": 0.1899,
     "exam": 0.0001906860460188991,
     "wasted-effort": 9
    },
    "avg_case": {
     "top-5": 0.5597,
     "top-10": 0.6275,
     "top-200": 0.186,
     "exam": 0.0001906860460188991,
     "wasted-effort": 9
    },
    "worst_case": {
     "top-5": 0.5566,
     "top-10": 0.6286,
     "top-200": 0.1856,
     "exam": 0.0001906860460188991,
     "wasted-effort": 9
    }
   }
  },
  "line_defuses": {
   "Tarantula": {
    "best_case": {
     "top-5": 0.551,
     "top-10": 0.7699,
     "top-200": 0.1848,
     "exam": 0.0001906860460188991,
     "wasted-effort": 9
    },
    "avg_case": {
     "top-5": 0.5591,
     "top-10": 0.7726,
     "top-200": 0.1849,
     "exam": 0.0001906860460188991,
     "wasted-effort": 9
    },
    "worst_case": {
     "top-5": 0.5523,
     "top-10": 0.7613,
     "top-200": 0.1868,
     "exam": 0.0001906860460188991,
     "wasted-effort": 9
    }
   },
   "Ochiai": {
    "best_case": {
     "top-5": 0.5611,
     "top-10": 0.6225,
     "top-200": 0.1893,
     "exam": 0.0001906860460188991,
     "wasted-effort": 9
    },
    "avg_case": {
     "top-5": 0.5571,
     "top-10": 0.6293,
     "top-200": 0.1903,
     "exam": 0.0001906860460188991,
     "wasted-effort": 9
    },
    "worst_case": {
     "top-5": 0.5575,
     "top-10": 0.6258,
     "top-200": 0.1878,
     "exam": 0.0001906860460188991,
     "wasted-effort": 9
    }
   },
   "DStar": {
    "best_case": {
     "top-5": 0.5571,
     "top-10": 0.624,
     "top-200": 0.1867,
     "exam": 0.0001906860460188991,
     "wasted-effort": 9
    },
    "avg_case": {
     "top-5": 0.5521,
     "top-10": 0.6225,
     "top-200": 0.182,
     "exam": 0.0001906860460188991,
     "wasted-effort": 9
    },
    "worst_case": {
     "top-5": 0.5495,
     "top-10": 0.6272,
     "top-200": 0.192,
     "exam": 0.0001906860460188991,
     "wasted-effort": 9
    }
   }
  },
  "line_assert_use": {
   "Tarantula": {
    "best_case": {
     "top-5": 0.5481,
     "top-10": 0.7735,
     "top-200": 0.1836,
     "exam": 0.0001906860460188991,
     "wasted-effort": 9
    },
    "avg_case": {
     "top-5": 0.5529,
     "top-10": 0.7658,
     "top-200": 0.1905,
     "exam": 0.0001906860460188991,
     "wasted-effort": 9
    },
    "worst_case": {
     "top-5": 0.551,
     "top-10": 0.7768,
     "top-200": 0.1936,
     "exam": 0.0001906860460188991,
     "wasted-effort": 9
    }
   },
   "Ochiai": {
    "best_case": {
     "top-5": 0.547,
     "top-10": 0.6262,
     "top-200": 0.1873,
     "exam": 0.0001906860460188991,
     "wasted-effort": 9
    },
    "avg_case": {
     "top-5": 0.5608,
     "top-10": 0.621,
     "top-200": 0.182,
     "exam": 0.0001906860460188991,
     "wasted-effort": 9
    },
    "worst_case": {
     "top-5": 0.546,
     "top-10": 0.6149,
     "top-200": 0.1893,
     "exam": 0.0001906860460188991,
     "wasted-effort": 9
    }
   },
   "DStar": {
    "best_case": {
     "top-5": 0.5575,
     "top-10": 0.6285,
     "top-200": 0.1904,
     "exam": 0.0001906860460188991,
     "wasted-effort": 9
    },
    "avg_case": {
     "top-5": 0.5505,
     "top-10": 0.6267,
     "top-200": 0.1801,
     "exam": 0.0001906860460188991,
     "wasted-effort": 9
    },
    "worst_case": {
     "top-5": 0.5554,
     "top-10": 0.6257,
     "top-200": 0.1888,
     "exam": 0.0001906860460188991,
     "wasted-effort": 9
    }
   }
  },
  "line_assert_uses": {
   "Tarantula": {
    "best_case": {
     "top-5": 0.5577,
     "top-10": 0.7646,
     "top-200": 0.1819,
     "exam": 0.0001906860460188991,
     "wasted-effort": 9
    },
    "avg_case": {
     "top-5": 0.5552,
     "top-10": 0.7732,
     "top-200": 0.1923,
     "exam": 0.0001906860460188991,
     "wasted-effort": 9
    },
    "worst_case": {
     "top-5": 0.5474,
     "top-10": 0.7702,
     "top-200": 0.188,
     "exam": 0.0001906860460188991,
     "wasted-effort": 9
    }
   },
   "Ochiai": {
    "best_case": {
     "top-5": 0.5618,
     "top-10": 0.6296,