{
 "keras_25": {
  "line": {
   "Tarantula": {
    "best_case": {
     "top-5": 0.376,
     "top-10": 0.763,
     "top-200": 0.199,
     "exam": 0.0002741690568584444,
     "wasted-effort": 13
    },
    "avg_case": {
     "top-5": 0.4,
     "top-10": 0.76,
     "top-200": 0.197,
     "exam": 0.0002741690568584444,
     "wasted-effort": 13
    },
    "worst_case": {
     "top-5": 0.37,
     "top-10": 0.768,
     "top-200": 0.196,
     "exam": 0.0002741690568584444,
     "wasted-effort": 13
    }
   },
   "Ochiai": {
    "best_case": {
     "top-5": 0.381,
     "top-10": 0.731,
     "top-200": 0.22,
     "exam": 0.0002741690568584444,
     "wasted-effort": 13
    },
    "avg_case": {
     "top-5": 0.389,
     "top-10": 0.762,
     "top-200": 0.22,
     "exam": 0.0002741690568584444,
     "wasted-effort": 13
    },
    "worst_case": {
     "top-5": 0.412,
     "top-10": 0.757,
     "top-200": 0.228,
     "exam": 0.0002741690568584444,
     "wasted-effort": 13
    }
   },
   "DStar": {
    "best_case": {
     "top-5": 0.0,
     "top-10": 0.0,
     "top-200": 0.0,
     "exam": 0.054728361734435634,
     "wasted-effort": 1658
    },
    "avg_case": {
     "top-5": 0.0,
     "top-10": 0.0,
     "top-200": 0.0,
     "exam": 0.054728361734435634,
     "wasted-effort": 1658
    },
    "worst_case": {
     "top-5": 0.0,
     "top-10": 0.0,
     "top-200": 0.0,
     "exam": 0.054728361734435634,
     "wasted-effort": 1658
    }
   }
  },
  "line_line": {
   "Tarantula": {
    "best_case": {
     "top-5": 0.384,
     "top-10": 0.761,
     "top-200": 0.214,
     "exam": 0.0002741690568584444,
     "wasted-effort": 13
    },
    "avg_case": {
     "top-5": 0.404,
     "top-10": 0.786,
     "top-200": 0.233,
     "exam": 0.0002741690568584444,
     "wasted-effort": 13
    },
    "worst_case": {
     "top-5": 0.39,
     "top-10": 0.772,
     "top-200": 0.214,
     "exam": 0.0002741690568584444,
     "wasted-effort": 13
    }
   },
   "Ochiai": {
    "best_case": {
     "top-5": 0.366,
     "top-10": 0.768,
     "top-200": 0.191,
     "exam": 0.0002741690568584444,
     "wasted-effort": 13
    },
    "avg_case": {
     "top-5": 0.343,
     "top-10": 0.742,
     "top-200": 0.194,
     "exam": 0.0002741690568584444,
     "wasted-effort": 13
    },
    "worst_case": {
     "top-5": 0.39,
     "top-10": 0.771,
     "top-200": 0.222,
     "exam": 0.0002741690568584444,
     "wasted-effort": 13
    }
   },
   "DStar": {
    "best_case": {
     "top-5": 0,
     "top-10": 0.0,
     "top-200": 0.0,
     "exam": 0.054728361734435634,
     "wasted-effort": 1658
    },
    "avg_case": {
     "top-5": 0.0,
     "top-10": 0.0,
     "top-200": 0.0,
     "exam": 0.054728361734435634,
     "wasted-effort": 1658
    },
    "worst_case": {
     "top-5": 0.0,
     "top-10": 0.0,
     "top-200": 0.0,
     "exam": 0.054728361734435634,
     "wasted-effort": 1658
    }
   }
  },
  "line_defuse": {
   "Tarantula": {
    "best_case": {
     "top-5": 0.565,
     "top-10": 0.774,
     "top-200": 0.197,
     "exam": 0.00018980934705584612,
     "wasted-effort": 9
    },
    "avg_case": {
     "top-5": 0.535,
     "top-10": 0.769,
     "top-200": 0.181,
     "exam": 0.00018980934705584612,
     "wasted-effort": 9
    },
    "worst_case": {
     "top-5": 0.546,
     "top-10": 0.77,
     "top-200": 0.203,
     "exam": 0.00018980934705584612,
     "wasted-effort": 9
    }
   },
   "Ochiai": {
    "best_case": {
     "top-5": 0.545,
     "top-10": 0.75,
     "top-200": 0.201,
     "exam": 0.00018980934705584612,
     "wasted-effort": 9
    },
    "avg_case": {
     "top-5": 0.571,
     "top-10": 0.749,
     "top-200": 0.22,
     "exam": 0.00018980934705584612,
     "wasted-effort": 9
    },
    "worst_case": {
     "top-5": 0.585,
     "top-10": 0.769,
     "top-200": 0.208,
     "exam": 0.00018980934705584612,
     "wasted-effort": 9
    }
   },
   "DStar": {
    "best_case": {
     "top-5": 0,
     "top-10": 0.0,
     "top-200": 0.0,
     "exam": 0.054728361734435634,
     "wasted-effort": 1658
    },
    "avg_case": {
     "top-5": 0.0,
     "top-10": 0.0,
     "top-200": 0.0,
     "exam": 0.054728361734435634,
     "wasted-effort": 1658
    },
    "worst_case": {
     "top-5": 0.0,
     "top-10": 0.0,
     "top-200": 0.0,
     "exam": 0.054728361734435634,
     "wasted-effort": 1658
    }
   }
  },
  "line_defuses": {
   "Tarantula": {
    "best_case": {
     "top-5": 0.563,
     "top-10": 0.78,
     "top-200": 0.194,
     "exam": 0.00018980934705584612,
     "wasted-effort": 9
    },
    "avg_case": {
     "top-5": 0.545,
     "top-10": 0.765,
     "top-200": 0.217,
     "exam": 0.00018980934705584612,
     "wasted-effort": 9
    },
    "worst_case": {
     "top-5": 0.538,
     "top-10": 0.75,
     "top-200": 0.206,
     "exam": 0.00018980934705584612,
     "wasted-effort": 9
    }
   },
   "Ochiai": {
    "best_case": {
     "top-5": 0.552,
     "top-10": 0.779,
     "top-200": 0.234,
     "exam": 0.00018980934705584612,
     "wasted-effort": 9
    },
    "avg_case": {
     "top-5": 0.532,
     "top-10": 0.758,
     "top-200": 0.214,
     "exam": 0.00018980934705584612,
     "wasted-effort": 9
    },
    "worst_case": {
     "top-5": 0.583,
     "top-10": 0.76,
     "top-200": 0.202,
     "exam": 0.00018980934705584612,
     "wasted-effort": 9
    }
   },
   "DStar": {
    "best_case": {
     "top-5": 0,
     "top-10": 0.0,
     "top-200": 0.0,
     "exam": 0.054728361734435634,
     "wasted-effort": 1658
    },
    "avg_case": {
     "top-5": 0.0,
     "top-10": 0.0,
     "top-200": 0.0,
     "exam": 0.054728361734435634,
     "wasted-effort": 1658
    },
    "worst_case": {
     "top-5": 0.0,
     "top-10": 0.0,
     "top-200": 0.0,
     "exam": 0.054728361734435634,
     "wasted-effort": 1658
    }
   }
  },
  "line_assert_use": {
   "Tarantula": {
    "best_case": {
     "top-5": 0.55,
     "top-10": 0.793,
     "top-200": 0.201,
     "exam": 0.00018980934705584612,
     "wasted-effort": 9
    },
    "avg_case": {
     "top-5": 0.54,
     "top-10": 0.789,
     "top-200": 0.219,
     "exam": 0.00018980934705584612,
     "wasted-effort": 9
    },
    "worst_case": {
     "top-5": 0.513,
     "top-10": 0.758,
     "top-200": 0.209,
     "exam": 0.00018980934705584612,
     "wasted-effort": 9
    }
   },
   "Ochiai": {
    "best_case": {
     "top-5": 0.539,
     "top-10": 0.75,
     "top-200": 0.224,
     "exam": 0.00018980934705584612,
     "wasted-effort": 9
    },
    "avg_case": {
     "top-5": 0.549,
     "top-10": 0.78,
     "top-200": 0.202,
     "exam": 0.00018980934705584612,
     "wasted-effort": 9
    },
    "worst_case": {
     "top-5": 0.55,
     "top-10": 0.774,
     "top-200": 0.182,
     "exam": 0.00018980934705584612,
     "wasted-effort": 9
    }
   },
   "DStar": {
    "best_case": {
     "top-5": 0,
     "top-10": 0.0,
     "top-200": 0.0,
     "exam": 0.054728361734435634,
     "wasted-effort": 1658
    },
    "avg_case": {
     "top-5": 0.0,
     "top-10": 0.0,
     "top-200": 0.0,
     "exam": 0.054728361734435634,
     "wasted-effort": 1658
    },
    "worst_case": {
     "top-5": 0.0,
     "top-10": 0.0,
     "top-200": 0.0,
     "exam": 0.054728361734435634,
     "wasted-effort": 1658
    }
   }
  },
  "line_assert_uses": {
   "Tarantula": {
    "best_case": {
     "top-5": 0.553,
     "top-10": 0.775,
     "top-200": 0.209,
     "exam": 0.00018980934705584612,
     "wasted-effort": 9
    },
    "avg_case": {
     "top-5": 0.545,
     "top-10": 0.76,
     "top-200": 0.218,
     "exam": 0.00018980934705584612,
     "wasted-effort": 9
    },
    "worst_case": {
     "top-5": 0.535,
     "top-10": 0.772,
     "top-200": 0.218,
     "exam": 0.00018980934705584612,
     "wasted-effort": 9
    }
   },
   "Ochiai": {
    "best_case": {
     "top-5": 0.547,
     "top-10": 0.742,
     "top-200": 0.22,
     "exam": 0.00018980934705584612,
     "wasted-effort": 9
    },
    "avg_case": {
     "top-5": 0.561,
     "top-10": 0.767,
     "top-200": 0.213,