{
 "keras_8": {
  "line": {
   "Tarantula": {
    "best_case": {
     "top-1": 0.0,
     "top-5": 0.0,
     "top-10": 0.0,
     "top-200": 0.9996,
     "exam": 0.0028759976813662103,
     "wasted-effort": 105
    },
    "avg_case": {
     "top-1": 0.0,
     "top-5": 0.0,
     "top-10": 0.0,
     "top-200": 0.95125,
     "exam": 0.011526285281134347,
     "wasted-effort": 325
    },
    "worst_case": {
     "top-1": 0.0,
     "top-5": 0.0,
     "top-10": 0.0,
     "top-200": 0.61655,
     "exam": 0.011526285281134347,
     "wasted-effort": 325
    }
   },
   "Ochiai": {
    "best_case": {
     "top-1": 0.0,
     "top-5": 0.0,
     "top-10": 0.0,
     "top-200": 0.9994,
     "exam": 0.0028759976813662103,
     "wasted-effort": 105
    },
    "avg_case": {
     "top-1": 0.0,
     "top-5": 0.0,
     "top-10": 0.0,
     "top-200": 0.95245,
     "exam": 0.011526285281134347,
     "wasted-effort": 325
    },
    "worst_case": {
     "top-1": 0.0,
     "top-5": 0.0,
     "top-10": 0.0,
     "top-200": 0.6157625,
     "exam": 0.011526285281134347,
     "wasted-effort": 325
    }
   },
   "DStar": {
    "best_case": {
     "top-1": 0.0,
     "top-5": 0,
     "top-10": 0.2135,
     "top-200": 0.9995,
     "exam": 0.0020288045659250012,
     "wasted-effort": 86
    },
    "avg_case": {
     "top-1": 0.0,
     "top-5": 0.0,
     "top-10": 0.058175,
     "top-200": 0.96905,
     "exam": 0.010679092165693137,
     "wasted-effort": 306
    },
    "worst_case": {
     "top-1": 0.0,
     "top-5": 0.0,
     "top-10": 0.0294,
     "top-200": 0.6542625,
     "exam": 0.010679092165693137,
     "wasted-effort": 306
    }
   },
   "Naish2": {
    "best_case": {
     "top-1": 0.0,
     "top-5": 0.0,
     "top-10": 0.0,
     "top-200": 0.9996,
     "exam": 0.0028759976813662103,
     "wasted-effort": 105
    },
    "avg_case": {
     "top-1": 0.0,
     "top-5": 0.0,
     "top-10": 0.0,
     "top-200": 0.95175,
     "exam": 0.011526285281134347,
     "wasted-effort": 325
    },
    "worst_case": {
     "top-1": 0.0,
     "top-5": 0.0,
     "top-10": 0.0,
     "top-200": 0.6158625,
     "exam": 0.011526285281134347,
     "wasted-effort": 325
    }
   },
   "GP13": {
    "best_case": {
     "top-1": 0.0,
     "top-5": 0.0,
     "top-10": 0.0,
     "top-200": 0.9995,
     "exam": 0.0028759976813662103,
     "wasted-effort": 105
    },
    "avg_case": {
     "top-1": 0.0,
     "top-5": 0.0,
     "top-10": 0.0,
     "top-200": 0.95335,
     "exam": 0.011526285281134347,
     "wasted-effort": 325
    },
    "worst_case": {
     "top-1": 0.0,
     "top-5": 0.0,
     "top-10": 0.0,
     "top-200": 0.614475,
     "exam": 0.011526285281134347,
     "wasted-effort": 325
    }
   }
  },
  "line_line": {
   "Tarantula": {
    "best_case": {
     "top-1": 0.0,
     "top-5": 0.0,
     "top-10": 0.0,
     "top-200": 1.0,
     "exam": 0.0015829134525348909,
     "wasted-effort": 47
    },
    "avg_case": {
     "top-1": 0.0,
     "top-5": 0.0,
     "top-10": 0.0,
     "top-200": 0.9999,
     "exam": 0.0075801489276318725,
     "wasted-effort": 226
    },
    "worst_case": {
     "top-1": 0.0,
     "top-5": 0.0,
     "top-10": 0.0,
     "top-200": 0.8828375,
     "exam": 0.0075801489276318725,
     "wasted-effort": 226
    }
   },
   "Ochiai": {
    "best_case": {
     "top-1": 0.0,
     "top-5": 0.0,
     "top-10": 0.0,
     "top-200": 1.0,
     "exam": 0.0015829134525348909,
     "wasted-effort": 47
    },
    "avg_case": {
     "top-1": 0.0,
     "top-5": 0.0,
     "top-10": 0.0,
     "top-200": 0.969025,
     "exam": 0.011147277834752754,
     "wasted-effort": 306
    },
    "worst_case": {
     "top-1": 0.0,
     "top-5": 0.0,
     "top-10": 0.0,
     "top-200": 0.65285,
     "exam": 0.011147277834752754,
     "wasted-effort": 306
    }
   },
   "DStar": {
    "best_case": {
     "top-1": 0.0,
     "top-5": 0,
     "top-10": 0.6044,
     "top-200": 1.0,
     "exam": 0.0007357203370936817,
     "wasted-effort": 28
    },
    "avg_case": {
     "top-1": 0.0,
     "top-5": 0.0,
     "top-10": 0.179925,
     "top-200": 0.981025,
     "exam": 0.010389262941989566,
     "wasted-effort": 289
    },
    "worst_case": {
     "top-1": 0.0,
     "top-5": 0.0,
     "top-10": 0.0898625,
     "top-200": 0.6927375,
     "exam": 0.010389262941989566,
     "wasted-effort": 289
    }
   },
   "Naish2": {
    "best_case": {
     "top-1": 0.0,
     "top-5": 0.0,
     "top-10": 0.0,
     "top-200": 1.0,
     "exam": 0.001627502563873902,
     "wasted-effort": 48
    },
    "avg_case": {
     "top-1": 0.0,
     "top-5": 0.0,
     "top-10": 0.0,
     "top-200": 0.999775,
     "exam": 0.0075801489276318725,
     "wasted-effort": 226
    },
    "worst_case": {
     "top-1": 0.0,
     "top-5": 0.0,
     "top-10": 0.0,
     "top-200": 0.8855125,
     "exam": 0.0075801489276318725,
     "wasted-effort": 226
    }
   },
   "GP13": {
    "best_case": {
     "top-1": 0.0,
     "top-5": 0.0,
     "top-10": 0.0,
     "top-200": 1.0,
     "exam": 0.0015829134525348909,
     "wasted-effort": 47
    },
    "avg_case": {
     "top-1": 0.0,
     "top-5": 0.0,
     "top-10": 0.0,
     "top-200": 0.99985,
     "exam": 0.0075801489276318725,
     "wasted-effort": 226
    },
    "worst_case": {
     "top-1": 0.0,
     "top-5": 0.0,
     "top-10": 0.0,
     "top-200": 0.884525,
     "exam": 0.0075801489276318725,
     "wasted-effort": 226
    }
   }
  },
  "line_defuse": {
   "Tarantula": {
    "best_case": {
     "top-1": 0.0,
     "top-5": 0.0,
     "top-10": 0.0,
     "top-200": 1.0,
     "exam": 0.0015160297855263745,
     "wasted-effort": 44
    },
    "avg_case": {
     "top-1": 0.0,
     "top-5": 0.0,
     "top-10": 0.0,
     "top-200": 0.999675,
     "exam": 0.003433361573103848,
     "wasted-effort": 104
    },
    "worst_case": {
     "top-1": 0.0,
     "top-5": 0.0,
     "top-10": 0.0,
     "top-200": 0.866475,
     "exam": 0.003433361573103848,
     "wasted-effort": 104
    }
   },
   "Ochiai": {
    "best_case": {
     "top-1": 0.0,
     "top-5": 0.0,
     "top-10": 0.0,
     "top-200": 1.0,
     "exam": 0.0015160297855263745,
     "wasted-effort": 44
    },
    "avg_case": {
     "top-1": 0.0,
     "top-5": 0.0,
     "top-10": 0.0,
     "top-200": 0.998925,
     "exam": 0.0061087082534445085,
     "wasted-effort": 164
    },
    "worst_case": {
     "top-1": 0.0,
     "top-5": 0.0,
     "top-10": 0.0,
     "top-200": 0.8150875,
     "exam": 0.0061087082534445085,
     "wasted-effort": 164
    }
   },
   "DStar": {
    "best_case": {
     "top-1": 0.0,
     "top-5": 0,
     "top-10": 0.6549,
     "top-200": 1.0,
     "exam": 0.0006688366700851652,
     "wasted-effort": 25
    },
    "avg_case": {
     "top-1": 0.0,
     "top-5": 0.0,
     "top-10": 0.199375,
     "top-200": 0.9997,
     "exam": 0.008917822267802203,
     "wasted-effort": 227
    },
    "worst_case": {
     "top-1": 0.0,
     "top-5": 0.0,
     "top-10": 0.09965,
     "top-200": 0.8796125,
     "exam": 0.008917822267802203,
     "wasted-effort": 227
    }
   },
   "Naish2": {
    "best_case": {
     "top-1": 0.0,
     "top-5": 0.0,
     "top-10": 0.0,
     "top-200": 1.0,
     "exam": 0.0015160297855263745,
     "wasted-effort": 44
    },
    "avg_case": {
     "top-1": 0.0,
     "top-5": 0.0,
     "top-10": 0.0,
     "top-200": 0.997925,
     "exam": 0.003433361573103848,
     "wasted-effort": 104
    },
    "worst_case": {
     "top-1": 0.0,
     "top-5": 0.0,
     "top-10": 0.0,
     "top-200": 0.8086625,
     "exam": 0.003433361573103848,
     "wasted-effort": 104
    }
   },
   "GP13": {
    "best_case": {
     "top-1": 0.0,
     "top-5": 0.0,
     "top-10": 0.0,
     "top-200": 1.0,
     "exam": 0.0015160297855263745,
     "wasted-effort": 44
    },
    "avg_case": {
     "top-1": 0.0,
     "top-5": 0.0,
     "top-10": 0.0,
     "top-200": 0.99955,
     "exam": 0.003433361573103848,
     "wasted-effort": 104
    },
    "worst_case": {
     "top-1": 0.0,
     "top-5": 0.0,
     "top-10": 0.0,
     "top-200": 0.8703125,