{
 "keras_3": {
  "line": {
   "Tarantula": {
    "best_case": {
     "top-1": 0.0,
     "top-5": 0.0,
     "top-10": 0.0,
     "top-200": 0.1327,
     "exam": 0.004373434134763307,
     "wasted-effort": 127
    },
    "avg_case": {
     "top-1": 0.0,
     "top-5": 0.0,
     "top-10": 0.0,
     "top-200": 0.04126666666666606,
     "exam": 0.5820843039866379,
     "wasted-effort": 22751
    },
    "worst_case": {
     "top-1": 0.0,
     "top-5": 0.0,
     "top-10": 0.0,
     "top-200": 0.021166666666666337,
     "exam": 0.5820843039866379,
     "wasted-effort": 22751
    }
   },
   "Ochiai": {
    "best_case": {
     "top-1": 0.0,
     "top-5": 0.0,
     "top-10": 0.0,
     "top-200": 0.1304,
     "exam": 0.004373434134763307,
     "wasted-effort": 127
    },
    "avg_case": {
     "top-1": 0.0,
     "top-5": 0.0,
     "top-10": 0.0,
     "top-200": 0.03979999999999948,
     "exam": 0.5820843039866379,
     "wasted-effort": 22751
    },
    "worst_case": {
     "top-1": 0.0,
     "top-5": 0.0,
     "top-10": 0.0,
     "top-200": 0.020599999999999702,
     "exam": 0.5820843039866379,
     "wasted-effort": 22751
    }
   },
   "DStar": {
    "best_case": {
     "top-1": 0.0157,
     "top-5": 0.096,
     "top-10": 0.1812,
     "top-200": 0.1322,
     "exam": 0.0012087380774471453,
     "wasted-effort": 55
    },
    "avg_case": {
     "top-1": 0.00623333333333335,
     "top-5": 0.030566666666666673,
     "top-10": 0.061333333333333316,
     "top-200": 0.045899999999999136,
     "exam": 0.5820843039866379,
     "wasted-effort": 22751
    },
    "worst_case": {
     "top-1": 0.0030000000000000074,
     "top-5": 0.014583333333333377,
     "top-10": 0.030616666666666653,
     "top-200": 0.022266666666666275,
     "exam": 0.5820843039866379,
     "wasted-effort": 22751
    }
   },
   "Naish2": {
    "best_case": {
     "top-1": 0.0,
     "top-5": 0.0,
     "top-10": 0.0,
     "top-200": 0.1274,
     "exam": 0.004373434134763307,
     "wasted-effort": 127
    },
    "avg_case": {
     "top-1": 0.0,
     "top-5": 0.0,
     "top-10": 0.0,
     "top-200": 0.04273333333333265,
     "exam": 0.5820843039866379,
     "wasted-effort": 22751
    },
    "worst_case": {
     "top-1": 0.0,
     "top-5": 0.0,
     "top-10": 0.0,
     "top-200": 0.021349999999999657,
     "exam": 0.5820843039866379,
     "wasted-effort": 22751
    }
   },
   "GP13": {
    "best_case": {
     "top-1": 0.0,
     "top-5": 0.0,
     "top-10": 0.0,
     "top-200": 0.1267,
     "exam": 0.004373434134763307,
     "wasted-effort": 127
    },
    "avg_case": {
     "top-1": 0.0,
     "top-5": 0.0,
     "top-10": 0.0,
     "top-200": 0.040266666666666125,
     "exam": 0.5820843039866379,
     "wasted-effort": 22751
    },
    "worst_case": {
     "top-1": 0.0,
     "top-5": 0.0,
     "top-10": 0.0,
     "top-200": 0.020983333333333014,
     "exam": 0.5820843039866379,
     "wasted-effort": 22751
    }
   }
  },
  "line_line": {
   "Tarantula": {
    "best_case": {
     "top-1": 0,
     "top-5": 0.0,
     "top-10": 0.0,
     "top-200": 0.5692,
     "exam": 0.004395411190716891,
     "wasted-effort": 126
    },
    "avg_case": {
     "top-1": 0.0,
     "top-5": 0.0,
     "top-10": 0.0,
     "top-200": 0.18759999999998528,
     "exam": 0.5820843039866379,
     "wasted-effort": 22751
    },
    "worst_case": {
     "top-1": 0.0,
     "top-5": 0.0,
     "top-10": 0.0,
     "top-200": 0.09499999999999235,
     "exam": 0.5820843039866379,
     "wasted-effort": 22751
    }
   },
   "Ochiai": {
    "best_case": {
     "top-1": 0,
     "top-5": 0.0,
     "top-10": 0.0,
     "top-200": 0.5599,
     "exam": 0.004395411190716891,
     "wasted-effort": 126
    },
    "avg_case": {
     "top-1": 0.0,
     "top-5": 0.0,
     "top-10": 0.0,
     "top-200": 0.19106666666665115,
     "exam": 0.5820843039866379,
     "wasted-effort": 22751
    },
    "worst_case": {
     "top-1": 0.0,
     "top-5": 0.0,
     "top-10": 0.0,
     "top-200": 0.09463333333332578,
     "exam": 0.5820843039866379,
     "wasted-effort": 22751
    }
   },
   "DStar": {
    "best_case": {
     "top-1": 0.0,
     "top-5": 0.0914,
     "top-10": 0.1843,
     "top-200": 0.7108,
     "exam": 0.0012307151334007295,
     "wasted-effort": 54
    },
    "avg_case": {
     "top-1": 0.0,
     "top-5": 0.030166666666666696,
     "top-10": 0.06423333333333364,
     "top-200": 0.23786666666666306,
     "exam": 0.5820843039866379,
     "wasted-effort": 22751
    },
    "worst_case": {
     "top-1": 0.0,
     "top-5": 0.015333333333333334,
     "top-10": 0.03064999999999999,
     "top-200": 0.11716666666666406,
     "exam": 0.5820843039866379,
     "wasted-effort": 22751
    }
   },
   "Naish2": {
    "best_case": {
     "top-1": 0,
     "top-5": 0.0,
     "top-10": 0.0,
     "top-200": 0.5661,
     "exam": 0.004219594743088216,
     "wasted-effort": 122
    },
    "avg_case": {
     "top-1": 0.0,
     "top-5": 0.0,
     "top-10": 0.0,
     "top-200": 0.1859666666666523,
     "exam": 0.5820843039866379,
     "wasted-effort": 22751
    },
    "worst_case": {
     "top-1": 0.0,
     "top-5": 0.0,
     "top-10": 0.0,
     "top-200": 0.0930499999999928,
     "exam": 0.5820843039866379,
     "wasted-effort": 22751
    }
   },
   "GP13": {
    "best_case": {
     "top-1": 0,
     "top-5": 0.0,
     "top-10": 0.0,
     "top-200": 0.589,
     "exam": 0.004395411190716891,
     "wasted-effort": 126
    },
    "avg_case": {
     "top-1": 0.0,
     "top-5": 0.0,
     "top-10": 0.0,
     "top-200": 0.1978666666666496,
     "exam": 0.5820843039866379,
     "wasted-effort": 22751
    },
    "worst_case": {
     "top-1": 0.0,
     "top-5": 0.0,
     "top-10": 0.0,
     "top-200": 0.09769999999999175,
     "exam": 0.5820843039866379,
     "wasted-effort": 22751
    }
   }
  },
  "line_defuse": {
   "Tarantula": {
    "best_case": {
     "top-1": 0.0,
     "top-5": 0.0,
     "top-10": 0.0,
     "top-200": 0.6215,
     "exam": 0.004153663575227462,
     "wasted-effort": 121
    },
    "avg_case": {
     "top-1": 0.0,
     "top-5": 0.0,
     "top-10": 0.0,
     "top-200": 0.20676666666664892,
     "exam": 0.5820843039866379,
     "wasted-effort": 22751
    },
    "worst_case": {
     "top-1": 0.0,
     "top-5": 0.0,
     "top-10": 0.0,
     "top-200": 0.10424999999999152,
     "exam": 0.5820843039866379,
     "wasted-effort": 22751
    }
   },
   "Ochiai": {
    "best_case": {
     "top-1": 0.0,
     "top-5": 0.0,
     "top-10": 0.0,
     "top-200": 0.6229,
     "exam": 0.004329480022856138,
     "wasted-effort": 125
    },
    "avg_case": {
     "top-1": 0.0,
     "top-5": 0.0,
     "top-10": 0.0,
     "top-200": 0.20779999999998272,
     "exam": 0.5820843039866379,
     "wasted-effort": 22751
    },
    "worst_case": {
     "top-1": 0.0,
     "top-5": 0.0,
     "top-10": 0.0,
     "top-200": 0.1052333333333253,
     "exam": 0.5820843039866379,
     "wasted-effort": 22751
    }
   },
   "DStar": {
    "best_case": {
     "top-1": 0.016,
     "top-5": 0.0967,
     "top-10": 0.1917,
     "top-200": 0.815,
     "exam": 0.0011647839655399763,
     "wasted-effort": 53
    },
    "avg_case": {
     "top-1": 0.006066666666666682,
     "top-5": 0.033133333333333195,
     "top-10": 0.06333333333333355,
     "top-200": 0.2706333333333446,
     "exam": 0.5820843039866379,
     "wasted-effort": 22751
    },
    "worst_case": {
     "top-1": 0.002966666666666674,
     "top-5": 0.01601666666666663,
     "top-10": 0.03088333333333335,
     "top-200": 0.13401666666667172,
     "exam": 0.5820843039866379,
     "wasted-effort": 22751
    }
   },
   "Naish2": {
    "best_case": {
     "top-1": 0.0,
     "top-5": 0.0,
     "top-10": 0.0,
     "top-200": 0.6251,
     "exam": 0.004109709463320294,
     "wasted-effort": 120
    },
    "avg_case": {
     "top-1": 0.0,
     "top-5": 0.0,
     "top-10": 0.0,
     "top-200": 0.2092333333333167,
     "exam": 0.5820843039866379,
     "wasted-effort": 22751
    },
    "worst_case": {
     "top-1": 0.0,
     "top-5": 0.0,
     "top-10": 0.0,