{
 "keras_1": {
  "line": {
   "Tarantula": {
    "best_case": {
     "top-1": 0.0047,
     "top-5": 0.0272,
     "top-10": 0.0541,
     "top-200": 0.7216,
     "exam": 0.026393674352858026,
     "wasted-effort": 1195
    },
    "avg_case": {
     "top-1": 0.0006399999999999993,
     "top-5": 0.0028200000000000126,
     "top-10": 0.006020000000000056,
     "top-200": 0.11612000000000545,
     "exam": 0.526393674352858,
     "wasted-effort": 22638
    },
    "worst_case": {
     "top-1": 0.00024499999999999994,
     "top-5": 0.0015300000000000083,
     "top-10": 0.002850000000000026,
     "top-200": 0.05799500000000219,
     "exam": 0.526393674352858,
     "wasted-effort": 22638
    }
   },
   "Ochiai": {
    "best_case": {
     "top-1": 0.0052,
     "top-5": 0.0317,
     "top-10": 0.0603,
     "top-200": 0.7284,
     "exam": 0.026393674352858026,
     "wasted-effort": 1195
    },
    "avg_case": {
     "top-1": 0.0004200000000000001,
     "top-5": 0.003100000000000016,
     "top-10": 0.005680000000000052,
     "top-200": 0.11717000000000435,
     "exam": 0.526393674352858,
     "wasted-effort": 22638
    },
    "worst_case": {
     "top-1": 0.00024499999999999994,
     "top-5": 0.0014450000000000068,
     "top-10": 0.002945000000000027,
     "top-200": 0.05830000000000233,
     "exam": 0.526393674352858,
     "wasted-effort": 22638
    }
   },
   "DStar": {
    "best_case": {
     "top-1": 0.0061,
     "top-5": 0.0298,
     "top-10": 0.0592,
     "top-200": 0.719,
     "exam": 0.026393674352858026,
     "wasted-effort": 1195
    },
    "avg_case": {
     "top-1": 0.0005799999999999996,
     "top-5": 0.003280000000000018,
     "top-10": 0.005780000000000053,
     "top-200": 0.11688000000000442,
     "exam": 0.526393674352858,
     "wasted-effort": 22638
    },
    "worst_case": {
     "top-1": 0.0003099999999999997,
     "top-5": 0.0016050000000000094,
     "top-10": 0.0032850000000000266,
     "top-200": 0.05839500000000219,
     "exam": 0.526393674352858,
     "wasted-effort": 22638
    }
   },
   "Naish2": {
    "best_case": {
     "top-1": 0.0058,
     "top-5": 0.0316,
     "top-10": 0.0563,
     "top-200": 0.7232,
     "exam": 0.026393674352858026,
     "wasted-effort": 1195
    },
    "avg_case": {
     "top-1": 0.0007999999999999987,
     "top-5": 0.002790000000000012,
     "top-10": 0.005630000000000051,
     "top-200": 0.11851000000000404,
     "exam": 0.526393674352858,
     "wasted-effort": 22638
    },
    "worst_case": {
     "top-1": 0.00028499999999999977,
     "top-5": 0.0014900000000000076,
     "top-10": 0.002700000000000025,
     "top-200": 0.05889500000000217,
     "exam": 0.526393674352858,
     "wasted-effort": 22638
    }
   },
   "GP13": {
    "best_case": {
     "top-1": 0.0044,
     "top-5": 0.0279,
     "top-10": 0.059,
     "top-200": 0.73,
     "exam": 0.026393674352858026,
     "wasted-effort": 1195
    },
    "avg_case": {
     "top-1": 0.0005399999999999997,
     "top-5": 0.0030500000000000162,
     "top-10": 0.0059800000000000565,
     "top-200": 0.11821000000000467,
     "exam": 0.526393674352858,
     "wasted-effort": 22638
    },
    "worst_case": {
     "top-1": 0.0002749999999999998,
     "top-5": 0.0014050000000000065,
     "top-10": 0.003005000000000029,
     "top-200": 0.05835000000000224,
     "exam": 0.526393674352858,
     "wasted-effort": 22638
    }
   }
  },
  "line_line": {
   "Tarantula": {
    "best_case": {
     "top-1": 0.0,
     "top-5": 0.0,
     "top-10": 0.0,
     "top-200": 0.6858,
     "exam": 0.0011705981093736197,
     "wasted-effort": 31
    },
    "avg_case": {
     "top-1": 0.0,
     "top-5": 0.0,
     "top-10": 0.0,
     "top-200": 0.10387000000000847,
     "exam": 0.526393674352858,
     "wasted-effort": 22638
    },
    "worst_case": {
     "top-1": 0.0,
     "top-5": 0.0,
     "top-10": 0.0,
     "top-200": 0.052205000000004054,
     "exam": 0.526393674352858,
     "wasted-effort": 22638
    }
   },
   "Ochiai": {
    "best_case": {
     "top-1": 0.0,
     "top-5": 0.0,
     "top-10": 0.0,
     "top-200": 0.6745,
     "exam": 0.0016123332449863063,
     "wasted-effort": 41
    },
    "avg_case": {
     "top-1": 0.0,
     "top-5": 0.0,
     "top-10": 0.0,
     "top-200": 0.10232000000000907,
     "exam": 0.526393674352858,
     "wasted-effort": 22638
    },
    "worst_case": {
     "top-1": 0.0,
     "top-5": 0.0,
     "top-10": 0.0,
     "top-200": 0.051910000000004355,
     "exam": 0.526393674352858,
     "wasted-effort": 22638
    }
   },
   "DStar": {
    "best_case": {
     "top-1": 0.0,
     "top-5": 0.0,
     "top-10": 0.0,
     "top-200": 0.6205,
     "exam": 0.0016123332449863063,
     "wasted-effort": 41
    },
    "avg_case": {
     "top-1": 0.0,
     "top-5": 0.0,
     "top-10": 0.0,
     "top-200": 0.08960000000000828,
     "exam": 0.526393674352858,
     "wasted-effort": 22638
    },
    "worst_case": {
     "top-1": 0.0,
     "top-5": 0.0,
     "top-10": 0.0,
     "top-200": 0.04365500000000395,
     "exam": 0.526393674352858,
     "wasted-effort": 22638
    }
   },
   "Naish2": {
    "best_case": {
     "top-1": 0.0,
     "top-5": 0.0,
     "top-10": 0.0,
     "top-200": 0.68,
     "exam": 0.0016565067585475749,
     "wasted-effort": 42
    },
    "avg_case": {
     "top-1": 0.0,
     "top-5": 0.0,
     "top-10": 0.0,
     "top-200": 0.10321000000000874,
     "exam": 0.526393674352858,
     "wasted-effort": 22638
    },
    "worst_case": {
     "top-1": 0.0,
     "top-5": 0.0,
     "top-10": 0.0,
     "top-200": 0.051520000000004416,
     "exam": 0.526393674352858,
     "wasted-effort": 22638
    }
   },
   "GP13": {
    "best_case": {
     "top-1": 0.0,
     "top-5": 0.0,
     "top-10": 0.0,
     "top-200": 0.6806,
     "exam": 0.0016344200017669405,
     "wasted-effort": 42
    },
    "avg_case": {
     "top-1": 0.0,
     "top-5": 0.0,
     "top-10": 0.0,
     "top-200": 0.10229000000000915,
     "exam": 0.526393674352858,
     "wasted-effort": 22638
    },
    "worst_case": {
     "top-1": 0.0,
     "top-5": 0.0,
     "top-10": 0.0,
     "top-200": 0.051765000000004294,
     "exam": 0.526393674352858,
     "wasted-effort": 22638
    }
   }
  },
  "line_defuse": {
   "Tarantula": {
    "best_case": {
     "top-1": 0.0,
     "top-5": 0.0,
     "top-10": 0.0,
     "top-200": 0.6838,
     "exam": 0.0011705981093736197,
     "wasted-effort": 31
    },
    "avg_case": {
     "top-1": 0.0,
     "top-5": 0.0,
     "top-10": 0.0,
     "top-200": 0.10288000000000926,
     "exam": 0.526393674352858,
     "wasted-effort": 22638
    },
    "worst_case": {
     "top-1": 0.0,
     "top-5": 0.0,
     "top-10": 0.0,
     "top-200": 0.05106000000000465,
     "exam": 0.526393674352858,
     "wasted-effort": 22638
    }
   },
   "Ochiai": {
    "best_case": {
     "top-1": 0.0,
     "top-5": 0.0,
     "top-10": 0.0,
     "top-200": 0.6791,
     "exam": 0.0016123332449863063,
     "wasted-effort": 41
    },
    "avg_case": {
     "top-1": 0.0,
     "top-5": 0.0,
     "top-10": 0.0,
     "top-200": 0.10225000000000907,
     "exam": 0.526393674352858,
     "wasted-effort": 22638
    },
    "worst_case": {
     "top-1": 0.0,
     "top-5": 0.0,
     "top-10": 0.0,
     "top-200": 0.05170500000000445,
     "exam": 0.526393674352858,
     "wasted-effort": 22638
    }
   },
   "DStar": {
    "best_case": {
     "top-1": 0.0,
     "top-5": 0.0,
     "top-10": 0.0,
     "top-200": 0.623,
     "exam": 0.0016123332449863063,
     "wasted-effort": 41
    },
    "avg_case": {
     "top-1": 0.0,
     "top-5": 0.0,
     "top-10": 0.0,
     "top-200": 0.0870100000000079,
     "exam": 0.526393674352858,
     "wasted-effort": 22638
    },
    "worst_case": {
     "top-1": 0.0,
     "top-5": 0.0,
     "top-10": 0.0,
     "top-200": 0.04369000000000395,
     "exam": 0.526393674352858,
     "wasted-effort": 22638
    }
   },
   "Naish2": {
    "best_case": {
     "top-1": 0.0,
     "top-5": 0.0,
     "top-10": 0.0,
     "top-200": 0.6768,
     "exam": 0.0016565067585475749,
     "wasted-effort": 42
    },