{
 "keras_44": {
  "line": {
   "Tarantula": {
    "best_case": {
     "top-1": 0,
     "top-5": 0.8329,
     "top-10": 0.983,
     "top-200": 0.9972,
     "exam": 0.0001680672268907563,
     "wasted-effort": 6
    },
    "avg_case": {
     "top-1": 0.0,
     "top-5": 0.8328,
     "top-10": 0.9853,
     "top-200": 0.9953,
     "exam": 0.0001680672268907563,
     "wasted-effort": 6
    },
    "worst_case": {
     "top-1": 0.0,
     "top-5": 0.41585,
     "top-10": 0.83335,
     "top-200": 0.9312,
     "exam": 0.0004801920768307323,
     "wasted-effort": 12
    }
   },
   "Ochiai": {
    "best_case": {
     "top-1": 0,
     "top-5": 0.8298,
     "top-10": 0.9841,
     "top-200": 0.363,
     "exam": 0.0001680672268907563,
     "wasted-effort": 6
    },
    "avg_case": {
     "top-1": 0.0,
     "top-5": 0.8294,
     "top-10": 0.9843,
     "top-200": 0.369,
     "exam": 0.0001680672268907563,
     "wasted-effort": 6
    },
    "worst_case": {
     "top-1": 0.0,
     "top-5": 0.41775,
     "top-10": 0.8303,
     "top-200": 0.2006,
     "exam": 0.0004801920768307323,
     "wasted-effort": 12
    }
   },
   "DStar": {
    "best_case": {
     "top-1": 0,
     "top-5": 0.838,
     "top-10": 0.9837,
     "top-200": 0.3671,
     "exam": 0.0001680672268907563,
     "wasted-effort": 6
    },
    "avg_case": {
     "top-1": 0.0,
     "top-5": 0.8351,
     "top-10": 0.9851,
     "top-200": 0.3663,
     "exam": 0.0001680672268907563,
     "wasted-effort": 6
    },
    "worst_case": {
     "top-1": 0.0,
     "top-5": 0.4155,
     "top-10": 0.8355,
     "top-200": 0.19985,
     "exam": 0.0004801920768307323,
     "wasted-effort": 12
    }
   },
   "Naish1": {
    "best_case": {
     "top-1": 0,
     "top-5": 0.8293,
     "top-10": 0.9832,
     "top-200": 0.3662,
     "exam": 0.0001680672268907563,
     "wasted-effort": 6
    },
    "avg_case": {
     "top-1": 0.0,
     "top-5": 0.8279,
     "top-10": 0.9839,
     "top-200": 0.3621,
     "exam": 0.0001680672268907563,
     "wasted-effort": 6
    },
    "worst_case": {
     "top-1": 0.0,
     "top-5": 0.4153,
     "top-10": 0.8334,
     "top-200": 0.1996,
     "exam": 0.0004801920768307323,
     "wasted-effort": 12
    }
   },
   "Naish2": {
    "best_case": {
     "top-1": 0,
     "top-5": 0.8318,
     "top-10": 0.984,
     "top-200": 0.3631,
     "exam": 0.0001680672268907563,
     "wasted-effort": 6
    },
    "avg_case": {
     "top-1": 0.0,
     "top-5": 0.8318,
     "top-10": 0.9849,
     "top-200": 0.3628,
     "exam": 0.0001680672268907563,
     "wasted-effort": 6
    },
    "worst_case": {
     "top-1": 0.0,
     "top-5": 0.41585,
     "top-10": 0.8364,
     "top-200": 0.20185,
     "exam": 0.0004801920768307323,
     "wasted-effort": 12
    }
   },
   "GP13": {
    "best_case": {
     "top-1": 0,
     "top-5": 0.8266,
     "top-10": 0.9848,
     "top-200": 0.3656,
     "exam": 0.0001680672268907563,
     "wasted-effort": 6
    },
    "avg_case": {
     "top-1": 0.0,
     "top-5": 0.8293,
     "top-10": 0.9879,
     "top-200": 0.3654,
     "exam": 0.0001680672268907563,
     "wasted-effort": 6
    },
    "worst_case": {
     "top-1": 0.0,
     "top-5": 0.41585,
     "top-10": 0.8321,
     "top-200": 0.20685,
     "exam": 0.0004801920768307323,
     "wasted-effort": 12
    }
   }
  },
  "line_line": {
   "Tarantula": {
    "best_case": {
     "top-1": 0,
     "top-5": 0.8273,
     "top-10": 1.0,
     "top-200": 0.9716,
     "exam": 0.0001680672268907563,
     "wasted-effort": 6
    },
    "avg_case": {
     "top-1": 0.0,
     "top-5": 0.838,
     "top-10": 1.0,
     "top-200": 0.9697,
     "exam": 0.0001680672268907563,
     "wasted-effort": 6
    },
    "worst_case": {
     "top-1": 0.0,
     "top-5": 0.41605,
     "top-10": 0.90975,
     "top-200": 0.8263,
     "exam": 0.00043217286914765904,
     "wasted-effort": 11
    }
   },
   "Ochiai": {
    "best_case": {
     "top-1": 0,
     "top-5": 0.8367,
     "top-10": 1.0,
     "top-200": 0.9871,
     "exam": 0.0001680672268907563,
     "wasted-effort": 6
    },
    "avg_case": {
     "top-1": 0.0,
     "top-5": 0.8312,
     "top-10": 1.0,
     "top-200": 0.99,
     "exam": 0.0001680672268907563,
     "wasted-effort": 6
    },
    "worst_case": {
     "top-1": 0.0,
     "top-5": 0.41755,
     "top-10": 0.9073,
     "top-200": 0.88795,
     "exam": 0.00043217286914765904,
     "wasted-effort": 11
    }
   },
   "DStar": {
    "best_case": {
     "top-1": 0,
     "top-5": 0.8357,
     "top-10": 1.0,
     "top-200": 0.9892,
     "exam": 0.0001680672268907563,
     "wasted-effort": 6
    },
    "avg_case": {
     "top-1": 0.0,
     "top-5": 0.8289,
     "top-10": 1.0,
     "top-200": 0.9867,
     "exam": 0.0001680672268907563,
     "wasted-effort": 6
    },
    "worst_case": {
     "top-1": 0.0,
     "top-5": 0.41665,
     "top-10": 0.9096,
     "top-200": 0.88255,
     "exam": 0.00043217286914765904,
     "wasted-effort": 11
    }
   },
   "Naish1": {
    "best_case": {
     "top-1": 0,
     "top-5": 0.8384,
     "top-10": 1.0,
     "top-200": 0.1228,
     "exam": 0.0001680672268907563,
     "wasted-effort": 6
    },
    "avg_case": {
     "top-1": 0.0,
     "top-5": 0.841,
     "top-10": 1.0,
     "top-200": 0.1227,
     "exam": 0.0001680672268907563,
     "wasted-effort": 6
    },
    "worst_case": {
     "top-1": 0.0,
     "top-5": 0.4159,
     "top-10": 0.90735,
     "top-200": 0.0623,
     "exam": 0.00043217286914765904,
     "wasted-effort": 11
    }
   },
   "Naish2": {
    "best_case": {
     "top-1": 0,
     "top-5": 0.8301,
     "top-10": 1.0,
     "top-200": 0.9868,
     "exam": 0.0001680672268907563,
     "wasted-effort": 6
    },
    "avg_case": {
     "top-1": 0.0,
     "top-5": 0.8332,
     "top-10": 1.0,
     "top-200": 0.9885,
     "exam": 0.0001680672268907563,
     "wasted-effort": 6
    },
    "worst_case": {
     "top-1": 0.0,
     "top-5": 0.415,
     "top-10": 0.9106,
     "top-200": 0.88445,
     "exam": 0.00043217286914765904,
     "wasted-effort": 11
    }
   },
   "GP13": {
    "best_case": {
     "top-1": 0,
     "top-5": 0.8364,
     "top-10": 1.0,
     "top-200": 0.9855,
     "exam": 0.0001680672268907563,
     "wasted-effort": 6
    },
    "avg_case": {
     "top-1": 0.0,
     "top-5": 0.8373,
     "top-10": 1.0,
     "top-200": 0.9877,
     "exam": 0.0001680672268907563,
     "wasted-effort": 6
    },
    "worst_case": {
     "top-1": 0.0,
     "top-5": 0.4165,
     "top-10": 0.909,
     "top-200": 0.8847,
     "exam": 0.00043217286914765904,
     "wasted-effort": 11
    }
   }
  },
  "line_defuse": {
   "Tarantula": {
    "best_case": {
     "top-1": 0,
     "top-5": 0.83,
     "top-10": 1.0,
     "top-200": 0.9331,
     "exam": 0.0001680672268907563,
     "wasted-effort": 6
    },
    "avg_case": {
     "top-1": 0.0,
     "top-5": 0.8346,
     "top-10": 1.0,
     "top-200": 0.9357,
     "exam": 0.0001680672268907563,
     "wasted-effort": 6
    },
    "worst_case": {
     "top-1": 0.0,
     "top-5": 0.41655,
     "top-10": 0.9107,
     "top-200": 0.7331,
     "exam": 0.00043217286914765904,
     "wasted-effort": 11
    }
   },
   "Ochiai": {
    "best_case": {
     "top-1": 0,
     "top-5": 0.8316,
     "top-10": 1.0,
     "top-200": 1.0,
     "exam": 0.0001680672268907563,
     "wasted-effort": 6
    },
    "avg_case": {
     "top-1": 0.0,
     "top-5": 0.8323,
     "top-10": 1.0,
     "top-200": 1.0,
     "exam": 0.0001680672268907563,
     "wasted-effort": 6
    },
    "worst_case": {
     "top-1": 0.0,
     "top-5": 0.41345,
     "top-10": 0.9064,
     "top-200": 0.99485,
     "exam": 0.00043217286914765904,
     "wasted-effort": 11
    }
   },
   "DStar": {
    "best_case": {
     "top-1": 0,
     "top-5": 0.829,
     "top-10": 1.0,
     "top-200": 1.0,
     "exam": 0.0001680672268907563,
     "wasted-effort": 6
    },
    "avg_case": {
     "top-1": 0.0,
     "top-5": 0.8378,
     "top-10": 1.0,
     "top-200": 1.0,
     "exam": 0.0001680672268907563,
     "wasted-effort": 6
    },
    "worst_case": {
     "top-1": 0.0,