{
 "keras_24": {
  "line": {
   "Tarantula": {
    "best_case": {
     "top-5": 0.0,
     "top-10": 0.0,
     "top-200": 0.0,
     "exam": 0.00999450619110003,
     "wasted-effort": 250
    },
    "avg_case": {
     "top-5": 0.0,
     "top-10": 0.0,
     "top-200": 0.0,
     "exam": 0.00999450619110003,
     "wasted-effort": 250
    },
    "worst_case": {
     "top-5": 0.0,
     "top-10": 0.0,
     "top-200": 0.0,
     "exam": 0.5746735409711363,
     "wasted-effort": 23663
    }
   },
   "Ochiai": {
    "best_case": {
     "top-5": 0.0,
     "top-10": 0.0,
     "top-200": 0.0,
     "exam": 0.00999450619110003,
     "wasted-effort": 250
    },
    "avg_case": {
     "top-5": 0.0,
     "top-10": 0.0,
     "top-200": 0.0,
     "exam": 0.00999450619110003,
     "wasted-effort": 250
    },
    "worst_case": {
     "top-5": 0.0,
     "top-10": 0.0,
     "top-200": 0.0,
     "exam": 0.5746735409711363,
     "wasted-effort": 23663
    }
   },
   "DStar": {
    "best_case": {
     "top-5": 0.0,
     "top-10": 0.0,
     "top-200": 0.7476,
     "exam": 0.0037400160588260153,
     "wasted-effort": 102
    },
    "avg_case": {
     "top-5": 0.0,
     "top-10": 0.0,
     "top-200": 0.7468,
     "exam": 0.0037400160588260153,
     "wasted-effort": 102
    },
    "worst_case": {
     "top-5": 0.0,
     "top-10": 0.0,
     "top-200": 0.37485,
     "exam": 0.5746735409711363,
     "wasted-effort": 23663
    }
   }
  },
  "line_line": {
   "Tarantula": {
    "best_case": {
     "top-5": 0,
     "top-10": 0,
     "top-200": 0.9142,
     "exam": 0.0020707433546042343,
     "wasted-effort": 62
    },
    "avg_case": {
     "top-5": 0.0,
     "top-10": 0.0,
     "top-200": 0.9095,
     "exam": 0.0020707433546042343,
     "wasted-effort": 62
    },
    "worst_case": {
     "top-5": 0.0,
     "top-10": 0.0,
     "top-200": 0.4566,
     "exam": 0.5746735409711363,
     "wasted-effort": 23663
    }
   },
   "Ochiai": {
    "best_case": {
     "top-5": 0,
     "top-10": 0.0,
     "top-200": 0.0,
     "exam": 0.00976207581456282,
     "wasted-effort": 244
    },
    "avg_case": {
     "top-5": 0.0,
     "top-10": 0.0,
     "top-200": 0.0,
     "exam": 0.00976207581456282,
     "wasted-effort": 244
    },
    "worst_case": {
     "top-5": 0.0,
     "top-10": 0.0,
     "top-200": 0.0,
     "exam": 0.5746735409711363,
     "wasted-effort": 23663
    }
   },
   "DStar": {
    "best_case": {
     "top-5": 0.0,
     "top-10": 0.0,
     "top-200": 0.8515,
     "exam": 0.00371888602459536,
     "wasted-effort": 101
    },
    "avg_case": {
     "top-5": 0.0,
     "top-10": 0.0,
     "top-200": 0.8487,
     "exam": 0.00371888602459536,
     "wasted-effort": 101
    },
    "worst_case": {
     "top-5": 0.0,
     "top-10": 0.0,
     "top-200": 0.42295,
     "exam": 0.5746735409711363,
     "wasted-effort": 23663
    }
   }
  },
  "line_defuse": {
   "Tarantula": {
    "best_case": {
     "top-5": 0.0,
     "top-10": 0.0,
     "top-200": 0.9382,
     "exam": 0.0009719815746101508,
     "wasted-effort": 28
    },
    "avg_case": {
     "top-5": 0.0,
     "top-10": 0.0,
     "top-200": 0.9381,
     "exam": 0.0009719815746101508,
     "wasted-effort": 28
    },
    "worst_case": {
     "top-5": 0.0,
     "top-10": 0.0,
     "top-200": 0.4684,
     "exam": 0.5746735409711363,
     "wasted-effort": 23663
    }
   },
   "Ochiai": {
    "best_case": {
     "top-5": 0.0,
     "top-10": 0.0,
     "top-200": 0.0,
     "exam": 0.009635295609178886,
     "wasted-effort": 233
    },
    "avg_case": {
     "top-5": 0.0,
     "top-10": 0.0,
     "top-200": 0.0,
     "exam": 0.009635295609178886,
     "wasted-effort": 233
    },
    "worst_case": {
     "top-5": 0.0,
     "top-10": 0.0,
     "top-200": 0.0,
     "exam": 0.5746735409711363,
     "wasted-effort": 23663
    }
   },
   "DStar": {
    "best_case": {
     "top-5": 0.0,
     "top-10": 0.0,
     "top-200": 0.8268,
     "exam": 0.0033808054769048725,
     "wasted-effort": 85
    },
    "avg_case": {
     "top-5": 0.0,
     "top-10": 0.0,
     "top-200": 0.8277,
     "exam": 0.0033808054769048725,
     "wasted-effort": 85
    },
    "worst_case": {
     "top-5": 0.0,
     "top-10": 0.0,
     "top-200": 0.41285,
     "exam": 0.5746735409711363,
     "wasted-effort": 23663
    }
   }
  },
  "line_defuses": {
   "Tarantula": {
    "best_case": {
     "top-5": 0.0,
     "top-10": 0.0,
     "top-200": 0.9847,
     "exam": 0.00418374677766978,
     "wasted-effort": 104
    },
    "avg_case": {
     "top-5": 0.0,
     "top-10": 0.0,
     "top-200": 0.9862,
     "exam": 0.00418374677766978,
     "wasted-effort": 104
    },
    "worst_case": {
     "top-5": 0.0,
     "top-10": 0.0,
     "top-200": 0.4928,
     "exam": 0.5746735409711363,
     "wasted-effort": 23663
    }
   },
   "Ochiai": {
    "best_case": {
     "top-5": 0,
     "top-10": 0.0,
     "top-200": 0.863,
     "exam": 0.00790263280226514,
     "wasted-effort": 192
    },
    "avg_case": {
     "top-5": 0.0,
     "top-10": 0.0,
     "top-200": 0.8632,
     "exam": 0.00790263280226514,
     "wasted-effort": 192
    },
    "worst_case": {
     "top-5": 0.0,
     "top-10": 0.0,
     "top-200": 0.4296,
     "exam": 0.5746735409711363,
     "wasted-effort": 23663
    }
   },
   "DStar": {
    "best_case": {
     "top-5": 0.0,
     "top-10": 0.0,
     "top-200": 0.8449,
     "exam": 0.0033808054769048725,
     "wasted-effort": 85
    },
    "avg_case": {
     "top-5": 0.0,
     "top-10": 0.0,
     "top-200": 0.8469,
     "exam": 0.0033808054769048725,
     "wasted-effort": 85
    },
    "worst_case": {
     "top-5": 0.0,
     "top-10": 0.0,
     "top-200": 0.42455,
     "exam": 0.5746735409711363,
     "wasted-effort": 23663
    }
   }
  },
  "line_assert_use": {
   "Tarantula": {
    "best_case": {
     "top-5": 0.0,
     "top-10": 0.0,
     "top-200": 0.9394,
     "exam": 0.0009719815746101508,
     "wasted-effort": 28
    },
    "avg_case": {
     "top-5": 0.0,
     "top-10": 0.0,
     "top-200": 0.9372,
     "exam": 0.0009719815746101508,
     "wasted-effort": 28
    },
    "worst_case": {
     "top-5": 0.0,
     "top-10": 0.0,
     "top-200": 0.47105,
     "exam": 0.5746735409711363,
     "wasted-effort": 23663
    }
   },
   "Ochiai": {
    "best_case": {
     "top-5": 0.0,
     "top-10": 0.0,
     "top-200": 0.0,
     "exam": 0.009635295609178886,
     "wasted-effort": 233
    },
    "avg_case": {
     "top-5": 0.0,
     "top-10": 0.0,
     "top-200": 0.0,
     "exam": 0.009635295609178886,
     "wasted-effort": 233
    },
    "worst_case": {
     "top-5": 0.0,
     "top-10": 0.0,
     "top-200": 0.0,
     "exam": 0.5746735409711363,
     "wasted-effort": 23663
    }
   },
   "DStar": {
    "best_case": {
     "top-5": 0.0,
     "top-10": 0.0,
     "top-200": 0.8237,
     "exam": 0.0033808054769048725,
     "wasted-effort": 85
    },
    "avg_case": {
     "top-5": 0.0,
     "top-10": 0.0,
     "top-200": 0.8288,
     "exam": 0.0033808054769048725,
     "wasted-effort": 85
    },
    "worst_case": {
     "top-5": 0.0,
     "top-10": 0.0,
     "top-200": 0.41235,
     "exam": 0.5746735409711363,
     "wasted-effort": 23663
    }
   }
  },
  "line_assert_uses": {
   "Tarantula": {
    "best_case": {
     "top-5": 0.0,
     "top-10": 0.0,
     "top-200": 0.9846,
     "exam": 0.00418374677766978,
     "wasted-effort": 104
    },
    "avg_case": {
     "top-5": 0.0,
     "top-10": 0.0,
     "top-200": 0.9865,
     "exam": 0.00418374677766978,
     "wasted-effort": 104
    },
    "worst_case": {
     "top-5": 0.0,
     "top-10": 0.0,
     "top-200": 0.4929,
     "exam": 0.5746735409711363,
     "wasted-effort": 23663
    }
   },
   "Ochiai": {
    "best_case": {
     "top-5": 0,
     "top-10": 0.0,
     "top-200": 0.8569,
     "exam": 0.00790263280226514,
     "wasted-effort": 192
    },
    "avg_case": {
     "top-5": 0.0,
     "top-10": 0.0,
     "top-200": 0.8626,
     "exam": 0.00790263280226514,
     "wasted-effort": 192
    },
    "worst_case": {
     "top-5": 0.0,
     "top-10": 0.0,