{
 "keras_3": {
  "line": {
   "Tarantula": {
    "best_case": {
     "top-1": 0.0,
     "top-5": 0.0,
     "top-10": 0.0,
     "top-200": 0.1258,
     "exam": 0.004373434134763307,
     "wasted-effort": 127
    },
    "avg_case": {
     "top-1": 0.0,
     "top-5": 0.0,
     "top-10": 0.0,
     "top-200": 0.04079999999999943,
     "exam": 0.5820843039866379,
     "wasted-effort": 22751
    },
    "worst_case": {
     "top-1": 0.0,
     "top-5": 0.0,
     "top-10": 0.0,
     "top-200": 0.020133333333333062,
     "exam": 0.5820843039866379,
     "wasted-effort": 22751
    }
   },
   "Ochiai": {
    "best_case": {
     "top-1": 0.0,
     "top-5": 0.0,
     "top-10": 0.0,
     "top-200": 0.1271,
     "exam": 0.004373434134763307,
     "wasted-effort": 127
    },
    "avg_case": {
     "top-1": 0.0,
     "top-5": 0.0,
     "top-10": 0.0,
     "top-200": 0.04159999999999938,
     "exam": 0.5820843039866379,
     "wasted-effort": 22751
    },
    "worst_case": {
     "top-1": 0.0,
     "top-5": 0.0,
     "top-10": 0.0,
     "top-200": 0.021866666666666295,
     "exam": 0.5820843039866379,
     "wasted-effort": 22751
    }
   },
   "DStar": {
    "best_case": {
     "top-1": 0.0207,
     "top-5": 0.0941,
     "top-10": 0.1827,
     "top-200": 0.1348,
     "exam": 0.0012087380774471453,
     "wasted-effort": 55
    },
    "avg_case": {
     "top-1": 0.006100000000000016,
     "top-5": 0.030433333333333347,
     "top-10": 0.06223333333333342,
     "top-200": 0.044466666666665884,
     "exam": 0.5820843039866379,
     "wasted-effort": 22751
    },
    "worst_case": {
     "top-1": 0.003116666666666675,
     "top-5": 0.01500000000000002,
     "top-10": 0.030133333333333262,
     "top-200": 0.0218166666666663,
     "exam": 0.5820843039866379,
     "wasted-effort": 22751
    }
   },
   "Naish2": {
    "best_case": {
     "top-1": 0.0,
     "top-5": 0.0,
     "top-10": 0.0,
     "top-200": 0.1267,
     "exam": 0.004373434134763307,
     "wasted-effort": 127
    },
    "avg_case": {
     "top-1": 0.0,
     "top-5": 0.0,
     "top-10": 0.0,
     "top-200": 0.04306666666666596,
     "exam": 0.5820843039866379,
     "wasted-effort": 22751
    },
    "worst_case": {
     "top-1": 0.0,
     "top-5": 0.0,
     "top-10": 0.0,
     "top-200": 0.020866666666666353,
     "exam": 0.5820843039866379,
     "wasted-effort": 22751
    }
   },
   "GP13": {
    "best_case": {
     "top-1": 0.0,
     "top-5": 0.0,
     "top-10": 0.0,
     "top-200": 0.1281,
     "exam": 0.004373434134763307,
     "wasted-effort": 127
    },
    "avg_case": {
     "top-1": 0.0,
     "top-5": 0.0,
     "top-10": 0.0,
     "top-200": 0.042433333333332664,
     "exam": 0.5820843039866379,
     "wasted-effort": 22751
    },
    "worst_case": {
     "top-1": 0.0,
     "top-5": 0.0,
     "top-10": 0.0,
     "top-200": 0.020549999999999704,
     "exam": 0.5820843039866379,
     "wasted-effort": 22751
    }
   }
  },
  "line_line": {
   "Tarantula": {
    "best_case": {
     "top-1": 0,
     "top-5": 0.0,
     "top-10": 0.0,
     "top-200": 0.5551,
     "exam": 0.004395411190716891,
     "wasted-effort": 126
    },
    "avg_case": {
     "top-1": 0.0,
     "top-5": 0.0,
     "top-10": 0.0,
     "top-200": 0.18783333333331856,
     "exam": 0.5820843039866379,
     "wasted-effort": 22751
    },
    "worst_case": {
     "top-1": 0.0,
     "top-5": 0.0,
     "top-10": 0.0,
     "top-200": 0.09428333333332585,
     "exam": 0.5820843039866379,
     "wasted-effort": 22751
    }
   },
   "Ochiai": {
    "best_case": {
     "top-1": 0,
     "top-5": 0.0,
     "top-10": 0.0,
     "top-200": 0.5641,
     "exam": 0.004395411190716891,
     "wasted-effort": 126
    },
    "avg_case": {
     "top-1": 0.0,
     "top-5": 0.0,
     "top-10": 0.0,
     "top-200": 0.19196666666665094,
     "exam": 0.5820843039866379,
     "wasted-effort": 22751
    },
    "worst_case": {
     "top-1": 0.0,
     "top-5": 0.0,
     "top-10": 0.0,
     "top-200": 0.09434999999999251,
     "exam": 0.5820843039866379,
     "wasted-effort": 22751
    }
   },
   "DStar": {
    "best_case": {
     "top-1": 0.0,
     "top-5": 0.0939,
     "top-10": 0.1883,
     "top-200": 0.7106,
     "exam": 0.0012307151334007295,
     "wasted-effort": 54
    },
    "avg_case": {
     "top-1": 0.0,
     "top-5": 0.03299999999999987,
     "top-10": 0.06166666666666669,
     "top-200": 0.235566666666662,
     "exam": 0.5820843039866379,
     "wasted-effort": 22751
    },
    "worst_case": {
     "top-1": 0.0,
     "top-5": 0.015250000000000005,
     "top-10": 0.031050000000000032,
     "top-200": 0.11831666666666459,
     "exam": 0.5820843039866379,
     "wasted-effort": 22751
    }
   },
   "Naish2": {
    "best_case": {
     "top-1": 0,
     "top-5": 0.0,
     "top-10": 0.0,
     "top-200": 0.5686,
     "exam": 0.004219594743088216,
     "wasted-effort": 122
    },
    "avg_case": {
     "top-1": 0.0,
     "top-5": 0.0,
     "top-10": 0.0,
     "top-200": 0.19046666666665127,
     "exam": 0.5820843039866379,
     "wasted-effort": 22751
    },
    "worst_case": {
     "top-1": 0.0,
     "top-5": 0.0,
     "top-10": 0.0,
     "top-200": 0.09519999999999232,
     "exam": 0.5820843039866379,
     "wasted-effort": 22751
    }
   },
   "GP13": {
    "best_case": {
     "top-1": 0,
     "top-5": 0.0,
     "top-10": 0.0,
     "top-200": 0.5844,
     "exam": 0.004395411190716891,
     "wasted-effort": 126
    },
    "avg_case": {
     "top-1": 0.0,
     "top-5": 0.0,
     "top-10": 0.0,
     "top-200": 0.19479999999998363,
     "exam": 0.5820843039866379,
     "wasted-effort": 22751
    },
    "worst_case": {
     "top-1": 0.0,
     "top-5": 0.0,
     "top-10": 0.0,
     "top-200": 0.09759999999999176,
     "exam": 0.5820843039866379,
     "wasted-effort": 22751
    }
   }
  },
  "line_defuse": {
   "Tarantula": {
    "best_case": {
     "top-1": 0.0,
     "top-5": 0.0,
     "top-10": 0.0,
     "top-200": 0.6281,
     "exam": 0.004153663575227462,
     "wasted-effort": 121
    },
    "avg_case": {
     "top-1": 0.0,
     "top-5": 0.0,
     "top-10": 0.0,
     "top-200": 0.2112999999999843,
     "exam": 0.5820843039866379,
     "wasted-effort": 22751
    },
    "worst_case": {
     "top-1": 0.0,
     "top-5": 0.0,
     "top-10": 0.0,
     "top-200": 0.10358333333332455,
     "exam": 0.5820843039866379,
     "wasted-effort": 22751
    }
   },
   "Ochiai": {
    "best_case": {
     "top-1": 0.0,
     "top-5": 0.0,
     "top-10": 0.0,
     "top-200": 0.6372,
     "exam": 0.004329480022856138,
     "wasted-effort": 125
    },
    "avg_case": {
     "top-1": 0.0,
     "top-5": 0.0,
     "top-10": 0.0,
     "top-200": 0.206966666666649,
     "exam": 0.5820843039866379,
     "wasted-effort": 22751
    },
    "worst_case": {
     "top-1": 0.0,
     "top-5": 0.0,
     "top-10": 0.0,
     "top-200": 0.10528333333332532,
     "exam": 0.5820843039866379,
     "wasted-effort": 22751
    }
   },
   "DStar": {
    "best_case": {
     "top-1": 0.0177,
     "top-5": 0.0907,
     "top-10": 0.187,
     "top-200": 0.8087,
     "exam": 0.0011647839655399763,
     "wasted-effort": 53
    },
    "avg_case": {
     "top-1": 0.00666666666666668,
     "top-5": 0.030533333333333343,
     "top-10": 0.06113333333333329,
     "top-200": 0.2710333333333448,
     "exam": 0.5820843039866379,
     "wasted-effort": 22751
    },
    "worst_case": {
     "top-1": 0.0031833333333333423,
     "top-5": 0.01628333333333328,
     "top-10": 0.03261666666666688,
     "top-200": 0.134616666666672,
     "exam": 0.5820843039866379,
     "wasted-effort": 22751
    }
   },
   "Naish2": {
    "best_case": {
     "top-1": 0.0,
     "top-5": 0.0,
     "top-10": 0.0,
     "top-200": 0.6188,
     "exam": 0.004153663575227462,
     "wasted-effort": 121
    },
    "avg_case": {
     "top-1": 0.0,
     "top-5": 0.0,
     "top-10": 0.0,
     "top-200": 0.20803333333331617,
     "exam": 0.5820843039866379,
     "wasted-effort": 22751
    },
    "worst_case": {
     "top-1": 0.0,
     "top-5": 0.0,
     "top-10": 0.0,