{
 "keras_35": {
  "line": {
   "Tarantula": {
    "best_case": {
     "top-5": 0.502,
     "top-10": 1,
     "top-200": 1.0,
     "exam": 0.00022160173735762088,
     "wasted-effort": 10
    },
    "avg_case": {
     "top-5": 0.19920000000000176,
     "top-10": 0.4,
     "top-200": 0.9971999999999999,
     "exam": 0.0007977662544874351,
     "wasted-effort": 26
    },
    "worst_case": {
     "top-5": 0.09980000000000087,
     "top-10": 0.2,
     "top-200": 0.5984000000000111,
     "exam": 0.5280547799494748,
     "wasted-effort": 22563
    }
   },
   "Ochiai": {
    "best_case": {
     "top-5": 0.525,
     "top-10": 1,
     "top-200": 1.0,
     "exam": 0.00022160173735762088,
     "wasted-effort": 10
    },
    "avg_case": {
     "top-5": 0.19840000000000174,
     "top-10": 0.4,
     "top-200": 0.9973999999999996,
     "exam": 0.0007977662544874351,
     "wasted-effort": 26
    },
    "worst_case": {
     "top-5": 0.10220000000000092,
     "top-10": 0.2,
     "top-200": 0.5976000000000108,
     "exam": 0.5280547799494748,
     "wasted-effort": 22563
    }
   },
   "DStar": {
    "best_case": {
     "top-5": 0.334,
     "top-10": 0.611,
     "top-200": 0.36,
     "exam": 0.00035456277977219343,
     "wasted-effort": 16
    },
    "avg_case": {
     "top-5": 0.12480000000000069,
     "top-10": 0.26120000000000226,
     "top-200": 0.1560000000000009,
     "exam": 0.004010991446172938,
     "wasted-effort": 138
    },
    "worst_case": {
     "top-5": 0.061600000000000335,
     "top-10": 0.12760000000000127,
     "top-200": 0.08700000000000058,
     "exam": 0.5280547799494748,
     "wasted-effort": 22563
    }
   }
  },
  "line_line": {
   "Tarantula": {
    "best_case": {
     "top-5": 0.638,
     "top-10": 1,
     "top-200": 1.0,
     "exam": 4.432034747152418e-05,
     "wasted-effort": 1
    },
    "avg_case": {
     "top-5": 0.24280000000000238,
     "top-10": 0.4,
     "top-200": 0.9971999999999996,
     "exam": 0.0006426450383371006,
     "wasted-effort": 19
    },
    "worst_case": {
     "top-5": 0.12180000000000119,
     "top-10": 0.2,
     "top-200": 0.5972000000000109,
     "exam": 0.5280547799494748,
     "wasted-effort": 22563
    }
   },
   "Ochiai": {
    "best_case": {
     "top-5": 0.637,
     "top-10": 1,
     "top-200": 1.0,
     "exam": 4.432034747152418e-05,
     "wasted-effort": 1
    },
    "avg_case": {
     "top-5": 0.24520000000000242,
     "top-10": 0.4,
     "top-200": 0.9959999999999996,
     "exam": 0.0006426450383371006,
     "wasted-effort": 19
    },
    "worst_case": {
     "top-5": 0.12580000000000124,
     "top-10": 0.2,
     "top-200": 0.5966000000000107,
     "exam": 0.5280547799494748,
     "wasted-effort": 22563
    }
   },
   "DStar": {
    "best_case": {
     "top-5": 0.548,
     "top-10": 0.837,
     "top-200": 0.355,
     "exam": 0.00019944156362185878,
     "wasted-effort": 9
    },
    "avg_case": {
     "top-5": 0.21960000000000204,
     "top-10": 0.32999999999999835,
     "top-200": 0.15720000000000103,
     "exam": 0.0023711385897265433,
     "wasted-effort": 64
    },
    "worst_case": {
     "top-5": 0.11080000000000104,
     "top-10": 0.16719999999999904,
     "top-200": 0.08420000000000054,
     "exam": 0.5280547799494748,
     "wasted-effort": 22563
    }
   }
  },
  "line_defuse": {
   "Tarantula": {
    "best_case": {
     "top-5": 0.637,
     "top-10": 1,
     "top-200": 1.0,
     "exam": 4.432034747152418e-05,
     "wasted-effort": 1
    },
    "avg_case": {
     "top-5": 0.24880000000000246,
     "top-10": 0.4,
     "top-200": 0.9979999999999998,
     "exam": 0.0006426450383371006,
     "wasted-effort": 19
    },
    "worst_case": {
     "top-5": 0.11980000000000116,
     "top-10": 0.2,
     "top-200": 0.5968000000000108,
     "exam": 0.5280547799494748,
     "wasted-effort": 22563
    }
   },
   "Ochiai": {
    "best_case": {
     "top-5": 0.591,
     "top-10": 1,
     "top-200": 1.0,
     "exam": 4.432034747152418e-05,
     "wasted-effort": 1
    },
    "avg_case": {
     "top-5": 0.24640000000000242,
     "top-10": 0.4,
     "top-200": 0.9969999999999998,
     "exam": 0.0006426450383371006,
     "wasted-effort": 19
    },
    "worst_case": {
     "top-5": 0.1294000000000012,
     "top-10": 0.2,
     "top-200": 0.5972000000000109,
     "exam": 0.5280547799494748,
     "wasted-effort": 22563
    }
   },
   "DStar": {
    "best_case": {
     "top-5": 0.543,
     "top-10": 0.836,
     "top-200": 0.35,
     "exam": 0.00019944156362185878,
     "wasted-effort": 9
    },
    "avg_case": {
     "top-5": 0.22240000000000207,
     "top-10": 0.33519999999999806,
     "top-200": 0.15120000000000083,
     "exam": 0.0023711385897265433,
     "wasted-effort": 64
    },
    "worst_case": {
     "top-5": 0.11100000000000104,
     "top-10": 0.1631999999999993,
     "top-200": 0.0730000000000004,
     "exam": 0.5280547799494748,
     "wasted-effort": 22563
    }
   }
  },
  "line_defuses": {
   "Tarantula": {
    "best_case": {
     "top-5": 0.494,
     "top-10": 1,
     "top-200": 1.0,
     "exam": 4.432034747152418e-05,
     "wasted-effort": 1
    },
    "avg_case": {
     "top-5": 0.20080000000000178,
     "top-10": 0.4,
     "top-200": 0.9975999999999999,
     "exam": 0.0006426450383371006,
     "wasted-effort": 19
    },
    "worst_case": {
     "top-5": 0.09940000000000088,
     "top-10": 0.2,
     "top-200": 0.5964000000000108,
     "exam": 0.5280547799494748,
     "wasted-effort": 22563
    }
   },
   "Ochiai": {
    "best_case": {
     "top-5": 0.491,
     "top-10": 1,
     "top-200": 1.0,
     "exam": 4.432034747152418e-05,
     "wasted-effort": 1
    },
    "avg_case": {
     "top-5": 0.19800000000000173,
     "top-10": 0.4,
     "top-200": 0.9975999999999997,
     "exam": 0.0006426450383371006,
     "wasted-effort": 19
    },
    "worst_case": {
     "top-5": 0.09320000000000078,
     "top-10": 0.2,
     "top-200": 0.597800000000011,
     "exam": 0.5280547799494748,
     "wasted-effort": 22563
    }
   },
   "DStar": {
    "best_case": {
     "top-5": 0.553,
     "top-10": 0.828,
     "top-200": 0.345,
     "exam": 0.00019944156362185878,
     "wasted-effort": 9
    },
    "avg_case": {
     "top-5": 0.21440000000000198,
     "top-10": 0.3375999999999979,
     "top-200": 0.16720000000000113,
     "exam": 0.0023711385897265433,
     "wasted-effort": 64
    },
    "worst_case": {
     "top-5": 0.11340000000000107,
     "top-10": 0.1609999999999994,
     "top-200": 0.07500000000000043,
     "exam": 0.5280547799494748,
     "wasted-effort": 22563
    }
   }
  },
  "line_assert_use": {
   "Tarantula": {
    "best_case": {
     "top-5": 0.628,
     "top-10": 1,
     "top-200": 1.0,
     "exam": 4.432034747152418e-05,
     "wasted-effort": 1
    },
    "avg_case": {
     "top-5": 0.2376000000000023,
     "top-10": 0.4,
     "top-200": 0.9977999999999998,
     "exam": 0.0006426450383371006,
     "wasted-effort": 19
    },
    "worst_case": {
     "top-5": 0.12560000000000124,
     "top-10": 0.2,
     "top-200": 0.5982000000000111,
     "exam": 0.5280547799494748,
     "wasted-effort": 22563
    }
   },
   "Ochiai": {
    "best_case": {
     "top-5": 0.648,
     "top-10": 1,
     "top-200": 1.0,
     "exam": 4.432034747152418e-05,
     "wasted-effort": 1
    },
    "avg_case": {
     "top-5": 0.24160000000000234,
     "top-10": 0.4,
     "top-200": 0.9961999999999999,
     "exam": 0.0006426450383371006,
     "wasted-effort": 19
    },
    "worst_case": {
     "top-5": 0.12420000000000123,
     "top-10": 0.2,
     "top-200": 0.5966000000000106,
     "exam": 0.5280547799494748,
     "wasted-effort": 22563
    }
   },
   "DStar": {
    "best_case": {
     "top-5": 0.544,
     "top-10": 0.822,
     "top-200": 0.355,
     "exam": 0.00019944156362185878,
     "wasted-effort": 9
    },
    "avg_case": {
     "top-5": 0.21920000000000203,
     "top-10": 0.3419999999999977,
     "top-200": 0.164400000000001,
     "exam": 0.0023711385897265433,
     "wasted-effort": 64
    },