{
 "keras_25": {
  "line": {
   "Tarantula": {
    "best_case": {
     "top-1": 0.0759,
     "top-5": 0.3766,
     "top-10": 0.7653,
     "top-200": 0.2121,
     "exam": 0.0002741690568584444,
     "wasted-effort": 13
    },
    "avg_case": {
     "top-1": 0.0784,
     "top-5": 0.3929,
     "top-10": 0.7753,
     "top-200": 0.216,
     "exam": 0.0002741690568584444,
     "wasted-effort": 13
    },
    "worst_case": {
     "top-1": 0.0769,
     "top-5": 0.3923,
     "top-10": 0.7764,
     "top-200": 0.2088,
     "exam": 0.0002741690568584444,
     "wasted-effort": 13
    }
   },
   "Ochiai": {
    "best_case": {
     "top-1": 0.0846,
     "top-5": 0.3839,
     "top-10": 0.7692,
     "top-200": 0.2054,
     "exam": 0.0002741690568584444,
     "wasted-effort": 13
    },
    "avg_case": {
     "top-1": 0.0867,
     "top-5": 0.3837,
     "top-10": 0.7649,
     "top-200": 0.2055,
     "exam": 0.0002741690568584444,
     "wasted-effort": 13
    },
    "worst_case": {
     "top-1": 0.0787,
     "top-5": 0.3878,
     "top-10": 0.7743,
     "top-200": 0.2051,
     "exam": 0.0002741690568584444,
     "wasted-effort": 13
    }
   },
   "DStar": {
    "best_case": {
     "top-1": 0.0,
     "top-5": 0.0,
     "top-10": 0.0,
     "top-200": 0.0,
     "exam": 0.054728361734435634,
     "wasted-effort": 1658
    },
    "avg_case": {
     "top-1": 0.0,
     "top-5": 0.0,
     "top-10": 0.0,
     "top-200": 0.0,
     "exam": 0.054728361734435634,
     "wasted-effort": 1658
    },
    "worst_case": {
     "top-1": 0.0,
     "top-5": 0.0,
     "top-10": 0.0,
     "top-200": 0.0,
     "exam": 0.054728361734435634,
     "wasted-effort": 1658
    }
   },
   "Naish1": {
    "best_case": {
     "top-1": 0.0766,
     "top-5": 0.3941,
     "top-10": 0.7732,
     "top-200": 0.2087,
     "exam": 0.0002741690568584444,
     "wasted-effort": 13
    },
    "avg_case": {
     "top-1": 0.0755,
     "top-5": 0.3795,
     "top-10": 0.7651,
     "top-200": 0.2091,
     "exam": 0.0002741690568584444,
     "wasted-effort": 13
    },
    "worst_case": {
     "top-1": 0.0754,
     "top-5": 0.3889,
     "top-10": 0.7643,
     "top-200": 0.2189,
     "exam": 0.0002741690568584444,
     "wasted-effort": 13
    }
   },
   "Naish2": {
    "best_case": {
     "top-1": 0.0765,
     "top-5": 0.3891,
     "top-10": 0.7671,
     "top-200": 0.2099,
     "exam": 0.0002741690568584444,
     "wasted-effort": 13
    },
    "avg_case": {
     "top-1": 0.0757,
     "top-5": 0.3787,
     "top-10": 0.7713,
     "top-200": 0.2105,
     "exam": 0.0002741690568584444,
     "wasted-effort": 13
    },
    "worst_case": {
     "top-1": 0.0765,
     "top-5": 0.3933,
     "top-10": 0.7677,
     "top-200": 0.211,
     "exam": 0.0002741690568584444,
     "wasted-effort": 13
    }
   },
   "GP13": {
    "best_case": {
     "top-1": 0.0797,
     "top-5": 0.3813,
     "top-10": 0.7701,
     "top-200": 0.2093,
     "exam": 0.0002741690568584444,
     "wasted-effort": 13
    },
    "avg_case": {
     "top-1": 0.0737,
     "top-5": 0.3929,
     "top-10": 0.7731,
     "top-200": 0.2092,
     "exam": 0.0002741690568584444,
     "wasted-effort": 13
    },
    "worst_case": {
     "top-1": 0.0806,
     "top-5": 0.3815,
     "top-10": 0.7683,
     "top-200": 0.2052,
     "exam": 0.0002741690568584444,
     "wasted-effort": 13
    }
   }
  },
  "line_line": {
   "Tarantula": {
    "best_case": {
     "top-1": 0.0753,
     "top-5": 0.3822,
     "top-10": 0.7691,
     "top-200": 0.2142,
     "exam": 0.0002741690568584444,
     "wasted-effort": 13
    },
    "avg_case": {
     "top-1": 0.0724,
     "top-5": 0.378,
     "top-10": 0.7708,
     "top-200": 0.2099,
     "exam": 0.0002741690568584444,
     "wasted-effort": 13
    },
    "worst_case": {
     "top-1": 0.0753,
     "top-5": 0.3928,
     "top-10": 0.7694,
     "top-200": 0.2033,
     "exam": 0.0002741690568584444,
     "wasted-effort": 13
    }
   },
   "Ochiai": {
    "best_case": {
     "top-1": 0.0777,
     "top-5": 0.39,
     "top-10": 0.7721,
     "top-200": 0.213,
     "exam": 0.0002741690568584444,
     "wasted-effort": 13
    },
    "avg_case": {
     "top-1": 0.0766,
     "top-5": 0.384,
     "top-10": 0.7684,
     "top-200": 0.2099,
     "exam": 0.0002741690568584444,
     "wasted-effort": 13
    },
    "worst_case": {
     "top-1": 0.0764,
     "top-5": 0.3854,
     "top-10": 0.7669,
     "top-200": 0.2081,
     "exam": 0.0002741690568584444,
     "wasted-effort": 13
    }
   },
   "DStar": {
    "best_case": {
     "top-1": 0.0,
     "top-5": 0,
     "top-10": 0.0,
     "top-200": 0.0,
     "exam": 0.054728361734435634,
     "wasted-effort": 1658
    },
    "avg_case": {
     "top-1": 0.0,
     "top-5": 0.0,
     "top-10": 0.0,
     "top-200": 0.0,
     "exam": 0.054728361734435634,
     "wasted-effort": 1658
    },
    "worst_case": {
     "top-1": 0.0,
     "top-5": 0.0,
     "top-10": 0.0,
     "top-200": 0.0,
     "exam": 0.054728361734435634,
     "wasted-effort": 1658
    }
   },
   "Naish1": {
    "best_case": {
     "top-1": 0.0765,
     "top-5": 0.3835,
     "top-10": 0.7678,
     "top-200": 0.122,
     "exam": 0.0002741690568584444,
     "wasted-effort": 13
    },
    "avg_case": {
     "top-1": 0.0742,
     "top-5": 0.388,
     "top-10": 0.7681,
     "top-200": 0.1212,
     "exam": 0.0002741690568584444,
     "wasted-effort": 13
    },
    "worst_case": {
     "top-1": 0.0751,
     "top-5": 0.3839,
     "top-10": 0.7719,
     "top-200": 0.1213,
     "exam": 0.0002741690568584444,
     "wasted-effort": 13
    }
   },
   "Naish2": {
    "best_case": {
     "top-1": 0.0758,
     "top-5": 0.3835,
     "top-10": 0.7709,
     "top-200": 0.2078,
     "exam": 0.0002741690568584444,
     "wasted-effort": 13
    },
    "avg_case": {
     "top-1": 0.0786,
     "top-5": 0.391,
     "top-10": 0.78,
     "top-200": 0.2054,
     "exam": 0.0002741690568584444,
     "wasted-effort": 13
    },
    "worst_case": {
     "top-1": 0.0731,
     "top-5": 0.3895,
     "top-10": 0.7748,
     "top-200": 0.2086,
     "exam": 0.0002741690568584444,
     "wasted-effort": 13
    }
   },
   "GP13": {
    "best_case": {
     "top-1": 0.0772,
     "top-5": 0.3896,
     "top-10": 0.77,
     "top-200": 0.2081,
     "exam": 0.0002741690568584444,
     "wasted-effort": 13
    },
    "avg_case": {
     "top-1": 0.0746,
     "top-5": 0.3823,
     "top-10": 0.7592,
     "top-200": 0.2078,
     "exam": 0.0002741690568584444,
     "wasted-effort": 13
    },
    "worst_case": {
     "top-1": 0.0752,
     "top-5": 0.3833,
     "top-10": 0.7699,
     "top-200": 0.2062,
     "exam": 0.0002741690568584444,
     "wasted-effort": 13
    }
   }
  },
  "line_defuse": {
   "Tarantula": {
    "best_case": {
     "top-1": 0.1113,
     "top-5": 0.5531,
     "top-10": 0.7692,
     "top-200": 0.2093,
     "exam": 0.00018980934705584612,
     "wasted-effort": 9
    },
    "avg_case": {
     "top-1": 0.1098,
     "top-5": 0.5619,
     "top-10": 0.7714,
     "top-200": 0.2058,
     "exam": 0.00018980934705584612,
     "wasted-effort": 9
    },
    "worst_case": {
     "top-1": 0.1105,
     "top-5": 0.5439,
     "top-10": 0.7733,
     "top-200": 0.2036,
     "exam": 0.00018980934705584612,
     "wasted-effort": 9
    }
   },
   "Ochiai": {
    "best_case": {
     "top-1": 0.1163,
     "top-5": 0.5404,
     "top-10": 0.7676,
     "top-200": 0.209,
     "exam": 0.00018980934705584612,
     "wasted-effort": 9
    },
    "avg_case": {
     "top-1": 0.1118,
     "top-5": 0.5479,
     "top-10": 0.7716,
     "top-200": 0.2157,
     "exam": 0.00018980934705584612,
     "wasted-effort": 9
    },
    "worst_case": {
     "top-1": 0.1161,
     "top-5": 0.5536,
     "top-10": 0.7648,
     "top-200": 0.2039,
     "exam": 0.00018980934705584612,
     "wasted-effort": 9
    }
   },
   "DStar": {
    "best_case": {
     "top-1": 0.0,
     "top-5": 0,
     "top-10": 0.0,
     "top-200": 0.0,
     "exam": 0.054728361734435634,
     "wasted-effort": 1658
    },
    "avg_case": {
     "top-1": 0.0,
     "top-5": 0.0,