{
 "keras_18": {
  "line": {
   "Tarantula": {
    "best_case": {
     "top-1": 0,
     "top-5": 0.0,
     "top-10": 0.3425,
     "top-200": 0.2488,
     "exam": 0.0009188953910141703,
     "wasted-effort": 29
    },
    "avg_case": {
     "top-1": 0.0,
     "top-5": 0.0,
     "top-10": 0.1701,
     "top-200": 0.1289,
     "exam": 0.055689896986990374,
     "wasted-effort": 1505
    },
    "worst_case": {
     "top-1": 0.0,
     "top-5": 0.0,
     "top-10": 0.0843,
     "top-200": 0.0635,
     "exam": 0.5363930937756928,
     "wasted-effort": 20677
    }
   },
   "Ochiai": {
    "best_case": {
     "top-1": 0,
     "top-5": 0.0,
     "top-10": 0.3412,
     "top-200": 0.2549,
     "exam": 0.0009188953910141703,
     "wasted-effort": 29
    },
    "avg_case": {
     "top-1": 0.0,
     "top-5": 0.0,
     "top-10": 0.1715,
     "top-200": 0.1234,
     "exam": 0.055689896986990374,
     "wasted-effort": 1505
    },
    "worst_case": {
     "top-1": 0.0,
     "top-5": 0.0,
     "top-10": 0.0861,
     "top-200": 0.061375,
     "exam": 0.5363930937756928,
     "wasted-effort": 20677
    }
   },
   "DStar": {
    "best_case": {
     "top-1": 0.0,
     "top-5": 0.0,
     "top-10": 0.3586,
     "top-200": 0.253,
     "exam": 0.0008705324756976351,
     "wasted-effort": 28
    },
    "avg_case": {
     "top-1": 0.0,
     "top-5": 0.0,
     "top-10": 0.1771,
     "top-200": 0.12665,
     "exam": 0.05566571552933211,
     "wasted-effort": 1505
    },
    "worst_case": {
     "top-1": 0.0,
     "top-5": 0.0,
     "top-10": 0.0891,
     "top-200": 0.061925,
     "exam": 0.5363930937756928,
     "wasted-effort": 20677
    }
   },
   "Naish2": {
    "best_case": {
     "top-1": 0,
     "top-5": 0.0,
     "top-10": 0.3425,
     "top-200": 0.2559,
     "exam": 0.0009188953910141703,
     "wasted-effort": 29
    },
    "avg_case": {
     "top-1": 0.0,
     "top-5": 0.0,
     "top-10": 0.17015,
     "top-200": 0.1266,
     "exam": 0.06287178991149586,
     "wasted-effort": 1340
    },
    "worst_case": {
     "top-1": 0.0,
     "top-5": 0.0,
     "top-10": 0.0838,
     "top-200": 0.06295,
     "exam": 0.5363930937756928,
     "wasted-effort": 20677
    }
   },
   "GP13": {
    "best_case": {
     "top-1": 0,
     "top-5": 0.0,
     "top-10": 0.3452,
     "top-200": 0.239,
     "exam": 0.0009188953910141703,
     "wasted-effort": 29
    },
    "avg_case": {
     "top-1": 0.0,
     "top-5": 0.0,
     "top-10": 0.17495,
     "top-200": 0.1204,
     "exam": 0.055689896986990374,
     "wasted-effort": 1505
    },
    "worst_case": {
     "top-1": 0.0,
     "top-5": 0.0,
     "top-10": 0.0844,
     "top-200": 0.06235,
     "exam": 0.5363930937756928,
     "wasted-effort": 20677
    }
   }
  },
  "line_line": {
   "Tarantula": {
    "best_case": {
     "top-1": 0,
     "top-5": 0.0,
     "top-10": 0.36,
     "top-200": 0.2435,
     "exam": 0.0008947139333559027,
     "wasted-effort": 28
    },
    "avg_case": {
     "top-1": 0.0,
     "top-5": 0.0,
     "top-10": 0.17735,
     "top-200": 0.12725,
     "exam": 0.055689896986990374,
     "wasted-effort": 1505
    },
    "worst_case": {
     "top-1": 0.0,
     "top-5": 0.0,
     "top-10": 0.0899,
     "top-200": 0.063275,
     "exam": 0.5363930937756928,
     "wasted-effort": 20677
    }
   },
   "Ochiai": {
    "best_case": {
     "top-1": 0,
     "top-5": 0.0,
     "top-10": 0.3583,
     "top-200": 0.2452,
     "exam": 0.0008947139333559027,
     "wasted-effort": 28
    },
    "avg_case": {
     "top-1": 0.0,
     "top-5": 0.0,
     "top-10": 0.1764,
     "top-200": 0.1219,
     "exam": 0.055689896986990374,
     "wasted-effort": 1505
    },
    "worst_case": {
     "top-1": 0.0,
     "top-5": 0.0,
     "top-10": 0.0893,
     "top-200": 0.063,
     "exam": 0.5363930937756928,
     "wasted-effort": 20677
    }
   },
   "DStar": {
    "best_case": {
     "top-1": 0.0,
     "top-5": 0.0,
     "top-10": 0.365,
     "top-200": 0.247,
     "exam": 0.0008463510180393674,
     "wasted-effort": 27
    },
    "avg_case": {
     "top-1": 0.0,
     "top-5": 0.0,
     "top-10": 0.18665,
     "top-200": 0.12265,
     "exam": 0.05566571552933211,
     "wasted-effort": 1505
    },
    "worst_case": {
     "top-1": 0.0,
     "top-5": 0.0,
     "top-10": 0.093925,
     "top-200": 0.063375,
     "exam": 0.5363930937756928,
     "wasted-effort": 20677
    }
   },
   "Naish2": {
    "best_case": {
     "top-1": 0,
     "top-5": 0.0,
     "top-10": 0.3572,
     "top-200": 0.2474,
     "exam": 0.0008947139333559027,
     "wasted-effort": 28
    },
    "avg_case": {
     "top-1": 0.0,
     "top-5": 0.0,
     "top-10": 0.17975,
     "top-200": 0.12485,
     "exam": 0.055689896986990374,
     "wasted-effort": 1505
    },
    "worst_case": {
     "top-1": 0.0,
     "top-5": 0.0,
     "top-10": 0.0908,
     "top-200": 0.06165,
     "exam": 0.5363930937756928,
     "wasted-effort": 20677
    }
   },
   "GP13": {
    "best_case": {
     "top-1": 0,
     "top-5": 0.0,
     "top-10": 0.3554,
     "top-200": 0.2505,
     "exam": 0.0008947139333559027,
     "wasted-effort": 28
    },
    "avg_case": {
     "top-1": 0.0,
     "top-5": 0.0,
     "top-10": 0.179,
     "top-200": 0.12365,
     "exam": 0.055689896986990374,
     "wasted-effort": 1505
    },
    "worst_case": {
     "top-1": 0.0,
     "top-5": 0.0,
     "top-10": 0.0883,
     "top-200": 0.0629,
     "exam": 0.5363930937756928,
     "wasted-effort": 20677
    }
   }
  },
  "line_defuse": {
   "Tarantula": {
    "best_case": {
     "top-1": 0,
     "top-5": 0.0,
     "top-10": 0.3585,
     "top-200": 0.2494,
     "exam": 0.0008947139333559027,
     "wasted-effort": 28
    },
    "avg_case": {
     "top-1": 0.0,
     "top-5": 0.0,
     "top-10": 0.17975,
     "top-200": 0.1228,
     "exam": 0.055689896986990374,
     "wasted-effort": 1505
    },
    "worst_case": {
     "top-1": 0.0,
     "top-5": 0.0,
     "top-10": 0.0899,
     "top-200": 0.06315,
     "exam": 0.5363930937756928,
     "wasted-effort": 20677
    }
   },
   "Ochiai": {
    "best_case": {
     "top-1": 0,
     "top-5": 0.0,
     "top-10": 0.367,
     "top-200": 0.2504,
     "exam": 0.0008947139333559027,
     "wasted-effort": 28
    },
    "avg_case": {
     "top-1": 0.0,
     "top-5": 0.0,
     "top-10": 0.1799,
     "top-200": 0.12395,
     "exam": 0.055689896986990374,
     "wasted-effort": 1505
    },
    "worst_case": {
     "top-1": 0.0,
     "top-5": 0.0,
     "top-10": 0.087225,
     "top-200": 0.06245,
     "exam": 0.5363930937756928,
     "wasted-effort": 20677
    }
   },
   "DStar": {
    "best_case": {
     "top-1": 0.0,
     "top-5": 0.0,
     "top-10": 0.3705,
     "top-200": 0.2539,
     "exam": 0.0008463510180393674,
     "wasted-effort": 27
    },
    "avg_case": {
     "top-1": 0.0,
     "top-5": 0.0,
     "top-10": 0.1852,
     "top-200": 0.1282,
     "exam": 0.05566571552933211,
     "wasted-effort": 1505
    },
    "worst_case": {
     "top-1": 0.0,
     "top-5": 0.0,
     "top-10": 0.0921,
     "top-200": 0.0649,
     "exam": 0.5363930937756928,
     "wasted-effort": 20677
    }
   },
   "Naish2": {
    "best_case": {
     "top-1": 0,
     "top-5": 0.0,
     "top-10": 0.3554,
     "top-200": 0.2466,
     "exam": 0.0008947139333559027,
     "wasted-effort": 28
    },
    "avg_case": {
     "top-1": 0.0,
     "top-5": 0.0,
     "top-10": 0.176,
     "top-200": 0.12875,
     "exam": 0.055689896986990374,
     "wasted-effort": 1505
    },
    "worst_case": {
     "top-1": 0.0,
     "top-5": 0.0,
     "top-10": 0.088625,
     "top-200": 0.061925,
     "exam": 0.5363930937756928,
     "wasted-effort": 20677
    }
   },
   "GP13": {
    "best_case": {
     "top-1": 0,
     "top-5": 0.0,
     "top-10": 0.3569,
     "top-200": 0.2465,
     "exam": 0.0008947139333559027,
     "wasted-effort": 28
    },
    "avg_case": {
     "top-1": 0.0,
     "top-5": 0.0,
     "top-10": 0.173,
     "top-200": 0.12865,
     "exam": 0.055689896986990374,
     "wasted-effort": 1505
    },
    "worst_case": {
     "top-1": 0.0,