{
 "keras_24": {
  "line": {
   "Tarantula": {
    "best_case": {
     "top-1": 0.0,
     "top-5": 0.0,
     "top-10": 0.0,
     "top-200": 0.0,
     "exam": 0.00999450619110003,
     "wasted-effort": 250
    },
    "avg_case": {
     "top-1": 0.0,
     "top-5": 0.0,
     "top-10": 0.0,
     "top-200": 0.0,
     "exam": 0.00999450619110003,
     "wasted-effort": 250
    },
    "worst_case": {
     "top-1": 0.0,
     "top-5": 0.0,
     "top-10": 0.0,
     "top-200": 0.0,
     "exam": 0.5746735409711363,
     "wasted-effort": 23663
    }
   },
   "Ochiai": {
    "best_case": {
     "top-1": 0.0,
     "top-5": 0.0,
     "top-10": 0.0,
     "top-200": 0.0,
     "exam": 0.00999450619110003,
     "wasted-effort": 250
    },
    "avg_case": {
     "top-1": 0.0,
     "top-5": 0.0,
     "top-10": 0.0,
     "top-200": 0.0,
     "exam": 0.00999450619110003,
     "wasted-effort": 250
    },
    "worst_case": {
     "top-1": 0.0,
     "top-5": 0.0,
     "top-10": 0.0,
     "top-200": 0.0,
     "exam": 0.5746735409711363,
     "wasted-effort": 23663
    }
   },
   "DStar": {
    "best_case": {
     "top-1": 0.0,
     "top-5": 0.0,
     "top-10": 0.0,
     "top-200": 0.7499,
     "exam": 0.0037400160588260153,
     "wasted-effort": 102
    },
    "avg_case": {
     "top-1": 0.0,
     "top-5": 0.0,
     "top-10": 0.0,
     "top-200": 0.7426,
     "exam": 0.0037400160588260153,
     "wasted-effort": 102
    },
    "worst_case": {
     "top-1": 0.0,
     "top-5": 0.0,
     "top-10": 0.0,
     "top-200": 0.3731,
     "exam": 0.5746735409711363,
     "wasted-effort": 23663
    }
   },
   "Naish1": {
    "best_case": {
     "top-1": 0.0,
     "top-5": 0.0,
     "top-10": 0.0,
     "top-200": 0.0,
     "exam": 0.00999450619110003,
     "wasted-effort": 250
    },
    "avg_case": {
     "top-1": 0.0,
     "top-5": 0.0,
     "top-10": 0.0,
     "top-200": 0.0,
     "exam": 0.00999450619110003,
     "wasted-effort": 250
    },
    "worst_case": {
     "top-1": 0.0,
     "top-5": 0.0,
     "top-10": 0.0,
     "top-200": 0.0,
     "exam": 0.5746735409711363,
     "wasted-effort": 23663
    }
   },
   "Naish2": {
    "best_case": {
     "top-1": 0.0,
     "top-5": 0.0,
     "top-10": 0.0,
     "top-200": 0.0,
     "exam": 0.00999450619110003,
     "wasted-effort": 250
    },
    "avg_case": {
     "top-1": 0.0,
     "top-5": 0.0,
     "top-10": 0.0,
     "top-200": 0.0,
     "exam": 0.00999450619110003,
     "wasted-effort": 250
    },
    "worst_case": {
     "top-1": 0.0,
     "top-5": 0.0,
     "top-10": 0.0,
     "top-200": 0.0,
     "exam": 0.5746735409711363,
     "wasted-effort": 23663
    }
   },
   "GP13": {
    "best_case": {
     "top-1": 0.0,
     "top-5": 0.0,
     "top-10": 0.0,
     "top-200": 0.0,
     "exam": 0.00999450619110003,
     "wasted-effort": 250
    },
    "avg_case": {
     "top-1": 0.0,
     "top-5": 0.0,
     "top-10": 0.0,
     "top-200": 0.0,
     "exam": 0.00999450619110003,
     "wasted-effort": 250
    },
    "worst_case": {
     "top-1": 0.0,
     "top-5": 0.0,
     "top-10": 0.0,
     "top-200": 0.0,
     "exam": 0.5746735409711363,
     "wasted-effort": 23663
    }
   }
  },
  "line_line": {
   "Tarantula": {
    "best_case": {
     "top-1": 0,
     "top-5": 0,
     "top-10": 0,
     "top-200": 0.9169,
     "exam": 0.0020707433546042343,
     "wasted-effort": 62
    },
    "avg_case": {
     "top-1": 0.0,
     "top-5": 0.0,
     "top-10": 0.0,
     "top-200": 0.9125,
     "exam": 0.0020707433546042343,
     "wasted-effort": 62
    },
    "worst_case": {
     "top-1": 0.0,
     "top-5": 0.0,
     "top-10": 0.0,
     "top-200": 0.4561,
     "exam": 0.5746735409711363,
     "wasted-effort": 23663
    }
   },
   "Ochiai": {
    "best_case": {
     "top-1": 0,
     "top-5": 0,
     "top-10": 0.0,
     "top-200": 0.0,
     "exam": 0.00976207581456282,
     "wasted-effort": 244
    },
    "avg_case": {
     "top-1": 0.0,
     "top-5": 0.0,
     "top-10": 0.0,
     "top-200": 0.0,
     "exam": 0.00976207581456282,
     "wasted-effort": 244
    },
    "worst_case": {
     "top-1": 0.0,
     "top-5": 0.0,
     "top-10": 0.0,
     "top-200": 0.0,
     "exam": 0.5746735409711363,
     "wasted-effort": 23663
    }
   },
   "DStar": {
    "best_case": {
     "top-1": 0.0,
     "top-5": 0.0,
     "top-10": 0.0,
     "top-200": 0.8518,
     "exam": 0.00371888602459536,
     "wasted-effort": 101
    },
    "avg_case": {
     "top-1": 0.0,
     "top-5": 0.0,
     "top-10": 0.0,
     "top-200": 0.8506,
     "exam": 0.00371888602459536,
     "wasted-effort": 101
    },
    "worst_case": {
     "top-1": 0.0,
     "top-5": 0.0,
     "top-10": 0.0,
     "top-200": 0.4246,
     "exam": 0.5746735409711363,
     "wasted-effort": 23663
    }
   },
   "Naish1": {
    "best_case": {
     "top-1": 0,
     "top-5": 0,
     "top-10": 0,
     "top-200": 0.9134,
     "exam": 0.0020707433546042343,
     "wasted-effort": 62
    },
    "avg_case": {
     "top-1": 0.0,
     "top-5": 0.0,
     "top-10": 0.0,
     "top-200": 0.9125,
     "exam": 0.0020707433546042343,
     "wasted-effort": 62
    },
    "worst_case": {
     "top-1": 0.0,
     "top-5": 0.0,
     "top-10": 0.0,
     "top-200": 0.45735,
     "exam": 0.5746735409711363,
     "wasted-effort": 23663
    }
   },
   "Naish2": {
    "best_case": {
     "top-1": 0,
     "top-5": 0,
     "top-10": 0,
     "top-200": 0.9287,
     "exam": 0.0020707433546042343,
     "wasted-effort": 62
    },
    "avg_case": {
     "top-1": 0.0,
     "top-5": 0.0,
     "top-10": 0.0,
     "top-200": 0.9294,
     "exam": 0.0020707433546042343,
     "wasted-effort": 62
    },
    "worst_case": {
     "top-1": 0.0,
     "top-5": 0.0,
     "top-10": 0.0,
     "top-200": 0.4658,
     "exam": 0.5746735409711363,
     "wasted-effort": 23663
    }
   },
   "GP13": {
    "best_case": {
     "top-1": 0,
     "top-5": 0,
     "top-10": 0.0,
     "top-200": 0.9835,
     "exam": 0.008029413007649073,
     "wasted-effort": 203
    },
    "avg_case": {
     "top-1": 0.0,
     "top-5": 0.0,
     "top-10": 0.0,
     "top-200": 0.9836,
     "exam": 0.008029413007649073,
     "wasted-effort": 203
    },
    "worst_case": {
     "top-1": 0.0,
     "top-5": 0.0,
     "top-10": 0.0,
     "top-200": 0.49185,
     "exam": 0.5746735409711363,
     "wasted-effort": 23663
    }
   }
  },
  "line_defuse": {
   "Tarantula": {
    "best_case": {
     "top-1": 0,
     "top-5": 0.0,
     "top-10": 0.0,
     "top-200": 0.9384,
     "exam": 0.0009719815746101508,
     "wasted-effort": 28
    },
    "avg_case": {
     "top-1": 0.0,
     "top-5": 0.0,
     "top-10": 0.0,
     "top-200": 0.9377,
     "exam": 0.0009719815746101508,
     "wasted-effort": 28
    },
    "worst_case": {
     "top-1": 0.0,
     "top-5": 0.0,
     "top-10": 0.0,
     "top-200": 0.47015,
     "exam": 0.5746735409711363,
     "wasted-effort": 23663
    }
   },
   "Ochiai": {
    "best_case": {
     "top-1": 0,
     "top-5": 0.0,
     "top-10": 0.0,
     "top-200": 0.0,
     "exam": 0.009635295609178886,
     "wasted-effort": 233
    },
    "avg_case": {
     "top-1": 0.0,
     "top-5": 0.0,
     "top-10": 0.0,
     "top-200": 0.0,
     "exam": 0.009635295609178886,
     "wasted-effort": 233
    },
    "worst_case": {
     "top-1": 0.0,
     "top-5": 0.0,
     "top-10": 0.0,
     "top-200": 0.0,
     "exam": 0.5746735409711363,
     "wasted-effort": 23663
    }
   },
   "DStar": {
    "best_case": {
     "top-1": 0,
     "top-5": 0.0,
     "top-10": 0.0,
     "top-200": 0.8251,
     "exam": 0.0033808054769048725,
     "wasted-effort": 85
    },
    "avg_case": {
     "top-1": 0.0,
     "top-5": 0.0,
     "top-10": 0.0,
     "top-200": 0.8274,
     "exam": 0.0033808054769048725,
     "wasted-effort": 85
    },
    "worst_case": {
     "top-1": 0.0,
     "top-5": 0.0,
     "top-10": 0.0,
     "top-200": 0.41295,
     "exam": 0.5746735409711363,
     "wasted-effort": 23663
    }
   },
   "Naish1": {
    "best_case": {
     "top-1": 0,
     "top-5": 0.0,
     "top-10": 0.0,
     "top-200": 0.8708,