{
 "luigi_28": {
  "line": {
   "Tarantula": {
    "best_case": {
     "top-1": 0.3371,
     "top-5": 0.0072,
     "top-10": 0.0137,
     "top-200": 0.2485,
     "exam": 0.00018037518037518038,
     "wasted-effort": 3
    },
    "avg_case": {
     "top-1": 0.3359,
     "top-5": 0.0065,
     "top-10": 0.0144,
     "top-200": 0.2597,
     "exam": 0.00018037518037518038,
     "wasted-effort": 3
    },
    "worst_case": {
     "top-1": 0.3327,
     "top-5": 0.0059,
     "top-10": 0.0132,
     "top-200": 0.2508,
     "exam": 0.00018037518037518038,
     "wasted-effort": 3
    }
   },
   "Ochiai": {
    "best_case": {
     "top-1": 0.3284,
     "top-5": 0.0066,
     "top-10": 0.0125,
     "top-200": 0.2532,
     "exam": 0.00018037518037518038,
     "wasted-effort": 3
    },
    "avg_case": {
     "top-1": 0.3377,
     "top-5": 0.0059,
     "top-10": 0.0109,
     "top-200": 0.2549,
     "exam": 0.00018037518037518038,
     "wasted-effort": 3
    },
    "worst_case": {
     "top-1": 0.33,
     "top-5": 0.006,
     "top-10": 0.0122,
     "top-200": 0.248,
     "exam": 0.00018037518037518038,
     "wasted-effort": 3
    }
   },
   "DStar": {
    "best_case": {
     "top-1": 0.0,
     "top-5": 0.0,
     "top-10": 0.0,
     "top-200": 0.0,
     "exam": 0.1332972582972583,
     "wasted-effort": 1427
    },
    "avg_case": {
     "top-1": 0.0,
     "top-5": 0.0,
     "top-10": 0.0,
     "top-200": 0.0,
     "exam": 0.1332972582972583,
     "wasted-effort": 1427
    },
    "worst_case": {
     "top-1": 0.0,
     "top-5": 0.0,
     "top-10": 0.0,
     "top-200": 0.0,
     "exam": 0.1332972582972583,
     "wasted-effort": 1427
    }
   },
   "Naish1": {
    "best_case": {
     "top-1": 0.3323,
     "top-5": 0.0071,
     "top-10": 0.0141,
     "top-200": 0.2498,
     "exam": 0.00018037518037518038,
     "wasted-effort": 3
    },
    "avg_case": {
     "top-1": 0.3329,
     "top-5": 0.0062,
     "top-10": 0.0149,
     "top-200": 0.2491,
     "exam": 0.00018037518037518038,
     "wasted-effort": 3
    },
    "worst_case": {
     "top-1": 0.3294,
     "top-5": 0.0067,
     "top-10": 0.0123,
     "top-200": 0.2504,
     "exam": 0.00018037518037518038,
     "wasted-effort": 3
    }
   },
   "Naish2": {
    "best_case": {
     "top-1": 0.3362,
     "top-5": 0.0064,
     "top-10": 0.0121,
     "top-200": 0.2531,
     "exam": 0.00018037518037518038,
     "wasted-effort": 3
    },
    "avg_case": {
     "top-1": 0.335,
     "top-5": 0.0066,
     "top-10": 0.0112,
     "top-200": 0.2493,
     "exam": 0.00018037518037518038,
     "wasted-effort": 3
    },
    "worst_case": {
     "top-1": 0.338,
     "top-5": 0.0063,
     "top-10": 0.013,
     "top-200": 0.2501,
     "exam": 0.00018037518037518038,
     "wasted-effort": 3
    }
   },
   "GP13": {
    "best_case": {
     "top-1": 0.327,
     "top-5": 0.0068,
     "top-10": 0.012,
     "top-200": 0.2529,
     "exam": 0.00018037518037518038,
     "wasted-effort": 3
    },
    "avg_case": {
     "top-1": 0.3328,
     "top-5": 0.0055,
     "top-10": 0.012,
     "top-200": 0.2517,
     "exam": 0.00018037518037518038,
     "wasted-effort": 3
    },
    "worst_case": {
     "top-1": 0.3416,
     "top-5": 0.0083,
     "top-10": 0.0138,
     "top-200": 0.2538,
     "exam": 0.00018037518037518038,
     "wasted-effort": 3
    }
   }
  },
  "line_line": {
   "Tarantula": {
    "best_case": {
     "top-1": 0.3202,
     "top-5": 0.1875,
     "top-10": 0.3916,
     "top-200": 0.6732,
     "exam": 0.00018037518037518038,
     "wasted-effort": 3
    },
    "avg_case": {
     "top-1": 0.3338,
     "top-5": 0.1912,
     "top-10": 0.3797,
     "top-200": 0.6709,
     "exam": 0.00018037518037518038,
     "wasted-effort": 3
    },
    "worst_case": {
     "top-1": 0.3396,
     "top-5": 0.1915,
     "top-10": 0.3838,
     "top-200": 0.667,
     "exam": 0.00018037518037518038,
     "wasted-effort": 3
    }
   },
   "Ochiai": {
    "best_case": {
     "top-1": 0.3342,
     "top-5": 0.1896,
     "top-10": 0.3804,
     "top-200": 0.6613,
     "exam": 0.00018037518037518038,
     "wasted-effort": 3
    },
    "avg_case": {
     "top-1": 0.3278,
     "top-5": 0.1964,
     "top-10": 0.3831,
     "top-200": 0.6641,
     "exam": 0.00018037518037518038,
     "wasted-effort": 3
    },
    "worst_case": {
     "top-1": 0.3375,
     "top-5": 0.1885,
     "top-10": 0.3838,
     "top-200": 0.6732,
     "exam": 0.00018037518037518038,
     "wasted-effort": 3
    }
   },
   "DStar": {
    "best_case": {
     "top-1": 0.0,
     "top-5": 0.0,
     "top-10": 0.0,
     "top-200": 0.0,
     "exam": 0.1332972582972583,
     "wasted-effort": 1427
    },
    "avg_case": {
     "top-1": 0.0,
     "top-5": 0.0,
     "top-10": 0.0,
     "top-200": 0.0,
     "exam": 0.1332972582972583,
     "wasted-effort": 1427
    },
    "worst_case": {
     "top-1": 0.0,
     "top-5": 0.0,
     "top-10": 0.0,
     "top-200": 0.0,
     "exam": 0.1332972582972583,
     "wasted-effort": 1427
    }
   },
   "Naish1": {
    "best_case": {
     "top-1": 0.3235,
     "top-5": 0.0036,
     "top-10": 0.0074,
     "top-200": 0.1421,
     "exam": 0.00018037518037518038,
     "wasted-effort": 3
    },
    "avg_case": {
     "top-1": 0.3308,
     "top-5": 0.0032,
     "top-10": 0.0074,
     "top-200": 0.1415,
     "exam": 0.00018037518037518038,
     "wasted-effort": 3
    },
    "worst_case": {
     "top-1": 0.3277,
     "top-5": 0.0036,
     "top-10": 0.0061,
     "top-200": 0.1396,
     "exam": 0.00018037518037518038,
     "wasted-effort": 3
    }
   },
   "Naish2": {
    "best_case": {
     "top-1": 0.3254,
     "top-5": 0.1962,
     "top-10": 0.387,
     "top-200": 0.6738,
     "exam": 0.00018037518037518038,
     "wasted-effort": 3
    },
    "avg_case": {
     "top-1": 0.3372,
     "top-5": 0.1925,
     "top-10": 0.3803,
     "top-200": 0.6639,
     "exam": 0.00018037518037518038,
     "wasted-effort": 3
    },
    "worst_case": {
     "top-1": 0.3382,
     "top-5": 0.1927,
     "top-10": 0.3849,
     "top-200": 0.6672,
     "exam": 0.00018037518037518038,
     "wasted-effort": 3
    }
   },
   "GP13": {
    "best_case": {
     "top-1": 0.3305,
     "top-5": 0.1892,
     "top-10": 0.3852,
     "top-200": 0.6688,
     "exam": 0.00018037518037518038,
     "wasted-effort": 3
    },
    "avg_case": {
     "top-1": 0.3329,
     "top-5": 0.2009,
     "top-10": 0.3827,
     "top-200": 0.6714,
     "exam": 0.00018037518037518038,
     "wasted-effort": 3
    },
    "worst_case": {
     "top-1": 0.3399,
     "top-5": 0.1905,
     "top-10": 0.3915,
     "top-200": 0.6683,
     "exam": 0.00018037518037518038,
     "wasted-effort": 3
    }
   }
  },
  "line_defuse": {
   "Tarantula": {
    "best_case": {
     "top-1": 0.3276,
     "top-5": 0.1861,
     "top-10": 0.3792,
     "top-200": 0.67,
     "exam": 0.00018037518037518038,
     "wasted-effort": 3
    },
    "avg_case": {
     "top-1": 0.3269,
     "top-5": 0.1849,
     "top-10": 0.3789,
     "top-200": 0.669,
     "exam": 0.00018037518037518038,
     "wasted-effort": 3
    },
    "worst_case": {
     "top-1": 0.3307,
     "top-5": 0.1893,
     "top-10": 0.3894,
     "top-200": 0.6681,
     "exam": 0.00018037518037518038,
     "wasted-effort": 3
    }
   },
   "Ochiai": {
    "best_case": {
     "top-1": 0.3349,
     "top-5": 0.1905,
     "top-10": 0.3826,
     "top-200": 0.6751,
     "exam": 0.00018037518037518038,
     "wasted-effort": 3
    },
    "avg_case": {
     "top-1": 0.3307,
     "top-5": 0.1845,
     "top-10": 0.3789,
     "top-200": 0.6703,
     "exam": 0.00018037518037518038,
     "wasted-effort": 3
    },
    "worst_case": {
     "top-1": 0.3393,
     "top-5": 0.1923,
     "top-10": 0.3926,
     "top-200": 0.6701,
     "exam": 0.00018037518037518038,
     "wasted-effort": 3
    }
   },
   "DStar": {
    "best_case": {
     "top-1": 0.0,
     "top-5": 0.0,
     "top-10": 0.0,
     "top-200": 0.0,
     "exam": 0.1332972582972583,
     "wasted-effort": 1427
    },
    "avg_case": {
     "top-1": 0.0,
     "top-5": 0.0,
     "top-10": 0.0,