{
 "luigi_31": {
  "line": {
   "Tarantula": {
    "best_case": {
     "top-5": 0.0,
     "top-10": 0.0,
     "top-200": 0.283,
     "exam": 0.003075624170787601,
     "wasted-effort": 34
    },
    "avg_case": {
     "top-5": 0.0,
     "top-10": 0.0,
     "top-200": 0.237,
     "exam": 0.003075624170787601,
     "wasted-effort": 34
    },
    "worst_case": {
     "top-5": 0.0,
     "top-10": 0.0,
     "top-200": 0.259,
     "exam": 0.003075624170787601,
     "wasted-effort": 34
    }
   },
   "Ochiai": {
    "best_case": {
     "top-5": 0.0,
     "top-10": 0.0,
     "top-200": 0.271,
     "exam": 0.003075624170787601,
     "wasted-effort": 34
    },
    "avg_case": {
     "top-5": 0.0,
     "top-10": 0.0,
     "top-200": 0.306,
     "exam": 0.003075624170787601,
     "wasted-effort": 34
    },
    "worst_case": {
     "top-5": 0.0,
     "top-10": 0.0,
     "top-200": 0.231,
     "exam": 0.003075624170787601,
     "wasted-effort": 34
    }
   },
   "DStar": {
    "best_case": {
     "top-5": 0.0,
     "top-10": 0.0,
     "top-200": 0.299,
     "exam": 0.003075624170787601,
     "wasted-effort": 34
    },
    "avg_case": {
     "top-5": 0.0,
     "top-10": 0.0,
     "top-200": 0.257,
     "exam": 0.003075624170787601,
     "wasted-effort": 34
    },
    "worst_case": {
     "top-5": 0.0,
     "top-10": 0.0,
     "top-200": 0.247,
     "exam": 0.003075624170787601,
     "wasted-effort": 34
    }
   }
  },
  "line_line": {
   "Tarantula": {
    "best_case": {
     "top-5": 0.0,
     "top-10": 0.0,
     "top-200": 0.841,
     "exam": 0.012362803039440358,
     "wasted-effort": 111
    },
    "avg_case": {
     "top-5": 0.0,
     "top-10": 0.0,
     "top-200": 0.815,
     "exam": 0.012362803039440358,
     "wasted-effort": 111
    },
    "worst_case": {
     "top-5": 0.0,
     "top-10": 0.0,
     "top-200": 0.845,
     "exam": 0.012362803039440358,
     "wasted-effort": 111
    }
   },
   "Ochiai": {
    "best_case": {
     "top-5": 0.0,
     "top-10": 0.0,
     "top-200": 0.827,
     "exam": 0.012362803039440358,
     "wasted-effort": 111
    },
    "avg_case": {
     "top-5": 0.0,
     "top-10": 0.0,
     "top-200": 0.814,
     "exam": 0.012362803039440358,
     "wasted-effort": 111
    },
    "worst_case": {
     "top-5": 0.0,
     "top-10": 0.0,
     "top-200": 0.817,
     "exam": 0.012362803039440358,
     "wasted-effort": 111
    }
   },
   "DStar": {
    "best_case": {
     "top-5": 0.0,
     "top-10": 0.0,
     "top-200": 0.819,
     "exam": 0.003075624170787601,
     "wasted-effort": 34
    },
    "avg_case": {
     "top-5": 0.0,
     "top-10": 0.0,
     "top-200": 0.83,
     "exam": 0.003075624170787601,
     "wasted-effort": 34
    },
    "worst_case": {
     "top-5": 0.0,
     "top-10": 0.0,
     "top-200": 0.843,
     "exam": 0.003075624170787601,
     "wasted-effort": 34
    }
   }
  },
  "line_defuse": {
   "Tarantula": {
    "best_case": {
     "top-5": 0.0,
     "top-10": 0.0,
     "top-200": 0.841,
     "exam": 0.003075624170787601,
     "wasted-effort": 34
    },
    "avg_case": {
     "top-5": 0.0,
     "top-10": 0.0,
     "top-200": 0.804,
     "exam": 0.003075624170787601,
     "wasted-effort": 34
    },
    "worst_case": {
     "top-5": 0.0,
     "top-10": 0.0,
     "top-200": 0.794,
     "exam": 0.003075624170787601,
     "wasted-effort": 34
    }
   },
   "Ochiai": {
    "best_case": {
     "top-5": 0.0,
     "top-10": 0.0,
     "top-200": 0.831,
     "exam": 0.003075624170787601,
     "wasted-effort": 34
    },
    "avg_case": {
     "top-5": 0.0,
     "top-10": 0.0,
     "top-200": 0.825,
     "exam": 0.003075624170787601,
     "wasted-effort": 34
    },
    "worst_case": {
     "top-5": 0.0,
     "top-10": 0.0,
     "top-200": 0.839,
     "exam": 0.003075624170787601,
     "wasted-effort": 34
    }
   },
   "DStar": {
    "best_case": {
     "top-5": 0.0,
     "top-10": 0.0,
     "top-200": 0.83,
     "exam": 0.003075624170787601,
     "wasted-effort": 34
    },
    "avg_case": {
     "top-5": 0.0,
     "top-10": 0.0,
     "top-200": 0.852,
     "exam": 0.003075624170787601,
     "wasted-effort": 34
    },
    "worst_case": {
     "top-5": 0.0,
     "top-10": 0.0,
     "top-200": 0.804,
     "exam": 0.003075624170787601,
     "wasted-effort": 34
    }
   }
  },
  "line_defuses": {
   "Tarantula": {
    "best_case": {
     "top-5": 0.0,
     "top-10": 0.0,
     "top-200": 0.847,
     "exam": 0.003075624170787601,
     "wasted-effort": 34
    },
    "avg_case": {
     "top-5": 0.0,
     "top-10": 0.0,
     "top-200": 0.828,
     "exam": 0.003075624170787601,
     "wasted-effort": 34
    },
    "worst_case": {
     "top-5": 0.0,
     "top-10": 0.0,
     "top-200": 0.821,
     "exam": 0.003075624170787601,
     "wasted-effort": 34
    }
   },
   "Ochiai": {
    "best_case": {
     "top-5": 0.0,
     "top-10": 0.0,
     "top-200": 0.816,
     "exam": 0.003075624170787601,
     "wasted-effort": 34
    },
    "avg_case": {
     "top-5": 0.0,
     "top-10": 0.0,
     "top-200": 0.81,
     "exam": 0.003075624170787601,
     "wasted-effort": 34
    },
    "worst_case": {
     "top-5": 0.0,
     "top-10": 0.0,
     "top-200": 0.816,
     "exam": 0.003075624170787601,
     "wasted-effort": 34
    }
   },
   "DStar": {
    "best_case": {
     "top-5": 0.0,
     "top-10": 0.0,
     "top-200": 0.838,
     "exam": 0.003075624170787601,
     "wasted-effort": 34
    },
    "avg_case": {
     "top-5": 0.0,
     "top-10": 0.0,
     "top-200": 0.818,
     "exam": 0.003075624170787601,
     "wasted-effort": 34
    },
    "worst_case": {
     "top-5": 0.0,
     "top-10": 0.0,
     "top-200": 0.798,
     "exam": 0.003075624170787601,
     "wasted-effort": 34
    }
   }
  },
  "line_assert_use": {
   "Tarantula": {
    "best_case": {
     "top-5": 0.0,
     "top-10": 0.0,
     "top-200": 0.854,
     "exam": 0.003075624170787601,
     "wasted-effort": 34
    },
    "avg_case": {
     "top-5": 0.0,
     "top-10": 0.0,
     "top-200": 0.827,
     "exam": 0.003075624170787601,
     "wasted-effort": 34
    },
    "worst_case": {
     "top-5": 0.0,
     "top-10": 0.0,
     "top-200": 0.815,
     "exam": 0.003075624170787601,
     "wasted-effort": 34
    }
   },
   "Ochiai": {
    "best_case": {
     "top-5": 0.0,
     "top-10": 0.0,
     "top-200": 0.835,
     "exam": 0.003075624170787601,
     "wasted-effort": 34
    },
    "avg_case": {
     "top-5": 0.0,
     "top-10": 0.0,
     "top-200": 0.829,
     "exam": 0.003075624170787601,
     "wasted-effort": 34
    },
    "worst_case": {
     "top-5": 0.0,
     "top-10": 0.0,
     "top-200": 0.823,
     "exam": 0.003075624170787601,
     "wasted-effort": 34
    }
   },
   "DStar": {
    "best_case": {
     "top-5": 0.0,
     "top-10": 0.0,
     "top-200": 0.806,
     "exam": 0.003075624170787601,
     "wasted-effort": 34
    },
    "avg_case": {
     "top-5": 0.0,
     "top-10": 0.0,
     "top-200": 0.821,
     "exam": 0.003075624170787601,
     "wasted-effort": 34
    },
    "worst_case": {
     "top-5": 0.0,
     "top-10": 0.0,
     "top-200": 0.808,
     "exam": 0.003075624170787601,
     "wasted-effort": 34
    }
   }
  },
  "line_assert_uses": {
   "Tarantula": {
    "best_case": {
     "top-5": 0.0,
     "top-10": 0.0,
     "top-200": 0.824,
     "exam": 0.003075624170787601,
     "wasted-effort": 34
    },
    "avg_case": {
     "top-5": 0.0,
     "top-10": 0.0,
     "top-200": 0.824,
     "exam": 0.003075624170787601,
     "wasted-effort": 34
    },
    "worst_case": {
     "top-5": 0.0,
     "top-10": 0.0,
     "top-200": 0.836,
     "exam": 0.003075624170787601,
     "wasted-effort": 34
    }
   },
   "Ochiai": {
    "best_case": {
     "top-5": 0.0,
     "top-10": 0.0,
     "top-200": 0.82,
     "exam": 0.003075624170787601,
     "wasted-effort": 34
    },
    "avg_case": {
     "top-5": 0.0,
     "top-10": 0.0,
     "top-200": 0.843,
     "exam": 0.003075624170787601,
     "wasted-effort": 34
    },
    "worst_case": {
     "top-5": 0.0,
     "top-10": 0.0,
     "top-200": 0.837,