{
 "luigi_10": {
  "line": {
   "Tarantula": {
    "best_case": {
     "top-5": 0.731,
     "top-10": 0.088,
     "top-200": 0.887,
     "exam": 0.0002743161689787601,
     "wasted-effort": 7
    },
    "avg_case": {
     "top-5": 0.706,
     "top-10": 0.098,
     "top-200": 0.872,
     "exam": 0.0002743161689787601,
     "wasted-effort": 7
    },
    "worst_case": {
     "top-5": 0.703,
     "top-10": 0.09,
     "top-200": 0.886,
     "exam": 0.0002743161689787601,
     "wasted-effort": 7
    }
   },
   "Ochiai": {
    "best_case": {
     "top-5": 0.7,
     "top-10": 0.099,
     "top-200": 0.875,
     "exam": 0.0002743161689787601,
     "wasted-effort": 7
    },
    "avg_case": {
     "top-5": 0.728,
     "top-10": 0.084,
     "top-200": 0.861,
     "exam": 0.0002743161689787601,
     "wasted-effort": 7
    },
    "worst_case": {
     "top-5": 0.716,
     "top-10": 0.098,
     "top-200": 0.885,
     "exam": 0.0002743161689787601,
     "wasted-effort": 7
    }
   },
   "DStar": {
    "best_case": {
     "top-5": 0.0,
     "top-10": 0.0,
     "top-200": 0.0,
     "exam": 0.07069519554824046,
     "wasted-effort": 976
    },
    "avg_case": {
     "top-5": 0.0,
     "top-10": 0.0,
     "top-200": 0.0,
     "exam": 0.07069519554824046,
     "wasted-effort": 976
    },
    "worst_case": {
     "top-5": 0.0,
     "top-10": 0.0,
     "top-200": 0.0,
     "exam": 0.07069519554824046,
     "wasted-effort": 976
    }
   }
  },
  "line_line": {
   "Tarantula": {
    "best_case": {
     "top-5": 0.694,
     "top-10": 0.591,
     "top-200": 0.882,
     "exam": 7.837604827964574e-05,
     "wasted-effort": 2
    },
    "avg_case": {
     "top-5": 0.723,
     "top-10": 0.599,
     "top-200": 0.865,
     "exam": 7.837604827964574e-05,
     "wasted-effort": 2
    },
    "worst_case": {
     "top-5": 0.704,
     "top-10": 0.571,
     "top-200": 0.862,
     "exam": 7.837604827964574e-05,
     "wasted-effort": 2
    }
   },
   "Ochiai": {
    "best_case": {
     "top-5": 1,
     "top-10": 1,
     "top-200": 0.853,
     "exam": 7.837604827964574e-05,
     "wasted-effort": 2
    },
    "avg_case": {
     "top-5": 1,
     "top-10": 1,
     "top-200": 0.87,
     "exam": 7.837604827964574e-05,
     "wasted-effort": 2
    },
    "worst_case": {
     "top-5": 1.0,
     "top-10": 1.0,
     "top-200": 0.88,
     "exam": 7.837604827964574e-05,
     "wasted-effort": 2
    }
   },
   "DStar": {
    "best_case": {
     "top-5": 0.0,
     "top-10": 0.0,
     "top-200": 0.0,
     "exam": 0.07069519554824046,
     "wasted-effort": 976
    },
    "avg_case": {
     "top-5": 0.0,
     "top-10": 0.0,
     "top-200": 0.0,
     "exam": 0.07069519554824046,
     "wasted-effort": 976
    },
    "worst_case": {
     "top-5": 0.0,
     "top-10": 0.0,
     "top-200": 0.0,
     "exam": 0.07069519554824046,
     "wasted-effort": 976
    }
   }
  },
  "line_defuse": {
   "Tarantula": {
    "best_case": {
     "top-5": 1,
     "top-10": 0.571,
     "top-200": 0.859,
     "exam": 7.837604827964574e-05,
     "wasted-effort": 2
    },
    "avg_case": {
     "top-5": 1,
     "top-10": 0.572,
     "top-200": 0.874,
     "exam": 7.837604827964574e-05,
     "wasted-effort": 2
    },
    "worst_case": {
     "top-5": 1.0,
     "top-10": 0.608,
     "top-200": 0.876,
     "exam": 7.837604827964574e-05,
     "wasted-effort": 2
    }
   },
   "Ochiai": {
    "best_case": {
     "top-5": 0.729,
     "top-10": 1,
     "top-200": 0.866,
     "exam": 7.837604827964574e-05,
     "wasted-effort": 2
    },
    "avg_case": {
     "top-5": 0.726,
     "top-10": 1,
     "top-200": 0.865,
     "exam": 7.837604827964574e-05,
     "wasted-effort": 2
    },
    "worst_case": {
     "top-5": 0.711,
     "top-10": 1.0,
     "top-200": 0.881,
     "exam": 7.837604827964574e-05,
     "wasted-effort": 2
    }
   },
   "DStar": {
    "best_case": {
     "top-5": 0.0,
     "top-10": 0.0,
     "top-200": 0.0,
     "exam": 0.07069519554824046,
     "wasted-effort": 976
    },
    "avg_case": {
     "top-5": 0.0,
     "top-10": 0.0,
     "top-200": 0.0,
     "exam": 0.07069519554824046,
     "wasted-effort": 976
    },
    "worst_case": {
     "top-5": 0.0,
     "top-10": 0.0,
     "top-200": 0.0,
     "exam": 0.07069519554824046,
     "wasted-effort": 976
    }
   }
  },
  "line_defuses": {
   "Tarantula": {
    "best_case": {
     "top-5": 1,
     "top-10": 0.58,
     "top-200": 0.883,
     "exam": 7.837604827964574e-05,
     "wasted-effort": 2
    },
    "avg_case": {
     "top-5": 1,
     "top-10": 0.577,
     "top-200": 0.879,
     "exam": 7.837604827964574e-05,
     "wasted-effort": 2
    },
    "worst_case": {
     "top-5": 1.0,
     "top-10": 0.588,
     "top-200": 0.874,
     "exam": 7.837604827964574e-05,
     "wasted-effort": 2
    }
   },
   "Ochiai": {
    "best_case": {
     "top-5": 0.71,
     "top-10": 1,
     "top-200": 0.872,
     "exam": 7.837604827964574e-05,
     "wasted-effort": 2
    },
    "avg_case": {
     "top-5": 0.724,
     "top-10": 1,
     "top-200": 0.888,
     "exam": 7.837604827964574e-05,
     "wasted-effort": 2
    },
    "worst_case": {
     "top-5": 0.726,
     "top-10": 1.0,
     "top-200": 0.887,
     "exam": 7.837604827964574e-05,
     "wasted-effort": 2
    }
   },
   "DStar": {
    "best_case": {
     "top-5": 0.0,
     "top-10": 0.0,
     "top-200": 0.0,
     "exam": 0.07069519554824046,
     "wasted-effort": 976
    },
    "avg_case": {
     "top-5": 0.0,
     "top-10": 0.0,
     "top-200": 0.0,
     "exam": 0.07069519554824046,
     "wasted-effort": 976
    },
    "worst_case": {
     "top-5": 0.0,
     "top-10": 0.0,
     "top-200": 0.0,
     "exam": 0.07069519554824046,
     "wasted-effort": 976
    }
   }
  },
  "line_assert_use": {
   "Tarantula": {
    "best_case": {
     "top-5": 1,
     "top-10": 0.611,
     "top-200": 0.869,
     "exam": 7.837604827964574e-05,
     "wasted-effort": 2
    },
    "avg_case": {
     "top-5": 1,
     "top-10": 0.61,
     "top-200": 0.881,
     "exam": 7.837604827964574e-05,
     "wasted-effort": 2
    },
    "worst_case": {
     "top-5": 1.0,
     "top-10": 0.6,
     "top-200": 0.878,
     "exam": 7.837604827964574e-05,
     "wasted-effort": 2
    }
   },
   "Ochiai": {
    "best_case": {
     "top-5": 0.705,
     "top-10": 1,
     "top-200": 0.885,
     "exam": 7.837604827964574e-05,
     "wasted-effort": 2
    },
    "avg_case": {
     "top-5": 0.718,
     "top-10": 1,
     "top-200": 0.888,
     "exam": 7.837604827964574e-05,
     "wasted-effort": 2
    },
    "worst_case": {
     "top-5": 0.727,
     "top-10": 1.0,
     "top-200": 0.876,
     "exam": 7.837604827964574e-05,
     "wasted-effort": 2
    }
   },
   "DStar": {
    "best_case": {
     "top-5": 0.0,
     "top-10": 0.0,
     "top-200": 0.0,
     "exam": 0.07069519554824046,
     "wasted-effort": 976
    },
    "avg_case": {
     "top-5": 0.0,
     "top-10": 0.0,
     "top-200": 0.0,
     "exam": 0.07069519554824046,
     "wasted-effort": 976
    },
    "worst_case": {
     "top-5": 0.0,
     "top-10": 0.0,
     "top-200": 0.0,
     "exam": 0.07069519554824046,
     "wasted-effort": 976
    }
   }
  },
  "line_assert_uses": {
   "Tarantula": {
    "best_case": {
     "top-5": 1,
     "top-10": 0.61,
     "top-200": 0.867,
     "exam": 7.837604827964574e-05,
     "wasted-effort": 2
    },
    "avg_case": {
     "top-5": 1,
     "top-10": 0.585,
     "top-200": 0.885,
     "exam": 7.837604827964574e-05,
     "wasted-effort": 2
    },
    "worst_case": {
     "top-5": 1.0,
     "top-10": 0.59,
     "top-200": 0.861,
     "exam": 7.837604827964574e-05,
     "wasted-effort": 2
    }
   },
   "Ochiai": {
    "best_case": {
     "top-5": 0.707,
     "top-10": 1,
     "top-200": 0.874,
     "exam": 7.837604827964574e-05,
     "wasted-effort": 2
    },
    "avg_case": {
     "top-5": 0.725,
     "top-10": 1,
     "top-200": 0.879,
     "exam": 7.837604827964574e-05,
     "wasted-effort": 2
    },
    "worst_case": {
     "top-5": 0.747,
     "top-10": 1.0,
     "top-200": 0.871,