{
 "luigi_16": {
  "line": {
   "Tarantula": {
    "best_case": {
     "top-5": 0.0,
     "top-10": 0.0,
     "top-200": 0.2364,
     "exam": 0.005404643293542627,
     "wasted-effort": 68
    },
    "avg_case": {
     "top-5": 0.0,
     "top-10": 0.0,
     "top-200": 0.2364,
     "exam": 0.005404643293542627,
     "wasted-effort": 68
    },
    "worst_case": {
     "top-5": 0.0,
     "top-10": 0.0,
     "top-200": 0.2227,
     "exam": 0.005404643293542627,
     "wasted-effort": 68
    }
   },
   "Ochiai": {
    "best_case": {
     "top-5": 0.0,
     "top-10": 0.0,
     "top-200": 0.2325,
     "exam": 0.005404643293542627,
     "wasted-effort": 68
    },
    "avg_case": {
     "top-5": 0.0,
     "top-10": 0.0,
     "top-200": 0.2405,
     "exam": 0.005404643293542627,
     "wasted-effort": 68
    },
    "worst_case": {
     "top-5": 0.0,
     "top-10": 0.0,
     "top-200": 0.2372,
     "exam": 0.005404643293542627,
     "wasted-effort": 68
    }
   },
   "DStar": {
    "best_case": {
     "top-5": 0.0,
     "top-10": 0.0,
     "top-200": 0.2378,
     "exam": 0.005404643293542627,
     "wasted-effort": 68
    },
    "avg_case": {
     "top-5": 0.0,
     "top-10": 0.0,
     "top-200": 0.2409,
     "exam": 0.005404643293542627,
     "wasted-effort": 68
    },
    "worst_case": {
     "top-5": 0.0,
     "top-10": 0.0,
     "top-200": 0.2397,
     "exam": 0.005404643293542627,
     "wasted-effort": 68
    }
   }
  },
  "line_line": {
   "Tarantula": {
    "best_case": {
     "top-5": 0.0,
     "top-10": 0,
     "top-200": 0.7161,
     "exam": 0.0036187611617633235,
     "wasted-effort": 49
    },
    "avg_case": {
     "top-5": 0.0,
     "top-10": 0.0,
     "top-200": 0.7261,
     "exam": 0.0036187611617633235,
     "wasted-effort": 49
    },
    "worst_case": {
     "top-5": 0.0,
     "top-10": 0.0,
     "top-200": 0.717,
     "exam": 0.0036187611617633235,
     "wasted-effort": 49
    }
   },
   "Ochiai": {
    "best_case": {
     "top-5": 0.0,
     "top-10": 0.0,
     "top-200": 0.7186,
     "exam": 0.005404643293542627,
     "wasted-effort": 68
    },
    "avg_case": {
     "top-5": 0.0,
     "top-10": 0.0,
     "top-200": 0.7149,
     "exam": 0.005404643293542627,
     "wasted-effort": 68
    },
    "worst_case": {
     "top-5": 0.0,
     "top-10": 0.0,
     "top-200": 0.7076,
     "exam": 0.005404643293542627,
     "wasted-effort": 68
    }
   },
   "DStar": {
    "best_case": {
     "top-5": 0.0,
     "top-10": 0.0,
     "top-200": 0.7179,
     "exam": 0.005404643293542627,
     "wasted-effort": 68
    },
    "avg_case": {
     "top-5": 0.0,
     "top-10": 0.0,
     "top-200": 0.7179,
     "exam": 0.005404643293542627,
     "wasted-effort": 68
    },
    "worst_case": {
     "top-5": 0.0,
     "top-10": 0.0,
     "top-200": 0.716,
     "exam": 0.005404643293542627,
     "wasted-effort": 68
    }
   }
  },
  "line_defuse": {
   "Tarantula": {
    "best_case": {
     "top-5": 0.0,
     "top-10": 0,
     "top-200": 0.7145,
     "exam": 0.0033367797725350127,
     "wasted-effort": 46
    },
    "avg_case": {
     "top-5": 0.0,
     "top-10": 0.0,
     "top-200": 0.7115,
     "exam": 0.0033367797725350127,
     "wasted-effort": 46
    },
    "worst_case": {
     "top-5": 0.0,
     "top-10": 0.0,
     "top-200": 0.715,
     "exam": 0.0033367797725350127,
     "wasted-effort": 46
    }
   },
   "Ochiai": {
    "best_case": {
     "top-5": 0.0,
     "top-10": 0.0,
     "top-200": 0.718,
     "exam": 0.004934674311495441,
     "wasted-effort": 63
    },
    "avg_case": {
     "top-5": 0.0,
     "top-10": 0.0,
     "top-200": 0.7166,
     "exam": 0.004934674311495441,
     "wasted-effort": 63
    },
    "worst_case": {
     "top-5": 0.0,
     "top-10": 0.0,
     "top-200": 0.7163,
     "exam": 0.004934674311495441,
     "wasted-effort": 63
    }
   },
   "DStar": {
    "best_case": {
     "top-5": 0.0,
     "top-10": 0.0,
     "top-200": 0.7138,
     "exam": 0.005404643293542627,
     "wasted-effort": 68
    },
    "avg_case": {
     "top-5": 0.0,
     "top-10": 0.0,
     "top-200": 0.7117,
     "exam": 0.005404643293542627,
     "wasted-effort": 68
    },
    "worst_case": {
     "top-5": 0.0,
     "top-10": 0.0,
     "top-200": 0.7131,
     "exam": 0.005404643293542627,
     "wasted-effort": 68
    }
   }
  },
  "line_defuses": {
   "Tarantula": {
    "best_case": {
     "top-5": 0.0,
     "top-10": 0,
     "top-200": 0.7154,
     "exam": 0.004934674311495441,
     "wasted-effort": 63
    },
    "avg_case": {
     "top-5": 0.0,
     "top-10": 0.0,
     "top-200": 0.72,
     "exam": 0.004934674311495441,
     "wasted-effort": 63
    },
    "worst_case": {
     "top-5": 0.0,
     "top-10": 0.0,
     "top-200": 0.716,
     "exam": 0.004934674311495441,
     "wasted-effort": 63
    }
   },
   "Ochiai": {
    "best_case": {
     "top-5": 0.0,
     "top-10": 0.0,
     "top-200": 0.7111,
     "exam": 0.005404643293542627,
     "wasted-effort": 68
    },
    "avg_case": {
     "top-5": 0.0,
     "top-10": 0.0,
     "top-200": 0.7244,
     "exam": 0.005404643293542627,
     "wasted-effort": 68
    },
    "worst_case": {
     "top-5": 0.0,
     "top-10": 0.0,
     "top-200": 0.7192,
     "exam": 0.005404643293542627,
     "wasted-effort": 68
    }
   },
   "DStar": {
    "best_case": {
     "top-5": 0.0,
     "top-10": 0.0,
     "top-200": 0.7122,
     "exam": 0.005404643293542627,
     "wasted-effort": 68
    },
    "avg_case": {
     "top-5": 0.0,
     "top-10": 0.0,
     "top-200": 0.7122,
     "exam": 0.005404643293542627,
     "wasted-effort": 68
    },
    "worst_case": {
     "top-5": 0.0,
     "top-10": 0.0,
     "top-200": 0.7152,
     "exam": 0.005404643293542627,
     "wasted-effort": 68
    }
   }
  },
  "line_assert_use": {
   "Tarantula": {
    "best_case": {
     "top-5": 0.0,
     "top-10": 0,
     "top-200": 0.7182,
     "exam": 0.0033367797725350127,
     "wasted-effort": 46
    },
    "avg_case": {
     "top-5": 0.0,
     "top-10": 0.0,
     "top-200": 0.7229,
     "exam": 0.0033367797725350127,
     "wasted-effort": 46
    },
    "worst_case": {
     "top-5": 0.0,
     "top-10": 0.0,
     "top-200": 0.7144,
     "exam": 0.0033367797725350127,
     "wasted-effort": 46
    }
   },
   "Ochiai": {
    "best_case": {
     "top-5": 0.0,
     "top-10": 0.0,
     "top-200": 0.7134,
     "exam": 0.005404643293542627,
     "wasted-effort": 68
    },
    "avg_case": {
     "top-5": 0.0,
     "top-10": 0.0,
     "top-200": 0.7239,
     "exam": 0.005404643293542627,
     "wasted-effort": 68
    },
    "worst_case": {
     "top-5": 0.0,
     "top-10": 0.0,
     "top-200": 0.7125,
     "exam": 0.005404643293542627,
     "wasted-effort": 68
    }
   },
   "DStar": {
    "best_case": {
     "top-5": 0.0,
     "top-10": 0.0,
     "top-200": 0.7214,
     "exam": 0.005404643293542627,
     "wasted-effort": 68
    },
    "avg_case": {
     "top-5": 0.0,
     "top-10": 0.0,
     "top-200": 0.7148,
     "exam": 0.005404643293542627,
     "wasted-effort": 68
    },
    "worst_case": {
     "top-5": 0.0,
     "top-10": 0.0,
     "top-200": 0.7085,
     "exam": 0.005404643293542627,
     "wasted-effort": 68
    }
   }
  },
  "line_assert_uses": {
   "Tarantula": {
    "best_case": {
     "top-5": 0.0,
     "top-10": 0,
     "top-200": 0.7234,
     "exam": 0.0033367797725350127,
     "wasted-effort": 46
    },
    "avg_case": {
     "top-5": 0.0,
     "top-10": 0.0,
     "top-200": 0.7182,
     "exam": 0.0033367797725350127,
     "wasted-effort": 46
    },
    "worst_case": {
     "top-5": 0.0,
     "top-10": 0.0,
     "top-200": 0.7179,
     "exam": 0.0033367797725350127,
     "wasted-effort": 46
    }
   },
   "Ochiai": {
    "best_case": {
     "top-5": 0.0,
     "top-10": 0.0,
     "top-200": 0.7137,
     "exam": 0.004934674311495441,
     "wasted-effort": 63
    },
    "avg_case": {
     "top-5": 0.0,
     "top-10": 0.0,
     "top-200": 0.7138,
     "exam": 0.004934674311495441,
     "wasted-effort": 63
    },
    "worst_case": {
     "top-5": 0.0,