{
 "luigi_6": {
  "line": {
   "Tarantula": {
    "best_case": {
     "top-1": 0.0,
     "top-5": 0.0,
     "top-10": 0.0,
     "top-200": 0.59,
     "exam": 0.0012077294685990338,
     "wasted-effort": 18
    },
    "avg_case": {
     "top-1": 0.0,
     "top-5": 0.0,
     "top-10": 0.0,
     "top-200": 0.06569565217390999,
     "exam": 0.5794459541062802,
     "wasted-effort": 13248
    },
    "worst_case": {
     "top-1": 0.0,
     "top-5": 0.0,
     "top-10": 0.0,
     "top-200": 0.03263478260869413,
     "exam": 0.5794459541062802,
     "wasted-effort": 13248
    }
   },
   "Ochiai": {
    "best_case": {
     "top-1": 0.0,
     "top-5": 0.0,
     "top-10": 0.0,
     "top-200": 0.5807,
     "exam": 0.0012077294685990338,
     "wasted-effort": 18
    },
    "avg_case": {
     "top-1": 0.0,
     "top-5": 0.0,
     "top-10": 0.0,
     "top-200": 0.06608695652173606,
     "exam": 0.5794459541062802,
     "wasted-effort": 13248
    },
    "worst_case": {
     "top-1": 0.0,
     "top-5": 0.0,
     "top-10": 0.0,
     "top-200": 0.032930434782607154,
     "exam": 0.5794459541062802,
     "wasted-effort": 13248
    }
   },
   "DStar": {
    "best_case": {
     "top-1": 0.0,
     "top-5": 0.0,
     "top-10": 0.0,
     "top-200": 0.5845,
     "exam": 0.0012077294685990338,
     "wasted-effort": 18
    },
    "avg_case": {
     "top-1": 0.0,
     "top-5": 0.0,
     "top-10": 0.0,
     "top-200": 0.06566956521738823,
     "exam": 0.5794459541062802,
     "wasted-effort": 13248
    },
    "worst_case": {
     "top-1": 0.0,
     "top-5": 0.0,
     "top-10": 0.0,
     "top-200": 0.03346956521738976,
     "exam": 0.5794459541062802,
     "wasted-effort": 13248
    }
   },
   "Naish1": {
    "best_case": {
     "top-1": 0.0,
     "top-5": 0,
     "top-10": 0.0,
     "top-200": 0.0,
     "exam": 0.10846920289855072,
     "wasted-effort": 2105
    },
    "avg_case": {
     "top-1": 0.0,
     "top-5": 0.0,
     "top-10": 0.0,
     "top-200": 0.0,
     "exam": 0.5794459541062802,
     "wasted-effort": 13248
    },
    "worst_case": {
     "top-1": 0.0,
     "top-5": 0.0,
     "top-10": 0.0,
     "top-200": 0.0,
     "exam": 0.5794459541062802,
     "wasted-effort": 13248
    }
   },
   "Naish2": {
    "best_case": {
     "top-1": 0.0,
     "top-5": 0,
     "top-10": 0.0,
     "top-200": 0.0,
     "exam": 0.059254227053140096,
     "wasted-effort": 787
    },
    "avg_case": {
     "top-1": 0.0,
     "top-5": 0.0,
     "top-10": 0.0,
     "top-200": 0.0,
     "exam": 0.5794459541062802,
     "wasted-effort": 13248
    },
    "worst_case": {
     "top-1": 0.0,
     "top-5": 0.0,
     "top-10": 0.0,
     "top-200": 0.0,
     "exam": 0.5794459541062802,
     "wasted-effort": 13248
    }
   },
   "GP13": {
    "best_case": {
     "top-1": 0.0,
     "top-5": 0,
     "top-10": 0.0,
     "top-200": 0.0,
     "exam": 0.059254227053140096,
     "wasted-effort": 787
    },
    "avg_case": {
     "top-1": 0.0,
     "top-5": 0.0,
     "top-10": 0.0,
     "top-200": 0.0,
     "exam": 0.5794459541062802,
     "wasted-effort": 13248
    },
    "worst_case": {
     "top-1": 0.0,
     "top-5": 0.0,
     "top-10": 0.0,
     "top-200": 0.0,
     "exam": 0.5794459541062802,
     "wasted-effort": 13248
    }
   }
  },
  "line_line": {
   "Tarantula": {
    "best_case": {
     "top-1": 0.0,
     "top-5": 0.0,
     "top-10": 0.0,
     "top-200": 0.5749,
     "exam": 0.0011322463768115942,
     "wasted-effort": 17
    },
    "avg_case": {
     "top-1": 0.0,
     "top-5": 0.0,
     "top-10": 0.0,
     "top-200": 0.06571304347825782,
     "exam": 0.5794459541062802,
     "wasted-effort": 13248
    },
    "worst_case": {
     "top-1": 0.0,
     "top-5": 0.0,
     "top-10": 0.0,
     "top-200": 0.032799999999998476,
     "exam": 0.5794459541062802,
     "wasted-effort": 13248
    }
   },
   "Ochiai": {
    "best_case": {
     "top-1": 0.0,
     "top-5": 0.0,
     "top-10": 0.0,
     "top-200": 0.5756,
     "exam": 0.0011322463768115942,
     "wasted-effort": 17
    },
    "avg_case": {
     "top-1": 0.0,
     "top-5": 0.0,
     "top-10": 0.0,
     "top-200": 0.06443478260869269,
     "exam": 0.5794459541062802,
     "wasted-effort": 13248
    },
    "worst_case": {
     "top-1": 0.0,
     "top-5": 0.0,
     "top-10": 0.0,
     "top-200": 0.03289565217391153,
     "exam": 0.5794459541062802,
     "wasted-effort": 13248
    }
   },
   "DStar": {
    "best_case": {
     "top-1": 0.0,
     "top-5": 0.0,
     "top-10": 0.0,
     "top-200": 0.5811,
     "exam": 0.0012077294685990338,
     "wasted-effort": 18
    },
    "avg_case": {
     "top-1": 0.0,
     "top-5": 0.0,
     "top-10": 0.0,
     "top-200": 0.06531304347825787,
     "exam": 0.5794459541062802,
     "wasted-effort": 13248
    },
    "worst_case": {
     "top-1": 0.0,
     "top-5": 0.0,
     "top-10": 0.0,
     "top-200": 0.032152173913041995,
     "exam": 0.5794459541062802,
     "wasted-effort": 13248
    }
   },
   "Naish1": {
    "best_case": {
     "top-1": 0.0,
     "top-5": 0,
     "top-10": 0.0,
     "top-200": 0.4074,
     "exam": 0.08020078502415459,
     "wasted-effort": 2073
    },
    "avg_case": {
     "top-1": 0.0,
     "top-5": 0.0,
     "top-10": 0.0,
     "top-200": 0.04190434782608521,
     "exam": 0.5794459541062802,
     "wasted-effort": 13248
    },
    "worst_case": {
     "top-1": 0.0,
     "top-5": 0.0,
     "top-10": 0.0,
     "top-200": 0.020799999999999118,
     "exam": 0.5794459541062802,
     "wasted-effort": 13248
    }
   },
   "Naish2": {
    "best_case": {
     "top-1": 0.0,
     "top-5": 0,
     "top-10": 0.0,
     "top-200": 0.5732,
     "exam": 0.007246376811594203,
     "wasted-effort": 98
    },
    "avg_case": {
     "top-1": 0.0,
     "top-5": 0.0,
     "top-10": 0.0,
     "top-200": 0.06470434782608395,
     "exam": 0.5794459541062802,
     "wasted-effort": 13248
    },
    "worst_case": {
     "top-1": 0.0,
     "top-5": 0.0,
     "top-10": 0.0,
     "top-200": 0.03223913043478113,
     "exam": 0.5794459541062802,
     "wasted-effort": 13248
    }
   },
   "GP13": {
    "best_case": {
     "top-1": 0.0,
     "top-5": 0.0,
     "top-10": 0.0,
     "top-200": 0.5715,
     "exam": 0.0080012077294686,
     "wasted-effort": 108
    },
    "avg_case": {
     "top-1": 0.0,
     "top-5": 0.0,
     "top-10": 0.0,
     "top-200": 0.06656521739130124,
     "exam": 0.5794459541062802,
     "wasted-effort": 13248
    },
    "worst_case": {
     "top-1": 0.0,
     "top-5": 0.0,
     "top-10": 0.0,
     "top-200": 0.03216521739130284,
     "exam": 0.5794459541062802,
     "wasted-effort": 13248
    }
   }
  },
  "line_defuse": {
   "Tarantula": {
    "best_case": {
     "top-1": 0.0,
     "top-5": 0.0,
     "top-10": 0.0,
     "top-200": 0.5756,
     "exam": 0.0011322463768115942,
     "wasted-effort": 17
    },
    "avg_case": {
     "top-1": 0.0,
     "top-5": 0.0,
     "top-10": 0.0,
     "top-200": 0.06497391304347523,
     "exam": 0.5794459541062802,
     "wasted-effort": 13248
    },
    "worst_case": {
     "top-1": 0.0,
     "top-5": 0.0,
     "top-10": 0.0,
     "top-200": 0.03269999999999847,
     "exam": 0.5794459541062802,
     "wasted-effort": 13248
    }
   },
   "Ochiai": {
    "best_case": {
     "top-1": 0.0,
     "top-5": 0.0,
     "top-10": 0.0,
     "top-200": 0.5775,
     "exam": 0.0011322463768115942,
     "wasted-effort": 17
    },
    "avg_case": {
     "top-1": 0.0,
     "top-5": 0.0,
     "top-10": 0.0,
     "top-200": 0.06606956521738822,
     "exam": 0.5794459541062802,
     "wasted-effort": 13248
    },
    "worst_case": {
     "top-1": 0.0,
     "top-5": 0.0,
     "top-10": 0.0,
     "top-200": 0.03251739130434633,
     "exam": 0.5794459541062802,
     "wasted-effort": 13248
    }
   },
   "DStar": {
    "best_case": {
     "top-1": 0.0,
     "top-5": 0.0,
     "top-10": 0.0,
     "top-200": 0.5755,
     "exam": 0.0012077294685990338,
     "wasted-effort": 18
    },
    "avg_case": {
     "top-1": 0.0,
     "top-5": 0.0,
     "top-10": 0.0,
     "top-200": 0.06530434782608395,