{
 "luigi_10": {
  "line": {
   "Tarantula": {
    "best_case": {
     "top-1": 0.1397,
     "top-5": 0.7125,
     "top-10": 0.088,
     "top-200": 0.8694,
     "exam": 0.0002743161689787601,
     "wasted-effort": 7
    },
    "avg_case": {
     "top-1": 0.1387,
     "top-5": 0.7116,
     "top-10": 0.094,
     "top-200": 0.8711,
     "exam": 0.0002743161689787601,
     "wasted-effort": 7
    },
    "worst_case": {
     "top-1": 0.1392,
     "top-5": 0.7148,
     "top-10": 0.0908,
     "top-200": 0.8719,
     "exam": 0.0002743161689787601,
     "wasted-effort": 7
    }
   },
   "Ochiai": {
    "best_case": {
     "top-1": 0.1495,
     "top-5": 0.718,
     "top-10": 0.0934,
     "top-200": 0.8729,
     "exam": 0.0002743161689787601,
     "wasted-effort": 7
    },
    "avg_case": {
     "top-1": 0.1429,
     "top-5": 0.7073,
     "top-10": 0.0901,
     "top-200": 0.8716,
     "exam": 0.0002743161689787601,
     "wasted-effort": 7
    },
    "worst_case": {
     "top-1": 0.1411,
     "top-5": 0.7137,
     "top-10": 0.0923,
     "top-200": 0.8743,
     "exam": 0.0002743161689787601,
     "wasted-effort": 7
    }
   },
   "DStar": {
    "best_case": {
     "top-1": 0.0,
     "top-5": 0.0,
     "top-10": 0.0,
     "top-200": 0.0,
     "exam": 0.07069519554824046,
     "wasted-effort": 976
    },
    "avg_case": {
     "top-1": 0.0,
     "top-5": 0.0,
     "top-10": 0.0,
     "top-200": 0.0,
     "exam": 0.07069519554824046,
     "wasted-effort": 976
    },
    "worst_case": {
     "top-1": 0.0,
     "top-5": 0.0,
     "top-10": 0.0,
     "top-200": 0.0,
     "exam": 0.07069519554824046,
     "wasted-effort": 976
    }
   },
   "Naish1": {
    "best_case": {
     "top-1": 0.1397,
     "top-5": 0.7137,
     "top-10": 0.0861,
     "top-200": 0.8776,
     "exam": 0.0002743161689787601,
     "wasted-effort": 7
    },
    "avg_case": {
     "top-1": 0.1425,
     "top-5": 0.7041,
     "top-10": 0.0953,
     "top-200": 0.869,
     "exam": 0.0002743161689787601,
     "wasted-effort": 7
    },
    "worst_case": {
     "top-1": 0.143,
     "top-5": 0.7114,
     "top-10": 0.0923,
     "top-200": 0.8741,
     "exam": 0.0002743161689787601,
     "wasted-effort": 7
    }
   },
   "Naish2": {
    "best_case": {
     "top-1": 0.1434,
     "top-5": 0.707,
     "top-10": 0.0938,
     "top-200": 0.8737,
     "exam": 0.0002743161689787601,
     "wasted-effort": 7
    },
    "avg_case": {
     "top-1": 0.1395,
     "top-5": 0.7093,
     "top-10": 0.091,
     "top-200": 0.8693,
     "exam": 0.0002743161689787601,
     "wasted-effort": 7
    },
    "worst_case": {
     "top-1": 0.1384,
     "top-5": 0.7127,
     "top-10": 0.0928,
     "top-200": 0.8739,
     "exam": 0.0002743161689787601,
     "wasted-effort": 7
    }
   },
   "GP13": {
    "best_case": {
     "top-1": 0.1448,
     "top-5": 0.7188,
     "top-10": 0.0887,
     "top-200": 0.8756,
     "exam": 0.0002743161689787601,
     "wasted-effort": 7
    },
    "avg_case": {
     "top-1": 0.1423,
     "top-5": 0.7093,
     "top-10": 0.0917,
     "top-200": 0.8737,
     "exam": 0.0002743161689787601,
     "wasted-effort": 7
    },
    "worst_case": {
     "top-1": 0.1445,
     "top-5": 0.7107,
     "top-10": 0.0906,
     "top-200": 0.8708,
     "exam": 0.0002743161689787601,
     "wasted-effort": 7
    }
   }
  },
  "line_line": {
   "Tarantula": {
    "best_case": {
     "top-1": 0.5037,
     "top-5": 0.7153,
     "top-10": 0.5851,
     "top-200": 0.8686,
     "exam": 7.837604827964574e-05,
     "wasted-effort": 2
    },
    "avg_case": {
     "top-1": 0.505,
     "top-5": 0.7206,
     "top-10": 0.5845,
     "top-200": 0.8708,
     "exam": 7.837604827964574e-05,
     "wasted-effort": 2
    },
    "worst_case": {
     "top-1": 0.4987,
     "top-5": 0.7108,
     "top-10": 0.5904,
     "top-200": 0.8791,
     "exam": 7.837604827964574e-05,
     "wasted-effort": 2
    }
   },
   "Ochiai": {
    "best_case": {
     "top-1": 0.4934,
     "top-5": 1,
     "top-10": 1,
     "top-200": 0.8769,
     "exam": 7.837604827964574e-05,
     "wasted-effort": 2
    },
    "avg_case": {
     "top-1": 0.5001,
     "top-5": 1,
     "top-10": 1,
     "top-200": 0.8716,
     "exam": 7.837604827964574e-05,
     "wasted-effort": 2
    },
    "worst_case": {
     "top-1": 0.5021,
     "top-5": 1.0,
     "top-10": 1.0,
     "top-200": 0.8689,
     "exam": 7.837604827964574e-05,
     "wasted-effort": 2
    }
   },
   "DStar": {
    "best_case": {
     "top-1": 0.0,
     "top-5": 0.0,
     "top-10": 0.0,
     "top-200": 0.0,
     "exam": 0.07069519554824046,
     "wasted-effort": 976
    },
    "avg_case": {
     "top-1": 0.0,
     "top-5": 0.0,
     "top-10": 0.0,
     "top-200": 0.0,
     "exam": 0.07069519554824046,
     "wasted-effort": 976
    },
    "worst_case": {
     "top-1": 0.0,
     "top-5": 0.0,
     "top-10": 0.0,
     "top-200": 0.0,
     "exam": 0.07069519554824046,
     "wasted-effort": 976
    }
   },
   "Naish1": {
    "best_case": {
     "top-1": 0.5022,
     "top-5": 0.7171,
     "top-10": 0.5888,
     "top-200": 0.8747,
     "exam": 7.837604827964574e-05,
     "wasted-effort": 2
    },
    "avg_case": {
     "top-1": 0.5014,
     "top-5": 0.715,
     "top-10": 0.5852,
     "top-200": 0.8793,
     "exam": 7.837604827964574e-05,
     "wasted-effort": 2
    },
    "worst_case": {
     "top-1": 0.5039,
     "top-5": 0.7143,
     "top-10": 0.5797,
     "top-200": 0.8732,
     "exam": 7.837604827964574e-05,
     "wasted-effort": 2
    }
   },
   "Naish2": {
    "best_case": {
     "top-1": 0.5008,
     "top-5": 0.7229,
     "top-10": 0.588,
     "top-200": 0.8793,
     "exam": 7.837604827964574e-05,
     "wasted-effort": 2
    },
    "avg_case": {
     "top-1": 0.4989,
     "top-5": 0.7153,
     "top-10": 0.5851,
     "top-200": 0.8753,
     "exam": 7.837604827964574e-05,
     "wasted-effort": 2
    },
    "worst_case": {
     "top-1": 0.4997,
     "top-5": 0.712,
     "top-10": 0.5848,
     "top-200": 0.8743,
     "exam": 7.837604827964574e-05,
     "wasted-effort": 2
    }
   },
   "GP13": {
    "best_case": {
     "top-1": 0.5147,
     "top-5": 1,
     "top-10": 1,
     "top-200": 0.8689,
     "exam": 7.837604827964574e-05,
     "wasted-effort": 2
    },
    "avg_case": {
     "top-1": 0.4979,
     "top-5": 1,
     "top-10": 1,
     "top-200": 0.8743,
     "exam": 7.837604827964574e-05,
     "wasted-effort": 2
    },
    "worst_case": {
     "top-1": 0.5053,
     "top-5": 1.0,
     "top-10": 1.0,
     "top-200": 0.8748,
     "exam": 7.837604827964574e-05,
     "wasted-effort": 2
    }
   }
  },
  "line_defuse": {
   "Tarantula": {
    "best_case": {
     "top-1": 0.4926,
     "top-5": 1,
     "top-10": 0.5882,
     "top-200": 0.8726,
     "exam": 7.837604827964574e-05,
     "wasted-effort": 2
    },
    "avg_case": {
     "top-1": 0.5021,
     "top-5": 1,
     "top-10": 0.5861,
     "top-200": 0.8644,
     "exam": 7.837604827964574e-05,
     "wasted-effort": 2
    },
    "worst_case": {
     "top-1": 0.495,
     "top-5": 1.0,
     "top-10": 0.5994,
     "top-200": 0.8697,
     "exam": 7.837604827964574e-05,
     "wasted-effort": 2
    }
   },
   "Ochiai": {
    "best_case": {
     "top-1": 0.4863,
     "top-5": 0.7146,
     "top-10": 1,
     "top-200": 0.8754,
     "exam": 7.837604827964574e-05,
     "wasted-effort": 2
    },
    "avg_case": {
     "top-1": 0.5085,
     "top-5": 0.7195,
     "top-10": 1,
     "top-200": 0.8758,
     "exam": 7.837604827964574e-05,
     "wasted-effort": 2
    },
    "worst_case": {
     "top-1": 0.4939,
     "top-5": 0.7168,
     "top-10": 1.0,
     "top-200": 0.8778,
     "exam": 7.837604827964574e-05,
     "wasted-effort": 2
    }
   },
   "DStar": {
    "best_case": {
     "top-1": 0.0,
     "top-5": 0.0,
     "top-10": 0.0,
     "top-200": 0.0,
     "exam": 0.07069519554824046,
     "wasted-effort": 976
    },
    "avg_case": {
     "top-1": 0.0,
     "top-5": 0.0,
     "top-10": 0.0,
     "top-200": 0.0,
     "exam": 0.07069519554824046,
     "wasted-effort": 976
    },