{
 "luigi_3": {
  "line": {
   "Tarantula": {
    "best_case": {
     "top-1": 0.0,
     "top-5": 0.0,
     "top-10": 0.0,
     "top-200": 0.0,
     "exam": 0.10316354954237962,
     "wasted-effort": 2292
    },
    "avg_case": {
     "top-1": 0.0,
     "top-5": 0.0,
     "top-10": 0.0,
     "top-200": 0.0,
     "exam": 0.10316354954237962,
     "wasted-effort": 2292
    },
    "worst_case": {
     "top-1": 0.0,
     "top-5": 0.0,
     "top-10": 0.0,
     "top-200": 0.0,
     "exam": 0.5760047751691205,
     "wasted-effort": 15078
    }
   },
   "Ochiai": {
    "best_case": {
     "top-1": 0.0,
     "top-5": 0.0,
     "top-10": 0.0,
     "top-200": 0.0,
     "exam": 0.10316354954237962,
     "wasted-effort": 2292
    },
    "avg_case": {
     "top-1": 0.0,
     "top-5": 0.0,
     "top-10": 0.0,
     "top-200": 0.0,
     "exam": 0.10316354954237962,
     "wasted-effort": 2292
    },
    "worst_case": {
     "top-1": 0.0,
     "top-5": 0.0,
     "top-10": 0.0,
     "top-200": 0.0,
     "exam": 0.5760047751691205,
     "wasted-effort": 15078
    }
   },
   "DStar": {
    "best_case": {
     "top-1": 0.0,
     "top-5": 0.0,
     "top-10": 0.0,
     "top-200": 0.0,
     "exam": 0.10316354954237962,
     "wasted-effort": 2292
    },
    "avg_case": {
     "top-1": 0.0,
     "top-5": 0.0,
     "top-10": 0.0,
     "top-200": 0.0,
     "exam": 0.10316354954237962,
     "wasted-effort": 2292
    },
    "worst_case": {
     "top-1": 0.0,
     "top-5": 0.0,
     "top-10": 0.0,
     "top-200": 0.0,
     "exam": 0.5760047751691205,
     "wasted-effort": 15078
    }
   },
   "Naish2": {
    "best_case": {
     "top-1": 0.0,
     "top-5": 0.0,
     "top-10": 0.0,
     "top-200": 0.0,
     "exam": 0.07560684440907282,
     "wasted-effort": 1149
    },
    "avg_case": {
     "top-1": 0.0,
     "top-5": 0.0,
     "top-10": 0.0,
     "top-200": 0.0,
     "exam": 0.07560684440907282,
     "wasted-effort": 1149
    },
    "worst_case": {
     "top-1": 0.0,
     "top-5": 0.0,
     "top-10": 0.0,
     "top-200": 0.0,
     "exam": 0.5760047751691205,
     "wasted-effort": 15078
    }
   },
   "GP13": {
    "best_case": {
     "top-1": 0.0,
     "top-5": 0.0,
     "top-10": 0.0,
     "top-200": 0.0,
     "exam": 0.10316354954237962,
     "wasted-effort": 2292
    },
    "avg_case": {
     "top-1": 0.0,
     "top-5": 0.0,
     "top-10": 0.0,
     "top-200": 0.0,
     "exam": 0.10316354954237962,
     "wasted-effort": 2292
    },
    "worst_case": {
     "top-1": 0.0,
     "top-5": 0.0,
     "top-10": 0.0,
     "top-200": 0.0,
     "exam": 0.5760047751691205,
     "wasted-effort": 15078
    }
   }
  },
  "line_line": {
   "Tarantula": {
    "best_case": {
     "top-1": 0.0008,
     "top-5": 0.0028,
     "top-10": 0.005,
     "top-200": 0.0863,
     "exam": 0.07600477516912058,
     "wasted-effort": 2292
    },
    "avg_case": {
     "top-1": 0.0007,
     "top-5": 0.0024,
     "top-10": 0.0033,
     "top-200": 0.0899,
     "exam": 0.07600477516912058,
     "wasted-effort": 2292
    },
    "worst_case": {
     "top-1": 0.0002,
     "top-5": 0.0014,
     "top-10": 0.0021,
     "top-200": 0.0422,
     "exam": 0.5760047751691205,
     "wasted-effort": 15078
    }
   },
   "Ochiai": {
    "best_case": {
     "top-1": 0.0006,
     "top-5": 0.0018,
     "top-10": 0.0051,
     "top-200": 0.0911,
     "exam": 0.07600477516912058,
     "wasted-effort": 2292
    },
    "avg_case": {
     "top-1": 0.0004,
     "top-5": 0.0026,
     "top-10": 0.0049,
     "top-200": 0.0879,
     "exam": 0.07600477516912058,
     "wasted-effort": 2292
    },
    "worst_case": {
     "top-1": 0.00025,
     "top-5": 0.0009,
     "top-10": 0.0023,
     "top-200": 0.04395,
     "exam": 0.5760047751691205,
     "wasted-effort": 15078
    }
   },
   "DStar": {
    "best_case": {
     "top-1": 0.0005,
     "top-5": 0.0019,
     "top-10": 0.0038,
     "top-200": 0.0882,
     "exam": 0.07600477516912058,
     "wasted-effort": 2292
    },
    "avg_case": {
     "top-1": 0.0007,
     "top-5": 0.0024,
     "top-10": 0.0044,
     "top-200": 0.0895,
     "exam": 0.07600477516912058,
     "wasted-effort": 2292
    },
    "worst_case": {
     "top-1": 0.0002,
     "top-5": 0.0008,
     "top-10": 0.00255,
     "top-200": 0.04575,
     "exam": 0.5760047751691205,
     "wasted-effort": 15078
    }
   },
   "Naish2": {
    "best_case": {
     "top-1": 0.0003,
     "top-5": 0.002,
     "top-10": 0.0044,
     "top-200": 0.0886,
     "exam": 0.07600477516912058,
     "wasted-effort": 2292
    },
    "avg_case": {
     "top-1": 0.001,
     "top-5": 0.0023,
     "top-10": 0.0036,
     "top-200": 0.083,
     "exam": 0.07600477516912058,
     "wasted-effort": 2292
    },
    "worst_case": {
     "top-1": 0.00025,
     "top-5": 0.0013,
     "top-10": 0.0025,
     "top-200": 0.04345,
     "exam": 0.5760047751691205,
     "wasted-effort": 15078
    }
   },
   "GP13": {
    "best_case": {
     "top-1": 0.0003,
     "top-5": 0.0025,
     "top-10": 0.0044,
     "top-200": 0.0904,
     "exam": 0.07600477516912058,
     "wasted-effort": 2292
    },
    "avg_case": {
     "top-1": 0.0009,
     "top-5": 0.0023,
     "top-10": 0.0048,
     "top-200": 0.0828,
     "exam": 0.07600477516912058,
     "wasted-effort": 2292
    },
    "worst_case": {
     "top-1": 0.0003,
     "top-5": 0.0009,
     "top-10": 0.0025,
     "top-200": 0.0443,
     "exam": 0.5760047751691205,
     "wasted-effort": 15078
    }
   }
  },
  "line_defuse": {
   "Tarantula": {
    "best_case": {
     "top-1": 0.0006,
     "top-5": 0.0021,
     "top-10": 0.0043,
     "top-200": 0.0838,
     "exam": 0.07600477516912058,
     "wasted-effort": 2292
    },
    "avg_case": {
     "top-1": 0.0005,
     "top-5": 0.0022,
     "top-10": 0.0045,
     "top-200": 0.0875,
     "exam": 0.07600477516912058,
     "wasted-effort": 2292
    },
    "worst_case": {
     "top-1": 0.00035,
     "top-5": 0.00105,
     "top-10": 0.0023,
     "top-200": 0.0437,
     "exam": 0.5760047751691205,
     "wasted-effort": 15078
    }
   },
   "Ochiai": {
    "best_case": {
     "top-1": 0.0003,
     "top-5": 0.0025,
     "top-10": 0.0044,
     "top-200": 0.0863,
     "exam": 0.07600477516912058,
     "wasted-effort": 2292
    },
    "avg_case": {
     "top-1": 0.0002,
     "top-5": 0.0015,
     "top-10": 0.0038,
     "top-200": 0.0899,
     "exam": 0.07600477516912058,
     "wasted-effort": 2292
    },
    "worst_case": {
     "top-1": 0.0001,
     "top-5": 0.00115,
     "top-10": 0.00185,
     "top-200": 0.0454,
     "exam": 0.5760047751691205,
     "wasted-effort": 15078
    }
   },
   "DStar": {
    "best_case": {
     "top-1": 0.0004,
     "top-5": 0.0028,
     "top-10": 0.0038,
     "top-200": 0.089,
     "exam": 0.07600477516912058,
     "wasted-effort": 2292
    },
    "avg_case": {
     "top-1": 0.0008,
     "top-5": 0.0023,
     "top-10": 0.0054,
     "top-200": 0.0856,
     "exam": 0.07600477516912058,
     "wasted-effort": 2292
    },
    "worst_case": {
     "top-1": 0.00035,
     "top-5": 0.00065,
     "top-10": 0.00235,
     "top-200": 0.04565,
     "exam": 0.5760047751691205,
     "wasted-effort": 15078
    }
   },
   "Naish2": {
    "best_case": {
     "top-1": 0.0004,
     "top-5": 0.0028,
     "top-10": 0.0047,
     "top-200": 0.0895,
     "exam": 0.07600477516912058,
     "wasted-effort": 2292
    },
    "avg_case": {
     "top-1": 0.0003,
     "top-5": 0.0013,
     "top-10": 0.0052,
     "top-200": 0.088,
     "exam": 0.07600477516912058,
     "wasted-effort": 2292
    },
    "worst_case": {
     "top-1": 0.00035,
     "top-5": 0.0016,
     "top-10": 0.00175,
     "top-200": 0.0445,
     "exam": 0.5760047751691205,
     "wasted-effort": 15078
    }
   },
   "GP13": {
    "best_case": {
     "top-1": 0.0005,
     "top-5": 0.0021,
     "top-10": 0.0037,
     "top-200": 0.0922,
     "exam": 0.07600477516912058,
     "wasted-effort": 2292
    },
    "avg_case": {
     "top-1": 0.0007,
     "top-5": 0.001,
     "top-10": 0.0043,
     "top-200": 0.0874,
     "exam": 0.07600477516912058,