{
 "luigi_16": {
  "line": {
   "Tarantula": {
    "best_case": {
     "top-1": 0.0,
     "top-5": 0.0,
     "top-10": 0.0,
     "top-200": 0.2331,
     "exam": 0.005404643293542627,
     "wasted-effort": 68
    },
    "avg_case": {
     "top-1": 0.0,
     "top-5": 0.0,
     "top-10": 0.0,
     "top-200": 0.2404,
     "exam": 0.005404643293542627,
     "wasted-effort": 68
    },
    "worst_case": {
     "top-1": 0.0,
     "top-5": 0.0,
     "top-10": 0.0,
     "top-200": 0.2382,
     "exam": 0.005404643293542627,
     "wasted-effort": 68
    }
   },
   "Ochiai": {
    "best_case": {
     "top-1": 0.0,
     "top-5": 0.0,
     "top-10": 0.0,
     "top-200": 0.2375,
     "exam": 0.005404643293542627,
     "wasted-effort": 68
    },
    "avg_case": {
     "top-1": 0.0,
     "top-5": 0.0,
     "top-10": 0.0,
     "top-200": 0.2307,
     "exam": 0.005404643293542627,
     "wasted-effort": 68
    },
    "worst_case": {
     "top-1": 0.0,
     "top-5": 0.0,
     "top-10": 0.0,
     "top-200": 0.2401,
     "exam": 0.005404643293542627,
     "wasted-effort": 68
    }
   },
   "DStar": {
    "best_case": {
     "top-1": 0.0,
     "top-5": 0.0,
     "top-10": 0.0,
     "top-200": 0.2365,
     "exam": 0.005404643293542627,
     "wasted-effort": 68
    },
    "avg_case": {
     "top-1": 0.0,
     "top-5": 0.0,
     "top-10": 0.0,
     "top-200": 0.2429,
     "exam": 0.005404643293542627,
     "wasted-effort": 68
    },
    "worst_case": {
     "top-1": 0.0,
     "top-5": 0.0,
     "top-10": 0.0,
     "top-200": 0.2371,
     "exam": 0.005404643293542627,
     "wasted-effort": 68
    }
   },
   "Naish1": {
    "best_case": {
     "top-1": 0.0,
     "top-5": 0.0,
     "top-10": 0.0,
     "top-200": 0.2429,
     "exam": 0.005404643293542627,
     "wasted-effort": 68
    },
    "avg_case": {
     "top-1": 0.0,
     "top-5": 0.0,
     "top-10": 0.0,
     "top-200": 0.2322,
     "exam": 0.005404643293542627,
     "wasted-effort": 68
    },
    "worst_case": {
     "top-1": 0.0,
     "top-5": 0.0,
     "top-10": 0.0,
     "top-200": 0.2366,
     "exam": 0.005404643293542627,
     "wasted-effort": 68
    }
   },
   "Naish2": {
    "best_case": {
     "top-1": 0.0,
     "top-5": 0.0,
     "top-10": 0.0,
     "top-200": 0.2416,
     "exam": 0.005404643293542627,
     "wasted-effort": 68
    },
    "avg_case": {
     "top-1": 0.0,
     "top-5": 0.0,
     "top-10": 0.0,
     "top-200": 0.2364,
     "exam": 0.005404643293542627,
     "wasted-effort": 68
    },
    "worst_case": {
     "top-1": 0.0,
     "top-5": 0.0,
     "top-10": 0.0,
     "top-200": 0.2372,
     "exam": 0.005404643293542627,
     "wasted-effort": 68
    }
   },
   "GP13": {
    "best_case": {
     "top-1": 0.0,
     "top-5": 0.0,
     "top-10": 0.0,
     "top-200": 0.2345,
     "exam": 0.005404643293542627,
     "wasted-effort": 68
    },
    "avg_case": {
     "top-1": 0.0,
     "top-5": 0.0,
     "top-10": 0.0,
     "top-200": 0.2377,
     "exam": 0.005404643293542627,
     "wasted-effort": 68
    },
    "worst_case": {
     "top-1": 0.0,
     "top-5": 0.0,
     "top-10": 0.0,
     "top-200": 0.2346,
     "exam": 0.005404643293542627,
     "wasted-effort": 68
    }
   }
  },
  "line_line": {
   "Tarantula": {
    "best_case": {
     "top-1": 0.0,
     "top-5": 0.0,
     "top-10": 0,
     "top-200": 0.7172,
     "exam": 0.0036187611617633235,
     "wasted-effort": 49
    },
    "avg_case": {
     "top-1": 0.0,
     "top-5": 0.0,
     "top-10": 0.0,
     "top-200": 0.7154,
     "exam": 0.0036187611617633235,
     "wasted-effort": 49
    },
    "worst_case": {
     "top-1": 0.0,
     "top-5": 0.0,
     "top-10": 0.0,
     "top-200": 0.7184,
     "exam": 0.0036187611617633235,
     "wasted-effort": 49
    }
   },
   "Ochiai": {
    "best_case": {
     "top-1": 0.0,
     "top-5": 0.0,
     "top-10": 0.0,
     "top-200": 0.7116,
     "exam": 0.005404643293542627,
     "wasted-effort": 68
    },
    "avg_case": {
     "top-1": 0.0,
     "top-5": 0.0,
     "top-10": 0.0,
     "top-200": 0.7114,
     "exam": 0.005404643293542627,
     "wasted-effort": 68
    },
    "worst_case": {
     "top-1": 0.0,
     "top-5": 0.0,
     "top-10": 0.0,
     "top-200": 0.7113,
     "exam": 0.005404643293542627,
     "wasted-effort": 68
    }
   },
   "DStar": {
    "best_case": {
     "top-1": 0.0,
     "top-5": 0.0,
     "top-10": 0.0,
     "top-200": 0.712,
     "exam": 0.005404643293542627,
     "wasted-effort": 68
    },
    "avg_case": {
     "top-1": 0.0,
     "top-5": 0.0,
     "top-10": 0.0,
     "top-200": 0.7046,
     "exam": 0.005404643293542627,
     "wasted-effort": 68
    },
    "worst_case": {
     "top-1": 0.0,
     "top-5": 0.0,
     "top-10": 0.0,
     "top-200": 0.7118,
     "exam": 0.005404643293542627,
     "wasted-effort": 68
    }
   },
   "Naish1": {
    "best_case": {
     "top-1": 0.0,
     "top-5": 0.0,
     "top-10": 0.0,
     "top-200": 0.1885,
     "exam": 0.005404643293542627,
     "wasted-effort": 68
    },
    "avg_case": {
     "top-1": 0.0,
     "top-5": 0.0,
     "top-10": 0.0,
     "top-200": 0.1898,
     "exam": 0.005404643293542627,
     "wasted-effort": 68
    },
    "worst_case": {
     "top-1": 0.0,
     "top-5": 0.0,
     "top-10": 0.0,
     "top-200": 0.1925,
     "exam": 0.005404643293542627,
     "wasted-effort": 68
    }
   },
   "Naish2": {
    "best_case": {
     "top-1": 0.0,
     "top-5": 0.0,
     "top-10": 0.0,
     "top-200": 0.711,
     "exam": 0.005404643293542627,
     "wasted-effort": 68
    },
    "avg_case": {
     "top-1": 0.0,
     "top-5": 0.0,
     "top-10": 0.0,
     "top-200": 0.7128,
     "exam": 0.005404643293542627,
     "wasted-effort": 68
    },
    "worst_case": {
     "top-1": 0.0,
     "top-5": 0.0,
     "top-10": 0.0,
     "top-200": 0.7239,
     "exam": 0.005404643293542627,
     "wasted-effort": 68
    }
   },
   "GP13": {
    "best_case": {
     "top-1": 0.0,
     "top-5": 0.0,
     "top-10": 0.0,
     "top-200": 0.713,
     "exam": 0.0045586991258576934,
     "wasted-effort": 59
    },
    "avg_case": {
     "top-1": 0.0,
     "top-5": 0.0,
     "top-10": 0.0,
     "top-200": 0.7148,
     "exam": 0.0045586991258576934,
     "wasted-effort": 59
    },
    "worst_case": {
     "top-1": 0.0,
     "top-5": 0.0,
     "top-10": 0.0,
     "top-200": 0.7189,
     "exam": 0.0045586991258576934,
     "wasted-effort": 59
    }
   }
  },
  "line_defuse": {
   "Tarantula": {
    "best_case": {
     "top-1": 0.0,
     "top-5": 0.0,
     "top-10": 0,
     "top-200": 0.7175,
     "exam": 0.0033367797725350127,
     "wasted-effort": 46
    },
    "avg_case": {
     "top-1": 0.0,
     "top-5": 0.0,
     "top-10": 0.0,
     "top-200": 0.7223,
     "exam": 0.0033367797725350127,
     "wasted-effort": 46
    },
    "worst_case": {
     "top-1": 0.0,
     "top-5": 0.0,
     "top-10": 0.0,
     "top-200": 0.7148,
     "exam": 0.0033367797725350127,
     "wasted-effort": 46
    }
   },
   "Ochiai": {
    "best_case": {
     "top-1": 0.0,
     "top-5": 0.0,
     "top-10": 0.0,
     "top-200": 0.7143,
     "exam": 0.004934674311495441,
     "wasted-effort": 63
    },
    "avg_case": {
     "top-1": 0.0,
     "top-5": 0.0,
     "top-10": 0.0,
     "top-200": 0.7192,
     "exam": 0.004934674311495441,
     "wasted-effort": 63
    },
    "worst_case": {
     "top-1": 0.0,
     "top-5": 0.0,
     "top-10": 0.0,
     "top-200": 0.7209,
     "exam": 0.004934674311495441,
     "wasted-effort": 63
    }
   },
   "DStar": {
    "best_case": {
     "top-1": 0.0,
     "top-5": 0.0,
     "top-10": 0.0,
     "top-200": 0.7163,
     "exam": 0.005404643293542627,
     "wasted-effort": 68
    },
    "avg_case": {
     "top-1": 0.0,
     "top-5": 0.0,
     "top-10": 0.0,
     "top-200": 0.7156,
     "exam": 0.005404643293542627,
     "wasted-effort": 68
    },
    "worst_case": {
     "top-1": 0.0,
     "top-5": 0.0,
     "top-10": 0.0,
     "top-200": 0.7242,
     "exam": 0.005404643293542627,
     "wasted-effort": 68
    }
   },
   "Naish1": {
    "best_case": {
     "top-1": 0.0,