{
 "luigi_10": {
  "line": {
   "Tarantula": {
    "best_case": {
     "top-1": 0.5009,
     "top-5": 1,
     "top-10": 0.7114,
     "top-200": 0.2702,
     "exam": 7.837604827964574e-05,
     "wasted-effort": 2
    },
    "avg_case": {
     "top-1": 0.497,
     "top-5": 1,
     "top-10": 0.7178,
     "top-200": 0.2764,
     "exam": 7.837604827964574e-05,
     "wasted-effort": 2
    },
    "worst_case": {
     "top-1": 0.5023,
     "top-5": 1.0,
     "top-10": 0.7104,
     "top-200": 0.2766,
     "exam": 7.837604827964574e-05,
     "wasted-effort": 2
    }
   },
   "Ochiai": {
    "best_case": {
     "top-1": 0.4964,
     "top-5": 1,
     "top-10": 0.7164,
     "top-200": 0.2715,
     "exam": 7.837604827964574e-05,
     "wasted-effort": 2
    },
    "avg_case": {
     "top-1": 0.4945,
     "top-5": 1,
     "top-10": 0.7132,
     "top-200": 0.2783,
     "exam": 7.837604827964574e-05,
     "wasted-effort": 2
    },
    "worst_case": {
     "top-1": 0.5061,
     "top-5": 1.0,
     "top-10": 0.7181,
     "top-200": 0.2761,
     "exam": 7.837604827964574e-05,
     "wasted-effort": 2
    }
   },
   "DStar": {
    "best_case": {
     "top-1": 0.0,
     "top-5": 0.0,
     "top-10": 0.0,
     "top-200": 0.0,
     "exam": 0.0665020769652794,
     "wasted-effort": 971
    },
    "avg_case": {
     "top-1": 0.0,
     "top-5": 0.0,
     "top-10": 0.0,
     "top-200": 0.0,
     "exam": 0.0665020769652794,
     "wasted-effort": 971
    },
    "worst_case": {
     "top-1": 0.0,
     "top-5": 0.0,
     "top-10": 0.0,
     "top-200": 0.0,
     "exam": 0.0665020769652794,
     "wasted-effort": 971
    }
   },
   "Naish2": {
    "best_case": {
     "top-1": 0.4988,
     "top-5": 1,
     "top-10": 0.7237,
     "top-200": 0.2759,
     "exam": 7.837604827964574e-05,
     "wasted-effort": 2
    },
    "avg_case": {
     "top-1": 0.5012,
     "top-5": 1,
     "top-10": 0.7201,
     "top-200": 0.2781,
     "exam": 7.837604827964574e-05,
     "wasted-effort": 2
    },
    "worst_case": {
     "top-1": 0.5019,
     "top-5": 1.0,
     "top-10": 0.7174,
     "top-200": 0.2708,
     "exam": 7.837604827964574e-05,
     "wasted-effort": 2
    }
   },
   "GP13": {
    "best_case": {
     "top-1": 0.5034,
     "top-5": 1,
     "top-10": 0.7164,
     "top-200": 0.2735,
     "exam": 7.837604827964574e-05,
     "wasted-effort": 2
    },
    "avg_case": {
     "top-1": 0.4977,
     "top-5": 1,
     "top-10": 0.7161,
     "top-200": 0.2786,
     "exam": 7.837604827964574e-05,
     "wasted-effort": 2
    },
    "worst_case": {
     "top-1": 0.4998,
     "top-5": 1.0,
     "top-10": 0.7087,
     "top-200": 0.2813,
     "exam": 7.837604827964574e-05,
     "wasted-effort": 2
    }
   }
  },
  "line_line": {
   "Tarantula": {
    "best_case": {
     "top-1": 0.4983,
     "top-5": 1,
     "top-10": 0.7178,
     "top-200": 0.2733,
     "exam": 7.837604827964574e-05,
     "wasted-effort": 2
    },
    "avg_case": {
     "top-1": 0.5096,
     "top-5": 1,
     "top-10": 0.7301,
     "top-200": 0.2777,
     "exam": 7.837604827964574e-05,
     "wasted-effort": 2
    },
    "worst_case": {
     "top-1": 0.4931,
     "top-5": 1.0,
     "top-10": 0.7096,
     "top-200": 0.2748,
     "exam": 7.837604827964574e-05,
     "wasted-effort": 2
    }
   },
   "Ochiai": {
    "best_case": {
     "top-1": 0.4941,
     "top-5": 1,
     "top-10": 0.7121,
     "top-200": 0.2807,
     "exam": 7.837604827964574e-05,
     "wasted-effort": 2
    },
    "avg_case": {
     "top-1": 0.4986,
     "top-5": 1,
     "top-10": 0.7139,
     "top-200": 0.2732,
     "exam": 7.837604827964574e-05,
     "wasted-effort": 2
    },
    "worst_case": {
     "top-1": 0.4996,
     "top-5": 1.0,
     "top-10": 0.7102,
     "top-200": 0.278,
     "exam": 7.837604827964574e-05,
     "wasted-effort": 2
    }
   },
   "DStar": {
    "best_case": {
     "top-1": 0.0,
     "top-5": 0.0,
     "top-10": 0.0,
     "top-200": 0.0,
     "exam": 0.0665020769652794,
     "wasted-effort": 971
    },
    "avg_case": {
     "top-1": 0.0,
     "top-5": 0.0,
     "top-10": 0.0,
     "top-200": 0.0,
     "exam": 0.0665020769652794,
     "wasted-effort": 971
    },
    "worst_case": {
     "top-1": 0.0,
     "top-5": 0.0,
     "top-10": 0.0,
     "top-200": 0.0,
     "exam": 0.0665020769652794,
     "wasted-effort": 971
    }
   },
   "Naish2": {
    "best_case": {
     "top-1": 0.5072,
     "top-5": 1,
     "top-10": 0.7183,
     "top-200": 0.2753,
     "exam": 7.837604827964574e-05,
     "wasted-effort": 2
    },
    "avg_case": {
     "top-1": 0.4981,
     "top-5": 1,
     "top-10": 0.7126,
     "top-200": 0.2709,
     "exam": 7.837604827964574e-05,
     "wasted-effort": 2
    },
    "worst_case": {
     "top-1": 0.4995,
     "top-5": 1.0,
     "top-10": 0.7165,
     "top-200": 0.2727,
     "exam": 7.837604827964574e-05,
     "wasted-effort": 2
    }
   },
   "GP13": {
    "best_case": {
     "top-1": 0.5095,
     "top-5": 1,
     "top-10": 0.7095,
     "top-200": 0.2787,
     "exam": 7.837604827964574e-05,
     "wasted-effort": 2
    },
    "avg_case": {
     "top-1": 0.4984,
     "top-5": 1,
     "top-10": 0.7181,
     "top-200": 0.2767,
     "exam": 7.837604827964574e-05,
     "wasted-effort": 2
    },
    "worst_case": {
     "top-1": 0.4873,
     "top-5": 1.0,
     "top-10": 0.7141,
     "top-200": 0.2733,
     "exam": 7.837604827964574e-05,
     "wasted-effort": 2
    }
   }
  },
  "line_defuse": {
   "Tarantula": {
    "best_case": {
     "top-1": 0.4932,
     "top-5": 1,
     "top-10": 0.7181,
     "top-200": 0.2782,
     "exam": 7.837604827964574e-05,
     "wasted-effort": 2
    },
    "avg_case": {
     "top-1": 0.4971,
     "top-5": 1,
     "top-10": 0.717,
     "top-200": 0.2764,
     "exam": 7.837604827964574e-05,
     "wasted-effort": 2
    },
    "worst_case": {
     "top-1": 0.5001,
     "top-5": 1.0,
     "top-10": 0.7053,
     "top-200": 0.2675,
     "exam": 7.837604827964574e-05,
     "wasted-effort": 2
    }
   },
   "Ochiai": {
    "best_case": {
     "top-1": 0.5098,
     "top-5": 1,
     "top-10": 0.7112,
     "top-200": 0.2796,
     "exam": 7.837604827964574e-05,
     "wasted-effort": 2
    },
    "avg_case": {
     "top-1": 0.4932,
     "top-5": 1,
     "top-10": 0.7093,
     "top-200": 0.2721,
     "exam": 7.837604827964574e-05,
     "wasted-effort": 2
    },
    "worst_case": {
     "top-1": 0.497,
     "top-5": 1.0,
     "top-10": 0.7113,
     "top-200": 0.263,
     "exam": 7.837604827964574e-05,
     "wasted-effort": 2
    }
   },
   "DStar": {
    "best_case": {
     "top-1": 0.0,
     "top-5": 0.0,
     "top-10": 0.0,
     "top-200": 0.0,
     "exam": 0.0665020769652794,
     "wasted-effort": 971
    },
    "avg_case": {
     "top-1": 0.0,
     "top-5": 0.0,
     "top-10": 0.0,
     "top-200": 0.0,
     "exam": 0.0665020769652794,
     "wasted-effort": 971
    },
    "worst_case": {
     "top-1": 0.0,
     "top-5": 0.0,
     "top-10": 0.0,
     "top-200": 0.0,
     "exam": 0.0665020769652794,
     "wasted-effort": 971
    }
   },
   "Naish2": {
    "best_case": {
     "top-1": 0.5045,
     "top-5": 1,
     "top-10": 0.7181,
     "top-200": 0.2731,
     "exam": 7.837604827964574e-05,
     "wasted-effort": 2
    },
    "avg_case": {
     "top-1": 0.496,
     "top-5": 1,
     "top-10": 0.7125,
     "top-200": 0.2771,
     "exam": 7.837604827964574e-05,
     "wasted-effort": 2
    },
    "worst_case": {
     "top-1": 0.4935,
     "top-5": 1.0,
     "top-10": 0.7147,
     "top-200": 0.2738,
     "exam": 7.837604827964574e-05,
     "wasted-effort": 2
    }
   },
   "GP13": {
    "best_case": {
     "top-1": 0.4896,
     "top-5": 1,
     "top-10": 0.7119,
     "top-200": 0.2734,
     "exam": 7.837604827964574e-05,
     "wasted-effort": 2
    },
    "avg_case": {
     "top-1": 0.5016,
     "top-5": 1,
     "top-10": 0.7159,
     "top-200": 0.2748,
     "exam": 7.837604827964574e-05,
     "wasted-effort": 2
    },
    "worst_case": {
     "top-1": 0.4959,
     "top-5": 1.0,
     "top-10": 0.7171,
     "top-200": 0.273,