{
 "luigi_32": {
  "line": {
   "Tarantula": {
    "best_case": {
     "top-1": 0.0023,
     "top-5": 0.0091,
     "top-10": 0.0184,
     "top-200": 0.3794,
     "exam": 0.032271685366147905,
     "wasted-effort": 535
    },
    "avg_case": {
     "top-1": 0.0026,
     "top-5": 0.0095,
     "top-10": 0.0164,
     "top-200": 0.3758,
     "exam": 0.032271685366147905,
     "wasted-effort": 535
    },
    "worst_case": {
     "top-1": 0.0018,
     "top-5": 0.01,
     "top-10": 0.0179,
     "top-200": 0.378,
     "exam": 0.032271685366147905,
     "wasted-effort": 535
    }
   },
   "Ochiai": {
    "best_case": {
     "top-1": 0.002,
     "top-5": 0.0096,
     "top-10": 0.0202,
     "top-200": 0.3745,
     "exam": 0.032271685366147905,
     "wasted-effort": 535
    },
    "avg_case": {
     "top-1": 0.0019,
     "top-5": 0.0092,
     "top-10": 0.018,
     "top-200": 0.3782,
     "exam": 0.032271685366147905,
     "wasted-effort": 535
    },
    "worst_case": {
     "top-1": 0.0022,
     "top-5": 0.0089,
     "top-10": 0.0184,
     "top-200": 0.3718,
     "exam": 0.032271685366147905,
     "wasted-effort": 535
    }
   },
   "DStar": {
    "best_case": {
     "top-1": 0.0023,
     "top-5": 0.0082,
     "top-10": 0.0192,
     "top-200": 0.3756,
     "exam": 0.032271685366147905,
     "wasted-effort": 535
    },
    "avg_case": {
     "top-1": 0.0018,
     "top-5": 0.0077,
     "top-10": 0.018,
     "top-200": 0.3692,
     "exam": 0.032271685366147905,
     "wasted-effort": 535
    },
    "worst_case": {
     "top-1": 0.0016,
     "top-5": 0.0089,
     "top-10": 0.0176,
     "top-200": 0.3755,
     "exam": 0.032271685366147905,
     "wasted-effort": 535
    }
   },
   "Naish2": {
    "best_case": {
     "top-1": 0.0013,
     "top-5": 0.0096,
     "top-10": 0.022,
     "top-200": 0.366,
     "exam": 0.032271685366147905,
     "wasted-effort": 535
    },
    "avg_case": {
     "top-1": 0.0018,
     "top-5": 0.0093,
     "top-10": 0.0177,
     "top-200": 0.3785,
     "exam": 0.032271685366147905,
     "wasted-effort": 535
    },
    "worst_case": {
     "top-1": 0.0021,
     "top-5": 0.0095,
     "top-10": 0.0194,
     "top-200": 0.3771,
     "exam": 0.032271685366147905,
     "wasted-effort": 535
    }
   },
   "GP13": {
    "best_case": {
     "top-1": 0.0017,
     "top-5": 0.0091,
     "top-10": 0.0203,
     "top-200": 0.3686,
     "exam": 0.032271685366147905,
     "wasted-effort": 535
    },
    "avg_case": {
     "top-1": 0.0024,
     "top-5": 0.0107,
     "top-10": 0.0203,
     "top-200": 0.3669,
     "exam": 0.032271685366147905,
     "wasted-effort": 535
    },
    "worst_case": {
     "top-1": 0.0019,
     "top-5": 0.0092,
     "top-10": 0.0201,
     "top-200": 0.3618,
     "exam": 0.032271685366147905,
     "wasted-effort": 535
    }
   }
  },
  "line_line": {
   "Tarantula": {
    "best_case": {
     "top-1": 0.0,
     "top-5": 0,
     "top-10": 0.0,
     "top-200": 0.3717,
     "exam": 0.03510676800579081,
     "wasted-effort": 535
    },
    "avg_case": {
     "top-1": 0.0,
     "top-5": 0.0,
     "top-10": 0.0,
     "top-200": 0.3697,
     "exam": 0.03510676800579081,
     "wasted-effort": 535
    },
    "worst_case": {
     "top-1": 0.0,
     "top-5": 0.0,
     "top-10": 0.0,
     "top-200": 0.377,
     "exam": 0.03510676800579081,
     "wasted-effort": 535
    }
   },
   "Ochiai": {
    "best_case": {
     "top-1": 0.0,
     "top-5": 0,
     "top-10": 0.0,
     "top-200": 0.3779,
     "exam": 0.03510676800579081,
     "wasted-effort": 535
    },
    "avg_case": {
     "top-1": 0.0,
     "top-5": 0.0,
     "top-10": 0.0,
     "top-200": 0.3678,
     "exam": 0.03510676800579081,
     "wasted-effort": 535
    },
    "worst_case": {
     "top-1": 0.0,
     "top-5": 0.0,
     "top-10": 0.0,
     "top-200": 0.3798,
     "exam": 0.03510676800579081,
     "wasted-effort": 535
    }
   },
   "DStar": {
    "best_case": {
     "top-1": 0.0,
     "top-5": 0,
     "top-10": 0.0,
     "top-200": 0.3696,
     "exam": 0.03510676800579081,
     "wasted-effort": 535
    },
    "avg_case": {
     "top-1": 0.0,
     "top-5": 0.0,
     "top-10": 0.0,
     "top-200": 0.3749,
     "exam": 0.03510676800579081,
     "wasted-effort": 535
    },
    "worst_case": {
     "top-1": 0.0,
     "top-5": 0.0,
     "top-10": 0.0,
     "top-200": 0.3689,
     "exam": 0.03510676800579081,
     "wasted-effort": 535
    }
   },
   "Naish2": {
    "best_case": {
     "top-1": 0.0,
     "top-5": 0,
     "top-10": 0.0,
     "top-200": 0.3715,
     "exam": 0.03510676800579081,
     "wasted-effort": 535
    },
    "avg_case": {
     "top-1": 0.0,
     "top-5": 0.0,
     "top-10": 0.0,
     "top-200": 0.3816,
     "exam": 0.03510676800579081,
     "wasted-effort": 535
    },
    "worst_case": {
     "top-1": 0.0,
     "top-5": 0.0,
     "top-10": 0.0,
     "top-200": 0.3752,
     "exam": 0.03510676800579081,
     "wasted-effort": 535
    }
   },
   "GP13": {
    "best_case": {
     "top-1": 0.0,
     "top-5": 0,
     "top-10": 0.0,
     "top-200": 0.3682,
     "exam": 0.03510676800579081,
     "wasted-effort": 535
    },
    "avg_case": {
     "top-1": 0.0,
     "top-5": 0.0,
     "top-10": 0.0,
     "top-200": 0.3789,
     "exam": 0.03510676800579081,
     "wasted-effort": 535
    },
    "worst_case": {
     "top-1": 0.0,
     "top-5": 0.0,
     "top-10": 0.0,
     "top-200": 0.3727,
     "exam": 0.03510676800579081,
     "wasted-effort": 535
    }
   }
  },
  "line_defuse": {
   "Tarantula": {
    "best_case": {
     "top-1": 0.0,
     "top-5": 0,
     "top-10": 0.0,
     "top-200": 0.3679,
     "exam": 0.03510676800579081,
     "wasted-effort": 535
    },
    "avg_case": {
     "top-1": 0.0,
     "top-5": 0.0,
     "top-10": 0.0,
     "top-200": 0.3812,
     "exam": 0.03510676800579081,
     "wasted-effort": 535
    },
    "worst_case": {
     "top-1": 0.0,
     "top-5": 0.0,
     "top-10": 0.0,
     "top-200": 0.3711,
     "exam": 0.03510676800579081,
     "wasted-effort": 535
    }
   },
   "Ochiai": {
    "best_case": {
     "top-1": 0.0,
     "top-5": 0,
     "top-10": 0.0,
     "top-200": 0.3769,
     "exam": 0.03510676800579081,
     "wasted-effort": 535
    },
    "avg_case": {
     "top-1": 0.0,
     "top-5": 0.0,
     "top-10": 0.0,
     "top-200": 0.3701,
     "exam": 0.03510676800579081,
     "wasted-effort": 535
    },
    "worst_case": {
     "top-1": 0.0,
     "top-5": 0.0,
     "top-10": 0.0,
     "top-200": 0.3765,
     "exam": 0.03510676800579081,
     "wasted-effort": 535
    }
   },
   "DStar": {
    "best_case": {
     "top-1": 0.0,
     "top-5": 0,
     "top-10": 0.0,
     "top-200": 0.3718,
     "exam": 0.03510676800579081,
     "wasted-effort": 535
    },
    "avg_case": {
     "top-1": 0.0,
     "top-5": 0.0,
     "top-10": 0.0,
     "top-200": 0.3761,
     "exam": 0.03510676800579081,
     "wasted-effort": 535
    },
    "worst_case": {
     "top-1": 0.0,
     "top-5": 0.0,
     "top-10": 0.0,
     "top-200": 0.3767,
     "exam": 0.03510676800579081,
     "wasted-effort": 535
    }
   },
   "Naish2": {
    "best_case": {
     "top-1": 0.0,
     "top-5": 0,
     "top-10": 0.0,
     "top-200": 0.3767,
     "exam": 0.03510676800579081,
     "wasted-effort": 535
    },
    "avg_case": {
     "top-1": 0.0,
     "top-5": 0.0,
     "top-10": 0.0,
     "top-200": 0.3649,
     "exam": 0.03510676800579081,
     "wasted-effort": 535
    },
    "worst_case": {
     "top-1": 0.0,
     "top-5": 0.0,
     "top-10": 0.0,
     "top-200": 0.3756,
     "exam": 0.03510676800579081,
     "wasted-effort": 535
    }
   },
   "GP13": {
    "best_case": {
     "top-1": 0.0,
     "top-5": 0,
     "top-10": 0.0,
     "top-200": 0.3778,
     "exam": 0.03510676800579081,
     "wasted-effort": 535
    },
    "avg_case": {
     "top-1": 0.0,
     "top-5": 0.0,
     "top-10": 0.0,
     "top-200": 0.3807,
     "exam": 0.03510676800579081,
     "wasted-effort": 535
    },
    "worst_case": {
     "top-1": 0.0,
     "top-5": 0.0,
     "top-10": 0.0,
     "top-200": 0.3727,