{
 "luigi_13": {
  "line": {
   "Tarantula": {
    "best_case": {
     "top-1": 1,
     "top-5": 0.7114,
     "top-10": 0.7229,
     "top-200": 0.3234,
     "exam": 8.634832915983076e-05,
     "wasted-effort": 1
    },
    "avg_case": {
     "top-1": 1,
     "top-5": 0.7182,
     "top-10": 0.7124,
     "top-200": 0.3356,
     "exam": 8.634832915983076e-05,
     "wasted-effort": 1
    },
    "worst_case": {
     "top-1": 1.0,
     "top-5": 0.7166,
     "top-10": 0.7155,
     "top-200": 0.3274,
     "exam": 8.634832915983076e-05,
     "wasted-effort": 1
    }
   },
   "Ochiai": {
    "best_case": {
     "top-1": 1,
     "top-5": 0.7078,
     "top-10": 0.7176,
     "top-200": 0.3251,
     "exam": 8.634832915983076e-05,
     "wasted-effort": 1
    },
    "avg_case": {
     "top-1": 1,
     "top-5": 0.7125,
     "top-10": 0.716,
     "top-200": 0.3372,
     "exam": 8.634832915983076e-05,
     "wasted-effort": 1
    },
    "worst_case": {
     "top-1": 1.0,
     "top-5": 0.7092,
     "top-10": 0.7166,
     "top-200": 0.3271,
     "exam": 8.634832915983076e-05,
     "wasted-effort": 1
    }
   },
   "DStar": {
    "best_case": {
     "top-1": 0.0,
     "top-5": 0.0,
     "top-10": 0.0,
     "top-200": 0.0,
     "exam": 0.05949399879112339,
     "wasted-effort": 766
    },
    "avg_case": {
     "top-1": 0.0,
     "top-5": 0.0,
     "top-10": 0.0,
     "top-200": 0.0,
     "exam": 0.05949399879112339,
     "wasted-effort": 766
    },
    "worst_case": {
     "top-1": 0.0,
     "top-5": 0.0,
     "top-10": 0.0,
     "top-200": 0.0,
     "exam": 0.05949399879112339,
     "wasted-effort": 766
    }
   },
   "Naish1": {
    "best_case": {
     "top-1": 1,
     "top-5": 0.7155,
     "top-10": 0.7203,
     "top-200": 0.3224,
     "exam": 8.634832915983076e-05,
     "wasted-effort": 1
    },
    "avg_case": {
     "top-1": 1,
     "top-5": 0.7122,
     "top-10": 0.7144,
     "top-200": 0.3245,
     "exam": 8.634832915983076e-05,
     "wasted-effort": 1
    },
    "worst_case": {
     "top-1": 1.0,
     "top-5": 0.7134,
     "top-10": 0.7165,
     "top-200": 0.3273,
     "exam": 8.634832915983076e-05,
     "wasted-effort": 1
    }
   },
   "Naish2": {
    "best_case": {
     "top-1": 1,
     "top-5": 0.7167,
     "top-10": 0.7189,
     "top-200": 0.3208,
     "exam": 8.634832915983076e-05,
     "wasted-effort": 1
    },
    "avg_case": {
     "top-1": 1,
     "top-5": 0.7167,
     "top-10": 0.7168,
     "top-200": 0.3271,
     "exam": 8.634832915983076e-05,
     "wasted-effort": 1
    },
    "worst_case": {
     "top-1": 1.0,
     "top-5": 0.7114,
     "top-10": 0.7156,
     "top-200": 0.3276,
     "exam": 8.634832915983076e-05,
     "wasted-effort": 1
    }
   },
   "GP13": {
    "best_case": {
     "top-1": 1,
     "top-5": 0.7164,
     "top-10": 0.7074,
     "top-200": 0.3364,
     "exam": 8.634832915983076e-05,
     "wasted-effort": 1
    },
    "avg_case": {
     "top-1": 1,
     "top-5": 0.7082,
     "top-10": 0.7169,
     "top-200": 0.3254,
     "exam": 8.634832915983076e-05,
     "wasted-effort": 1
    },
    "worst_case": {
     "top-1": 1.0,
     "top-5": 0.7205,
     "top-10": 0.7099,
     "top-200": 0.3276,
     "exam": 8.634832915983076e-05,
     "wasted-effort": 1
    }
   }
  },
  "line_line": {
   "Tarantula": {
    "best_case": {
     "top-1": 1,
     "top-5": 0.7108,
     "top-10": 0.7144,
     "top-200": 0.3308,
     "exam": 8.634832915983076e-05,
     "wasted-effort": 1
    },
    "avg_case": {
     "top-1": 1,
     "top-5": 0.7136,
     "top-10": 0.7197,
     "top-200": 0.3226,
     "exam": 8.634832915983076e-05,
     "wasted-effort": 1
    },
    "worst_case": {
     "top-1": 1.0,
     "top-5": 0.7112,
     "top-10": 0.7156,
     "top-200": 0.3261,
     "exam": 8.634832915983076e-05,
     "wasted-effort": 1
    }
   },
   "Ochiai": {
    "best_case": {
     "top-1": 1,
     "top-5": 0.7076,
     "top-10": 0.7182,
     "top-200": 0.3298,
     "exam": 8.634832915983076e-05,
     "wasted-effort": 1
    },
    "avg_case": {
     "top-1": 1,
     "top-5": 0.7138,
     "top-10": 0.7135,
     "top-200": 0.3177,
     "exam": 8.634832915983076e-05,
     "wasted-effort": 1
    },
    "worst_case": {
     "top-1": 1.0,
     "top-5": 0.7208,
     "top-10": 0.7148,
     "top-200": 0.3283,
     "exam": 8.634832915983076e-05,
     "wasted-effort": 1
    }
   },
   "DStar": {
    "best_case": {
     "top-1": 0.0,
     "top-5": 0.0,
     "top-10": 0.0,
     "top-200": 0.0,
     "exam": 0.05949399879112339,
     "wasted-effort": 766
    },
    "avg_case": {
     "top-1": 0.0,
     "top-5": 0.0,
     "top-10": 0.0,
     "top-200": 0.0,
     "exam": 0.05949399879112339,
     "wasted-effort": 766
    },
    "worst_case": {
     "top-1": 0.0,
     "top-5": 0.0,
     "top-10": 0.0,
     "top-200": 0.0,
     "exam": 0.05949399879112339,
     "wasted-effort": 766
    }
   },
   "Naish1": {
    "best_case": {
     "top-1": 1,
     "top-5": 0.7098,
     "top-10": 0.7082,
     "top-200": 0.2641,
     "exam": 8.634832915983076e-05,
     "wasted-effort": 1
    },
    "avg_case": {
     "top-1": 1,
     "top-5": 0.7204,
     "top-10": 0.7133,
     "top-200": 0.2668,
     "exam": 8.634832915983076e-05,
     "wasted-effort": 1
    },
    "worst_case": {
     "top-1": 1.0,
     "top-5": 0.7103,
     "top-10": 0.7144,
     "top-200": 0.2634,
     "exam": 8.634832915983076e-05,
     "wasted-effort": 1
    }
   },
   "Naish2": {
    "best_case": {
     "top-1": 1,
     "top-5": 0.7222,
     "top-10": 0.7155,
     "top-200": 0.3277,
     "exam": 8.634832915983076e-05,
     "wasted-effort": 1
    },
    "avg_case": {
     "top-1": 1,
     "top-5": 0.7157,
     "top-10": 0.713,
     "top-200": 0.3313,
     "exam": 8.634832915983076e-05,
     "wasted-effort": 1
    },
    "worst_case": {
     "top-1": 1.0,
     "top-5": 0.7201,
     "top-10": 0.7074,
     "top-200": 0.3297,
     "exam": 8.634832915983076e-05,
     "wasted-effort": 1
    }
   },
   "GP13": {
    "best_case": {
     "top-1": 1,
     "top-5": 0.7163,
     "top-10": 0.7084,
     "top-200": 0.3213,
     "exam": 8.634832915983076e-05,
     "wasted-effort": 1
    },
    "avg_case": {
     "top-1": 1,
     "top-5": 0.7139,
     "top-10": 0.7084,
     "top-200": 0.3286,
     "exam": 8.634832915983076e-05,
     "wasted-effort": 1
    },
    "worst_case": {
     "top-1": 1.0,
     "top-5": 0.7091,
     "top-10": 0.7144,
     "top-200": 0.3287,
     "exam": 8.634832915983076e-05,
     "wasted-effort": 1
    }
   }
  },
  "line_defuse": {
   "Tarantula": {
    "best_case": {
     "top-1": 1,
     "top-5": 0.7111,
     "top-10": 0.7161,
     "top-200": 0.3315,
     "exam": 8.634832915983076e-05,
     "wasted-effort": 1
    },
    "avg_case": {
     "top-1": 1,
     "top-5": 0.7069,
     "top-10": 0.7067,
     "top-200": 0.3204,
     "exam": 8.634832915983076e-05,
     "wasted-effort": 1
    },
    "worst_case": {
     "top-1": 1.0,
     "top-5": 0.711,
     "top-10": 0.7185,
     "top-200": 0.3279,
     "exam": 8.634832915983076e-05,
     "wasted-effort": 1
    }
   },
   "Ochiai": {
    "best_case": {
     "top-1": 1,
     "top-5": 0.7091,
     "top-10": 0.7063,
     "top-200": 0.3321,
     "exam": 8.634832915983076e-05,
     "wasted-effort": 1
    },
    "avg_case": {
     "top-1": 1,
     "top-5": 0.7147,
     "top-10": 0.7173,
     "top-200": 0.3245,
     "exam": 8.634832915983076e-05,
     "wasted-effort": 1
    },
    "worst_case": {
     "top-1": 1.0,
     "top-5": 0.7149,
     "top-10": 0.7089,
     "top-200": 0.3351,
     "exam": 8.634832915983076e-05,
     "wasted-effort": 1
    }
   },
   "DStar": {
    "best_case": {
     "top-1": 0.0,
     "top-5": 0.0,
     "top-10": 0.0,
     "top-200": 0.0,
     "exam": 0.05949399879112339,
     "wasted-effort": 766
    },
    "avg_case": {
     "top-1": 0.0,
     "top-5": 0.0,
     "top-10": 0.0,
     "top-200": 0.0,
     "exam": 0.05949399879112339,
     "wasted-effort": 766
    },
    "worst_case": {
     "top-1": 0.0,
     "top-5": 0.0,
     "top-10": 0.0,
     "top-200": 0.0,