{
 "luigi_10": {
  "line": {
   "Tarantula": {
    "best_case": {
     "top-1": 0.1419,
     "top-5": 0.7101,
     "top-10": 0.0948,
     "top-200": 0.8726,
     "exam": 0.0002743161689787601,
     "wasted-effort": 7
    },
    "avg_case": {
     "top-1": 0.1433,
     "top-5": 0.7166,
     "top-10": 0.0949,
     "top-200": 0.8727,
     "exam": 0.0002743161689787601,
     "wasted-effort": 7
    },
    "worst_case": {
     "top-1": 0.1443,
     "top-5": 0.724,
     "top-10": 0.0933,
     "top-200": 0.8743,
     "exam": 0.0002743161689787601,
     "wasted-effort": 7
    }
   },
   "Ochiai": {
    "best_case": {
     "top-1": 0.14,
     "top-5": 0.7128,
     "top-10": 0.0904,
     "top-200": 0.8712,
     "exam": 0.0002743161689787601,
     "wasted-effort": 7
    },
    "avg_case": {
     "top-1": 0.1404,
     "top-5": 0.7183,
     "top-10": 0.095,
     "top-200": 0.8729,
     "exam": 0.0002743161689787601,
     "wasted-effort": 7
    },
    "worst_case": {
     "top-1": 0.148,
     "top-5": 0.7122,
     "top-10": 0.0922,
     "top-200": 0.8733,
     "exam": 0.0002743161689787601,
     "wasted-effort": 7
    }
   },
   "DStar": {
    "best_case": {
     "top-1": 0.0,
     "top-5": 0.0,
     "top-10": 0.0,
     "top-200": 0.0,
     "exam": 0.07069519554824046,
     "wasted-effort": 976
    },
    "avg_case": {
     "top-1": 0.0,
     "top-5": 0.0,
     "top-10": 0.0,
     "top-200": 0.0,
     "exam": 0.07069519554824046,
     "wasted-effort": 976
    },
    "worst_case": {
     "top-1": 0.0,
     "top-5": 0.0,
     "top-10": 0.0,
     "top-200": 0.0,
     "exam": 0.07069519554824046,
     "wasted-effort": 976
    }
   },
   "Naish1": {
    "best_case": {
     "top-1": 0.1407,
     "top-5": 0.709,
     "top-10": 0.091,
     "top-200": 0.8673,
     "exam": 0.0002743161689787601,
     "wasted-effort": 7
    },
    "avg_case": {
     "top-1": 0.1486,
     "top-5": 0.712,
     "top-10": 0.0953,
     "top-200": 0.8699,
     "exam": 0.0002743161689787601,
     "wasted-effort": 7
    },
    "worst_case": {
     "top-1": 0.1441,
     "top-5": 0.7088,
     "top-10": 0.0928,
     "top-200": 0.8678,
     "exam": 0.0002743161689787601,
     "wasted-effort": 7
    }
   },
   "Naish2": {
    "best_case": {
     "top-1": 0.1386,
     "top-5": 0.722,
     "top-10": 0.0912,
     "top-200": 0.8704,
     "exam": 0.0002743161689787601,
     "wasted-effort": 7
    },
    "avg_case": {
     "top-1": 0.1409,
     "top-5": 0.7176,
     "top-10": 0.0897,
     "top-200": 0.8728,
     "exam": 0.0002743161689787601,
     "wasted-effort": 7
    },
    "worst_case": {
     "top-1": 0.1448,
     "top-5": 0.7176,
     "top-10": 0.0948,
     "top-200": 0.8764,
     "exam": 0.0002743161689787601,
     "wasted-effort": 7
    }
   },
   "GP13": {
    "best_case": {
     "top-1": 0.14,
     "top-5": 0.7133,
     "top-10": 0.0917,
     "top-200": 0.8697,
     "exam": 0.0002743161689787601,
     "wasted-effort": 7
    },
    "avg_case": {
     "top-1": 0.1395,
     "top-5": 0.7208,
     "top-10": 0.0925,
     "top-200": 0.8725,
     "exam": 0.0002743161689787601,
     "wasted-effort": 7
    },
    "worst_case": {
     "top-1": 0.148,
     "top-5": 0.7195,
     "top-10": 0.0952,
     "top-200": 0.8759,
     "exam": 0.0002743161689787601,
     "wasted-effort": 7
    }
   }
  },
  "line_line": {
   "Tarantula": {
    "best_case": {
     "top-1": 0.5043,
     "top-5": 1,
     "top-10": 0.7204,
     "top-200": 0.8725,
     "exam": 7.837604827964574e-05,
     "wasted-effort": 2
    },
    "avg_case": {
     "top-1": 0.494,
     "top-5": 1,
     "top-10": 0.7146,
     "top-200": 0.8704,
     "exam": 7.837604827964574e-05,
     "wasted-effort": 2
    },
    "worst_case": {
     "top-1": 0.4977,
     "top-5": 1.0,
     "top-10": 0.7065,
     "top-200": 0.8683,
     "exam": 7.837604827964574e-05,
     "wasted-effort": 2
    }
   },
   "Ochiai": {
    "best_case": {
     "top-1": 0.5,
     "top-5": 0.7174,
     "top-10": 0.5814,
     "top-200": 0.872,
     "exam": 7.837604827964574e-05,
     "wasted-effort": 2
    },
    "avg_case": {
     "top-1": 0.4873,
     "top-5": 0.7196,
     "top-10": 0.5834,
     "top-200": 0.8759,
     "exam": 7.837604827964574e-05,
     "wasted-effort": 2
    },
    "worst_case": {
     "top-1": 0.5,
     "top-5": 0.7144,
     "top-10": 0.5956,
     "top-200": 0.8723,
     "exam": 7.837604827964574e-05,
     "wasted-effort": 2
    }
   },
   "DStar": {
    "best_case": {
     "top-1": 0.0,
     "top-5": 0.0,
     "top-10": 0.0,
     "top-200": 0.0,
     "exam": 0.07069519554824046,
     "wasted-effort": 976
    },
    "avg_case": {
     "top-1": 0.0,
     "top-5": 0.0,
     "top-10": 0.0,
     "top-200": 0.0,
     "exam": 0.07069519554824046,
     "wasted-effort": 976
    },
    "worst_case": {
     "top-1": 0.0,
     "top-5": 0.0,
     "top-10": 0.0,
     "top-200": 0.0,
     "exam": 0.07069519554824046,
     "wasted-effort": 976
    }
   },
   "Naish1": {
    "best_case": {
     "top-1": 0.498,
     "top-5": 1,
     "top-10": 0.7189,
     "top-200": 0.8711,
     "exam": 7.837604827964574e-05,
     "wasted-effort": 2
    },
    "avg_case": {
     "top-1": 0.5033,
     "top-5": 1,
     "top-10": 0.7134,
     "top-200": 0.8734,
     "exam": 7.837604827964574e-05,
     "wasted-effort": 2
    },
    "worst_case": {
     "top-1": 0.4993,
     "top-5": 1.0,
     "top-10": 0.7196,
     "top-200": 0.8729,
     "exam": 7.837604827964574e-05,
     "wasted-effort": 2
    }
   },
   "Naish2": {
    "best_case": {
     "top-1": 0.5,
     "top-5": 1,
     "top-10": 0.7108,
     "top-200": 0.8668,
     "exam": 7.837604827964574e-05,
     "wasted-effort": 2
    },
    "avg_case": {
     "top-1": 0.4972,
     "top-5": 1,
     "top-10": 0.7093,
     "top-200": 0.8722,
     "exam": 7.837604827964574e-05,
     "wasted-effort": 2
    },
    "worst_case": {
     "top-1": 0.5011,
     "top-5": 1.0,
     "top-10": 0.7077,
     "top-200": 0.8727,
     "exam": 7.837604827964574e-05,
     "wasted-effort": 2
    }
   },
   "GP13": {
    "best_case": {
     "top-1": 0.494,
     "top-5": 0.7166,
     "top-10": 0.5876,
     "top-200": 0.8736,
     "exam": 7.837604827964574e-05,
     "wasted-effort": 2
    },
    "avg_case": {
     "top-1": 0.5024,
     "top-5": 0.7173,
     "top-10": 0.5897,
     "top-200": 0.8745,
     "exam": 7.837604827964574e-05,
     "wasted-effort": 2
    },
    "worst_case": {
     "top-1": 0.4964,
     "top-5": 0.7123,
     "top-10": 0.5924,
     "top-200": 0.8741,
     "exam": 7.837604827964574e-05,
     "wasted-effort": 2
    }
   }
  },
  "line_defuse": {
   "Tarantula": {
    "best_case": {
     "top-1": 0.5007,
     "top-5": 1,
     "top-10": 0.7145,
     "top-200": 0.8816,
     "exam": 7.837604827964574e-05,
     "wasted-effort": 2
    },
    "avg_case": {
     "top-1": 0.4977,
     "top-5": 1,
     "top-10": 0.7203,
     "top-200": 0.8766,
     "exam": 7.837604827964574e-05,
     "wasted-effort": 2
    },
    "worst_case": {
     "top-1": 0.4933,
     "top-5": 1.0,
     "top-10": 0.7156,
     "top-200": 0.8759,
     "exam": 7.837604827964574e-05,
     "wasted-effort": 2
    }
   },
   "Ochiai": {
    "best_case": {
     "top-1": 0.5,
     "top-5": 1,
     "top-10": 0.5848,
     "top-200": 0.8721,
     "exam": 7.837604827964574e-05,
     "wasted-effort": 2
    },
    "avg_case": {
     "top-1": 0.4956,
     "top-5": 1,
     "top-10": 0.5842,
     "top-200": 0.8748,
     "exam": 7.837604827964574e-05,
     "wasted-effort": 2
    },
    "worst_case": {
     "top-1": 0.4997,
     "top-5": 1.0,
     "top-10": 0.5895,
     "top-200": 0.8741,
     "exam": 7.837604827964574e-05,
     "wasted-effort": 2
    }
   },
   "DStar": {
    "best_case": {
     "top-1": 0.0,
     "top-5": 0.0,
     "top-10": 0.0,
     "top-200": 0.0,
     "exam": 0.07069519554824046,
     "wasted-effort": 976
    },
    "avg_case": {
     "top-1": 0.0,
     "top-5": 0.0,
     "top-10": 0.0,
     "top-200": 0.0,
     "exam": 0.07069519554824046,
     "wasted-effort": 976
    },