{
 "luigi_9": {
  "line": {
   "Tarantula": {
    "best_case": {
     "top-5": 0.0,
     "top-10": 0.0,
     "top-200": 0.0,
     "exam": 0.06524806019280507,
     "wasted-effort": 1349
    },
    "avg_case": {
     "top-5": 0.0,
     "top-10": 0.0,
     "top-200": 0.0,
     "exam": 0.12175719100242965,
     "wasted-effort": 1758
    },
    "worst_case": {
     "top-5": 0.0,
     "top-10": 0.0,
     "top-200": 0.0,
     "exam": 0.5688925464378086,
     "wasted-effort": 12759
    }
   },
   "Ochiai": {
    "best_case": {
     "top-5": 0.0,
     "top-10": 0.0,
     "top-200": 0.0,
     "exam": 0.06524806019280507,
     "wasted-effort": 1349
    },
    "avg_case": {
     "top-5": 0.0,
     "top-10": 0.0,
     "top-200": 0.0,
     "exam": 0.12175719100242965,
     "wasted-effort": 1758
    },
    "worst_case": {
     "top-5": 0.0,
     "top-10": 0.0,
     "top-200": 0.0,
     "exam": 0.5688925464378086,
     "wasted-effort": 12759
    }
   },
   "DStar": {
    "best_case": {
     "top-5": 0.0,
     "top-10": 0.0,
     "top-200": 0.0,
     "exam": 0.06524806019280507,
     "wasted-effort": 1349
    },
    "avg_case": {
     "top-5": 0.0,
     "top-10": 0.0,
     "top-200": 0.0,
     "exam": 0.12175719100242965,
     "wasted-effort": 1758
    },
    "worst_case": {
     "top-5": 0.0,
     "top-10": 0.0,
     "top-200": 0.0,
     "exam": 0.5688925464378086,
     "wasted-effort": 12759
    }
   }
  },
  "line_line": {
   "Tarantula": {
    "best_case": {
     "top-5": 0.0,
     "top-10": 0.0,
     "top-200": 0.8378,
     "exam": 0.00901324555215926,
     "wasted-effort": 130
    },
    "avg_case": {
     "top-5": 0.0,
     "top-10": 0.0,
     "top-200": 0.16608000000002404,
     "exam": 0.12175719100242965,
     "wasted-effort": 1758
    },
    "worst_case": {
     "top-5": 0.0,
     "top-10": 0.0,
     "top-200": 0.08396000000001223,
     "exam": 0.5688925464378086,
     "wasted-effort": 12759
    }
   },
   "Ochiai": {
    "best_case": {
     "top-5": 0.0,
     "top-10": 0.0,
     "top-200": 0.8385,
     "exam": 0.00901324555215926,
     "wasted-effort": 130
    },
    "avg_case": {
     "top-5": 0.0,
     "top-10": 0.0,
     "top-200": 0.16662000000002417,
     "exam": 0.12175719100242965,
     "wasted-effort": 1758
    },
    "worst_case": {
     "top-5": 0.0,
     "top-10": 0.0,
     "top-200": 0.08307000000001204,
     "exam": 0.5688925464378086,
     "wasted-effort": 12759
    }
   },
   "DStar": {
    "best_case": {
     "top-5": 0.0,
     "top-10": 0.0,
     "top-200": 0.737,
     "exam": 0.009483501841837135,
     "wasted-effort": 136
    },
    "avg_case": {
     "top-5": 0.0,
     "top-10": 0.0,
     "top-200": 0.1468800000000197,
     "exam": 0.12175719100242965,
     "wasted-effort": 1758
    },
    "worst_case": {
     "top-5": 0.0,
     "top-10": 0.0,
     "top-200": 0.07404000000000997,
     "exam": 0.5688925464378086,
     "wasted-effort": 12759
    }
   }
  },
  "line_defuse": {
   "Tarantula": {
    "best_case": {
     "top-5": 0.0,
     "top-10": 0.0,
     "top-200": 0.8308,
     "exam": 0.00901324555215926,
     "wasted-effort": 130
    },
    "avg_case": {
     "top-5": 0.0,
     "top-10": 0.0,
     "top-200": 0.16752000000002437,
     "exam": 0.12175719100242965,
     "wasted-effort": 1758
    },
    "worst_case": {
     "top-5": 0.0,
     "top-10": 0.0,
     "top-200": 0.08329000000001208,
     "exam": 0.5688925464378086,
     "wasted-effort": 12759
    }
   },
   "Ochiai": {
    "best_case": {
     "top-5": 0.0,
     "top-10": 0.0,
     "top-200": 0.8354,
     "exam": 0.00901324555215926,
     "wasted-effort": 130
    },
    "avg_case": {
     "top-5": 0.0,
     "top-10": 0.0,
     "top-200": 0.16622000000002407,
     "exam": 0.12175719100242965,
     "wasted-effort": 1758
    },
    "worst_case": {
     "top-5": 0.0,
     "top-10": 0.0,
     "top-200": 0.08330000000001209,
     "exam": 0.5688925464378086,
     "wasted-effort": 12759
    }
   },
   "DStar": {
    "best_case": {
     "top-5": 0.0,
     "top-10": 0.0,
     "top-200": 0.7491,
     "exam": 0.009483501841837135,
     "wasted-effort": 136
    },
    "avg_case": {
     "top-5": 0.0,
     "top-10": 0.0,
     "top-200": 0.14752000000001983,
     "exam": 0.12175719100242965,
     "wasted-effort": 1758
    },
    "worst_case": {
     "top-5": 0.0,
     "top-10": 0.0,
     "top-200": 0.07380000000000993,
     "exam": 0.5688925464378086,
     "wasted-effort": 12759
    }
   }
  },
  "line_defuses": {
   "Tarantula": {
    "best_case": {
     "top-5": 0.0,
     "top-10": 0.0,
     "top-200": 0.6809,
     "exam": 0.011913159338506153,
     "wasted-effort": 167
    },
    "avg_case": {
     "top-5": 0.0,
     "top-10": 0.0,
     "top-200": 0.1337200000000167,
     "exam": 0.12175719100242965,
     "wasted-effort": 1758
    },
    "worst_case": {
     "top-5": 0.0,
     "top-10": 0.0,
     "top-200": 0.06658000000000829,
     "exam": 0.5688925464378086,
     "wasted-effort": 12759
    }
   },
   "Ochiai": {
    "best_case": {
     "top-5": 0.0,
     "top-10": 0.0,
     "top-200": 0.6735,
     "exam": 0.011913159338506153,
     "wasted-effort": 167
    },
    "avg_case": {
     "top-5": 0.0,
     "top-10": 0.0,
     "top-200": 0.135020000000017,
     "exam": 0.12175719100242965,
     "wasted-effort": 1758
    },
    "worst_case": {
     "top-5": 0.0,
     "top-10": 0.0,
     "top-200": 0.06829000000000868,
     "exam": 0.5688925464378086,
     "wasted-effort": 12759
    }
   },
   "DStar": {
    "best_case": {
     "top-5": 0.0,
     "top-10": 0.0,
     "top-200": 0.9853,
     "exam": 0.014264440786895524,
     "wasted-effort": 197
    },
    "avg_case": {
     "top-5": 0.0,
     "top-10": 0.0,
     "top-200": 0.19724000000003114,
     "exam": 0.12175719100242965,
     "wasted-effort": 1758
    },
    "worst_case": {
     "top-5": 0.0,
     "top-10": 0.0,
     "top-200": 0.09849000000001554,
     "exam": 0.5688925464378086,
     "wasted-effort": 12759
    }
   }
  },
  "line_assert_use": {
   "Tarantula": {
    "best_case": {
     "top-5": 0.0,
     "top-10": 0.0,
     "top-200": 0.8324,
     "exam": 0.00901324555215926,
     "wasted-effort": 130
    },
    "avg_case": {
     "top-5": 0.0,
     "top-10": 0.0,
     "top-200": 0.16622000000002407,
     "exam": 0.12175719100242965,
     "wasted-effort": 1758
    },
    "worst_case": {
     "top-5": 0.0,
     "top-10": 0.0,
     "top-200": 0.08323000000001207,
     "exam": 0.5688925464378086,
     "wasted-effort": 12759
    }
   },
   "Ochiai": {
    "best_case": {
     "top-5": 0.0,
     "top-10": 0.0,
     "top-200": 0.8354,
     "exam": 0.00901324555215926,
     "wasted-effort": 130
    },
    "avg_case": {
     "top-5": 0.0,
     "top-10": 0.0,
     "top-200": 0.16606000000002405,
     "exam": 0.12175719100242965,
     "wasted-effort": 1758
    },
    "worst_case": {
     "top-5": 0.0,
     "top-10": 0.0,
     "top-200": 0.08348000000001213,
     "exam": 0.5688925464378086,
     "wasted-effort": 12759
    }
   },
   "DStar": {
    "best_case": {
     "top-5": 0.0,
     "top-10": 0.0,
     "top-200": 0.7393,
     "exam": 0.009483501841837135,
     "wasted-effort": 136
    },
    "avg_case": {
     "top-5": 0.0,
     "top-10": 0.0,
     "top-200": 0.14828000000002,
     "exam": 0.12175719100242965,
     "wasted-effort": 1758
    },
    "worst_case": {
     "top-5": 0.0,
     "top-10": 0.0,
     "top-200": 0.07350000000000986,
     "exam": 0.5688925464378086,
     "wasted-effort": 12759
    }
   }
  },
  "line_assert_uses": {
   "Tarantula": {
    "best_case": {
     "top-5": 0.0,
     "top-10": 0.0,
     "top-200": 0.673,
     "exam": 0.011913159338506153,
     "wasted-effort": 167
    },
    "avg_case": {
     "top-5": 0.0,
     "top-10": 0.0,
     "top-200": 0.13412000000001678,
     "exam": 0.12175719100242965,
     "wasted-effort": 1758
    },
    "worst_case": {
     "top-5": 0.0,
     "top-10": 0.0,
     "top-200": 0.06776000000000855,
     "exam": 0.5688925464378086,
     "wasted-effort": 12759
    }
   },