{
 "luigi_12": {
  "line": {
   "Tarantula": {
    "best_case": {
     "top-1": 0.0104,
     "top-5": 0.0427,
     "top-10": 0.0925,
     "top-200": 0.89,
     "exam": 0.035617252504669725,
     "wasted-effort": 839
    },
    "avg_case": {
     "top-1": 0.0011875,
     "top-5": 0.006275,
     "top-10": 0.0120875,
     "top-200": 0.238175,
     "exam": 0.035617252504669725,
     "wasted-effort": 839
    },
    "worst_case": {
     "top-1": 0.0006125,
     "top-5": 0.0029625,
     "top-10": 0.00603125,
     "top-200": 0.1186625,
     "exam": 0.5356172525046697,
     "wasted-effort": 11778
    }
   },
   "Ochiai": {
    "best_case": {
     "top-1": 0.0095,
     "top-5": 0.0453,
     "top-10": 0.0882,
     "top-200": 0.8865,
     "exam": 0.035617252504669725,
     "wasted-effort": 839
    },
    "avg_case": {
     "top-1": 0.0010625,
     "top-5": 0.0063,
     "top-10": 0.0121375,
     "top-200": 0.2389,
     "exam": 0.035617252504669725,
     "wasted-effort": 839
    },
    "worst_case": {
     "top-1": 0.00058125,
     "top-5": 0.0030375,
     "top-10": 0.0059625,
     "top-200": 0.1194625,
     "exam": 0.5356172525046697,
     "wasted-effort": 11778
    }
   },
   "DStar": {
    "best_case": {
     "top-1": 0.0106,
     "top-5": 0.0494,
     "top-10": 0.0936,
     "top-200": 0.8862,
     "exam": 0.035617252504669725,
     "wasted-effort": 839
    },
    "avg_case": {
     "top-1": 0.0012375,
     "top-5": 0.006175,
     "top-10": 0.011575,
     "top-200": 0.2378625,
     "exam": 0.035617252504669725,
     "wasted-effort": 839
    },
    "worst_case": {
     "top-1": 0.0006125,
     "top-5": 0.002925,
     "top-10": 0.00605625,
     "top-200": 0.1188125,
     "exam": 0.5356172525046697,
     "wasted-effort": 11778
    }
   },
   "Naish2": {
    "best_case": {
     "top-1": 0.0091,
     "top-5": 0.0462,
     "top-10": 0.0943,
     "top-200": 0.8925,
     "exam": 0.035617252504669725,
     "wasted-effort": 839
    },
    "avg_case": {
     "top-1": 0.0010875,
     "top-5": 0.006,
     "top-10": 0.0115875,
     "top-200": 0.236725,
     "exam": 0.035617252504669725,
     "wasted-effort": 839
    },
    "worst_case": {
     "top-1": 0.00060625,
     "top-5": 0.00304375,
     "top-10": 0.00573125,
     "top-200": 0.11939375,
     "exam": 0.5356172525046697,
     "wasted-effort": 11778
    }
   },
   "GP13": {
    "best_case": {
     "top-1": 0.0089,
     "top-5": 0.0464,
     "top-10": 0.09,
     "top-200": 0.8878,
     "exam": 0.035617252504669725,
     "wasted-effort": 839
    },
    "avg_case": {
     "top-1": 0.001075,
     "top-5": 0.0057625,
     "top-10": 0.0119125,
     "top-200": 0.23885,
     "exam": 0.035617252504669725,
     "wasted-effort": 839
    },
    "worst_case": {
     "top-1": 0.000625,
     "top-5": 0.003,
     "top-10": 0.0062875,
     "top-200": 0.1188,
     "exam": 0.5356172525046697,
     "wasted-effort": 11778
    }
   }
  },
  "line_line": {
   "Tarantula": {
    "best_case": {
     "top-1": 0.0576,
     "top-5": 0.2404,
     "top-10": 0.4354,
     "top-200": 0.8886,
     "exam": 0.004754627271183563,
     "wasted-effort": 112
    },
    "avg_case": {
     "top-1": 0.006725,
     "top-5": 0.034075,
     "top-10": 0.0662375,
     "top-200": 0.236025,
     "exam": 0.040371879775853284,
     "wasted-effort": 839
    },
    "worst_case": {
     "top-1": 0.003375,
     "top-5": 0.016775,
     "top-10": 0.03419375,
     "top-200": 0.1182,
     "exam": 0.5356172525046697,
     "wasted-effort": 11778
    }
   },
   "Ochiai": {
    "best_case": {
     "top-1": 0.0489,
     "top-5": 0.247,
     "top-10": 0.4472,
     "top-200": 0.8881,
     "exam": 0.004754627271183563,
     "wasted-effort": 112
    },
    "avg_case": {
     "top-1": 0.006175,
     "top-5": 0.0333,
     "top-10": 0.0671375,
     "top-200": 0.2395,
     "exam": 0.040371879775853284,
     "wasted-effort": 839
    },
    "worst_case": {
     "top-1": 0.0033,
     "top-5": 0.01706875,
     "top-10": 0.03374375,
     "top-200": 0.11823125,
     "exam": 0.5356172525046697,
     "wasted-effort": 11778
    }
   },
   "DStar": {
    "best_case": {
     "top-1": 0.0537,
     "top-5": 0.2458,
     "top-10": 0.4452,
     "top-200": 0.8906,
     "exam": 0.004754627271183563,
     "wasted-effort": 112
    },
    "avg_case": {
     "top-1": 0.007,
     "top-5": 0.0341875,
     "top-10": 0.0667625,
     "top-200": 0.2374375,
     "exam": 0.040371879775853284,
     "wasted-effort": 839
    },
    "worst_case": {
     "top-1": 0.00339375,
     "top-5": 0.0170375,
     "top-10": 0.03310625,
     "top-200": 0.11715625,
     "exam": 0.5356172525046697,
     "wasted-effort": 11778
    }
   },
   "Naish2": {
    "best_case": {
     "top-1": 0.0541,
     "top-5": 0.2469,
     "top-10": 0.4386,
     "top-200": 0.8896,
     "exam": 0.004754627271183563,
     "wasted-effort": 112
    },
    "avg_case": {
     "top-1": 0.0064,
     "top-5": 0.033875,
     "top-10": 0.0657,
     "top-200": 0.2371125,
     "exam": 0.040371879775853284,
     "wasted-effort": 839
    },
    "worst_case": {
     "top-1": 0.0030625,
     "top-5": 0.016775,
     "top-10": 0.0332625,
     "top-200": 0.11955,
     "exam": 0.5356172525046697,
     "wasted-effort": 11778
    }
   },
   "GP13": {
    "best_case": {
     "top-1": 0.0508,
     "top-5": 0.2472,
     "top-10": 0.4432,
     "top-200": 0.8847,
     "exam": 0.004754627271183563,
     "wasted-effort": 112
    },
    "avg_case": {
     "top-1": 0.0072125,
     "top-5": 0.0325625,
     "top-10": 0.0666875,
     "top-200": 0.2369625,
     "exam": 0.040371879775853284,
     "wasted-effort": 839
    },
    "worst_case": {
     "top-1": 0.0033125,
     "top-5": 0.0170875,
     "top-10": 0.0343875,
     "top-200": 0.11954375,
     "exam": 0.5356172525046697,
     "wasted-effort": 11778
    }
   }
  },
  "line_defuse": {
   "Tarantula": {
    "best_case": {
     "top-1": 0.0741,
     "top-5": 0.3325,
     "top-10": 0.5735,
     "top-200": 0.8894,
     "exam": 0.0033537103073526917,
     "wasted-effort": 79
    },
    "avg_case": {
     "top-1": 0.0088,
     "top-5": 0.0492375,
     "top-10": 0.094275,
     "top-200": 0.2370125,
     "exam": 0.040371879775853284,
     "wasted-effort": 839
    },
    "worst_case": {
     "top-1": 0.0042875,
     "top-5": 0.02371875,
     "top-10": 0.0484,
     "top-200": 0.1180375,
     "exam": 0.5356172525046697,
     "wasted-effort": 11778
    }
   },
   "Ochiai": {
    "best_case": {
     "top-1": 0.0717,
     "top-5": 0.3288,
     "top-10": 0.5661,
     "top-200": 0.8851,
     "exam": 0.0033537103073526917,
     "wasted-effort": 79
    },
    "avg_case": {
     "top-1": 0.00945,
     "top-5": 0.04755,
     "top-10": 0.092825,
     "top-200": 0.2383375,
     "exam": 0.040371879775853284,
     "wasted-effort": 839
    },
    "worst_case": {
     "top-1": 0.004525,
     "top-5": 0.023625,
     "top-10": 0.04674375,
     "top-200": 0.11885,
     "exam": 0.5356172525046697,
     "wasted-effort": 11778
    }
   },
   "DStar": {
    "best_case": {
     "top-1": 0.0767,
     "top-5": 0.3301,
     "top-10": 0.5724,
     "top-200": 0.8791,
     "exam": 0.0033537103073526917,
     "wasted-effort": 79
    },
    "avg_case": {
     "top-1": 0.0093625,
     "top-5": 0.04835,
     "top-10": 0.0970625,
     "top-200": 0.239375,
     "exam": 0.040371879775853284,
     "wasted-effort": 839
    },
    "worst_case": {
     "top-1": 0.0048375,
     "top-5": 0.0241,
     "top-10": 0.04710625,
     "top-200": 0.12001875,
     "exam": 0.5356172525046697,
     "wasted-effort": 11778
    }
   },
   "Naish2": {
    "best_case": {
     "top-1": 0.0758,
     "top-5": 0.3354,
     "top-10": 0.5728,
     "top-200": 0.8864,
     "exam": 0.0033537103073526917,
     "wasted-effort": 79
    },
    "avg_case": {
     "top-1": 0.0092625,
     "top-5": 0.0463375,
     "top-10": 0.0960875,
     "top-200": 0.2392,
     "exam": 0.040371879775853284,
     "wasted-effort": 839
    },
    "worst_case": {
     "top-1": 0.00474375,
     "top-5": 0.02388125,
     "top-10": 0.04783125,