{
 "luigi_26": {
  "line": {
   "Tarantula": {
    "best_case": {
     "top-1": 0.0,
     "top-5": 1,
     "top-10": 0.0112,
     "top-200": 0.2272,
     "exam": 0.0004093088527657584,
     "wasted-effort": 5
    },
    "avg_case": {
     "top-1": 0.0,
     "top-5": 1,
     "top-10": 0.01,
     "top-200": 0.2282,
     "exam": 0.0004093088527657584,
     "wasted-effort": 5
    },
    "worst_case": {
     "top-1": 0.0,
     "top-5": 1.0,
     "top-10": 0.0109,
     "top-200": 0.2267,
     "exam": 0.0004093088527657584,
     "wasted-effort": 5
    }
   },
   "Ochiai": {
    "best_case": {
     "top-1": 0.0,
     "top-5": 1,
     "top-10": 0.0108,
     "top-200": 0.2321,
     "exam": 0.0004093088527657584,
     "wasted-effort": 5
    },
    "avg_case": {
     "top-1": 0.0,
     "top-5": 1,
     "top-10": 0.0123,
     "top-200": 0.2305,
     "exam": 0.0004093088527657584,
     "wasted-effort": 5
    },
    "worst_case": {
     "top-1": 0.0,
     "top-5": 1.0,
     "top-10": 0.0111,
     "top-200": 0.2305,
     "exam": 0.0004093088527657584,
     "wasted-effort": 5
    }
   },
   "DStar": {
    "best_case": {
     "top-1": 0.3369,
     "top-5": 0.0052,
     "top-10": 0.0114,
     "top-200": 0.227,
     "exam": 0.0001754180797567536,
     "wasted-effort": 3
    },
    "avg_case": {
     "top-1": 0.3336,
     "top-5": 0.006,
     "top-10": 0.0115,
     "top-200": 0.2273,
     "exam": 0.0001754180797567536,
     "wasted-effort": 3
    },
    "worst_case": {
     "top-1": 0.3314,
     "top-5": 0.004,
     "top-10": 0.012,
     "top-200": 0.2308,
     "exam": 0.0001754180797567536,
     "wasted-effort": 3
    }
   },
   "Naish1": {
    "best_case": {
     "top-1": 0.0,
     "top-5": 1,
     "top-10": 0.0131,
     "top-200": 0.2273,
     "exam": 0.0004093088527657584,
     "wasted-effort": 5
    },
    "avg_case": {
     "top-1": 0.0,
     "top-5": 1,
     "top-10": 0.0108,
     "top-200": 0.2296,
     "exam": 0.0004093088527657584,
     "wasted-effort": 5
    },
    "worst_case": {
     "top-1": 0.0,
     "top-5": 1.0,
     "top-10": 0.0105,
     "top-200": 0.2296,
     "exam": 0.0004093088527657584,
     "wasted-effort": 5
    }
   },
   "Naish2": {
    "best_case": {
     "top-1": 0.0,
     "top-5": 1,
     "top-10": 0.0129,
     "top-200": 0.2275,
     "exam": 0.0004093088527657584,
     "wasted-effort": 5
    },
    "avg_case": {
     "top-1": 0.0,
     "top-5": 1,
     "top-10": 0.0132,
     "top-200": 0.2305,
     "exam": 0.0004093088527657584,
     "wasted-effort": 5
    },
    "worst_case": {
     "top-1": 0.0,
     "top-5": 1.0,
     "top-10": 0.0112,
     "top-200": 0.2192,
     "exam": 0.0004093088527657584,
     "wasted-effort": 5
    }
   },
   "GP13": {
    "best_case": {
     "top-1": 0.0,
     "top-5": 1,
     "top-10": 0.0127,
     "top-200": 0.2264,
     "exam": 0.0004093088527657584,
     "wasted-effort": 5
    },
    "avg_case": {
     "top-1": 0.0,
     "top-5": 1,
     "top-10": 0.0128,
     "top-200": 0.2298,
     "exam": 0.0004093088527657584,
     "wasted-effort": 5
    },
    "worst_case": {
     "top-1": 0.0,
     "top-5": 1.0,
     "top-10": 0.0119,
     "top-200": 0.2323,
     "exam": 0.0004093088527657584,
     "wasted-effort": 5
    }
   }
  },
  "line_line": {
   "Tarantula": {
    "best_case": {
     "top-1": 0.0,
     "top-5": 1,
     "top-10": 0.1289,
     "top-200": 0.5272,
     "exam": 0.0004093088527657584,
     "wasted-effort": 5
    },
    "avg_case": {
     "top-1": 0.0,
     "top-5": 1,
     "top-10": 0.1254,
     "top-200": 0.5478,
     "exam": 0.0004093088527657584,
     "wasted-effort": 5
    },
    "worst_case": {
     "top-1": 0.0,
     "top-5": 1.0,
     "top-10": 0.1306,
     "top-200": 0.5323,
     "exam": 0.0004093088527657584,
     "wasted-effort": 5
    }
   },
   "Ochiai": {
    "best_case": {
     "top-1": 0.0,
     "top-5": 1,
     "top-10": 0.1294,
     "top-200": 0.5212,
     "exam": 0.0004093088527657584,
     "wasted-effort": 5
    },
    "avg_case": {
     "top-1": 0.0,
     "top-5": 1,
     "top-10": 0.1293,
     "top-200": 0.5398,
     "exam": 0.0004093088527657584,
     "wasted-effort": 5
    },
    "worst_case": {
     "top-1": 0.0,
     "top-5": 1.0,
     "top-10": 0.127,
     "top-200": 0.5339,
     "exam": 0.0004093088527657584,
     "wasted-effort": 5
    }
   },
   "DStar": {
    "best_case": {
     "top-1": 0.3303,
     "top-5": 0.0663,
     "top-10": 0.1286,
     "top-200": 0.5395,
     "exam": 0.0001754180797567536,
     "wasted-effort": 3
    },
    "avg_case": {
     "top-1": 0.3312,
     "top-5": 0.0633,
     "top-10": 0.129,
     "top-200": 0.5372,
     "exam": 0.0001754180797567536,
     "wasted-effort": 3
    },
    "worst_case": {
     "top-1": 0.3336,
     "top-5": 0.0638,
     "top-10": 0.1322,
     "top-200": 0.5339,
     "exam": 0.0001754180797567536,
     "wasted-effort": 3
    }
   },
   "Naish1": {
    "best_case": {
     "top-1": 0.0,
     "top-5": 1,
     "top-10": 0.0103,
     "top-200": 0.2227,
     "exam": 0.0004093088527657584,
     "wasted-effort": 5
    },
    "avg_case": {
     "top-1": 0.0,
     "top-5": 1,
     "top-10": 0.0089,
     "top-200": 0.2228,
     "exam": 0.0004093088527657584,
     "wasted-effort": 5
    },
    "worst_case": {
     "top-1": 0.0,
     "top-5": 1.0,
     "top-10": 0.0116,
     "top-200": 0.2222,
     "exam": 0.0004093088527657584,
     "wasted-effort": 5
    }
   },
   "Naish2": {
    "best_case": {
     "top-1": 0.0,
     "top-5": 1,
     "top-10": 0.122,
     "top-200": 0.5414,
     "exam": 0.0004093088527657584,
     "wasted-effort": 5
    },
    "avg_case": {
     "top-1": 0.0,
     "top-5": 1,
     "top-10": 0.13,
     "top-200": 0.5387,
     "exam": 0.0004093088527657584,
     "wasted-effort": 5
    },
    "worst_case": {
     "top-1": 0.0,
     "top-5": 1.0,
     "top-10": 0.1228,
     "top-200": 0.5336,
     "exam": 0.0004093088527657584,
     "wasted-effort": 5
    }
   },
   "GP13": {
    "best_case": {
     "top-1": 0.0,
     "top-5": 1,
     "top-10": 0.1258,
     "top-200": 0.5316,
     "exam": 0.0004093088527657584,
     "wasted-effort": 5
    },
    "avg_case": {
     "top-1": 0.0,
     "top-5": 1,
     "top-10": 0.1221,
     "top-200": 0.5396,
     "exam": 0.0004093088527657584,
     "wasted-effort": 5
    },
    "worst_case": {
     "top-1": 0.0,
     "top-5": 1.0,
     "top-10": 0.1211,
     "top-200": 0.5343,
     "exam": 0.0004093088527657584,
     "wasted-effort": 5
    }
   }
  },
  "line_defuse": {
   "Tarantula": {
    "best_case": {
     "top-1": 0.0,
     "top-5": 1,
     "top-10": 0.8312,
     "top-200": 0.5314,
     "exam": 0.0004093088527657584,
     "wasted-effort": 5
    },
    "avg_case": {
     "top-1": 0.0,
     "top-5": 1,
     "top-10": 0.8377,
     "top-200": 0.5366,
     "exam": 0.0004093088527657584,
     "wasted-effort": 5
    },
    "worst_case": {
     "top-1": 0.0,
     "top-5": 1.0,
     "top-10": 0.8301,
     "top-200": 0.5321,
     "exam": 0.0004093088527657584,
     "wasted-effort": 5
    }
   },
   "Ochiai": {
    "best_case": {
     "top-1": 0.0,
     "top-5": 1,
     "top-10": 0.834,
     "top-200": 0.5432,
     "exam": 0.0004093088527657584,
     "wasted-effort": 5
    },
    "avg_case": {
     "top-1": 0.0,
     "top-5": 1,
     "top-10": 0.8304,
     "top-200": 0.5389,
     "exam": 0.0004093088527657584,
     "wasted-effort": 5
    },
    "worst_case": {
     "top-1": 0.0,
     "top-5": 1.0,
     "top-10": 0.8361,
     "top-200": 0.5333,
     "exam": 0.0004093088527657584,
     "wasted-effort": 5
    }
   },
   "DStar": {
    "best_case": {
     "top-1": 0.3265,
     "top-5": 0.5017,
     "top-10": 1,
     "top-200": 0.5441,
     "exam": 0.0001754180797567536,
     "wasted-effort": 3
    },
    "avg_case": {
     "top-1": 0.3421,
     "top-5": 0.5097,
     "top-10": 1,
     "top-200": 0.533,
     "exam": 0.0001754180797567536,
     "wasted-effort": 3
    },
    "worst_case": {
     "top-1": 0.3341,
     "top-5": 0.4878,
     "top-10": 1.0,
     "top-200": 0.5285,