{
 "luigi_13": {
  "line": {
   "Tarantula": {
    "best_case": {
     "top-5": 0.692,
     "top-10": 0.701,
     "top-200": 0.322,
     "exam": 8.634832915983076e-05,
     "wasted-effort": 1
    },
    "avg_case": {
     "top-5": 0.713,
     "top-10": 0.707,
     "top-200": 0.323,
     "exam": 8.634832915983076e-05,
     "wasted-effort": 1
    },
    "worst_case": {
     "top-5": 0.724,
     "top-10": 0.7,
     "top-200": 0.302,
     "exam": 8.634832915983076e-05,
     "wasted-effort": 1
    }
   },
   "Ochiai": {
    "best_case": {
     "top-5": 0.717,
     "top-10": 0.706,
     "top-200": 0.337,
     "exam": 8.634832915983076e-05,
     "wasted-effort": 1
    },
    "avg_case": {
     "top-5": 0.725,
     "top-10": 0.704,
     "top-200": 0.313,
     "exam": 8.634832915983076e-05,
     "wasted-effort": 1
    },
    "worst_case": {
     "top-5": 0.716,
     "top-10": 0.728,
     "top-200": 0.318,
     "exam": 8.634832915983076e-05,
     "wasted-effort": 1
    }
   },
   "DStar": {
    "best_case": {
     "top-5": 0.0,
     "top-10": 0.0,
     "top-200": 0.0,
     "exam": 0.05949399879112339,
     "wasted-effort": 766
    },
    "avg_case": {
     "top-5": 0.0,
     "top-10": 0.0,
     "top-200": 0.0,
     "exam": 0.05949399879112339,
     "wasted-effort": 766
    },
    "worst_case": {
     "top-5": 0.0,
     "top-10": 0.0,
     "top-200": 0.0,
     "exam": 0.05949399879112339,
     "wasted-effort": 766
    }
   }
  },
  "line_line": {
   "Tarantula": {
    "best_case": {
     "top-5": 0.73,
     "top-10": 0.7,
     "top-200": 0.31,
     "exam": 8.634832915983076e-05,
     "wasted-effort": 1
    },
    "avg_case": {
     "top-5": 0.714,
     "top-10": 0.712,
     "top-200": 0.312,
     "exam": 8.634832915983076e-05,
     "wasted-effort": 1
    },
    "worst_case": {
     "top-5": 0.724,
     "top-10": 0.72,
     "top-200": 0.324,
     "exam": 8.634832915983076e-05,
     "wasted-effort": 1
    }
   },
   "Ochiai": {
    "best_case": {
     "top-5": 0.721,
     "top-10": 0.698,
     "top-200": 0.312,
     "exam": 8.634832915983076e-05,
     "wasted-effort": 1
    },
    "avg_case": {
     "top-5": 0.727,
     "top-10": 0.717,
     "top-200": 0.323,
     "exam": 8.634832915983076e-05,
     "wasted-effort": 1
    },
    "worst_case": {
     "top-5": 0.713,
     "top-10": 0.724,
     "top-200": 0.337,
     "exam": 8.634832915983076e-05,
     "wasted-effort": 1
    }
   },
   "DStar": {
    "best_case": {
     "top-5": 0.0,
     "top-10": 0.0,
     "top-200": 0.0,
     "exam": 0.05949399879112339,
     "wasted-effort": 766
    },
    "avg_case": {
     "top-5": 0.0,
     "top-10": 0.0,
     "top-200": 0.0,
     "exam": 0.05949399879112339,
     "wasted-effort": 766
    },
    "worst_case": {
     "top-5": 0.0,
     "top-10": 0.0,
     "top-200": 0.0,
     "exam": 0.05949399879112339,
     "wasted-effort": 766
    }
   }
  },
  "line_defuse": {
   "Tarantula": {
    "best_case": {
     "top-5": 0.72,
     "top-10": 0.746,
     "top-200": 0.332,
     "exam": 8.634832915983076e-05,
     "wasted-effort": 1
    },
    "avg_case": {
     "top-5": 0.7,
     "top-10": 0.706,
     "top-200": 0.327,
     "exam": 8.634832915983076e-05,
     "wasted-effort": 1
    },
    "worst_case": {
     "top-5": 0.702,
     "top-10": 0.727,
     "top-200": 0.307,
     "exam": 8.634832915983076e-05,
     "wasted-effort": 1
    }
   },
   "Ochiai": {
    "best_case": {
     "top-5": 0.695,
     "top-10": 0.708,
     "top-200": 0.336,
     "exam": 8.634832915983076e-05,
     "wasted-effort": 1
    },
    "avg_case": {
     "top-5": 0.741,
     "top-10": 0.721,
     "top-200": 0.33,
     "exam": 8.634832915983076e-05,
     "wasted-effort": 1
    },
    "worst_case": {
     "top-5": 0.704,
     "top-10": 0.712,
     "top-200": 0.315,
     "exam": 8.634832915983076e-05,
     "wasted-effort": 1
    }
   },
   "DStar": {
    "best_case": {
     "top-5": 0.0,
     "top-10": 0.0,
     "top-200": 0.0,
     "exam": 0.05949399879112339,
     "wasted-effort": 766
    },
    "avg_case": {
     "top-5": 0.0,
     "top-10": 0.0,
     "top-200": 0.0,
     "exam": 0.05949399879112339,
     "wasted-effort": 766
    },
    "worst_case": {
     "top-5": 0.0,
     "top-10": 0.0,
     "top-200": 0.0,
     "exam": 0.05949399879112339,
     "wasted-effort": 766
    }
   }
  },
  "line_defuses": {
   "Tarantula": {
    "best_case": {
     "top-5": 0.728,
     "top-10": 0.717,
     "top-200": 0.331,
     "exam": 8.634832915983076e-05,
     "wasted-effort": 1
    },
    "avg_case": {
     "top-5": 0.727,
     "top-10": 0.716,
     "top-200": 0.317,
     "exam": 8.634832915983076e-05,
     "wasted-effort": 1
    },
    "worst_case": {
     "top-5": 0.737,
     "top-10": 0.703,
     "top-200": 0.33,
     "exam": 8.634832915983076e-05,
     "wasted-effort": 1
    }
   },
   "Ochiai": {
    "best_case": {
     "top-5": 0.736,
     "top-10": 0.713,
     "top-200": 0.315,
     "exam": 8.634832915983076e-05,
     "wasted-effort": 1
    },
    "avg_case": {
     "top-5": 0.731,
     "top-10": 0.713,
     "top-200": 0.359,
     "exam": 8.634832915983076e-05,
     "wasted-effort": 1
    },
    "worst_case": {
     "top-5": 0.715,
     "top-10": 0.698,
     "top-200": 0.341,
     "exam": 8.634832915983076e-05,
     "wasted-effort": 1
    }
   },
   "DStar": {
    "best_case": {
     "top-5": 0.0,
     "top-10": 0.0,
     "top-200": 0.0,
     "exam": 0.05949399879112339,
     "wasted-effort": 766
    },
    "avg_case": {
     "top-5": 0.0,
     "top-10": 0.0,
     "top-200": 0.0,
     "exam": 0.05949399879112339,
     "wasted-effort": 766
    },
    "worst_case": {
     "top-5": 0.0,
     "top-10": 0.0,
     "top-200": 0.0,
     "exam": 0.05949399879112339,
     "wasted-effort": 766
    }
   }
  },
  "line_assert_use": {
   "Tarantula": {
    "best_case": {
     "top-5": 0.724,
     "top-10": 0.705,
     "top-200": 0.331,
     "exam": 8.634832915983076e-05,
     "wasted-effort": 1
    },
    "avg_case": {
     "top-5": 0.735,
     "top-10": 0.712,
     "top-200": 0.33,
     "exam": 8.634832915983076e-05,
     "wasted-effort": 1
    },
    "worst_case": {
     "top-5": 0.694,
     "top-10": 0.685,
     "top-200": 0.331,
     "exam": 8.634832915983076e-05,
     "wasted-effort": 1
    }
   },
   "Ochiai": {
    "best_case": {
     "top-5": 0.688,
     "top-10": 0.729,
     "top-200": 0.35,
     "exam": 8.634832915983076e-05,
     "wasted-effort": 1
    },
    "avg_case": {
     "top-5": 0.7,
     "top-10": 0.728,
     "top-200": 0.304,
     "exam": 8.634832915983076e-05,
     "wasted-effort": 1
    },
    "worst_case": {
     "top-5": 0.706,
     "top-10": 0.738,
     "top-200": 0.342,
     "exam": 8.634832915983076e-05,
     "wasted-effort": 1
    }
   },
   "DStar": {
    "best_case": {
     "top-5": 0.0,
     "top-10": 0.0,
     "top-200": 0.0,
     "exam": 0.05949399879112339,
     "wasted-effort": 766
    },
    "avg_case": {
     "top-5": 0.0,
     "top-10": 0.0,
     "top-200": 0.0,
     "exam": 0.05949399879112339,
     "wasted-effort": 766
    },
    "worst_case": {
     "top-5": 0.0,
     "top-10": 0.0,
     "top-200": 0.0,
     "exam": 0.05949399879112339,
     "wasted-effort": 766
    }
   }
  },
  "line_assert_uses": {
   "Tarantula": {
    "best_case": {
     "top-5": 0.731,
     "top-10": 0.699,
     "top-200": 0.309,
     "exam": 8.634832915983076e-05,
     "wasted-effort": 1
    },
    "avg_case": {
     "top-5": 0.696,
     "top-10": 0.71,
     "top-200": 0.324,
     "exam": 8.634832915983076e-05,
     "wasted-effort": 1
    },
    "worst_case": {
     "top-5": 0.708,
     "top-10": 0.712,
     "top-200": 0.316,
     "exam": 8.634832915983076e-05,
     "wasted-effort": 1
    }
   },
   "Ochiai": {
    "best_case": {
     "top-5": 0.708,
     "top-10": 0.716,
     "top-200": 0.308,
     "exam": 8.634832915983076e-05,
     "wasted-effort": 1
    },
    "avg_case": {
     "top-5": 0.717,
     "top-10": 0.706,
     "top-200": 0.328,
     "exam": 8.634832915983076e-05,
     "wasted-effort": 1
    },