{
 "luigi_23": {
  "line": {
   "Tarantula": {
    "best_case": {
     "top-5": 0.0,
     "top-10": 0.0,
     "top-200": 0.3381,
     "exam": 0.03341275858334236,
     "wasted-effort": 592
    },
    "avg_case": {
     "top-5": 0.0,
     "top-10": 0.0,
     "top-200": 0.16865,
     "exam": 0.11561789234268385,
     "wasted-effort": 1543
    },
    "worst_case": {
     "top-5": 0.0,
     "top-10": 0.0,
     "top-200": 0.0847,
     "exam": 0.11561789234268385,
     "wasted-effort": 1543
    }
   },
   "Ochiai": {
    "best_case": {
     "top-5": 0.0,
     "top-10": 0.0,
     "top-200": 0.3492,
     "exam": 0.03341275858334236,
     "wasted-effort": 592
    },
    "avg_case": {
     "top-5": 0.0,
     "top-10": 0.0,
     "top-200": 0.1674,
     "exam": 0.11561789234268385,
     "wasted-effort": 1543
    },
    "worst_case": {
     "top-5": 0.0,
     "top-10": 0.0,
     "top-200": 0.084,
     "exam": 0.11561789234268385,
     "wasted-effort": 1543
    }
   },
   "DStar": {
    "best_case": {
     "top-5": 0.0079,
     "top-10": 0.0189,
     "top-200": 0.3552,
     "exam": 0.03103000108307159,
     "wasted-effort": 570
    },
    "avg_case": {
     "top-5": 0.00465,
     "top-10": 0.00895,
     "top-200": 0.1758,
     "exam": 0.11442651359254846,
     "wasted-effort": 1543
    },
    "worst_case": {
     "top-5": 0.00215,
     "top-10": 0.004075,
     "top-200": 0.088525,
     "exam": 0.11442651359254846,
     "wasted-effort": 1543
    }
   }
  },
  "line_line": {
   "Tarantula": {
    "best_case": {
     "top-5": 0.0,
     "top-10": 0.0,
     "top-200": 0.3417,
     "exam": 0.03595797682226795,
     "wasted-effort": 592
    },
    "avg_case": {
     "top-5": 0.0,
     "top-10": 0.0,
     "top-200": 0.1682,
     "exam": 0.11561789234268385,
     "wasted-effort": 1543
    },
    "worst_case": {
     "top-5": 0.0,
     "top-10": 0.0,
     "top-200": 0.084875,
     "exam": 0.11561789234268385,
     "wasted-effort": 1543
    }
   },
   "Ochiai": {
    "best_case": {
     "top-5": 0.0,
     "top-10": 0.0,
     "top-200": 0.3281,
     "exam": 0.03595797682226795,
     "wasted-effort": 592
    },
    "avg_case": {
     "top-5": 0.0,
     "top-10": 0.0,
     "top-200": 0.17405,
     "exam": 0.11561789234268385,
     "wasted-effort": 1543
    },
    "worst_case": {
     "top-5": 0.0,
     "top-10": 0.0,
     "top-200": 0.084825,
     "exam": 0.11561789234268385,
     "wasted-effort": 1543
    }
   },
   "DStar": {
    "best_case": {
     "top-5": 0.0,
     "top-10": 0.0,
     "top-200": 0.3436,
     "exam": 0.03357521932199718,
     "wasted-effort": 570
    },
    "avg_case": {
     "top-5": 0.0,
     "top-10": 0.0,
     "top-200": 0.1758,
     "exam": 0.11442651359254846,
     "wasted-effort": 1543
    },
    "worst_case": {
     "top-5": 0.0,
     "top-10": 0.0,
     "top-200": 0.0891,
     "exam": 0.11442651359254846,
     "wasted-effort": 1543
    }
   }
  },
  "line_defuse": {
   "Tarantula": {
    "best_case": {
     "top-5": 0.0,
     "top-10": 0.0,
     "top-200": 0.3371,
     "exam": 0.03595797682226795,
     "wasted-effort": 592
    },
    "avg_case": {
     "top-5": 0.0,
     "top-10": 0.0,
     "top-200": 0.1698,
     "exam": 0.11561789234268385,
     "wasted-effort": 1543
    },
    "worst_case": {
     "top-5": 0.0,
     "top-10": 0.0,
     "top-200": 0.0839,
     "exam": 0.11561789234268385,
     "wasted-effort": 1543
    }
   },
   "Ochiai": {
    "best_case": {
     "top-5": 0.0,
     "top-10": 0.0,
     "top-200": 0.3436,
     "exam": 0.03595797682226795,
     "wasted-effort": 592
    },
    "avg_case": {
     "top-5": 0.0,
     "top-10": 0.0,
     "top-200": 0.17015,
     "exam": 0.11561789234268385,
     "wasted-effort": 1543
    },
    "worst_case": {
     "top-5": 0.0,
     "top-10": 0.0,
     "top-200": 0.0839,
     "exam": 0.11561789234268385,
     "wasted-effort": 1543
    }
   },
   "DStar": {
    "best_case": {
     "top-5": 0.0,
     "top-10": 0.0,
     "top-200": 0.3599,
     "exam": 0.03357521932199718,
     "wasted-effort": 570
    },
    "avg_case": {
     "top-5": 0.0,
     "top-10": 0.0,
     "top-200": 0.17295,
     "exam": 0.11442651359254846,
     "wasted-effort": 1543
    },
    "worst_case": {
     "top-5": 0.0,
     "top-10": 0.0,
     "top-200": 0.086,
     "exam": 0.11442651359254846,
     "wasted-effort": 1543
    }
   }
  },
  "line_defuses": {
   "Tarantula": {
    "best_case": {
     "top-5": 0.0,
     "top-10": 0.0,
     "top-200": 0.3445,
     "exam": 0.03595797682226795,
     "wasted-effort": 592
    },
    "avg_case": {
     "top-5": 0.0,
     "top-10": 0.0,
     "top-200": 0.1717,
     "exam": 0.11561789234268385,
     "wasted-effort": 1543
    },
    "worst_case": {
     "top-5": 0.0,
     "top-10": 0.0,
     "top-200": 0.0837,
     "exam": 0.11561789234268385,
     "wasted-effort": 1543
    }
   },
   "Ochiai": {
    "best_case": {
     "top-5": 0.0,
     "top-10": 0.0,
     "top-200": 0.3431,
     "exam": 0.03595797682226795,
     "wasted-effort": 592
    },
    "avg_case": {
     "top-5": 0.0,
     "top-10": 0.0,
     "top-200": 0.175,
     "exam": 0.11561789234268385,
     "wasted-effort": 1543
    },
    "worst_case": {
     "top-5": 0.0,
     "top-10": 0.0,
     "top-200": 0.084725,
     "exam": 0.11561789234268385,
     "wasted-effort": 1543
    }
   },
   "DStar": {
    "best_case": {
     "top-5": 0.0,
     "top-10": 0.0,
     "top-200": 0.3489,
     "exam": 0.03357521932199718,
     "wasted-effort": 570
    },
    "avg_case": {
     "top-5": 0.0,
     "top-10": 0.0,
     "top-200": 0.17845,
     "exam": 0.11442651359254846,
     "wasted-effort": 1543
    },
    "worst_case": {
     "top-5": 0.0,
     "top-10": 0.0,
     "top-200": 0.08635,
     "exam": 0.11442651359254846,
     "wasted-effort": 1543
    }
   }
  },
  "line_assert_use": {
   "Tarantula": {
    "best_case": {
     "top-5": 0.0,
     "top-10": 0.0,
     "top-200": 0.336,
     "exam": 0.03595797682226795,
     "wasted-effort": 592
    },
    "avg_case": {
     "top-5": 0.0,
     "top-10": 0.0,
     "top-200": 0.1699,
     "exam": 0.11561789234268385,
     "wasted-effort": 1543
    },
    "worst_case": {
     "top-5": 0.0,
     "top-10": 0.0,
     "top-200": 0.08385,
     "exam": 0.11561789234268385,
     "wasted-effort": 1543
    }
   },
   "Ochiai": {
    "best_case": {
     "top-5": 0.0,
     "top-10": 0.0,
     "top-200": 0.3288,
     "exam": 0.03595797682226795,
     "wasted-effort": 592
    },
    "avg_case": {
     "top-5": 0.0,
     "top-10": 0.0,
     "top-200": 0.16945,
     "exam": 0.11561789234268385,
     "wasted-effort": 1543
    },
    "worst_case": {
     "top-5": 0.0,
     "top-10": 0.0,
     "top-200": 0.082675,
     "exam": 0.11561789234268385,
     "wasted-effort": 1543
    }
   },
   "DStar": {
    "best_case": {
     "top-5": 0.0,
     "top-10": 0.0,
     "top-200": 0.3552,
     "exam": 0.03357521932199718,
     "wasted-effort": 570
    },
    "avg_case": {
     "top-5": 0.0,
     "top-10": 0.0,
     "top-200": 0.17355,
     "exam": 0.11442651359254846,
     "wasted-effort": 1543
    },
    "worst_case": {
     "top-5": 0.0,
     "top-10": 0.0,
     "top-200": 0.088975,
     "exam": 0.11442651359254846,
     "wasted-effort": 1543
    }
   }
  },
  "line_assert_uses": {
   "Tarantula": {
    "best_case": {
     "top-5": 0.0,
     "top-10": 0.0,
     "top-200": 0.3408,
     "exam": 0.03595797682226795,
     "wasted-effort": 592
    },
    "avg_case": {
     "top-5": 0.0,
     "top-10": 0.0,
     "top-200": 0.1693,
     "exam": 0.11561789234268385,
     "wasted-effort": 1543
    },
    "worst_case": {
     "top-5": 0.0,
     "top-10": 0.0,
     "top-200": 0.0843,
     "exam": 0.11561789234268385,
     "wasted-effort": 1543
    }
   },
   "Ochiai": {
    "best_case": {
     "top-5": 0.0,
     "top-10": 0.0,
     "top-200": 0.3328,
     "exam": 0.03595797682226795,
     "wasted-effort": 592
    },
    "avg_case": {
     "top-5": 0.0,
     "top-10": 0.0,
     "top-200": 0.17045,
     "exam": 0.11561789234268385,