{
 "luigi_33": {
  "line": {
   "Tarantula": {
    "best_case": {
     "top-5": 0.0,
     "top-10": 0.0,
     "top-200": 0.369,
     "exam": 0.0034522439585730723,
     "wasted-effort": 32
    },
    "avg_case": {
     "top-5": 0.0,
     "top-10": 0.0,
     "top-200": 0.37,
     "exam": 0.0034522439585730723,
     "wasted-effort": 32
    },
    "worst_case": {
     "top-5": 0.0,
     "top-10": 0.0,
     "top-200": 0.353,
     "exam": 0.0034522439585730723,
     "wasted-effort": 32
    }
   },
   "Ochiai": {
    "best_case": {
     "top-5": 0,
     "top-10": 0.633,
     "top-200": 0.362,
     "exam": 0.0014064697609001407,
     "wasted-effort": 16
    },
    "avg_case": {
     "top-5": 0.0,
     "top-10": 0.614,
     "top-200": 0.348,
     "exam": 0.0014064697609001407,
     "wasted-effort": 16
    },
    "worst_case": {
     "top-5": 0.0,
     "top-10": 0.647,
     "top-200": 0.363,
     "exam": 0.0014064697609001407,
     "wasted-effort": 16
    }
   },
   "DStar": {
    "best_case": {
     "top-5": 0,
     "top-10": 0.662,
     "top-200": 0.394,
     "exam": 0.0012786088735455823,
     "wasted-effort": 15
    },
    "avg_case": {
     "top-5": 0.0,
     "top-10": 0.685,
     "top-200": 0.379,
     "exam": 0.0012786088735455823,
     "wasted-effort": 15
    },
    "worst_case": {
     "top-5": 0.0,
     "top-10": 0.685,
     "top-200": 0.376,
     "exam": 0.0012786088735455823,
     "wasted-effort": 15
    }
   }
  },
  "line_line": {
   "Tarantula": {
    "best_case": {
     "top-5": 0.0,
     "top-10": 0.0,
     "top-200": 1,
     "exam": 0.0034522439585730723,
     "wasted-effort": 32
    },
    "avg_case": {
     "top-5": 0.0,
     "top-10": 0.0,
     "top-200": 1,
     "exam": 0.0034522439585730723,
     "wasted-effort": 32
    },
    "worst_case": {
     "top-5": 0.0,
     "top-10": 0.0,
     "top-200": 1.0,
     "exam": 0.0034522439585730723,
     "wasted-effort": 32
    }
   },
   "Ochiai": {
    "best_case": {
     "top-5": 0,
     "top-10": 0.62,
     "top-200": 0.887,
     "exam": 0.0014064697609001407,
     "wasted-effort": 16
    },
    "avg_case": {
     "top-5": 0.0,
     "top-10": 0.619,
     "top-200": 0.915,
     "exam": 0.0014064697609001407,
     "wasted-effort": 16
    },
    "worst_case": {
     "top-5": 0.0,
     "top-10": 0.609,
     "top-200": 0.9,
     "exam": 0.0014064697609001407,
     "wasted-effort": 16
    }
   },
   "DStar": {
    "best_case": {
     "top-5": 0,
     "top-10": 0.639,
     "top-200": 0.838,
     "exam": 0.0012786088735455823,
     "wasted-effort": 15
    },
    "avg_case": {
     "top-5": 0.0,
     "top-10": 0.674,
     "top-200": 0.84,
     "exam": 0.0012786088735455823,
     "wasted-effort": 15
    },
    "worst_case": {
     "top-5": 0.0,
     "top-10": 0.679,
     "top-200": 0.842,
     "exam": 0.0012786088735455823,
     "wasted-effort": 15
    }
   }
  },
  "line_defuse": {
   "Tarantula": {
    "best_case": {
     "top-5": 0.0,
     "top-10": 0.0,
     "top-200": 1,
     "exam": 0.0034522439585730723,
     "wasted-effort": 32
    },
    "avg_case": {
     "top-5": 0.0,
     "top-10": 0.0,
     "top-200": 1,
     "exam": 0.0034522439585730723,
     "wasted-effort": 32
    },
    "worst_case": {
     "top-5": 0.0,
     "top-10": 0.0,
     "top-200": 1.0,
     "exam": 0.0034522439585730723,
     "wasted-effort": 32
    }
   },
   "Ochiai": {
    "best_case": {
     "top-5": 0,
     "top-10": 0.611,
     "top-200": 0.92,
     "exam": 0.0014064697609001407,
     "wasted-effort": 16
    },
    "avg_case": {
     "top-5": 0.0,
     "top-10": 0.631,
     "top-200": 0.911,
     "exam": 0.0014064697609001407,
     "wasted-effort": 16
    },
    "worst_case": {
     "top-5": 0.0,
     "top-10": 0.638,
     "top-200": 0.895,
     "exam": 0.0014064697609001407,
     "wasted-effort": 16
    }
   },
   "DStar": {
    "best_case": {
     "top-5": 0,
     "top-10": 0.653,
     "top-200": 0.857,
     "exam": 0.0012786088735455823,
     "wasted-effort": 15
    },
    "avg_case": {
     "top-5": 0.0,
     "top-10": 0.68,
     "top-200": 0.842,
     "exam": 0.0012786088735455823,
     "wasted-effort": 15
    },
    "worst_case": {
     "top-5": 0.0,
     "top-10": 0.681,
     "top-200": 0.846,
     "exam": 0.0012786088735455823,
     "wasted-effort": 15
    }
   }
  },
  "line_defuses": {
   "Tarantula": {
    "best_case": {
     "top-5": 0.0,
     "top-10": 0.0,
     "top-200": 1,
     "exam": 0.0034522439585730723,
     "wasted-effort": 32
    },
    "avg_case": {
     "top-5": 0.0,
     "top-10": 0.0,
     "top-200": 1,
     "exam": 0.0034522439585730723,
     "wasted-effort": 32
    },
    "worst_case": {
     "top-5": 0.0,
     "top-10": 0.0,
     "top-200": 1.0,
     "exam": 0.0034522439585730723,
     "wasted-effort": 32
    }
   },
   "Ochiai": {
    "best_case": {
     "top-5": 0,
     "top-10": 0.613,
     "top-200": 0.908,
     "exam": 0.0014064697609001407,
     "wasted-effort": 16
    },
    "avg_case": {
     "top-5": 0.0,
     "top-10": 0.633,
     "top-200": 0.905,
     "exam": 0.0014064697609001407,
     "wasted-effort": 16
    },
    "worst_case": {
     "top-5": 0.0,
     "top-10": 0.661,
     "top-200": 0.908,
     "exam": 0.0014064697609001407,
     "wasted-effort": 16
    }
   },
   "DStar": {
    "best_case": {
     "top-5": 0,
     "top-10": 0.667,
     "top-200": 0.835,
     "exam": 0.0012786088735455823,
     "wasted-effort": 15
    },
    "avg_case": {
     "top-5": 0.0,
     "top-10": 0.645,
     "top-200": 0.858,
     "exam": 0.0012786088735455823,
     "wasted-effort": 15
    },
    "worst_case": {
     "top-5": 0.0,
     "top-10": 0.684,
     "top-200": 0.853,
     "exam": 0.0012786088735455823,
     "wasted-effort": 15
    }
   }
  },
  "line_assert_use": {
   "Tarantula": {
    "best_case": {
     "top-5": 0.0,
     "top-10": 0.0,
     "top-200": 1,
     "exam": 0.0034522439585730723,
     "wasted-effort": 32
    },
    "avg_case": {
     "top-5": 0.0,
     "top-10": 0.0,
     "top-200": 1,
     "exam": 0.0034522439585730723,
     "wasted-effort": 32
    },
    "worst_case": {
     "top-5": 0.0,
     "top-10": 0.0,
     "top-200": 1.0,
     "exam": 0.0034522439585730723,
     "wasted-effort": 32
    }
   },
   "Ochiai": {
    "best_case": {
     "top-5": 0,
     "top-10": 0.606,
     "top-200": 0.9,
     "exam": 0.0014064697609001407,
     "wasted-effort": 16
    },
    "avg_case": {
     "top-5": 0.0,
     "top-10": 0.6,
     "top-200": 0.925,
     "exam": 0.0014064697609001407,
     "wasted-effort": 16
    },
    "worst_case": {
     "top-5": 0.0,
     "top-10": 0.583,
     "top-200": 0.909,
     "exam": 0.0014064697609001407,
     "wasted-effort": 16
    }
   },
   "DStar": {
    "best_case": {
     "top-5": 0,
     "top-10": 0.658,
     "top-200": 0.826,
     "exam": 0.0012786088735455823,
     "wasted-effort": 15
    },
    "avg_case": {
     "top-5": 0.0,
     "top-10": 0.659,
     "top-200": 0.834,
     "exam": 0.0012786088735455823,
     "wasted-effort": 15
    },
    "worst_case": {
     "top-5": 0.0,
     "top-10": 0.677,
     "top-200": 0.828,
     "exam": 0.0012786088735455823,
     "wasted-effort": 15
    }
   }
  },
  "line_assert_uses": {
   "Tarantula": {
    "best_case": {
     "top-5": 0.0,
     "top-10": 0.0,
     "top-200": 1,
     "exam": 0.0034522439585730723,
     "wasted-effort": 32
    },
    "avg_case": {
     "top-5": 0.0,
     "top-10": 0.0,
     "top-200": 1,
     "exam": 0.0034522439585730723,
     "wasted-effort": 32
    },
    "worst_case": {
     "top-5": 0.0,
     "top-10": 0.0,
     "top-200": 1.0,
     "exam": 0.0034522439585730723,
     "wasted-effort": 32
    }
   },
   "Ochiai": {
    "best_case": {
     "top-5": 0,
     "top-10": 0.612,
     "top-200": 0.908,
     "exam": 0.0014064697609001407,
     "wasted-effort": 16
    },
    "avg_case": {
     "top-5": 0.0,
     "top-10": 0.615,
     "top-200": 0.909,
     "exam": 0.0014064697609001407,
     "wasted-effort": 16
    },
    "worst_case": {
     "top-5": 0.0,
     "top-10": 0.623,