{
 "luigi_32": {
  "line": {
   "Tarantula": {
    "best_case": {
     "top-1": 0.0,
     "top-5": 0.0,
     "top-10": 0.0174,
     "top-200": 0.3536,
     "exam": 0.03480516346965858,
     "wasted-effort": 569
    },
    "avg_case": {
     "top-1": 0.0,
     "top-5": 0.0,
     "top-10": 0.0179,
     "top-200": 0.3504,
     "exam": 0.03480516346965858,
     "wasted-effort": 569
    },
    "worst_case": {
     "top-1": 0.0,
     "top-5": 0.0,
     "top-10": 0.0162,
     "top-200": 0.3502,
     "exam": 0.03480516346965858,
     "wasted-effort": 569
    }
   },
   "Ochiai": {
    "best_case": {
     "top-1": 0.0,
     "top-5": 0.0,
     "top-10": 0.0143,
     "top-200": 0.3459,
     "exam": 0.03480516346965858,
     "wasted-effort": 569
    },
    "avg_case": {
     "top-1": 0.0,
     "top-5": 0.0,
     "top-10": 0.018,
     "top-200": 0.3565,
     "exam": 0.03480516346965858,
     "wasted-effort": 569
    },
    "worst_case": {
     "top-1": 0.0,
     "top-5": 0.0,
     "top-10": 0.0178,
     "top-200": 0.3509,
     "exam": 0.03480516346965858,
     "wasted-effort": 569
    }
   },
   "DStar": {
    "best_case": {
     "top-1": 0.0,
     "top-5": 0.009,
     "top-10": 0.0149,
     "top-200": 0.3592,
     "exam": 0.03432259621184702,
     "wasted-effort": 565
    },
    "avg_case": {
     "top-1": 0.0,
     "top-5": 0.01,
     "top-10": 0.0185,
     "top-200": 0.3545,
     "exam": 0.03432259621184702,
     "wasted-effort": 565
    },
    "worst_case": {
     "top-1": 0.0,
     "top-5": 0.0081,
     "top-10": 0.0197,
     "top-200": 0.35,
     "exam": 0.03432259621184702,
     "wasted-effort": 565
    }
   },
   "Naish1": {
    "best_case": {
     "top-1": 0.0,
     "top-5": 0.0,
     "top-10": 0.0176,
     "top-200": 0.3541,
     "exam": 0.03480516346965858,
     "wasted-effort": 569
    },
    "avg_case": {
     "top-1": 0.0,
     "top-5": 0.0,
     "top-10": 0.0188,
     "top-200": 0.3533,
     "exam": 0.03480516346965858,
     "wasted-effort": 569
    },
    "worst_case": {
     "top-1": 0.0,
     "top-5": 0.0,
     "top-10": 0.0161,
     "top-200": 0.3529,
     "exam": 0.03480516346965858,
     "wasted-effort": 569
    }
   },
   "Naish2": {
    "best_case": {
     "top-1": 0.0,
     "top-5": 0.0,
     "top-10": 0.0175,
     "top-200": 0.3482,
     "exam": 0.03480516346965858,
     "wasted-effort": 569
    },
    "avg_case": {
     "top-1": 0.0,
     "top-5": 0.0,
     "top-10": 0.0178,
     "top-200": 0.3478,
     "exam": 0.03480516346965858,
     "wasted-effort": 569
    },
    "worst_case": {
     "top-1": 0.0,
     "top-5": 0.0,
     "top-10": 0.0182,
     "top-200": 0.3509,
     "exam": 0.03480516346965858,
     "wasted-effort": 569
    }
   },
   "GP13": {
    "best_case": {
     "top-1": 0.0,
     "top-5": 0.0,
     "top-10": 0.0177,
     "top-200": 0.3464,
     "exam": 0.03480516346965858,
     "wasted-effort": 569
    },
    "avg_case": {
     "top-1": 0.0,
     "top-5": 0.0,
     "top-10": 0.017,
     "top-200": 0.3479,
     "exam": 0.03480516346965858,
     "wasted-effort": 569
    },
    "worst_case": {
     "top-1": 0.0,
     "top-5": 0.0,
     "top-10": 0.017,
     "top-200": 0.3503,
     "exam": 0.03480516346965858,
     "wasted-effort": 569
    }
   }
  },
  "line_line": {
   "Tarantula": {
    "best_case": {
     "top-1": 0.0,
     "top-5": 0.0,
     "top-10": 0.0,
     "top-200": 0.3453,
     "exam": 0.040595970563397275,
     "wasted-effort": 569
    },
    "avg_case": {
     "top-1": 0.0,
     "top-5": 0.0,
     "top-10": 0.0,
     "top-200": 0.3548,
     "exam": 0.040595970563397275,
     "wasted-effort": 569
    },
    "worst_case": {
     "top-1": 0.0,
     "top-5": 0.0,
     "top-10": 0.0,
     "top-200": 0.3486,
     "exam": 0.040595970563397275,
     "wasted-effort": 569
    }
   },
   "Ochiai": {
    "best_case": {
     "top-1": 0.0,
     "top-5": 0.0,
     "top-10": 0.0,
     "top-200": 0.3497,
     "exam": 0.040595970563397275,
     "wasted-effort": 569
    },
    "avg_case": {
     "top-1": 0.0,
     "top-5": 0.0,
     "top-10": 0.0,
     "top-200": 0.3528,
     "exam": 0.040595970563397275,
     "wasted-effort": 569
    },
    "worst_case": {
     "top-1": 0.0,
     "top-5": 0.0,
     "top-10": 0.0,
     "top-200": 0.3559,
     "exam": 0.040595970563397275,
     "wasted-effort": 569
    }
   },
   "DStar": {
    "best_case": {
     "top-1": 0.0,
     "top-5": 0.0,
     "top-10": 0.0,
     "top-200": 0.358,
     "exam": 0.040113403305585715,
     "wasted-effort": 565
    },
    "avg_case": {
     "top-1": 0.0,
     "top-5": 0.0,
     "top-10": 0.0,
     "top-200": 0.3558,
     "exam": 0.040113403305585715,
     "wasted-effort": 565
    },
    "worst_case": {
     "top-1": 0.0,
     "top-5": 0.0,
     "top-10": 0.0,
     "top-200": 0.3554,
     "exam": 0.040113403305585715,
     "wasted-effort": 565
    }
   },
   "Naish1": {
    "best_case": {
     "top-1": 0.0,
     "top-5": 0.0,
     "top-10": 0.0107,
     "top-200": 0.1902,
     "exam": 0.06562914706237181,
     "wasted-effort": 1080
    },
    "avg_case": {
     "top-1": 0.0,
     "top-5": 0.0,
     "top-10": 0.01,
     "top-200": 0.1801,
     "exam": 0.06562914706237181,
     "wasted-effort": 1080
    },
    "worst_case": {
     "top-1": 0.0,
     "top-5": 0.0,
     "top-10": 0.0085,
     "top-200": 0.1845,
     "exam": 0.06562914706237181,
     "wasted-effort": 1080
    }
   },
   "Naish2": {
    "best_case": {
     "top-1": 0.0,
     "top-5": 0.0,
     "top-10": 0.0,
     "top-200": 0.3505,
     "exam": 0.040595970563397275,
     "wasted-effort": 569
    },
    "avg_case": {
     "top-1": 0.0,
     "top-5": 0.0,
     "top-10": 0.0,
     "top-200": 0.3524,
     "exam": 0.040595970563397275,
     "wasted-effort": 569
    },
    "worst_case": {
     "top-1": 0.0,
     "top-5": 0.0,
     "top-10": 0.0,
     "top-200": 0.3575,
     "exam": 0.040595970563397275,
     "wasted-effort": 569
    }
   },
   "GP13": {
    "best_case": {
     "top-1": 0.0,
     "top-5": 0.0,
     "top-10": 0.0,
     "top-200": 0.3385,
     "exam": 0.040595970563397275,
     "wasted-effort": 569
    },
    "avg_case": {
     "top-1": 0.0,
     "top-5": 0.0,
     "top-10": 0.0,
     "top-200": 0.3548,
     "exam": 0.040595970563397275,
     "wasted-effort": 569
    },
    "worst_case": {
     "top-1": 0.0,
     "top-5": 0.0,
     "top-10": 0.0,
     "top-200": 0.3605,
     "exam": 0.040595970563397275,
     "wasted-effort": 569
    }
   }
  },
  "line_defuse": {
   "Tarantula": {
    "best_case": {
     "top-1": 0.0,
     "top-5": 0.0,
     "top-10": 0.0,
     "top-200": 0.3479,
     "exam": 0.040595970563397275,
     "wasted-effort": 569
    },
    "avg_case": {
     "top-1": 0.0,
     "top-5": 0.0,
     "top-10": 0.0,
     "top-200": 0.3537,
     "exam": 0.040595970563397275,
     "wasted-effort": 569
    },
    "worst_case": {
     "top-1": 0.0,
     "top-5": 0.0,
     "top-10": 0.0,
     "top-200": 0.3466,
     "exam": 0.040595970563397275,
     "wasted-effort": 569
    }
   },
   "Ochiai": {
    "best_case": {
     "top-1": 0.0,
     "top-5": 0.0,
     "top-10": 0.0,
     "top-200": 0.3547,
     "exam": 0.040595970563397275,
     "wasted-effort": 569
    },
    "avg_case": {
     "top-1": 0.0,
     "top-5": 0.0,
     "top-10": 0.0,
     "top-200": 0.3464,
     "exam": 0.040595970563397275,
     "wasted-effort": 569
    },
    "worst_case": {
     "top-1": 0.0,
     "top-5": 0.0,
     "top-10": 0.0,
     "top-200": 0.348,
     "exam": 0.040595970563397275,
     "wasted-effort": 569
    }
   },
   "DStar": {
    "best_case": {
     "top-1": 0.0,
     "top-5": 0.0,
     "top-10": 0.0,
     "top-200": 0.359,
     "exam": 0.040113403305585715,
     "wasted-effort": 565
    },
    "avg_case": {
     "top-1": 0.0,
     "top-5": 0.0,
     "top-10": 0.0,
     "top-200": 0.3568,
     "exam": 0.040113403305585715,
     "wasted-effort": 565
    },
    "worst_case": {
     "top-1": 0.0,
     "top-5": 0.0,
     "top-10": 0.0,
     "top-200": 0.3545,
     "exam": 0.040113403305585715,