{
 "luigi_13": {
  "line": {
   "Tarantula": {
    "best_case": {
     "top-1": 1,
     "top-5": 0.7171,
     "top-10": 0.7169,
     "top-200": 0.3271,
     "exam": 8.634832915983076e-05,
     "wasted-effort": 1
    },
    "avg_case": {
     "top-1": 1,
     "top-5": 0.7144,
     "top-10": 0.716,
     "top-200": 0.3364,
     "exam": 8.634832915983076e-05,
     "wasted-effort": 1
    },
    "worst_case": {
     "top-1": 1.0,
     "top-5": 0.7157,
     "top-10": 0.7107,
     "top-200": 0.3257,
     "exam": 8.634832915983076e-05,
     "wasted-effort": 1
    }
   },
   "Ochiai": {
    "best_case": {
     "top-1": 1,
     "top-5": 0.715,
     "top-10": 0.7213,
     "top-200": 0.3263,
     "exam": 8.634832915983076e-05,
     "wasted-effort": 1
    },
    "avg_case": {
     "top-1": 1,
     "top-5": 0.7118,
     "top-10": 0.7178,
     "top-200": 0.3222,
     "exam": 8.634832915983076e-05,
     "wasted-effort": 1
    },
    "worst_case": {
     "top-1": 1.0,
     "top-5": 0.7255,
     "top-10": 0.7071,
     "top-200": 0.3214,
     "exam": 8.634832915983076e-05,
     "wasted-effort": 1
    }
   },
   "DStar": {
    "best_case": {
     "top-1": 0.0,
     "top-5": 0.0,
     "top-10": 0.0,
     "top-200": 0.0,
     "exam": 0.05949399879112339,
     "wasted-effort": 766
    },
    "avg_case": {
     "top-1": 0.0,
     "top-5": 0.0,
     "top-10": 0.0,
     "top-200": 0.0,
     "exam": 0.05949399879112339,
     "wasted-effort": 766
    },
    "worst_case": {
     "top-1": 0.0,
     "top-5": 0.0,
     "top-10": 0.0,
     "top-200": 0.0,
     "exam": 0.05949399879112339,
     "wasted-effort": 766
    }
   },
   "Naish1": {
    "best_case": {
     "top-1": 1,
     "top-5": 0.7081,
     "top-10": 0.7145,
     "top-200": 0.3338,
     "exam": 8.634832915983076e-05,
     "wasted-effort": 1
    },
    "avg_case": {
     "top-1": 1,
     "top-5": 0.7151,
     "top-10": 0.7142,
     "top-200": 0.3265,
     "exam": 8.634832915983076e-05,
     "wasted-effort": 1
    },
    "worst_case": {
     "top-1": 1.0,
     "top-5": 0.7154,
     "top-10": 0.7102,
     "top-200": 0.3329,
     "exam": 8.634832915983076e-05,
     "wasted-effort": 1
    }
   },
   "Naish2": {
    "best_case": {
     "top-1": 1,
     "top-5": 0.7188,
     "top-10": 0.7117,
     "top-200": 0.324,
     "exam": 8.634832915983076e-05,
     "wasted-effort": 1
    },
    "avg_case": {
     "top-1": 1,
     "top-5": 0.7115,
     "top-10": 0.7076,
     "top-200": 0.3214,
     "exam": 8.634832915983076e-05,
     "wasted-effort": 1
    },
    "worst_case": {
     "top-1": 1.0,
     "top-5": 0.7173,
     "top-10": 0.7167,
     "top-200": 0.3263,
     "exam": 8.634832915983076e-05,
     "wasted-effort": 1
    }
   },
   "GP13": {
    "best_case": {
     "top-1": 1,
     "top-5": 0.7007,
     "top-10": 0.7188,
     "top-200": 0.329,
     "exam": 8.634832915983076e-05,
     "wasted-effort": 1
    },
    "avg_case": {
     "top-1": 1,
     "top-5": 0.7211,
     "top-10": 0.7142,
     "top-200": 0.3203,
     "exam": 8.634832915983076e-05,
     "wasted-effort": 1
    },
    "worst_case": {
     "top-1": 1.0,
     "top-5": 0.7228,
     "top-10": 0.7117,
     "top-200": 0.3246,
     "exam": 8.634832915983076e-05,
     "wasted-effort": 1
    }
   }
  },
  "line_line": {
   "Tarantula": {
    "best_case": {
     "top-1": 1,
     "top-5": 0.7121,
     "top-10": 0.7198,
     "top-200": 0.3273,
     "exam": 8.634832915983076e-05,
     "wasted-effort": 1
    },
    "avg_case": {
     "top-1": 1,
     "top-5": 0.7164,
     "top-10": 0.7216,
     "top-200": 0.3145,
     "exam": 8.634832915983076e-05,
     "wasted-effort": 1
    },
    "worst_case": {
     "top-1": 1.0,
     "top-5": 0.7035,
     "top-10": 0.7077,
     "top-200": 0.3239,
     "exam": 8.634832915983076e-05,
     "wasted-effort": 1
    }
   },
   "Ochiai": {
    "best_case": {
     "top-1": 1,
     "top-5": 0.7081,
     "top-10": 0.7164,
     "top-200": 0.3344,
     "exam": 8.634832915983076e-05,
     "wasted-effort": 1
    },
    "avg_case": {
     "top-1": 1,
     "top-5": 0.7028,
     "top-10": 0.7226,
     "top-200": 0.3253,
     "exam": 8.634832915983076e-05,
     "wasted-effort": 1
    },
    "worst_case": {
     "top-1": 1.0,
     "top-5": 0.7135,
     "top-10": 0.7119,
     "top-200": 0.322,
     "exam": 8.634832915983076e-05,
     "wasted-effort": 1
    }
   },
   "DStar": {
    "best_case": {
     "top-1": 0.0,
     "top-5": 0.0,
     "top-10": 0.0,
     "top-200": 0.0,
     "exam": 0.05949399879112339,
     "wasted-effort": 766
    },
    "avg_case": {
     "top-1": 0.0,
     "top-5": 0.0,
     "top-10": 0.0,
     "top-200": 0.0,
     "exam": 0.05949399879112339,
     "wasted-effort": 766
    },
    "worst_case": {
     "top-1": 0.0,
     "top-5": 0.0,
     "top-10": 0.0,
     "top-200": 0.0,
     "exam": 0.05949399879112339,
     "wasted-effort": 766
    }
   },
   "Naish1": {
    "best_case": {
     "top-1": 1,
     "top-5": 0.7138,
     "top-10": 0.7147,
     "top-200": 0.2594,
     "exam": 8.634832915983076e-05,
     "wasted-effort": 1
    },
    "avg_case": {
     "top-1": 1,
     "top-5": 0.71,
     "top-10": 0.7161,
     "top-200": 0.2673,
     "exam": 8.634832915983076e-05,
     "wasted-effort": 1
    },
    "worst_case": {
     "top-1": 1.0,
     "top-5": 0.7086,
     "top-10": 0.7179,
     "top-200": 0.2611,
     "exam": 8.634832915983076e-05,
     "wasted-effort": 1
    }
   },
   "Naish2": {
    "best_case": {
     "top-1": 1,
     "top-5": 0.7097,
     "top-10": 0.7161,
     "top-200": 0.3316,
     "exam": 8.634832915983076e-05,
     "wasted-effort": 1
    },
    "avg_case": {
     "top-1": 1,
     "top-5": 0.7106,
     "top-10": 0.72,
     "top-200": 0.3213,
     "exam": 8.634832915983076e-05,
     "wasted-effort": 1
    },
    "worst_case": {
     "top-1": 1.0,
     "top-5": 0.7212,
     "top-10": 0.7195,
     "top-200": 0.325,
     "exam": 8.634832915983076e-05,
     "wasted-effort": 1
    }
   },
   "GP13": {
    "best_case": {
     "top-1": 1,
     "top-5": 0.7125,
     "top-10": 0.7138,
     "top-200": 0.3361,
     "exam": 8.634832915983076e-05,
     "wasted-effort": 1
    },
    "avg_case": {
     "top-1": 1,
     "top-5": 0.7109,
     "top-10": 0.7139,
     "top-200": 0.3286,
     "exam": 8.634832915983076e-05,
     "wasted-effort": 1
    },
    "worst_case": {
     "top-1": 1.0,
     "top-5": 0.7177,
     "top-10": 0.7144,
     "top-200": 0.3299,
     "exam": 8.634832915983076e-05,
     "wasted-effort": 1
    }
   }
  },
  "line_defuse": {
   "Tarantula": {
    "best_case": {
     "top-1": 1,
     "top-5": 0.711,
     "top-10": 0.7221,
     "top-200": 0.318,
     "exam": 8.634832915983076e-05,
     "wasted-effort": 1
    },
    "avg_case": {
     "top-1": 1,
     "top-5": 0.7139,
     "top-10": 0.7088,
     "top-200": 0.3245,
     "exam": 8.634832915983076e-05,
     "wasted-effort": 1
    },
    "worst_case": {
     "top-1": 1.0,
     "top-5": 0.7166,
     "top-10": 0.712,
     "top-200": 0.3279,
     "exam": 8.634832915983076e-05,
     "wasted-effort": 1
    }
   },
   "Ochiai": {
    "best_case": {
     "top-1": 1,
     "top-5": 0.7173,
     "top-10": 0.7164,
     "top-200": 0.3209,
     "exam": 8.634832915983076e-05,
     "wasted-effort": 1
    },
    "avg_case": {
     "top-1": 1,
     "top-5": 0.7183,
     "top-10": 0.7115,
     "top-200": 0.3248,
     "exam": 8.634832915983076e-05,
     "wasted-effort": 1
    },
    "worst_case": {
     "top-1": 1.0,
     "top-5": 0.7206,
     "top-10": 0.718,
     "top-200": 0.3271,
     "exam": 8.634832915983076e-05,
     "wasted-effort": 1
    }
   },
   "DStar": {
    "best_case": {
     "top-1": 0.0,
     "top-5": 0.0,
     "top-10": 0.0,
     "top-200": 0.0,
     "exam": 0.05949399879112339,
     "wasted-effort": 766
    },
    "avg_case": {
     "top-1": 0.0,
     "top-5": 0.0,
     "top-10": 0.0,
     "top-200": 0.0,
     "exam": 0.05949399879112339,
     "wasted-effort": 766
    },
    "worst_case": {
     "top-1": 0.0,
     "top-5": 0.0,
     "top-10": 0.0,
     "top-200": 0.0,