{
 "luigi_4": {
  "line": {
   "Tarantula": {
    "best_case": {
     "top-1": 0.0,
     "top-5": 0.0,
     "top-10": 0.0,
     "top-200": 0.216,
     "exam": 0.0013247957606535659,
     "wasted-effort": 23
    },
    "avg_case": {
     "top-1": 0.0,
     "top-5": 0.0,
     "top-10": 0.0,
     "top-200": 0.2282,
     "exam": 0.0013247957606535659,
     "wasted-effort": 23
    },
    "worst_case": {
     "top-1": 0.0,
     "top-5": 0.0,
     "top-10": 0.0,
     "top-200": 0.2233,
     "exam": 0.0013247957606535659,
     "wasted-effort": 23
    }
   },
   "Ochiai": {
    "best_case": {
     "top-1": 0.0,
     "top-5": 0.0,
     "top-10": 0.0,
     "top-200": 0.2265,
     "exam": 0.0013247957606535659,
     "wasted-effort": 23
    },
    "avg_case": {
     "top-1": 0.0,
     "top-5": 0.0,
     "top-10": 0.0,
     "top-200": 0.2204,
     "exam": 0.0013247957606535659,
     "wasted-effort": 23
    },
    "worst_case": {
     "top-1": 0.0,
     "top-5": 0.0,
     "top-10": 0.0,
     "top-200": 0.2249,
     "exam": 0.0013247957606535659,
     "wasted-effort": 23
    }
   },
   "DStar": {
    "best_case": {
     "top-1": 0.0,
     "top-5": 0.3552,
     "top-10": 0.7072,
     "top-200": 0.2204,
     "exam": 0.0006623978803267829,
     "wasted-effort": 14
    },
    "avg_case": {
     "top-1": 0.0,
     "top-5": 0.3605,
     "top-10": 0.7171,
     "top-200": 0.2293,
     "exam": 0.0006623978803267829,
     "wasted-effort": 14
    },
    "worst_case": {
     "top-1": 0.0,
     "top-5": 0.3577,
     "top-10": 0.712,
     "top-200": 0.2256,
     "exam": 0.0006623978803267829,
     "wasted-effort": 14
    }
   },
   "Naish2": {
    "best_case": {
     "top-1": 0.0,
     "top-5": 0.0,
     "top-10": 0.0,
     "top-200": 0.2294,
     "exam": 0.0013247957606535659,
     "wasted-effort": 23
    },
    "avg_case": {
     "top-1": 0.0,
     "top-5": 0.0,
     "top-10": 0.0,
     "top-200": 0.2208,
     "exam": 0.0013247957606535659,
     "wasted-effort": 23
    },
    "worst_case": {
     "top-1": 0.0,
     "top-5": 0.0,
     "top-10": 0.0,
     "top-200": 0.2242,
     "exam": 0.0013247957606535659,
     "wasted-effort": 23
    }
   },
   "GP13": {
    "best_case": {
     "top-1": 0.0,
     "top-5": 0.0,
     "top-10": 0.0,
     "top-200": 0.2258,
     "exam": 0.0013247957606535659,
     "wasted-effort": 23
    },
    "avg_case": {
     "top-1": 0.0,
     "top-5": 0.0,
     "top-10": 0.0,
     "top-200": 0.2236,
     "exam": 0.0013247957606535659,
     "wasted-effort": 23
    },
    "worst_case": {
     "top-1": 0.0,
     "top-5": 0.0,
     "top-10": 0.0,
     "top-200": 0.2235,
     "exam": 0.0013247957606535659,
     "wasted-effort": 23
    }
   }
  },
  "line_line": {
   "Tarantula": {
    "best_case": {
     "top-1": 0.0,
     "top-5": 0.3622,
     "top-10": 0.7177,
     "top-200": 0.7627,
     "exam": 0.0006623978803267829,
     "wasted-effort": 14
    },
    "avg_case": {
     "top-1": 0.0,
     "top-5": 0.362,
     "top-10": 0.7064,
     "top-200": 0.7625,
     "exam": 0.0006623978803267829,
     "wasted-effort": 14
    },
    "worst_case": {
     "top-1": 0.0,
     "top-5": 0.3539,
     "top-10": 0.7026,
     "top-200": 0.7555,
     "exam": 0.0006623978803267829,
     "wasted-effort": 14
    }
   },
   "Ochiai": {
    "best_case": {
     "top-1": 0.0,
     "top-5": 0.3611,
     "top-10": 0.7163,
     "top-200": 0.7626,
     "exam": 0.0006623978803267829,
     "wasted-effort": 14
    },
    "avg_case": {
     "top-1": 0.0,
     "top-5": 0.3555,
     "top-10": 0.7167,
     "top-200": 0.7658,
     "exam": 0.0006623978803267829,
     "wasted-effort": 14
    },
    "worst_case": {
     "top-1": 0.0,
     "top-5": 0.3483,
     "top-10": 0.7197,
     "top-200": 0.7586,
     "exam": 0.0006623978803267829,
     "wasted-effort": 14
    }
   },
   "DStar": {
    "best_case": {
     "top-1": 0.0,
     "top-5": 0.3482,
     "top-10": 0.7082,
     "top-200": 0.7854,
     "exam": 0.0006623978803267829,
     "wasted-effort": 14
    },
    "avg_case": {
     "top-1": 0.0,
     "top-5": 0.3656,
     "top-10": 0.7178,
     "top-200": 0.7875,
     "exam": 0.0006623978803267829,
     "wasted-effort": 14
    },
    "worst_case": {
     "top-1": 0.0,
     "top-5": 0.3548,
     "top-10": 0.7149,
     "top-200": 0.7881,
     "exam": 0.0006623978803267829,
     "wasted-effort": 14
    }
   },
   "Naish2": {
    "best_case": {
     "top-1": 0.0,
     "top-5": 0.3581,
     "top-10": 0.7189,
     "top-200": 0.7586,
     "exam": 0.0006623978803267829,
     "wasted-effort": 14
    },
    "avg_case": {
     "top-1": 0.0,
     "top-5": 0.3591,
     "top-10": 0.7117,
     "top-200": 0.756,
     "exam": 0.0006623978803267829,
     "wasted-effort": 14
    },
    "worst_case": {
     "top-1": 0.0,
     "top-5": 0.3599,
     "top-10": 0.7149,
     "top-200": 0.7582,
     "exam": 0.0006623978803267829,
     "wasted-effort": 14
    }
   },
   "GP13": {
    "best_case": {
     "top-1": 0.0,
     "top-5": 0.3559,
     "top-10": 0.7163,
     "top-200": 0.7575,
     "exam": 0.0006623978803267829,
     "wasted-effort": 14
    },
    "avg_case": {
     "top-1": 0.0,
     "top-5": 0.3555,
     "top-10": 0.7117,
     "top-200": 0.7534,
     "exam": 0.0006623978803267829,
     "wasted-effort": 14
    },
    "worst_case": {
     "top-1": 0.0,
     "top-5": 0.3603,
     "top-10": 0.7033,
     "top-200": 0.7605,
     "exam": 0.0006623978803267829,
     "wasted-effort": 14
    }
   }
  },
  "line_defuse": {
   "Tarantula": {
    "best_case": {
     "top-1": 0.0,
     "top-5": 0.3541,
     "top-10": 0.7111,
     "top-200": 0.7584,
     "exam": 0.0006623978803267829,
     "wasted-effort": 14
    },
    "avg_case": {
     "top-1": 0.0,
     "top-5": 0.3494,
     "top-10": 0.7075,
     "top-200": 0.7649,
     "exam": 0.0006623978803267829,
     "wasted-effort": 14
    },
    "worst_case": {
     "top-1": 0.0,
     "top-5": 0.3577,
     "top-10": 0.7172,
     "top-200": 0.7642,
     "exam": 0.0006623978803267829,
     "wasted-effort": 14
    }
   },
   "Ochiai": {
    "best_case": {
     "top-1": 0.0,
     "top-5": 0.3585,
     "top-10": 0.7221,
     "top-200": 0.7652,
     "exam": 0.0006623978803267829,
     "wasted-effort": 14
    },
    "avg_case": {
     "top-1": 0.0,
     "top-5": 0.3599,
     "top-10": 0.7175,
     "top-200": 0.762,
     "exam": 0.0006623978803267829,
     "wasted-effort": 14
    },
    "worst_case": {
     "top-1": 0.0,
     "top-5": 0.3575,
     "top-10": 0.7185,
     "top-200": 0.7635,
     "exam": 0.0006623978803267829,
     "wasted-effort": 14
    }
   },
   "DStar": {
    "best_case": {
     "top-1": 0.0,
     "top-5": 0.3538,
     "top-10": 0.716,
     "top-200": 0.7955,
     "exam": 0.0006623978803267829,
     "wasted-effort": 14
    },
    "avg_case": {
     "top-1": 0.0,
     "top-5": 0.3578,
     "top-10": 0.7074,
     "top-200": 0.782,
     "exam": 0.0006623978803267829,
     "wasted-effort": 14
    },
    "worst_case": {
     "top-1": 0.0,
     "top-5": 0.3585,
     "top-10": 0.7145,
     "top-200": 0.7911,
     "exam": 0.0006623978803267829,
     "wasted-effort": 14
    }
   },
   "Naish2": {
    "best_case": {
     "top-1": 0.0,
     "top-5": 0.3599,
     "top-10": 0.7124,
     "top-200": 0.759,
     "exam": 0.0006623978803267829,
     "wasted-effort": 14
    },
    "avg_case": {
     "top-1": 0.0,
     "top-5": 0.3601,
     "top-10": 0.7076,
     "top-200": 0.7553,
     "exam": 0.0006623978803267829,
     "wasted-effort": 14
    },
    "worst_case": {
     "top-1": 0.0,
     "top-5": 0.3477,
     "top-10": 0.719,
     "top-200": 0.7581,
     "exam": 0.0006623978803267829,
     "wasted-effort": 14
    }
   },
   "GP13": {
    "best_case": {
     "top-1": 0.0,
     "top-5": 0.3508,
     "top-10": 0.7153,
     "top-200": 0.7622,
     "exam": 0.0006623978803267829,
     "wasted-effort": 14
    },
    "avg_case": {
     "top-1": 0.0,
     "top-5": 0.3606,
     "top-10": 0.7189,
     "top-200": 0.7515,
     "exam": 0.0006623978803267829,
     "wasted-effort": 14
    },