{
 "luigi_15": {
  "line": {
   "Tarantula": {
    "best_case": {
     "top-1": 0.0,
     "top-5": 0,
     "top-10": 0,
     "top-200": 0.8934,
     "exam": 0.0015984370837403429,
     "wasted-effort": 18
    },
    "avg_case": {
     "top-1": 0.0,
     "top-5": 0.0,
     "top-10": 0.0,
     "top-200": 0.9001,
     "exam": 0.0015984370837403429,
     "wasted-effort": 18
    },
    "worst_case": {
     "top-1": 0.0,
     "top-5": 0.0,
     "top-10": 0.0,
     "top-200": 0.44705,
     "exam": 0.5486191279637688,
     "wasted-effort": 11261
    }
   },
   "Ochiai": {
    "best_case": {
     "top-1": 0.0,
     "top-5": 0,
     "top-10": 0,
     "top-200": 0.8983,
     "exam": 0.0015984370837403429,
     "wasted-effort": 18
    },
    "avg_case": {
     "top-1": 0.0,
     "top-5": 0.0,
     "top-10": 0.0,
     "top-200": 0.8989,
     "exam": 0.0015984370837403429,
     "wasted-effort": 18
    },
    "worst_case": {
     "top-1": 0.0,
     "top-5": 0.0,
     "top-10": 0.0,
     "top-200": 0.44755,
     "exam": 0.5486191279637688,
     "wasted-effort": 11261
    }
   },
   "DStar": {
    "best_case": {
     "top-1": 0.0,
     "top-5": 0,
     "top-10": 0,
     "top-200": 0.8997,
     "exam": 0.0015984370837403429,
     "wasted-effort": 18
    },
    "avg_case": {
     "top-1": 0.0,
     "top-5": 0.0,
     "top-10": 0.0,
     "top-200": 0.8954,
     "exam": 0.0015984370837403429,
     "wasted-effort": 18
    },
    "worst_case": {
     "top-1": 0.0,
     "top-5": 0.0,
     "top-10": 0.0,
     "top-200": 0.4493,
     "exam": 0.5486191279637688,
     "wasted-effort": 11261
    }
   },
   "Naish1": {
    "best_case": {
     "top-1": 0.0,
     "top-5": 0,
     "top-10": 0,
     "top-200": 0.8939,
     "exam": 0.0015984370837403429,
     "wasted-effort": 18
    },
    "avg_case": {
     "top-1": 0.0,
     "top-5": 0.0,
     "top-10": 0.0,
     "top-200": 0.8939,
     "exam": 0.0015984370837403429,
     "wasted-effort": 18
    },
    "worst_case": {
     "top-1": 0.0,
     "top-5": 0.0,
     "top-10": 0.0,
     "top-200": 0.44815,
     "exam": 0.5486191279637688,
     "wasted-effort": 11261
    }
   },
   "Naish2": {
    "best_case": {
     "top-1": 0.0,
     "top-5": 0,
     "top-10": 0,
     "top-200": 0.8983,
     "exam": 0.0015984370837403429,
     "wasted-effort": 18
    },
    "avg_case": {
     "top-1": 0.0,
     "top-5": 0.0,
     "top-10": 0.0,
     "top-200": 0.8945,
     "exam": 0.0015984370837403429,
     "wasted-effort": 18
    },
    "worst_case": {
     "top-1": 0.0,
     "top-5": 0.0,
     "top-10": 0.0,
     "top-200": 0.44595,
     "exam": 0.5486191279637688,
     "wasted-effort": 11261
    }
   },
   "GP13": {
    "best_case": {
     "top-1": 0.0,
     "top-5": 0,
     "top-10": 0,
     "top-200": 0.8989,
     "exam": 0.0015984370837403429,
     "wasted-effort": 18
    },
    "avg_case": {
     "top-1": 0.0,
     "top-5": 0.0,
     "top-10": 0.0,
     "top-200": 0.9003,
     "exam": 0.0015984370837403429,
     "wasted-effort": 18
    },
    "worst_case": {
     "top-1": 0.0,
     "top-5": 0.0,
     "top-10": 0.0,
     "top-200": 0.44655,
     "exam": 0.5486191279637688,
     "wasted-effort": 11261
    }
   }
  },
  "line_line": {
   "Tarantula": {
    "best_case": {
     "top-1": 0.0,
     "top-5": 0.0,
     "top-10": 0.7177,
     "top-200": 0.94,
     "exam": 0.0006216144214545778,
     "wasted-effort": 7
    },
    "avg_case": {
     "top-1": 0.0,
     "top-5": 0.0,
     "top-10": 0.7073,
     "top-200": 0.9391,
     "exam": 0.0006216144214545778,
     "wasted-effort": 7
    },
    "worst_case": {
     "top-1": 0.0,
     "top-5": 0.0,
     "top-10": 0.3587,
     "top-200": 0.46995,
     "exam": 0.5486191279637688,
     "wasted-effort": 11261
    }
   },
   "Ochiai": {
    "best_case": {
     "top-1": 0.0,
     "top-5": 0,
     "top-10": 0,
     "top-200": 0.8484,
     "exam": 0.000976822662285765,
     "wasted-effort": 11
    },
    "avg_case": {
     "top-1": 0.0,
     "top-5": 0.0,
     "top-10": 0.0,
     "top-200": 0.8516,
     "exam": 0.000976822662285765,
     "wasted-effort": 11
    },
    "worst_case": {
     "top-1": 0.0,
     "top-5": 0.0,
     "top-10": 0.0,
     "top-200": 0.4246,
     "exam": 0.5486191279637688,
     "wasted-effort": 11261
    }
   },
   "DStar": {
    "best_case": {
     "top-1": 0.0,
     "top-5": 0,
     "top-10": 0,
     "top-200": 1,
     "exam": 0.0012432288429091555,
     "wasted-effort": 14
    },
    "avg_case": {
     "top-1": 0.0,
     "top-5": 0.0,
     "top-10": 0.0,
     "top-200": 1.0,
     "exam": 0.0012432288429091555,
     "wasted-effort": 14
    },
    "worst_case": {
     "top-1": 0.0,
     "top-5": 0.0,
     "top-10": 0.0,
     "top-200": 0.5,
     "exam": 0.5486191279637688,
     "wasted-effort": 11261
    }
   },
   "Naish1": {
    "best_case": {
     "top-1": 0.0,
     "top-5": 0.0,
     "top-10": 0.7195,
     "top-200": 0.8987,
     "exam": 0.0006216144214545778,
     "wasted-effort": 7
    },
    "avg_case": {
     "top-1": 0.0,
     "top-5": 0.0,
     "top-10": 0.7106,
     "top-200": 0.8969,
     "exam": 0.0006216144214545778,
     "wasted-effort": 7
    },
    "worst_case": {
     "top-1": 0.0,
     "top-5": 0.0,
     "top-10": 0.35325,
     "top-200": 0.4477,
     "exam": 0.5486191279637688,
     "wasted-effort": 11261
    }
   },
   "Naish2": {
    "best_case": {
     "top-1": 0.0,
     "top-5": 0.0,
     "top-10": 0.7128,
     "top-200": 0.8909,
     "exam": 0.0006216144214545778,
     "wasted-effort": 7
    },
    "avg_case": {
     "top-1": 0.0,
     "top-5": 0.0,
     "top-10": 0.7109,
     "top-200": 0.8919,
     "exam": 0.0006216144214545778,
     "wasted-effort": 7
    },
    "worst_case": {
     "top-1": 0.0,
     "top-5": 0.0,
     "top-10": 0.35645,
     "top-200": 0.4486,
     "exam": 0.5486191279637688,
     "wasted-effort": 11261
    }
   },
   "GP13": {
    "best_case": {
     "top-1": 0.0,
     "top-5": 0.0,
     "top-10": 0.7112,
     "top-200": 0.9953,
     "exam": 0.0006216144214545778,
     "wasted-effort": 7
    },
    "avg_case": {
     "top-1": 0.0,
     "top-5": 0.0,
     "top-10": 0.7108,
     "top-200": 0.9958,
     "exam": 0.0006216144214545778,
     "wasted-effort": 7
    },
    "worst_case": {
     "top-1": 0.0,
     "top-5": 0.0,
     "top-10": 0.35605,
     "top-200": 0.4976,
     "exam": 0.5486191279637688,
     "wasted-effort": 11261
    }
   }
  },
  "line_defuse": {
   "Tarantula": {
    "best_case": {
     "top-1": 0.0,
     "top-5": 0.0,
     "top-10": 1,
     "top-200": 1,
     "exam": 0.0006216144214545778,
     "wasted-effort": 7
    },
    "avg_case": {
     "top-1": 0.0,
     "top-5": 0.0,
     "top-10": 1.0,
     "top-200": 1.0,
     "exam": 0.0006216144214545778,
     "wasted-effort": 7
    },
    "worst_case": {
     "top-1": 0.0,
     "top-5": 0.0,
     "top-10": 0.5,
     "top-200": 0.5,
     "exam": 0.5486191279637688,
     "wasted-effort": 11261
    }
   },
   "Ochiai": {
    "best_case": {
     "top-1": 0.0,
     "top-5": 0.0,
     "top-10": 0.9042,
     "top-200": 0.9895,
     "exam": 0.0007992185418701714,
     "wasted-effort": 9
    },
    "avg_case": {
     "top-1": 0.0,
     "top-5": 0.0,
     "top-10": 0.9091,
     "top-200": 0.9883,
     "exam": 0.0007992185418701714,
     "wasted-effort": 9
    },
    "worst_case": {
     "top-1": 0.0,
     "top-5": 0.0,
     "top-10": 0.4537,
     "top-200": 0.49575,
     "exam": 0.5486191279637688,
     "wasted-effort": 11261
    }
   },
   "DStar": {
    "best_case": {
     "top-1": 0.0,
     "top-5": 0,
     "top-10": 0,
     "top-200": 0.8425,
     "exam": 0.0011544267827013587,
     "wasted-effort": 13
    },
    "avg_case": {
     "top-1": 0.0,
     "top-5": 0.0,
     "top-10": 0.0,
     "top-200": 0.8423,
     "exam": 0.0011544267827013587,
     "wasted-effort": 13
    },
    "worst_case": {
     "top-1": 0.0,
     "top-5": 0.0,
     "top-10": 0.0,
     "top-200": 0.42475,
     "exam": 0.5486191279637688,
     "wasted-effort": 11261
    }
   },