{
 "luigi_33": {
  "line": {
   "Tarantula": {
    "best_case": {
     "top-1": 0,
     "top-5": 0.0,
     "top-10": 0.0,
     "top-200": 0.3404,
     "exam": 0.0034522439585730723,
     "wasted-effort": 32
    },
    "avg_case": {
     "top-1": 0.0,
     "top-5": 0.0,
     "top-10": 0.0,
     "top-200": 0.3396,
     "exam": 0.0034522439585730723,
     "wasted-effort": 32
    },
    "worst_case": {
     "top-1": 0.0,
     "top-5": 0.0,
     "top-10": 0.0,
     "top-200": 0.3425,
     "exam": 0.0034522439585730723,
     "wasted-effort": 32
    }
   },
   "Ochiai": {
    "best_case": {
     "top-1": 0,
     "top-5": 0,
     "top-10": 0.6238,
     "top-200": 0.3647,
     "exam": 0.0014064697609001407,
     "wasted-effort": 16
    },
    "avg_case": {
     "top-1": 0.0,
     "top-5": 0.0,
     "top-10": 0.6208,
     "top-200": 0.3581,
     "exam": 0.0014064697609001407,
     "wasted-effort": 16
    },
    "worst_case": {
     "top-1": 0.0,
     "top-5": 0.0,
     "top-10": 0.6276,
     "top-200": 0.3573,
     "exam": 0.0014064697609001407,
     "wasted-effort": 16
    }
   },
   "DStar": {
    "best_case": {
     "top-1": 0,
     "top-5": 0,
     "top-10": 0.669,
     "top-200": 0.3754,
     "exam": 0.0012786088735455823,
     "wasted-effort": 15
    },
    "avg_case": {
     "top-1": 0.0,
     "top-5": 0.0,
     "top-10": 0.6704,
     "top-200": 0.377,
     "exam": 0.0012786088735455823,
     "wasted-effort": 15
    },
    "worst_case": {
     "top-1": 0.0,
     "top-5": 0.0,
     "top-10": 0.6659,
     "top-200": 0.3674,
     "exam": 0.0012786088735455823,
     "wasted-effort": 15
    }
   },
   "Naish1": {
    "best_case": {
     "top-1": 0,
     "top-5": 0.457,
     "top-10": 0.9156,
     "top-200": 0.3888,
     "exam": 0.0007671653241273494,
     "wasted-effort": 11
    },
    "avg_case": {
     "top-1": 0.0,
     "top-5": 0.4587,
     "top-10": 0.907,
     "top-200": 0.3824,
     "exam": 0.0007671653241273494,
     "wasted-effort": 11
    },
    "worst_case": {
     "top-1": 0.0,
     "top-5": 0.455,
     "top-10": 0.9029,
     "top-200": 0.381,
     "exam": 0.0007671653241273494,
     "wasted-effort": 11
    }
   },
   "Naish2": {
    "best_case": {
     "top-1": 0,
     "top-5": 0.4515,
     "top-10": 0.9068,
     "top-200": 0.3776,
     "exam": 0.0007671653241273494,
     "wasted-effort": 11
    },
    "avg_case": {
     "top-1": 0.0,
     "top-5": 0.4622,
     "top-10": 0.9064,
     "top-200": 0.386,
     "exam": 0.0007671653241273494,
     "wasted-effort": 11
    },
    "worst_case": {
     "top-1": 0.0,
     "top-5": 0.4497,
     "top-10": 0.9062,
     "top-200": 0.3753,
     "exam": 0.0007671653241273494,
     "wasted-effort": 11
    }
   },
   "GP13": {
    "best_case": {
     "top-1": 0,
     "top-5": 0.4552,
     "top-10": 0.9059,
     "top-200": 0.3816,
     "exam": 0.0007671653241273494,
     "wasted-effort": 11
    },
    "avg_case": {
     "top-1": 0.0,
     "top-5": 0.4608,
     "top-10": 0.9081,
     "top-200": 0.3763,
     "exam": 0.0007671653241273494,
     "wasted-effort": 11
    },
    "worst_case": {
     "top-1": 0.0,
     "top-5": 0.4504,
     "top-10": 0.9084,
     "top-200": 0.3756,
     "exam": 0.0007671653241273494,
     "wasted-effort": 11
    }
   }
  },
  "line_line": {
   "Tarantula": {
    "best_case": {
     "top-1": 0,
     "top-5": 0.0,
     "top-10": 0.0,
     "top-200": 1,
     "exam": 0.0034522439585730723,
     "wasted-effort": 32
    },
    "avg_case": {
     "top-1": 0.0,
     "top-5": 0.0,
     "top-10": 0.0,
     "top-200": 1,
     "exam": 0.0034522439585730723,
     "wasted-effort": 32
    },
    "worst_case": {
     "top-1": 0.0,
     "top-5": 0.0,
     "top-10": 0.0,
     "top-200": 1.0,
     "exam": 0.0034522439585730723,
     "wasted-effort": 32
    }
   },
   "Ochiai": {
    "best_case": {
     "top-1": 0,
     "top-5": 0,
     "top-10": 0.6265,
     "top-200": 0.9067,
     "exam": 0.0014064697609001407,
     "wasted-effort": 16
    },
    "avg_case": {
     "top-1": 0.0,
     "top-5": 0.0,
     "top-10": 0.6364,
     "top-200": 0.9087,
     "exam": 0.0014064697609001407,
     "wasted-effort": 16
    },
    "worst_case": {
     "top-1": 0.0,
     "top-5": 0.0,
     "top-10": 0.6396,
     "top-200": 0.9084,
     "exam": 0.0014064697609001407,
     "wasted-effort": 16
    }
   },
   "DStar": {
    "best_case": {
     "top-1": 0,
     "top-5": 0,
     "top-10": 0.6718,
     "top-200": 0.8317,
     "exam": 0.0012786088735455823,
     "wasted-effort": 15
    },
    "avg_case": {
     "top-1": 0.0,
     "top-5": 0.0,
     "top-10": 0.6705,
     "top-200": 0.8385,
     "exam": 0.0012786088735455823,
     "wasted-effort": 15
    },
    "worst_case": {
     "top-1": 0.0,
     "top-5": 0.0,
     "top-10": 0.6715,
     "top-200": 0.8432,
     "exam": 0.0012786088735455823,
     "wasted-effort": 15
    }
   },
   "Naish1": {
    "best_case": {
     "top-1": 0,
     "top-5": 0.4488,
     "top-10": 0.9059,
     "top-200": 0.2219,
     "exam": 0.0007671653241273494,
     "wasted-effort": 11
    },
    "avg_case": {
     "top-1": 0.0,
     "top-5": 0.4571,
     "top-10": 0.9053,
     "top-200": 0.2177,
     "exam": 0.0007671653241273494,
     "wasted-effort": 11
    },
    "worst_case": {
     "top-1": 0.0,
     "top-5": 0.4479,
     "top-10": 0.9092,
     "top-200": 0.2222,
     "exam": 0.0007671653241273494,
     "wasted-effort": 11
    }
   },
   "Naish2": {
    "best_case": {
     "top-1": 0,
     "top-5": 0.443,
     "top-10": 0.9062,
     "top-200": 0.8595,
     "exam": 0.0007671653241273494,
     "wasted-effort": 11
    },
    "avg_case": {
     "top-1": 0.0,
     "top-5": 0.4546,
     "top-10": 0.9081,
     "top-200": 0.8534,
     "exam": 0.0007671653241273494,
     "wasted-effort": 11
    },
    "worst_case": {
     "top-1": 0.0,
     "top-5": 0.4565,
     "top-10": 0.9133,
     "top-200": 0.8521,
     "exam": 0.0007671653241273494,
     "wasted-effort": 11
    }
   },
   "GP13": {
    "best_case": {
     "top-1": 0,
     "top-5": 0.4561,
     "top-10": 0.9049,
     "top-200": 0.9273,
     "exam": 0.0007671653241273494,
     "wasted-effort": 11
    },
    "avg_case": {
     "top-1": 0.0,
     "top-5": 0.4525,
     "top-10": 0.9144,
     "top-200": 0.9289,
     "exam": 0.0007671653241273494,
     "wasted-effort": 11
    },
    "worst_case": {
     "top-1": 0.0,
     "top-5": 0.4536,
     "top-10": 0.9126,
     "top-200": 0.9351,
     "exam": 0.0007671653241273494,
     "wasted-effort": 11
    }
   }
  },
  "line_defuse": {
   "Tarantula": {
    "best_case": {
     "top-1": 0,
     "top-5": 0.0,
     "top-10": 0.0,
     "top-200": 1,
     "exam": 0.0034522439585730723,
     "wasted-effort": 32
    },
    "avg_case": {
     "top-1": 0.0,
     "top-5": 0.0,
     "top-10": 0.0,
     "top-200": 1,
     "exam": 0.0034522439585730723,
     "wasted-effort": 32
    },
    "worst_case": {
     "top-1": 0.0,
     "top-5": 0.0,
     "top-10": 0.0,
     "top-200": 1.0,
     "exam": 0.0034522439585730723,
     "wasted-effort": 32
    }
   },
   "Ochiai": {
    "best_case": {
     "top-1": 0,
     "top-5": 0,
     "top-10": 0.6297,
     "top-200": 0.909,
     "exam": 0.0014064697609001407,
     "wasted-effort": 16
    },
    "avg_case": {
     "top-1": 0.0,
     "top-5": 0.0,
     "top-10": 0.6243,
     "top-200": 0.9112,
     "exam": 0.0014064697609001407,
     "wasted-effort": 16
    },
    "worst_case": {
     "top-1": 0.0,
     "top-5": 0.0,
     "top-10": 0.6259,
     "top-200": 0.9074,
     "exam": 0.0014064697609001407,
     "wasted-effort": 16
    }
   },
   "DStar": {
    "best_case": {
     "top-1": 0,
     "top-5": 0,
     "top-10": 0.6593,
     "top-200": 0.8392,
     "exam": 0.0012786088735455823,
     "wasted-effort": 15
    },
    "avg_case": {
     "top-1": 0.0,
     "top-5": 0.0,
     "top-10": 0.6627,
     "top-200": 0.8385,
     "exam": 0.0012786088735455823,
     "wasted-effort": 15
    },
    "worst_case": {
     "top-1": 0.0,
     "top-5": 0.0,
     "top-10": 0.6652,
     "top-200": 0.8313,