{
 "markup_2": {
  "line": {
   "Tarantula": {
    "best_case": {
     "top-1": 0,
     "top-5": 0.5048,
     "top-10": 1,
     "top-200": 1,
     "exam": 0.39285714285714285,
     "wasted-effort": 10
    },
    "avg_case": {
     "top-1": 0.0,
     "top-5": 0.5031,
     "top-10": 1,
     "top-200": 1,
     "exam": 0.39285714285714285,
     "wasted-effort": 10
    },
    "worst_case": {
     "top-1": 0.0,
     "top-5": 0.497,
     "top-10": 1.0,
     "top-200": 1.0,
     "exam": 0.39285714285714285,
     "wasted-effort": 10
    }
   },
   "Ochiai": {
    "best_case": {
     "top-1": 0.1046,
     "top-5": 0.5633,
     "top-10": 1,
     "top-200": 1,
     "exam": 0.32142857142857145,
     "wasted-effort": 9
    },
    "avg_case": {
     "top-1": 0.1119,
     "top-5": 0.5661,
     "top-10": 1,
     "top-200": 1,
     "exam": 0.32142857142857145,
     "wasted-effort": 9
    },
    "worst_case": {
     "top-1": 0.1122,
     "top-5": 0.5584,
     "top-10": 1.0,
     "top-200": 1.0,
     "exam": 0.32142857142857145,
     "wasted-effort": 9
    }
   },
   "DStar": {
    "best_case": {
     "top-1": 0.1087,
     "top-5": 0.5587,
     "top-10": 1,
     "top-200": 1,
     "exam": 0.32142857142857145,
     "wasted-effort": 9
    },
    "avg_case": {
     "top-1": 0.1046,
     "top-5": 0.543,
     "top-10": 1,
     "top-200": 1,
     "exam": 0.32142857142857145,
     "wasted-effort": 9
    },
    "worst_case": {
     "top-1": 0.1095,
     "top-5": 0.5563,
     "top-10": 1.0,
     "top-200": 1.0,
     "exam": 0.32142857142857145,
     "wasted-effort": 9
    }
   },
   "Naish1": {
    "best_case": {
     "top-1": 0.1086,
     "top-5": 0.5558,
     "top-10": 0.7688,
     "top-200": 1,
     "exam": 0.32142857142857145,
     "wasted-effort": 9
    },
    "avg_case": {
     "top-1": 0.1106,
     "top-5": 0.5547,
     "top-10": 0.7718,
     "top-200": 1,
     "exam": 0.32142857142857145,
     "wasted-effort": 9
    },
    "worst_case": {
     "top-1": 0.1083,
     "top-5": 0.5531,
     "top-10": 0.7635,
     "top-200": 1.0,
     "exam": 0.32142857142857145,
     "wasted-effort": 9
    }
   },
   "Naish2": {
    "best_case": {
     "top-1": 0.1128,
     "top-5": 0.5588,
     "top-10": 1,
     "top-200": 1,
     "exam": 0.32142857142857145,
     "wasted-effort": 9
    },
    "avg_case": {
     "top-1": 0.1086,
     "top-5": 0.5511,
     "top-10": 1,
     "top-200": 1,
     "exam": 0.32142857142857145,
     "wasted-effort": 9
    },
    "worst_case": {
     "top-1": 0.1135,
     "top-5": 0.5507,
     "top-10": 1.0,
     "top-200": 1.0,
     "exam": 0.32142857142857145,
     "wasted-effort": 9
    }
   },
   "GP13": {
    "best_case": {
     "top-1": 0.1113,
     "top-5": 0.5563,
     "top-10": 1,
     "top-200": 1,
     "exam": 0.32142857142857145,
     "wasted-effort": 9
    },
    "avg_case": {
     "top-1": 0.1138,
     "top-5": 0.56,
     "top-10": 1,
     "top-200": 1,
     "exam": 0.32142857142857145,
     "wasted-effort": 9
    },
    "worst_case": {
     "top-1": 0.1108,
     "top-5": 0.5571,
     "top-10": 1.0,
     "top-200": 1.0,
     "exam": 0.32142857142857145,
     "wasted-effort": 9
    }
   }
  },
  "line_line": {
   "Tarantula": {
    "best_case": {
     "top-1": 0,
     "top-5": 0.5039,
     "top-10": 1,
     "top-200": 1,
     "exam": 0.39285714285714285,
     "wasted-effort": 10
    },
    "avg_case": {
     "top-1": 0.0,
     "top-5": 0.5079,
     "top-10": 1,
     "top-200": 1,
     "exam": 0.39285714285714285,
     "wasted-effort": 10
    },
    "worst_case": {
     "top-1": 0.0,
     "top-5": 0.4998,
     "top-10": 1.0,
     "top-200": 1.0,
     "exam": 0.39285714285714285,
     "wasted-effort": 10
    }
   },
   "Ochiai": {
    "best_case": {
     "top-1": 0.1146,
     "top-5": 0.555,
     "top-10": 1,
     "top-200": 1,
     "exam": 0.32142857142857145,
     "wasted-effort": 9
    },
    "avg_case": {
     "top-1": 0.112,
     "top-5": 0.5567,
     "top-10": 1,
     "top-200": 1,
     "exam": 0.32142857142857145,
     "wasted-effort": 9
    },
    "worst_case": {
     "top-1": 0.1064,
     "top-5": 0.5534,
     "top-10": 1.0,
     "top-200": 1.0,
     "exam": 0.32142857142857145,
     "wasted-effort": 9
    }
   },
   "DStar": {
    "best_case": {
     "top-1": 0.1144,
     "top-5": 0.5607,
     "top-10": 1,
     "top-200": 1,
     "exam": 0.32142857142857145,
     "wasted-effort": 9
    },
    "avg_case": {
     "top-1": 0.1147,
     "top-5": 0.5641,
     "top-10": 1,
     "top-200": 1,
     "exam": 0.32142857142857145,
     "wasted-effort": 9
    },
    "worst_case": {
     "top-1": 0.1089,
     "top-5": 0.5511,
     "top-10": 1.0,
     "top-200": 1.0,
     "exam": 0.32142857142857145,
     "wasted-effort": 9
    }
   },
   "Naish1": {
    "best_case": {
     "top-1": 0.084,
     "top-5": 0.4148,
     "top-10": 0.8286,
     "top-200": 1,
     "exam": 0.42857142857142855,
     "wasted-effort": 12
    },
    "avg_case": {
     "top-1": 0.0836,
     "top-5": 0.4091,
     "top-10": 0.8248,
     "top-200": 1,
     "exam": 0.42857142857142855,
     "wasted-effort": 12
    },
    "worst_case": {
     "top-1": 0.0861,
     "top-5": 0.4132,
     "top-10": 0.8368,
     "top-200": 1.0,
     "exam": 0.42857142857142855,
     "wasted-effort": 12
    }
   },
   "Naish2": {
    "best_case": {
     "top-1": 0.109,
     "top-5": 0.5635,
     "top-10": 1,
     "top-200": 1,
     "exam": 0.32142857142857145,
     "wasted-effort": 9
    },
    "avg_case": {
     "top-1": 0.1172,
     "top-5": 0.5506,
     "top-10": 1,
     "top-200": 1,
     "exam": 0.32142857142857145,
     "wasted-effort": 9
    },
    "worst_case": {
     "top-1": 0.1096,
     "top-5": 0.5602,
     "top-10": 1.0,
     "top-200": 1.0,
     "exam": 0.32142857142857145,
     "wasted-effort": 9
    }
   },
   "GP13": {
    "best_case": {
     "top-1": 0.1096,
     "top-5": 0.5511,
     "top-10": 1,
     "top-200": 1,
     "exam": 0.32142857142857145,
     "wasted-effort": 9
    },
    "avg_case": {
     "top-1": 0.1074,
     "top-5": 0.5533,
     "top-10": 1,
     "top-200": 1,
     "exam": 0.32142857142857145,
     "wasted-effort": 9
    },
    "worst_case": {
     "top-1": 0.1123,
     "top-5": 0.5589,
     "top-10": 1.0,
     "top-200": 1.0,
     "exam": 0.32142857142857145,
     "wasted-effort": 9
    }
   }
  },
  "line_defuse": {
   "Tarantula": {
    "best_case": {
     "top-1": 0,
     "top-5": 0.5012,
     "top-10": 1,
     "top-200": 1,
     "exam": 0.39285714285714285,
     "wasted-effort": 10
    },
    "avg_case": {
     "top-1": 0.0,
     "top-5": 0.4987,
     "top-10": 1,
     "top-200": 1,
     "exam": 0.39285714285714285,
     "wasted-effort": 10
    },
    "worst_case": {
     "top-1": 0.0,
     "top-5": 0.5031,
     "top-10": 1.0,
     "top-200": 1.0,
     "exam": 0.39285714285714285,
     "wasted-effort": 10
    }
   },
   "Ochiai": {
    "best_case": {
     "top-1": 0.1095,
     "top-5": 0.5535,
     "top-10": 1,
     "top-200": 1,
     "exam": 0.32142857142857145,
     "wasted-effort": 9
    },
    "avg_case": {
     "top-1": 0.1188,
     "top-5": 0.5549,
     "top-10": 1,
     "top-200": 1,
     "exam": 0.32142857142857145,
     "wasted-effort": 9
    },
    "worst_case": {
     "top-1": 0.1106,
     "top-5": 0.5609,
     "top-10": 1.0,
     "top-200": 1.0,
     "exam": 0.32142857142857145,
     "wasted-effort": 9
    }
   },
   "DStar": {
    "best_case": {
     "top-1": 0.1108,
     "top-5": 0.5615,
     "top-10": 1,
     "top-200": 1,
     "exam": 0.32142857142857145,
     "wasted-effort": 9
    },
    "avg_case": {
     "top-1": 0.1124,
     "top-5": 0.5533,
     "top-10": 1,
     "top-200": 1,
     "exam": 0.32142857142857145,
     "wasted-effort": 9
    },
    "worst_case": {
     "top-1": 0.1134,
     "top-5": 0.5525,
     "top-10": 1.0,
     "top-200": 1.0,
     "exam": 0.32142857142857145,
     "wasted-effort": 9
    }
   },
   "Naish1": {
    "best_case": {
     "top-1": 0.087,
     "top-5": 0.4147,
     "top-10": 0.8286,
     "top-200": 1,