{
 "matplotlib_25": {
  "line": {
   "Tarantula": {
    "best_case": {
     "top-5": 0.777,
     "top-10": 0.997,
     "top-200": 0.178,
     "exam": 0.00012088244182532487,
     "wasted-effort": 13
    },
    "avg_case": {
     "top-5": 0.57,
     "top-10": 0.9485,
     "top-200": 0.095,
     "exam": 0.00012088244182532487,
     "wasted-effort": 13
    },
    "worst_case": {
     "top-5": 0.287,
     "top-10": 0.58075,
     "top-200": 0.05475,
     "exam": 0.5630024176488365,
     "wasted-effort": 66180
    }
   },
   "Ochiai": {
    "best_case": {
     "top-5": 0.792,
     "top-10": 0.998,
     "top-200": 0.18,
     "exam": 0.00012088244182532487,
     "wasted-effort": 13
    },
    "avg_case": {
     "top-5": 0.578,
     "top-10": 0.949,
     "top-200": 0.105,
     "exam": 0.00012088244182532487,
     "wasted-effort": 13
    },
    "worst_case": {
     "top-5": 0.29275,
     "top-10": 0.57475,
     "top-200": 0.046,
     "exam": 0.5630024176488365,
     "wasted-effort": 66180
    }
   },
   "DStar": {
    "best_case": {
     "top-5": 0.774,
     "top-10": 0.994,
     "top-200": 0.175,
     "exam": 0.00012088244182532487,
     "wasted-effort": 13
    },
    "avg_case": {
     "top-5": 0.557,
     "top-10": 0.9365,
     "top-200": 0.1045,
     "exam": 0.00012088244182532487,
     "wasted-effort": 13
    },
    "worst_case": {
     "top-5": 0.284,
     "top-10": 0.57725,
     "top-200": 0.0515,
     "exam": 0.5630024176488365,
     "wasted-effort": 66180
    }
   }
  },
  "line_line": {
   "Tarantula": {
    "best_case": {
     "top-5": 0.807,
     "top-10": 0.994,
     "top-200": 0.997,
     "exam": 0.00012088244182532487,
     "wasted-effort": 13
    },
    "avg_case": {
     "top-5": 0.5555,
     "top-10": 0.948,
     "top-200": 0.9645,
     "exam": 0.00012088244182532487,
     "wasted-effort": 13
    },
    "worst_case": {
     "top-5": 0.2915,
     "top-10": 0.58025,
     "top-200": 0.63925,
     "exam": 0.5630024176488365,
     "wasted-effort": 66180
    }
   },
   "Ochiai": {
    "best_case": {
     "top-5": 0.813,
     "top-10": 0.995,
     "top-200": 0.999,
     "exam": 0.00012088244182532487,
     "wasted-effort": 13
    },
    "avg_case": {
     "top-5": 0.5695,
     "top-10": 0.941,
     "top-200": 0.967,
     "exam": 0.00012088244182532487,
     "wasted-effort": 13
    },
    "worst_case": {
     "top-5": 0.30075,
     "top-10": 0.571,
     "top-200": 0.63925,
     "exam": 0.5630024176488365,
     "wasted-effort": 66180
    }
   },
   "DStar": {
    "best_case": {
     "top-5": 0.78,
     "top-10": 0.998,
     "top-200": 0.999,
     "exam": 0.00012088244182532487,
     "wasted-effort": 13
    },
    "avg_case": {
     "top-5": 0.5565,
     "top-10": 0.9435,
     "top-200": 0.9765,
     "exam": 0.00012088244182532487,
     "wasted-effort": 13
    },
    "worst_case": {
     "top-5": 0.2865,
     "top-10": 0.579,
     "top-200": 0.64375,
     "exam": 0.5630024176488365,
     "wasted-effort": 66180
    }
   }
  },
  "line_defuse": {
   "Tarantula": {
    "best_case": {
     "top-5": 0.798,
     "top-10": 0.997,
     "top-200": 0.994,
     "exam": 0.00012088244182532487,
     "wasted-effort": 13
    },
    "avg_case": {
     "top-5": 0.5525,
     "top-10": 0.947,
     "top-200": 0.973,
     "exam": 0.00012088244182532487,
     "wasted-effort": 13
    },
    "worst_case": {
     "top-5": 0.28275,
     "top-10": 0.57775,
     "top-200": 0.64,
     "exam": 0.5630024176488365,
     "wasted-effort": 66180
    }
   },
   "Ochiai": {
    "best_case": {
     "top-5": 0.805,
     "top-10": 0.997,
     "top-200": 0.997,
     "exam": 0.00012088244182532487,
     "wasted-effort": 13
    },
    "avg_case": {
     "top-5": 0.5575,
     "top-10": 0.933,
     "top-200": 0.9725,
     "exam": 0.00012088244182532487,
     "wasted-effort": 13
    },
    "worst_case": {
     "top-5": 0.2905,
     "top-10": 0.57575,
     "top-200": 0.63225,
     "exam": 0.5630024176488365,
     "wasted-effort": 66180
    }
   },
   "DStar": {
    "best_case": {
     "top-5": 0.784,
     "top-10": 0.998,
     "top-200": 0.996,
     "exam": 0.00012088244182532487,
     "wasted-effort": 13
    },
    "avg_case": {
     "top-5": 0.573,
     "top-10": 0.947,
     "top-200": 0.964,
     "exam": 0.00012088244182532487,
     "wasted-effort": 13
    },
    "worst_case": {
     "top-5": 0.28725,
     "top-10": 0.57025,
     "top-200": 0.641,
     "exam": 0.5630024176488365,
     "wasted-effort": 66180
    }
   }
  },
  "line_defuses": {
   "Tarantula": {
    "best_case": {
     "top-5": 0.804,
     "top-10": 0.995,
     "top-200": 0.996,
     "exam": 0.00012088244182532487,
     "wasted-effort": 13
    },
    "avg_case": {
     "top-5": 0.559,
     "top-10": 0.953,
     "top-200": 0.9715,
     "exam": 0.00012088244182532487,
     "wasted-effort": 13
    },
    "worst_case": {
     "top-5": 0.28525,
     "top-10": 0.577,
     "top-200": 0.644,
     "exam": 0.5630024176488365,
     "wasted-effort": 66180
    }
   },
   "Ochiai": {
    "best_case": {
     "top-5": 0.806,
     "top-10": 0.998,
     "top-200": 1.0,
     "exam": 0.00012088244182532487,
     "wasted-effort": 13
    },
    "avg_case": {
     "top-5": 0.5565,
     "top-10": 0.9415,
     "top-200": 0.9665,
     "exam": 0.00012088244182532487,
     "wasted-effort": 13
    },
    "worst_case": {
     "top-5": 0.285,
     "top-10": 0.5685,
     "top-200": 0.6425,
     "exam": 0.5630024176488365,
     "wasted-effort": 66180
    }
   },
   "DStar": {
    "best_case": {
     "top-5": 0.8,
     "top-10": 0.991,
     "top-200": 0.996,
     "exam": 0.00012088244182532487,
     "wasted-effort": 13
    },
    "avg_case": {
     "top-5": 0.5645,
     "top-10": 0.9455,
     "top-200": 0.971,
     "exam": 0.00012088244182532487,
     "wasted-effort": 13
    },
    "worst_case": {
     "top-5": 0.29075,
     "top-10": 0.5725,
     "top-200": 0.645,
     "exam": 0.5630024176488365,
     "wasted-effort": 66180
    }
   }
  },
  "line_assert_use": {
   "Tarantula": {
    "best_case": {
     "top-5": 0.811,
     "top-10": 0.995,
     "top-200": 0.999,
     "exam": 0.00012088244182532487,
     "wasted-effort": 13
    },
    "avg_case": {
     "top-5": 0.5485,
     "top-10": 0.9395,
     "top-200": 0.9655,
     "exam": 0.00012088244182532487,
     "wasted-effort": 13
    },
    "worst_case": {
     "top-5": 0.29175,
     "top-10": 0.57075,
     "top-200": 0.638,
     "exam": 0.5630024176488365,
     "wasted-effort": 66180
    }
   },
   "Ochiai": {
    "best_case": {
     "top-5": 0.776,
     "top-10": 0.998,
     "top-200": 1.0,
     "exam": 0.00012088244182532487,
     "wasted-effort": 13
    },
    "avg_case": {
     "top-5": 0.555,
     "top-10": 0.9425,
     "top-200": 0.968,
     "exam": 0.00012088244182532487,
     "wasted-effort": 13
    },
    "worst_case": {
     "top-5": 0.2795,
     "top-10": 0.5855,
     "top-200": 0.64,
     "exam": 0.5630024176488365,
     "wasted-effort": 66180
    }
   },
   "DStar": {
    "best_case": {
     "top-5": 0.801,
     "top-10": 0.997,
     "top-200": 0.997,
     "exam": 0.00012088244182532487,
     "wasted-effort": 13
    },
    "avg_case": {
     "top-5": 0.5375,
     "top-10": 0.948,
     "top-200": 0.9725,
     "exam": 0.00012088244182532487,
     "wasted-effort": 13
    },
    "worst_case": {
     "top-5": 0.28725,
     "top-10": 0.5825,
     "top-200": 0.639,
     "exam": 0.5630024176488365,
     "wasted-effort": 66180
    }
   }
  },
  "line_assert_uses": {
   "Tarantula": {
    "best_case": {
     "top-5": 0.803,
     "top-10": 1.0,
     "top-200": 0.994,
     "exam": 0.00012088244182532487,
     "wasted-effort": 13
    },
    "avg_case": {
     "top-5": 0.54,
     "top-10": 0.9455,
     "top-200": 0.971,
     "exam": 0.00012088244182532487,
     "wasted-effort": 13
    },
    "worst_case": {
     "top-5": 0.279,
     "top-10": 0.56975,
     "top-200": 0.6405,
     "exam": 0.5630024176488365,
     "wasted-effort": 66180
    }
   },
   "Ochiai": {
    "best_case": {
     "top-5": 0.798,