{
 "matplotlib_14": {
  "line": {
   "Tarantula": {
    "best_case": {
     "top-5": 0.0,
     "top-10": 0.0,
     "top-200": 0.0,
     "exam": 0.02549236867567652,
     "wasted-effort": 1901
    },
    "avg_case": {
     "top-5": 0.0,
     "top-10": 0.0,
     "top-200": 0.0,
     "exam": 0.02549236867567652,
     "wasted-effort": 1901
    },
    "worst_case": {
     "top-5": 0.0,
     "top-10": 0.0,
     "top-200": 0.0,
     "exam": 0.5806751147039546,
     "wasted-effort": 64078
    }
   },
   "Ochiai": {
    "best_case": {
     "top-5": 0.0,
     "top-10": 0.0,
     "top-200": 0.0,
     "exam": 0.02549236867567652,
     "wasted-effort": 1901
    },
    "avg_case": {
     "top-5": 0.0,
     "top-10": 0.0,
     "top-200": 0.0,
     "exam": 0.02549236867567652,
     "wasted-effort": 1901
    },
    "worst_case": {
     "top-5": 0.0,
     "top-10": 0.0,
     "top-200": 0.0,
     "exam": 0.5806751147039546,
     "wasted-effort": 64078
    }
   },
   "DStar": {
    "best_case": {
     "top-5": 0.0,
     "top-10": 0.0,
     "top-200": 0.0,
     "exam": 0.025195855051655794,
     "wasted-effort": 1882
    },
    "avg_case": {
     "top-5": 0.0,
     "top-10": 0.0,
     "top-200": 0.0,
     "exam": 0.025195855051655794,
     "wasted-effort": 1882
    },
    "worst_case": {
     "top-5": 0.0,
     "top-10": 0.0,
     "top-200": 0.0,
     "exam": 0.5806751147039546,
     "wasted-effort": 64078
    }
   }
  },
  "line_line": {
   "Tarantula": {
    "best_case": {
     "top-5": 0.0,
     "top-10": 0,
     "top-200": 0.147,
     "exam": 0.001584006991479135,
     "wasted-effort": 124
    },
    "avg_case": {
     "top-5": 0.0,
     "top-10": 0.0,
     "top-200": 0.152,
     "exam": 0.001584006991479135,
     "wasted-effort": 124
    },
    "worst_case": {
     "top-5": 0.0,
     "top-10": 0.0,
     "top-200": 0.0625,
     "exam": 0.5806751147039546,
     "wasted-effort": 64078
    }
   },
   "Ochiai": {
    "best_case": {
     "top-5": 0.0,
     "top-10": 0,
     "top-200": 0.141,
     "exam": 0.0016464309123256032,
     "wasted-effort": 128
    },
    "avg_case": {
     "top-5": 0.0,
     "top-10": 0.0,
     "top-200": 0.151,
     "exam": 0.0016464309123256032,
     "wasted-effort": 128
    },
    "worst_case": {
     "top-5": 0.0,
     "top-10": 0.0,
     "top-200": 0.0665,
     "exam": 0.5806751147039546,
     "wasted-effort": 64078
    }
   },
   "DStar": {
    "best_case": {
     "top-5": 0.0,
     "top-10": 0.0,
     "top-200": 0.0,
     "exam": 0.02130996597896314,
     "wasted-effort": 1388
    },
    "avg_case": {
     "top-5": 0.0,
     "top-10": 0.0,
     "top-200": 0.0,
     "exam": 0.02130996597896314,
     "wasted-effort": 1388
    },
    "worst_case": {
     "top-5": 0.0,
     "top-10": 0.0,
     "top-200": 0.0,
     "exam": 0.5806751147039546,
     "wasted-effort": 64078
    }
   }
  },
  "line_defuse": {
   "Tarantula": {
    "best_case": {
     "top-5": 0.0,
     "top-10": 0,
     "top-200": 0.141,
     "exam": 0.0016464309123256032,
     "wasted-effort": 128
    },
    "avg_case": {
     "top-5": 0.0,
     "top-10": 0.0,
     "top-200": 0.143,
     "exam": 0.0016464309123256032,
     "wasted-effort": 128
    },
    "worst_case": {
     "top-5": 0.0,
     "top-10": 0.0,
     "top-200": 0.068,
     "exam": 0.5806751147039546,
     "wasted-effort": 64078
    }
   },
   "Ochiai": {
    "best_case": {
     "top-5": 0.0,
     "top-10": 0,
     "top-200": 0.134,
     "exam": 0.0016464309123256032,
     "wasted-effort": 128
    },
    "avg_case": {
     "top-5": 0.0,
     "top-10": 0.0,
     "top-200": 0.153,
     "exam": 0.0016464309123256032,
     "wasted-effort": 128
    },
    "worst_case": {
     "top-5": 0.0,
     "top-10": 0.0,
     "top-200": 0.0655,
     "exam": 0.5806751147039546,
     "wasted-effort": 64078
    }
   },
   "DStar": {
    "best_case": {
     "top-5": 0.0,
     "top-10": 0.0,
     "top-200": 0.0,
     "exam": 0.02130996597896314,
     "wasted-effort": 1388
    },
    "avg_case": {
     "top-5": 0.0,
     "top-10": 0.0,
     "top-200": 0.0,
     "exam": 0.02130996597896314,
     "wasted-effort": 1388
    },
    "worst_case": {
     "top-5": 0.0,
     "top-10": 0.0,
     "top-200": 0.0,
     "exam": 0.5806751147039546,
     "wasted-effort": 64078
    }
   }
  },
  "line_defuses": {
   "Tarantula": {
    "best_case": {
     "top-5": 0.0,
     "top-10": 0,
     "top-200": 0.126,
     "exam": 0.0016464309123256032,
     "wasted-effort": 128
    },
    "avg_case": {
     "top-5": 0.0,
     "top-10": 0.0,
     "top-200": 0.15,
     "exam": 0.0016464309123256032,
     "wasted-effort": 128
    },
    "worst_case": {
     "top-5": 0.0,
     "top-10": 0.0,
     "top-200": 0.064,
     "exam": 0.5806751147039546,
     "wasted-effort": 64078
    }
   },
   "Ochiai": {
    "best_case": {
     "top-5": 0.0,
     "top-10": 0,
     "top-200": 0.135,
     "exam": 0.0016464309123256032,
     "wasted-effort": 128
    },
    "avg_case": {
     "top-5": 0.0,
     "top-10": 0.0,
     "top-200": 0.137,
     "exam": 0.0016464309123256032,
     "wasted-effort": 128
    },
    "worst_case": {
     "top-5": 0.0,
     "top-10": 0.0,
     "top-200": 0.063,
     "exam": 0.5806751147039546,
     "wasted-effort": 64078
    }
   },
   "DStar": {
    "best_case": {
     "top-5": 0.0,
     "top-10": 0.0,
     "top-200": 0.0,
     "exam": 0.02130996597896314,
     "wasted-effort": 1388
    },
    "avg_case": {
     "top-5": 0.0,
     "top-10": 0.0,
     "top-200": 0.0,
     "exam": 0.02130996597896314,
     "wasted-effort": 1388
    },
    "worst_case": {
     "top-5": 0.0,
     "top-10": 0.0,
     "top-200": 0.0,
     "exam": 0.5806751147039546,
     "wasted-effort": 64078
    }
   }
  },
  "line_assert_use": {
   "Tarantula": {
    "best_case": {
     "top-5": 0.0,
     "top-10": 0,
     "top-200": 0.137,
     "exam": 0.001584006991479135,
     "wasted-effort": 124
    },
    "avg_case": {
     "top-5": 0.0,
     "top-10": 0.0,
     "top-200": 0.152,
     "exam": 0.001584006991479135,
     "wasted-effort": 124
    },
    "worst_case": {
     "top-5": 0.0,
     "top-10": 0.0,
     "top-200": 0.0715,
     "exam": 0.5806751147039546,
     "wasted-effort": 64078
    }
   },
   "Ochiai": {
    "best_case": {
     "top-5": 0.0,
     "top-10": 0,
     "top-200": 0.129,
     "exam": 0.001584006991479135,
     "wasted-effort": 124
    },
    "avg_case": {
     "top-5": 0.0,
     "top-10": 0.0,
     "top-200": 0.113,
     "exam": 0.001584006991479135,
     "wasted-effort": 124
    },
    "worst_case": {
     "top-5": 0.0,
     "top-10": 0.0,
     "top-200": 0.0635,
     "exam": 0.5806751147039546,
     "wasted-effort": 64078
    }
   },
   "DStar": {
    "best_case": {
     "top-5": 0.0,
     "top-10": 0.0,
     "top-200": 0.0,
     "exam": 0.021263148038328288,
     "wasted-effort": 1385
    },
    "avg_case": {
     "top-5": 0.0,
     "top-10": 0.0,
     "top-200": 0.0,
     "exam": 0.021263148038328288,
     "wasted-effort": 1385
    },
    "worst_case": {
     "top-5": 0.0,
     "top-10": 0.0,
     "top-200": 0.0,
     "exam": 0.5806751147039546,
     "wasted-effort": 64078
    }
   }
  },
  "line_assert_uses": {
   "Tarantula": {
    "best_case": {
     "top-5": 0.0,
     "top-10": 0,
     "top-200": 0.136,
     "exam": 0.001584006991479135,
     "wasted-effort": 124
    },
    "avg_case": {
     "top-5": 0.0,
     "top-10": 0.0,
     "top-200": 0.143,
     "exam": 0.001584006991479135,
     "wasted-effort": 124
    },
    "worst_case": {
     "top-5": 0.0,
     "top-10": 0.0,
     "top-200": 0.0685,
     "exam": 0.5806751147039546,
     "wasted-effort": 64078
    }
   },
   "Ochiai": {
    "best_case": {
     "top-5": 0.0,
     "top-10": 0,
     "top-200": 0.129,
     "exam": 0.001584006991479135,
     "wasted-effort": 124
    },
    "avg_case": {
     "top-5": 0.0,
     "top-10": 0.0,
     "top-200": 0.14,
     "exam": 0.001584006991479135,
     "wasted-effort": 124
    },
    "worst_case": {
     "top-5": 0.0,
     "top-10": 0.0,
     "top-200": 0.0745,