{
 "matplotlib_1": {
  "line": {
   "Tarantula": {
    "best_case": {
     "top-5": 0.0,
     "top-10": 0.0,
     "top-200": 0.0,
     "exam": 0.05018569809895505,
     "wasted-effort": 5851
    },
    "avg_case": {
     "top-5": 0.0,
     "top-10": 0.0,
     "top-200": 0.0,
     "exam": 0.5746018506861388,
     "wasted-effort": 63544
    },
    "worst_case": {
     "top-5": 0.0,
     "top-10": 0.0,
     "top-200": 0.0,
     "exam": 0.5746018506861388,
     "wasted-effort": 63544
    }
   },
   "Ochiai": {
    "best_case": {
     "top-5": 0.0,
     "top-10": 0.0,
     "top-200": 0.0,
     "exam": 0.05018569809895505,
     "wasted-effort": 5851
    },
    "avg_case": {
     "top-5": 0.0,
     "top-10": 0.0,
     "top-200": 0.0,
     "exam": 0.5746018506861388,
     "wasted-effort": 63544
    },
    "worst_case": {
     "top-5": 0.0,
     "top-10": 0.0,
     "top-200": 0.0,
     "exam": 0.5746018506861388,
     "wasted-effort": 63544
    }
   },
   "DStar": {
    "best_case": {
     "top-5": 0.0,
     "top-10": 0.0,
     "top-200": 0.0,
     "exam": 0.04861198539594611,
     "wasted-effort": 5751
    },
    "avg_case": {
     "top-5": 0.0,
     "top-10": 0.0,
     "top-200": 0.0,
     "exam": 0.5746018506861388,
     "wasted-effort": 63544
    },
    "worst_case": {
     "top-5": 0.0,
     "top-10": 0.0,
     "top-200": 0.0,
     "exam": 0.5746018506861388,
     "wasted-effort": 63544
    }
   }
  },
  "line_line": {
   "Tarantula": {
    "best_case": {
     "top-5": 0.0,
     "top-10": 0.0,
     "top-200": 0.0,
     "exam": 0.014470288304167191,
     "wasted-effort": 1315
    },
    "avg_case": {
     "top-5": 0.0,
     "top-10": 0.0,
     "top-200": 0.0,
     "exam": 0.5746018506861388,
     "wasted-effort": 63544
    },
    "worst_case": {
     "top-5": 0.0,
     "top-10": 0.0,
     "top-200": 0.0,
     "exam": 0.5746018506861388,
     "wasted-effort": 63544
    }
   },
   "Ochiai": {
    "best_case": {
     "top-5": 0.0,
     "top-10": 0.0,
     "top-200": 0.0,
     "exam": 0.014470288304167191,
     "wasted-effort": 1315
    },
    "avg_case": {
     "top-5": 0.0,
     "top-10": 0.0,
     "top-200": 0.0,
     "exam": 0.5746018506861388,
     "wasted-effort": 63544
    },
    "worst_case": {
     "top-5": 0.0,
     "top-10": 0.0,
     "top-200": 0.0,
     "exam": 0.5746018506861388,
     "wasted-effort": 63544
    }
   },
   "DStar": {
    "best_case": {
     "top-5": 0.0,
     "top-10": 0.0,
     "top-200": 0.0,
     "exam": 0.012943786982248521,
     "wasted-effort": 1218
    },
    "avg_case": {
     "top-5": 0.0,
     "top-10": 0.0,
     "top-200": 0.0,
     "exam": 0.5746018506861388,
     "wasted-effort": 63544
    },
    "worst_case": {
     "top-5": 0.0,
     "top-10": 0.0,
     "top-200": 0.0,
     "exam": 0.5746018506861388,
     "wasted-effort": 63544
    }
   }
  },
  "line_defuse": {
   "Tarantula": {
    "best_case": {
     "top-5": 0.0,
     "top-10": 0.0,
     "top-200": 0.0,
     "exam": 0.014470288304167191,
     "wasted-effort": 1315
    },
    "avg_case": {
     "top-5": 0.0,
     "top-10": 0.0,
     "top-200": 0.0,
     "exam": 0.5746018506861388,
     "wasted-effort": 63544
    },
    "worst_case": {
     "top-5": 0.0,
     "top-10": 0.0,
     "top-200": 0.0,
     "exam": 0.5746018506861388,
     "wasted-effort": 63544
    }
   },
   "Ochiai": {
    "best_case": {
     "top-5": 0.0,
     "top-10": 0.0,
     "top-200": 0.0,
     "exam": 0.014470288304167191,
     "wasted-effort": 1315
    },
    "avg_case": {
     "top-5": 0.0,
     "top-10": 0.0,
     "top-200": 0.0,
     "exam": 0.5746018506861388,
     "wasted-effort": 63544
    },
    "worst_case": {
     "top-5": 0.0,
     "top-10": 0.0,
     "top-200": 0.0,
     "exam": 0.5746018506861388,
     "wasted-effort": 63544
    }
   },
   "DStar": {
    "best_case": {
     "top-5": 0.0,
     "top-10": 0.0,
     "top-200": 0.0,
     "exam": 0.012943786982248521,
     "wasted-effort": 1218
    },
    "avg_case": {
     "top-5": 0.0,
     "top-10": 0.0,
     "top-200": 0.0,
     "exam": 0.5746018506861388,
     "wasted-effort": 63544
    },
    "worst_case": {
     "top-5": 0.0,
     "top-10": 0.0,
     "top-200": 0.0,
     "exam": 0.5746018506861388,
     "wasted-effort": 63544
    }
   }
  },
  "line_defuses": {
   "Tarantula": {
    "best_case": {
     "top-5": 0.0,
     "top-10": 0.0,
     "top-200": 0.0,
     "exam": 0.014470288304167191,
     "wasted-effort": 1315
    },
    "avg_case": {
     "top-5": 0.0,
     "top-10": 0.0,
     "top-200": 0.0,
     "exam": 0.5746018506861388,
     "wasted-effort": 63544
    },
    "worst_case": {
     "top-5": 0.0,
     "top-10": 0.0,
     "top-200": 0.0,
     "exam": 0.5746018506861388,
     "wasted-effort": 63544
    }
   },
   "Ochiai": {
    "best_case": {
     "top-5": 0.0,
     "top-10": 0.0,
     "top-200": 0.0,
     "exam": 0.014470288304167191,
     "wasted-effort": 1315
    },
    "avg_case": {
     "top-5": 0.0,
     "top-10": 0.0,
     "top-200": 0.0,
     "exam": 0.5746018506861388,
     "wasted-effort": 63544
    },
    "worst_case": {
     "top-5": 0.0,
     "top-10": 0.0,
     "top-200": 0.0,
     "exam": 0.5746018506861388,
     "wasted-effort": 63544
    }
   },
   "DStar": {
    "best_case": {
     "top-5": 0.0,
     "top-10": 0.0,
     "top-200": 0.0,
     "exam": 0.012943786982248521,
     "wasted-effort": 1218
    },
    "avg_case": {
     "top-5": 0.0,
     "top-10": 0.0,
     "top-200": 0.0,
     "exam": 0.5746018506861388,
     "wasted-effort": 63544
    },
    "worst_case": {
     "top-5": 0.0,
     "top-10": 0.0,
     "top-200": 0.0,
     "exam": 0.5746018506861388,
     "wasted-effort": 63544
    }
   }
  },
  "line_assert_use": {
   "Tarantula": {
    "best_case": {
     "top-5": 0.0,
     "top-10": 0.0,
     "top-200": 0.0,
     "exam": 0.014470288304167191,
     "wasted-effort": 1315
    },
    "avg_case": {
     "top-5": 0.0,
     "top-10": 0.0,
     "top-200": 0.0,
     "exam": 0.5746018506861388,
     "wasted-effort": 63544
    },
    "worst_case": {
     "top-5": 0.0,
     "top-10": 0.0,
     "top-200": 0.0,
     "exam": 0.5746018506861388,
     "wasted-effort": 63544
    }
   },
   "Ochiai": {
    "best_case": {
     "top-5": 0.0,
     "top-10": 0.0,
     "top-200": 0.0,
     "exam": 0.014470288304167191,
     "wasted-effort": 1315
    },
    "avg_case": {
     "top-5": 0.0,
     "top-10": 0.0,
     "top-200": 0.0,
     "exam": 0.5746018506861388,
     "wasted-effort": 63544
    },
    "worst_case": {
     "top-5": 0.0,
     "top-10": 0.0,
     "top-200": 0.0,
     "exam": 0.5746018506861388,
     "wasted-effort": 63544
    }
   },
   "DStar": {
    "best_case": {
     "top-5": 0.0,
     "top-10": 0.0,
     "top-200": 0.0,
     "exam": 0.012943786982248521,
     "wasted-effort": 1218
    },
    "avg_case": {
     "top-5": 0.0,
     "top-10": 0.0,
     "top-200": 0.0,
     "exam": 0.5746018506861388,
     "wasted-effort": 63544
    },
    "worst_case": {
     "top-5": 0.0,
     "top-10": 0.0,
     "top-200": 0.0,
     "exam": 0.5746018506861388,
     "wasted-effort": 63544
    }
   }
  },
  "line_assert_uses": {
   "Tarantula": {
    "best_case": {
     "top-5": 0.0,
     "top-10": 0.0,
     "top-200": 0.0,
     "exam": 0.014470288304167191,
     "wasted-effort": 1315
    },
    "avg_case": {
     "top-5": 0.0,
     "top-10": 0.0,
     "top-200": 0.0,
     "exam": 0.5746018506861388,
     "wasted-effort": 63544
    },
    "worst_case": {
     "top-5": 0.0,
     "top-10": 0.0,
     "top-200": 0.0,
     "exam": 0.5746018506861388,
     "wasted-effort": 63544
    }
   },
   "Ochiai": {
    "best_case": {
     "top-5": 0.0,
     "top-10": 0.0,
     "top-200": 0.0,
     "exam": 0.014470288304167191,
     "wasted-effort": 1315
    },
    "avg_case": {
     "top-5": 0.0,
     "top-10": 0.0,
     "top-200": 0.0,
     "exam": 0.5746018506861388,
     "wasted-effort": 63544
    },
    "worst_case": {
     "top-5": 0.0,
     "top-10": 0.0,
     "top-200": 0.0,
     "exam": 0.5746018506861388,