{
 "matplotlib_21": {
  "line": {
   "Tarantula": {
    "best_case": {
     "top-1": 0.0,
     "top-5": 0.0,
     "top-10": 0.0,
     "top-200": 0.9195,
     "exam": 0.002584355828220859,
     "wasted-effort": 282
    },
    "avg_case": {
     "top-1": 0.0,
     "top-5": 0.0,
     "top-10": 0.0,
     "top-200": 0.4749666666666643,
     "exam": 0.5587346625766871,
     "wasted-effort": 65200
    },
    "worst_case": {
     "top-1": 0.0,
     "top-5": 0.0,
     "top-10": 0.0,
     "top-200": 0.236116666666666,
     "exam": 0.5587346625766871,
     "wasted-effort": 65200
    }
   },
   "Ochiai": {
    "best_case": {
     "top-1": 0.0,
     "top-5": 0.0,
     "top-10": 0.0,
     "top-200": 0.9151,
     "exam": 0.002584355828220859,
     "wasted-effort": 282
    },
    "avg_case": {
     "top-1": 0.0,
     "top-5": 0.0,
     "top-10": 0.0,
     "top-200": 0.4748333333333358,
     "exam": 0.5587346625766871,
     "wasted-effort": 65200
    },
    "worst_case": {
     "top-1": 0.0,
     "top-5": 0.0,
     "top-10": 0.0,
     "top-200": 0.23861666666666662,
     "exam": 0.5587346625766871,
     "wasted-effort": 65200
    }
   },
   "DStar": {
    "best_case": {
     "top-1": 0.0,
     "top-5": 0.0,
     "top-10": 0.0,
     "top-200": 0.917,
     "exam": 0.002553680981595092,
     "wasted-effort": 280
    },
    "avg_case": {
     "top-1": 0.0,
     "top-5": 0.0,
     "top-10": 0.0,
     "top-200": 0.4796333333333329,
     "exam": 0.5587346625766871,
     "wasted-effort": 65200
    },
    "worst_case": {
     "top-1": 0.0,
     "top-5": 0.0,
     "top-10": 0.0,
     "top-200": 0.23826666666666643,
     "exam": 0.5587346625766871,
     "wasted-effort": 65200
    }
   },
   "Naish2": {
    "best_case": {
     "top-1": 0.0,
     "top-5": 0.0,
     "top-10": 0.0,
     "top-200": 0.92,
     "exam": 0.002584355828220859,
     "wasted-effort": 282
    },
    "avg_case": {
     "top-1": 0.0,
     "top-5": 0.0,
     "top-10": 0.0,
     "top-200": 0.47170000000000173,
     "exam": 0.5587346625766871,
     "wasted-effort": 65200
    },
    "worst_case": {
     "top-1": 0.0,
     "top-5": 0.0,
     "top-10": 0.0,
     "top-200": 0.23786666666666664,
     "exam": 0.5587346625766871,
     "wasted-effort": 65200
    }
   },
   "GP13": {
    "best_case": {
     "top-1": 0.0,
     "top-5": 0.0,
     "top-10": 0.0,
     "top-200": 0.9164,
     "exam": 0.002584355828220859,
     "wasted-effort": 282
    },
    "avg_case": {
     "top-1": 0.0,
     "top-5": 0.0,
     "top-10": 0.0,
     "top-200": 0.47536666666666305,
     "exam": 0.5587346625766871,
     "wasted-effort": 65200
    },
    "worst_case": {
     "top-1": 0.0,
     "top-5": 0.0,
     "top-10": 0.0,
     "top-200": 0.23795000000000033,
     "exam": 0.5587346625766871,
     "wasted-effort": 65200
    }
   }
  },
  "line_line": {
   "Tarantula": {
    "best_case": {
     "top-1": 0,
     "top-5": 0.0,
     "top-10": 0.0,
     "top-200": 0.9147,
     "exam": 0.0025383435582822084,
     "wasted-effort": 279
    },
    "avg_case": {
     "top-1": 0.0,
     "top-5": 0.0,
     "top-10": 0.0,
     "top-200": 0.47783333333333156,
     "exam": 0.5587346625766871,
     "wasted-effort": 65200
    },
    "worst_case": {
     "top-1": 0.0,
     "top-5": 0.0,
     "top-10": 0.0,
     "top-200": 0.2371000000000003,
     "exam": 0.5587346625766871,
     "wasted-effort": 65200
    }
   },
   "Ochiai": {
    "best_case": {
     "top-1": 0,
     "top-5": 0.0,
     "top-10": 0.0,
     "top-200": 0.9221,
     "exam": 0.0025383435582822084,
     "wasted-effort": 279
    },
    "avg_case": {
     "top-1": 0.0,
     "top-5": 0.0,
     "top-10": 0.0,
     "top-200": 0.4739333333333336,
     "exam": 0.5587346625766871,
     "wasted-effort": 65200
    },
    "worst_case": {
     "top-1": 0.0,
     "top-5": 0.0,
     "top-10": 0.0,
     "top-200": 0.2374833333333318,
     "exam": 0.5587346625766871,
     "wasted-effort": 65200
    }
   },
   "DStar": {
    "best_case": {
     "top-1": 0.0,
     "top-5": 0.0,
     "top-10": 0.0,
     "top-200": 0.9241,
     "exam": 0.002507668711656442,
     "wasted-effort": 277
    },
    "avg_case": {
     "top-1": 0.0,
     "top-5": 0.0,
     "top-10": 0.0,
     "top-200": 0.48433333333333056,
     "exam": 0.5587346625766871,
     "wasted-effort": 65200
    },
    "worst_case": {
     "top-1": 0.0,
     "top-5": 0.0,
     "top-10": 0.0,
     "top-200": 0.24223333333333402,
     "exam": 0.5587346625766871,
     "wasted-effort": 65200
    }
   },
   "Naish2": {
    "best_case": {
     "top-1": 0,
     "top-5": 0.0,
     "top-10": 0.0,
     "top-200": 0.9197,
     "exam": 0.0025383435582822084,
     "wasted-effort": 279
    },
    "avg_case": {
     "top-1": 0.0,
     "top-5": 0.0,
     "top-10": 0.0,
     "top-200": 0.4752333333333343,
     "exam": 0.5587346625766871,
     "wasted-effort": 65200
    },
    "worst_case": {
     "top-1": 0.0,
     "top-5": 0.0,
     "top-10": 0.0,
     "top-200": 0.2368833333333328,
     "exam": 0.5587346625766871,
     "wasted-effort": 65200
    }
   },
   "GP13": {
    "best_case": {
     "top-1": 0,
     "top-5": 0.0,
     "top-10": 0.0,
     "top-200": 0.932,
     "exam": 0.0024309815950920247,
     "wasted-effort": 272
    },
    "avg_case": {
     "top-1": 0.0,
     "top-5": 0.0,
     "top-10": 0.0,
     "top-200": 0.4908000000000006,
     "exam": 0.5587346625766871,
     "wasted-effort": 65200
    },
    "worst_case": {
     "top-1": 0.0,
     "top-5": 0.0,
     "top-10": 0.0,
     "top-200": 0.2448499999999989,
     "exam": 0.5587346625766871,
     "wasted-effort": 65200
    }
   }
  },
  "line_defuse": {
   "Tarantula": {
    "best_case": {
     "top-1": 0,
     "top-5": 0.0,
     "top-10": 0.0,
     "top-200": 0.9171,
     "exam": 0.0025383435582822084,
     "wasted-effort": 279
    },
    "avg_case": {
     "top-1": 0.0,
     "top-5": 0.0,
     "top-10": 0.0,
     "top-200": 0.4797666666666652,
     "exam": 0.5587346625766871,
     "wasted-effort": 65200
    },
    "worst_case": {
     "top-1": 0.0,
     "top-5": 0.0,
     "top-10": 0.0,
     "top-200": 0.23850000000000027,
     "exam": 0.5587346625766871,
     "wasted-effort": 65200
    }
   },
   "Ochiai": {
    "best_case": {
     "top-1": 0,
     "top-5": 0.0,
     "top-10": 0.0,
     "top-200": 0.9213,
     "exam": 0.0025383435582822084,
     "wasted-effort": 279
    },
    "avg_case": {
     "top-1": 0.0,
     "top-5": 0.0,
     "top-10": 0.0,
     "top-200": 0.4766333333333312,
     "exam": 0.5587346625766871,
     "wasted-effort": 65200
    },
    "worst_case": {
     "top-1": 0.0,
     "top-5": 0.0,
     "top-10": 0.0,
     "top-200": 0.2396666666666661,
     "exam": 0.5587346625766871,
     "wasted-effort": 65200
    }
   },
   "DStar": {
    "best_case": {
     "top-1": 0.0,
     "top-5": 0.0,
     "top-10": 0.0,
     "top-200": 0.9254,
     "exam": 0.002507668711656442,
     "wasted-effort": 277
    },
    "avg_case": {
     "top-1": 0.0,
     "top-5": 0.0,
     "top-10": 0.0,
     "top-200": 0.47943333333333066,
     "exam": 0.5587346625766871,
     "wasted-effort": 65200
    },
    "worst_case": {
     "top-1": 0.0,
     "top-5": 0.0,
     "top-10": 0.0,
     "top-200": 0.2395499999999995,
     "exam": 0.5587346625766871,
     "wasted-effort": 65200
    }
   },
   "Naish2": {
    "best_case": {
     "top-1": 0,
     "top-5": 0.0,
     "top-10": 0.0,
     "top-200": 0.9228,
     "exam": 0.0025383435582822084,
     "wasted-effort": 279
    },
    "avg_case": {
     "top-1": 0.0,
     "top-5": 0.0,
     "top-10": 0.0,
     "top-200": 0.4790999999999979,
     "exam": 0.5587346625766871,
     "wasted-effort": 65200
    },
    "worst_case": {
     "top-1": 0.0,
     "top-5": 0.0,
     "top-10": 0.0,
     "top-200": 0.23733333333333367,
     "exam": 0.5587346625766871,
     "wasted-effort": 65200
    }
   },
   "GP13": {
    "best_case": {
     "top-1": 0,
     "top-5": 0.0,
     "top-10": 0.0,
     "top-200": 0.9195,
     "exam": 0.0025383435582822084,
     "wasted-effort": 279
    },