{
 "matplotlib_5": {
  "line": {
   "Tarantula": {
    "best_case": {
     "top-1": 0.1116,
     "top-5": 0.5532,
     "top-10": 0.6695,
     "top-200": 0.3927,
     "exam": 7.100255609201931e-05,
     "wasted-effort": 9
    },
    "avg_case": {
     "top-1": 0.1107,
     "top-5": 0.5516,
     "top-10": 0.6694,
     "top-200": 0.3888,
     "exam": 7.100255609201931e-05,
     "wasted-effort": 9
    },
    "worst_case": {
     "top-1": 0.1066,
     "top-5": 0.553,
     "top-10": 0.6697,
     "top-200": 0.3931,
     "exam": 7.100255609201931e-05,
     "wasted-effort": 9
    }
   },
   "Ochiai": {
    "best_case": {
     "top-1": 0.1044,
     "top-5": 0.5624,
     "top-10": 0.6649,
     "top-200": 0.3834,
     "exam": 7.100255609201931e-05,
     "wasted-effort": 9
    },
    "avg_case": {
     "top-1": 0.1123,
     "top-5": 0.571,
     "top-10": 0.6695,
     "top-200": 0.3869,
     "exam": 7.100255609201931e-05,
     "wasted-effort": 9
    },
    "worst_case": {
     "top-1": 0.1111,
     "top-5": 0.5656,
     "top-10": 0.6698,
     "top-200": 0.396,
     "exam": 7.100255609201931e-05,
     "wasted-effort": 9
    }
   },
   "DStar": {
    "best_case": {
     "top-1": 0.0,
     "top-5": 0.0,
     "top-10": 0,
     "top-200": 0.0,
     "exam": 0.10615671053046799,
     "wasted-effort": 7952
    },
    "avg_case": {
     "top-1": 0.0,
     "top-5": 0.0,
     "top-10": 0.0,
     "top-200": 0.0,
     "exam": 0.10615671053046799,
     "wasted-effort": 7952
    },
    "worst_case": {
     "top-1": 0.0,
     "top-5": 0.0,
     "top-10": 0.0,
     "top-200": 0.0,
     "exam": 0.10615671053046799,
     "wasted-effort": 7952
    }
   },
   "Naish1": {
    "best_case": {
     "top-1": 0.1088,
     "top-5": 0.5556,
     "top-10": 0.6647,
     "top-200": 0.3934,
     "exam": 7.100255609201931e-05,
     "wasted-effort": 9
    },
    "avg_case": {
     "top-1": 0.108,
     "top-5": 0.5513,
     "top-10": 0.6664,
     "top-200": 0.3908,
     "exam": 7.100255609201931e-05,
     "wasted-effort": 9
    },
    "worst_case": {
     "top-1": 0.1079,
     "top-5": 0.5571,
     "top-10": 0.6599,
     "top-200": 0.4003,
     "exam": 7.100255609201931e-05,
     "wasted-effort": 9
    }
   },
   "Naish2": {
    "best_case": {
     "top-1": 0.1138,
     "top-5": 0.5614,
     "top-10": 0.6622,
     "top-200": 0.3962,
     "exam": 7.100255609201931e-05,
     "wasted-effort": 9
    },
    "avg_case": {
     "top-1": 0.1133,
     "top-5": 0.5563,
     "top-10": 0.6604,
     "top-200": 0.3961,
     "exam": 7.100255609201931e-05,
     "wasted-effort": 9
    },
    "worst_case": {
     "top-1": 0.1119,
     "top-5": 0.5494,
     "top-10": 0.6639,
     "top-200": 0.3875,
     "exam": 7.100255609201931e-05,
     "wasted-effort": 9
    }
   },
   "GP13": {
    "best_case": {
     "top-1": 0.1114,
     "top-5": 0.5614,
     "top-10": 0.6568,
     "top-200": 0.3896,
     "exam": 7.100255609201931e-05,
     "wasted-effort": 9
    },
    "avg_case": {
     "top-1": 0.1084,
     "top-5": 0.547,
     "top-10": 0.6713,
     "top-200": 0.3872,
     "exam": 7.100255609201931e-05,
     "wasted-effort": 9
    },
    "worst_case": {
     "top-1": 0.1118,
     "top-5": 0.5488,
     "top-10": 0.6643,
     "top-200": 0.3905,
     "exam": 7.100255609201931e-05,
     "wasted-effort": 9
    }
   }
  },
  "line_line": {
   "Tarantula": {
    "best_case": {
     "top-1": 0.1184,
     "top-5": 0.6191,
     "top-10": 0.9108,
     "top-200": 0.4444,
     "exam": 6.311338319290605e-05,
     "wasted-effort": 8
    },
    "avg_case": {
     "top-1": 0.1209,
     "top-5": 0.638,
     "top-10": 0.9039,
     "top-200": 0.4437,
     "exam": 6.311338319290605e-05,
     "wasted-effort": 8
    },
    "worst_case": {
     "top-1": 0.1254,
     "top-5": 0.6211,
     "top-10": 0.9073,
     "top-200": 0.4494,
     "exam": 6.311338319290605e-05,
     "wasted-effort": 8
    }
   },
   "Ochiai": {
    "best_case": {
     "top-1": 0.1249,
     "top-5": 0.6276,
     "top-10": 0.911,
     "top-200": 0.445,
     "exam": 6.311338319290605e-05,
     "wasted-effort": 8
    },
    "avg_case": {
     "top-1": 0.1204,
     "top-5": 0.6191,
     "top-10": 0.9093,
     "top-200": 0.4517,
     "exam": 6.311338319290605e-05,
     "wasted-effort": 8
    },
    "worst_case": {
     "top-1": 0.1253,
     "top-5": 0.6278,
     "top-10": 0.9066,
     "top-200": 0.4434,
     "exam": 6.311338319290605e-05,
     "wasted-effort": 8
    }
   },
   "DStar": {
    "best_case": {
     "top-1": 0.0,
     "top-5": 0.0,
     "top-10": 0.0,
     "top-200": 0.0,
     "exam": 0.10615671053046799,
     "wasted-effort": 7952
    },
    "avg_case": {
     "top-1": 0.0,
     "top-5": 0.0,
     "top-10": 0.0,
     "top-200": 0.0,
     "exam": 0.10615671053046799,
     "wasted-effort": 7952
    },
    "worst_case": {
     "top-1": 0.0,
     "top-5": 0.0,
     "top-10": 0.0,
     "top-200": 0.0,
     "exam": 0.10615671053046799,
     "wasted-effort": 7952
    }
   },
   "Naish1": {
    "best_case": {
     "top-1": 0.1209,
     "top-5": 0.6189,
     "top-10": 0.9069,
     "top-200": 0.4396,
     "exam": 6.311338319290605e-05,
     "wasted-effort": 8
    },
    "avg_case": {
     "top-1": 0.1286,
     "top-5": 0.6266,
     "top-10": 0.9092,
     "top-200": 0.4484,
     "exam": 6.311338319290605e-05,
     "wasted-effort": 8
    },
    "worst_case": {
     "top-1": 0.1248,
     "top-5": 0.6301,
     "top-10": 0.9045,
     "top-200": 0.4462,
     "exam": 6.311338319290605e-05,
     "wasted-effort": 8
    }
   },
   "Naish2": {
    "best_case": {
     "top-1": 0.1277,
     "top-5": 0.6273,
     "top-10": 0.9065,
     "top-200": 0.4409,
     "exam": 6.311338319290605e-05,
     "wasted-effort": 8
    },
    "avg_case": {
     "top-1": 0.1246,
     "top-5": 0.6243,
     "top-10": 0.913,
     "top-200": 0.4452,
     "exam": 6.311338319290605e-05,
     "wasted-effort": 8
    },
    "worst_case": {
     "top-1": 0.1244,
     "top-5": 0.6232,
     "top-10": 0.9151,
     "top-200": 0.4472,
     "exam": 6.311338319290605e-05,
     "wasted-effort": 8
    }
   },
   "GP13": {
    "best_case": {
     "top-1": 0.1248,
     "top-5": 0.6254,
     "top-10": 0.9113,
     "top-200": 0.4737,
     "exam": 6.311338319290605e-05,
     "wasted-effort": 8
    },
    "avg_case": {
     "top-1": 0.1312,
     "top-5": 0.6204,
     "top-10": 0.9083,
     "top-200": 0.4684,
     "exam": 6.311338319290605e-05,
     "wasted-effort": 8
    },
    "worst_case": {
     "top-1": 0.1302,
     "top-5": 0.6207,
     "top-10": 0.9089,
     "top-200": 0.4655,
     "exam": 6.311338319290605e-05,
     "wasted-effort": 8
    }
   }
  },
  "line_defuse": {
   "Tarantula": {
    "best_case": {
     "top-1": 0,
     "top-5": 0.5647,
     "top-10": 1,
     "top-200": 0.4353,
     "exam": 7.889172899113257e-05,
     "wasted-effort": 9
    },
    "avg_case": {
     "top-1": 0.0,
     "top-5": 0.5525,
     "top-10": 1,
     "top-200": 0.4316,
     "exam": 7.889172899113257e-05,
     "wasted-effort": 9
    },
    "worst_case": {
     "top-1": 0.0,
     "top-5": 0.556,
     "top-10": 1.0,
     "top-200": 0.4324,
     "exam": 7.889172899113257e-05,
     "wasted-effort": 9
    }
   },
   "Ochiai": {
    "best_case": {
     "top-1": 0,
     "top-5": 0.5545,
     "top-10": 1,
     "top-200": 0.4341,
     "exam": 7.889172899113257e-05,
     "wasted-effort": 9
    },
    "avg_case": {
     "top-1": 0.0,
     "top-5": 0.5576,
     "top-10": 1,
     "top-200": 0.4245,
     "exam": 7.889172899113257e-05,
     "wasted-effort": 9
    },
    "worst_case": {
     "top-1": 0.0,
     "top-5": 0.5508,
     "top-10": 1.0,
     "top-200": 0.4433,
     "exam": 7.889172899113257e-05,
     "wasted-effort": 9
    }
   },
   "DStar": {
    "best_case": {
     "top-1": 0,
     "top-5": 0.0,
     "top-10": 0.0,
     "top-200": 0.0,
     "exam": 0.10615671053046799,
     "wasted-effort": 7952
    },
    "avg_case": {
     "top-1": 0.0,
     "top-5": 0.0,
     "top-10": 0.0,
     "top-200": 0.0,
     "exam": 0.10615671053046799,