{
 "matplotlib_21": {
  "line": {
   "Tarantula": {
    "best_case": {
     "top-5": 0.0,
     "top-10": 0.0,
     "top-200": 0.891,
     "exam": 0.0027837423312883436,
     "wasted-effort": 295
    },
    "avg_case": {
     "top-5": 0.0,
     "top-10": 0.0,
     "top-200": 0.4453333333333331,
     "exam": 0.5587346625766871,
     "wasted-effort": 65200
    },
    "worst_case": {
     "top-5": 0.0,
     "top-10": 0.0,
     "top-200": 0.22283333333333347,
     "exam": 0.5587346625766871,
     "wasted-effort": 65200
    }
   },
   "Ochiai": {
    "best_case": {
     "top-5": 0.0,
     "top-10": 0.0,
     "top-200": 0.879,
     "exam": 0.0027837423312883436,
     "wasted-effort": 295
    },
    "avg_case": {
     "top-5": 0.0,
     "top-10": 0.0,
     "top-200": 0.4440000000000002,
     "exam": 0.5587346625766871,
     "wasted-effort": 65200
    },
    "worst_case": {
     "top-5": 0.0,
     "top-10": 0.0,
     "top-200": 0.2246666666666669,
     "exam": 0.5587346625766871,
     "wasted-effort": 65200
    }
   },
   "DStar": {
    "best_case": {
     "top-5": 0.0,
     "top-10": 0.0,
     "top-200": 0.891,
     "exam": 0.0027530674846625767,
     "wasted-effort": 293
    },
    "avg_case": {
     "top-5": 0.0,
     "top-10": 0.0,
     "top-200": 0.45666666666666705,
     "exam": 0.5587346625766871,
     "wasted-effort": 65200
    },
    "worst_case": {
     "top-5": 0.0,
     "top-10": 0.0,
     "top-200": 0.2258333333333336,
     "exam": 0.5587346625766871,
     "wasted-effort": 65200
    }
   }
  },
  "line_line": {
   "Tarantula": {
    "best_case": {
     "top-5": 0.0,
     "top-10": 0.0,
     "top-200": 0.906,
     "exam": 0.0027223926380368097,
     "wasted-effort": 291
    },
    "avg_case": {
     "top-5": 0.0,
     "top-10": 0.0,
     "top-200": 0.4653333333333345,
     "exam": 0.5587346625766871,
     "wasted-effort": 65200
    },
    "worst_case": {
     "top-5": 0.0,
     "top-10": 0.0,
     "top-200": 0.23183333333333356,
     "exam": 0.5587346625766871,
     "wasted-effort": 65200
    }
   },
   "Ochiai": {
    "best_case": {
     "top-5": 0.0,
     "top-10": 0.0,
     "top-200": 0.901,
     "exam": 0.0027223926380368097,
     "wasted-effort": 291
    },
    "avg_case": {
     "top-5": 0.0,
     "top-10": 0.0,
     "top-200": 0.4579999999999997,
     "exam": 0.5587346625766871,
     "wasted-effort": 65200
    },
    "worst_case": {
     "top-5": 0.0,
     "top-10": 0.0,
     "top-200": 0.23066666666666677,
     "exam": 0.5587346625766871,
     "wasted-effort": 65200
    }
   },
   "DStar": {
    "best_case": {
     "top-5": 0.0,
     "top-10": 0.0,
     "top-200": 0.904,
     "exam": 0.0027070552147239265,
     "wasted-effort": 290
    },
    "avg_case": {
     "top-5": 0.0,
     "top-10": 0.0,
     "top-200": 0.46300000000000047,
     "exam": 0.5587346625766871,
     "wasted-effort": 65200
    },
    "worst_case": {
     "top-5": 0.0,
     "top-10": 0.0,
     "top-200": 0.2275,
     "exam": 0.5587346625766871,
     "wasted-effort": 65200
    }
   }
  },
  "line_defuse": {
   "Tarantula": {
    "best_case": {
     "top-5": 0.0,
     "top-10": 0.0,
     "top-200": 0.898,
     "exam": 0.0027377300613496934,
     "wasted-effort": 292
    },
    "avg_case": {
     "top-5": 0.0,
     "top-10": 0.0,
     "top-200": 0.44966666666666694,
     "exam": 0.5587346625766871,
     "wasted-effort": 65200
    },
    "worst_case": {
     "top-5": 0.0,
     "top-10": 0.0,
     "top-200": 0.22416666666666685,
     "exam": 0.5587346625766871,
     "wasted-effort": 65200
    }
   },
   "Ochiai": {
    "best_case": {
     "top-5": 0.0,
     "top-10": 0.0,
     "top-200": 0.915,
     "exam": 0.0027377300613496934,
     "wasted-effort": 292
    },
    "avg_case": {
     "top-5": 0.0,
     "top-10": 0.0,
     "top-200": 0.455333333333333,
     "exam": 0.5587346625766871,
     "wasted-effort": 65200
    },
    "worst_case": {
     "top-5": 0.0,
     "top-10": 0.0,
     "top-200": 0.22766666666666668,
     "exam": 0.5587346625766871,
     "wasted-effort": 65200
    }
   },
   "DStar": {
    "best_case": {
     "top-5": 0.0,
     "top-10": 0.0,
     "top-200": 0.887,
     "exam": 0.0027070552147239265,
     "wasted-effort": 290
    },
    "avg_case": {
     "top-5": 0.0,
     "top-10": 0.0,
     "top-200": 0.45833333333333354,
     "exam": 0.5587346625766871,
     "wasted-effort": 65200
    },
    "worst_case": {
     "top-5": 0.0,
     "top-10": 0.0,
     "top-200": 0.2328333333333336,
     "exam": 0.5587346625766871,
     "wasted-effort": 65200
    }
   }
  },
  "line_defuses": {
   "Tarantula": {
    "best_case": {
     "top-5": 0.0,
     "top-10": 0.0,
     "top-200": 0.918,
     "exam": 0.0027377300613496934,
     "wasted-effort": 292
    },
    "avg_case": {
     "top-5": 0.0,
     "top-10": 0.0,
     "top-200": 0.45166666666666666,
     "exam": 0.5587346625766871,
     "wasted-effort": 65200
    },
    "worst_case": {
     "top-5": 0.0,
     "top-10": 0.0,
     "top-200": 0.22683333333333322,
     "exam": 0.5587346625766871,
     "wasted-effort": 65200
    }
   },
   "Ochiai": {
    "best_case": {
     "top-5": 0.0,
     "top-10": 0.0,
     "top-200": 0.9,
     "exam": 0.0027377300613496934,
     "wasted-effort": 292
    },
    "avg_case": {
     "top-5": 0.0,
     "top-10": 0.0,
     "top-200": 0.45800000000000013,
     "exam": 0.5587346625766871,
     "wasted-effort": 65200
    },
    "worst_case": {
     "top-5": 0.0,
     "top-10": 0.0,
     "top-200": 0.22966666666666682,
     "exam": 0.5587346625766871,
     "wasted-effort": 65200
    }
   },
   "DStar": {
    "best_case": {
     "top-5": 0.0,
     "top-10": 0.0,
     "top-200": 0.914,
     "exam": 0.0027070552147239265,
     "wasted-effort": 290
    },
    "avg_case": {
     "top-5": 0.0,
     "top-10": 0.0,
     "top-200": 0.46366666666666695,
     "exam": 0.5587346625766871,
     "wasted-effort": 65200
    },
    "worst_case": {
     "top-5": 0.0,
     "top-10": 0.0,
     "top-200": 0.22966666666666696,
     "exam": 0.5587346625766871,
     "wasted-effort": 65200
    }
   }
  },
  "line_assert_use": {
   "Tarantula": {
    "best_case": {
     "top-5": 0.0,
     "top-10": 0.0,
     "top-200": 0.9,
     "exam": 0.0027377300613496934,
     "wasted-effort": 292
    },
    "avg_case": {
     "top-5": 0.0,
     "top-10": 0.0,
     "top-200": 0.4526666666666673,
     "exam": 0.5587346625766871,
     "wasted-effort": 65200
    },
    "worst_case": {
     "top-5": 0.0,
     "top-10": 0.0,
     "top-200": 0.22766666666666668,
     "exam": 0.5587346625766871,
     "wasted-effort": 65200
    }
   },
   "Ochiai": {
    "best_case": {
     "top-5": 0.0,
     "top-10": 0.0,
     "top-200": 0.908,
     "exam": 0.0027377300613496934,
     "wasted-effort": 292
    },
    "avg_case": {
     "top-5": 0.0,
     "top-10": 0.0,
     "top-200": 0.450666666666667,
     "exam": 0.5587346625766871,
     "wasted-effort": 65200
    },
    "worst_case": {
     "top-5": 0.0,
     "top-10": 0.0,
     "top-200": 0.23383333333333323,
     "exam": 0.5587346625766871,
     "wasted-effort": 65200
    }
   },
   "DStar": {
    "best_case": {
     "top-5": 0.0,
     "top-10": 0.0,
     "top-200": 0.896,
     "exam": 0.0027070552147239265,
     "wasted-effort": 290
    },
    "avg_case": {
     "top-5": 0.0,
     "top-10": 0.0,
     "top-200": 0.45933333333333326,
     "exam": 0.5587346625766871,
     "wasted-effort": 65200
    },
    "worst_case": {
     "top-5": 0.0,
     "top-10": 0.0,
     "top-200": 0.22900000000000023,
     "exam": 0.5587346625766871,
     "wasted-effort": 65200
    }
   }
  },
  "line_assert_uses": {
   "Tarantula": {
    "best_case": {
     "top-5": 0.0,
     "top-10": 0.0,
     "top-200": 0.885,
     "exam": 0.0027377300613496934,
     "wasted-effort": 292
    },
    "avg_case": {
     "top-5": 0.0,
     "top-10": 0.0,
     "top-200": 0.45500000000000007,
     "exam": 0.5587346625766871,
     "wasted-effort": 65200
    },
    "worst_case": {
     "top-5": 0.0,
     "top-10": 0.0,