{
 "matplotlib_27": {
  "line": {
   "Tarantula": {
    "best_case": {
     "top-1": 0.0,
     "top-5": 0.0,
     "top-10": 0.0,
     "top-200": 0.0,
     "exam": 0.04499204357671828,
     "wasted-effort": 5538
    },
    "avg_case": {
     "top-1": 0.0,
     "top-5": 0.0,
     "top-10": 0.0,
     "top-200": 0.0,
     "exam": 0.04499204357671828,
     "wasted-effort": 5538
    },
    "worst_case": {
     "top-1": 0.0,
     "top-5": 0.0,
     "top-10": 0.0,
     "top-200": 0.0,
     "exam": 0.04499204357671828,
     "wasted-effort": 5538
    }
   },
   "Ochiai": {
    "best_case": {
     "top-1": 0.0,
     "top-5": 0.0,
     "top-10": 0.0,
     "top-200": 0.0,
     "exam": 0.04499204357671828,
     "wasted-effort": 5538
    },
    "avg_case": {
     "top-1": 0.0,
     "top-5": 0.0,
     "top-10": 0.0,
     "top-200": 0.0,
     "exam": 0.04499204357671828,
     "wasted-effort": 5538
    },
    "worst_case": {
     "top-1": 0.0,
     "top-5": 0.0,
     "top-10": 0.0,
     "top-200": 0.0,
     "exam": 0.04499204357671828,
     "wasted-effort": 5538
    }
   },
   "DStar": {
    "best_case": {
     "top-1": 0.0,
     "top-5": 0.0,
     "top-10": 0.0,
     "top-200": 0.0,
     "exam": 0.044946141134708364,
     "wasted-effort": 5535
    },
    "avg_case": {
     "top-1": 0.0,
     "top-5": 0.0,
     "top-10": 0.0,
     "top-200": 0.0,
     "exam": 0.044946141134708364,
     "wasted-effort": 5535
    },
    "worst_case": {
     "top-1": 0.0,
     "top-5": 0.0,
     "top-10": 0.0,
     "top-200": 0.0,
     "exam": 0.044946141134708364,
     "wasted-effort": 5535
    }
   },
   "Naish1": {
    "best_case": {
     "top-1": 0.0,
     "top-5": 0.0,
     "top-10": 0.0,
     "top-200": 0.0,
     "exam": 0.04499204357671828,
     "wasted-effort": 5538
    },
    "avg_case": {
     "top-1": 0.0,
     "top-5": 0.0,
     "top-10": 0.0,
     "top-200": 0.0,
     "exam": 0.04499204357671828,
     "wasted-effort": 5538
    },
    "worst_case": {
     "top-1": 0.0,
     "top-5": 0.0,
     "top-10": 0.0,
     "top-200": 0.0,
     "exam": 0.04499204357671828,
     "wasted-effort": 5538
    }
   },
   "Naish2": {
    "best_case": {
     "top-1": 0.0,
     "top-5": 0.0,
     "top-10": 0.0,
     "top-200": 0.0,
     "exam": 0.04499204357671828,
     "wasted-effort": 5538
    },
    "avg_case": {
     "top-1": 0.0,
     "top-5": 0.0,
     "top-10": 0.0,
     "top-200": 0.0,
     "exam": 0.04499204357671828,
     "wasted-effort": 5538
    },
    "worst_case": {
     "top-1": 0.0,
     "top-5": 0.0,
     "top-10": 0.0,
     "top-200": 0.0,
     "exam": 0.04499204357671828,
     "wasted-effort": 5538
    }
   },
   "GP13": {
    "best_case": {
     "top-1": 0.0,
     "top-5": 0.0,
     "top-10": 0.0,
     "top-200": 0.0,
     "exam": 0.04499204357671828,
     "wasted-effort": 5538
    },
    "avg_case": {
     "top-1": 0.0,
     "top-5": 0.0,
     "top-10": 0.0,
     "top-200": 0.0,
     "exam": 0.04499204357671828,
     "wasted-effort": 5538
    },
    "worst_case": {
     "top-1": 0.0,
     "top-5": 0.0,
     "top-10": 0.0,
     "top-200": 0.0,
     "exam": 0.04499204357671828,
     "wasted-effort": 5538
    }
   }
  },
  "line_line": {
   "Tarantula": {
    "best_case": {
     "top-1": 0.0,
     "top-5": 0.0,
     "top-10": 0.0,
     "top-200": 0.9129,
     "exam": 0.0029836587306444704,
     "wasted-effort": 218
    },
    "avg_case": {
     "top-1": 0.0,
     "top-5": 0.0,
     "top-10": 0.0,
     "top-200": 0.9183,
     "exam": 0.0029836587306444704,
     "wasted-effort": 218
    },
    "worst_case": {
     "top-1": 0.0,
     "top-5": 0.0,
     "top-10": 0.0,
     "top-200": 0.9183,
     "exam": 0.0029836587306444704,
     "wasted-effort": 218
    }
   },
   "Ochiai": {
    "best_case": {
     "top-1": 0.0,
     "top-5": 0.0,
     "top-10": 0.0,
     "top-200": 0.9177,
     "exam": 0.0029836587306444704,
     "wasted-effort": 218
    },
    "avg_case": {
     "top-1": 0.0,
     "top-5": 0.0,
     "top-10": 0.0,
     "top-200": 0.9165,
     "exam": 0.0029836587306444704,
     "wasted-effort": 218
    },
    "worst_case": {
     "top-1": 0.0,
     "top-5": 0.0,
     "top-10": 0.0,
     "top-200": 0.9172,
     "exam": 0.0029836587306444704,
     "wasted-effort": 218
    }
   },
   "DStar": {
    "best_case": {
     "top-1": 0.0,
     "top-5": 0.0,
     "top-10": 0.0,
     "top-200": 0.0,
     "exam": 0.0054011873431666566,
     "wasted-effort": 376
    },
    "avg_case": {
     "top-1": 0.0,
     "top-5": 0.0,
     "top-10": 0.0,
     "top-200": 0.0,
     "exam": 0.0054011873431666566,
     "wasted-effort": 376
    },
    "worst_case": {
     "top-1": 0.0,
     "top-5": 0.0,
     "top-10": 0.0,
     "top-200": 0.0,
     "exam": 0.0054011873431666566,
     "wasted-effort": 376
    }
   },
   "Naish1": {
    "best_case": {
     "top-1": 0.0,
     "top-5": 0.0,
     "top-10": 0.0,
     "top-200": 0.0,
     "exam": 0.07187557378052513,
     "wasted-effort": 9052
    },
    "avg_case": {
     "top-1": 0.0,
     "top-5": 0.0,
     "top-10": 0.0,
     "top-200": 0.0,
     "exam": 0.07187557378052513,
     "wasted-effort": 9052
    },
    "worst_case": {
     "top-1": 0.0,
     "top-5": 0.0,
     "top-10": 0.0,
     "top-200": 0.0,
     "exam": 0.07187557378052513,
     "wasted-effort": 9052
    }
   },
   "Naish2": {
    "best_case": {
     "top-1": 0.0,
     "top-5": 0.0,
     "top-10": 0.0,
     "top-200": 0.0,
     "exam": 0.005600097925209621,
     "wasted-effort": 389
    },
    "avg_case": {
     "top-1": 0.0,
     "top-5": 0.0,
     "top-10": 0.0,
     "top-200": 0.0,
     "exam": 0.005600097925209621,
     "wasted-effort": 389
    },
    "worst_case": {
     "top-1": 0.0,
     "top-5": 0.0,
     "top-10": 0.0,
     "top-200": 0.0,
     "exam": 0.005600097925209621,
     "wasted-effort": 389
    }
   },
   "GP13": {
    "best_case": {
     "top-1": 0.0,
     "top-5": 0,
     "top-10": 0.1889,
     "top-200": 0.9299,
     "exam": 0.00047432523410245427,
     "wasted-effort": 54
    },
    "avg_case": {
     "top-1": 0.0,
     "top-5": 0.0,
     "top-10": 0.1832,
     "top-200": 0.9379,
     "exam": 0.00047432523410245427,
     "wasted-effort": 54
    },
    "worst_case": {
     "top-1": 0.0,
     "top-5": 0.0,
     "top-10": 0.1834,
     "top-200": 0.9272,
     "exam": 0.00047432523410245427,
     "wasted-effort": 54
    }
   }
  },
  "line_defuse": {
   "Tarantula": {
    "best_case": {
     "top-1": 0.0,
     "top-5": 0.0,
     "top-10": 0.0,
     "top-200": 0.0,
     "exam": 0.02225503396780709,
     "wasted-effort": 2566
    },
    "avg_case": {
     "top-1": 0.0,
     "top-5": 0.0,
     "top-10": 0.0,
     "top-200": 0.0,
     "exam": 0.02225503396780709,
     "wasted-effort": 2566
    },
    "worst_case": {
     "top-1": 0.0,
     "top-5": 0.0,
     "top-10": 0.0,
     "top-200": 0.0,
     "exam": 0.02225503396780709,
     "wasted-effort": 2566
    }
   },
   "Ochiai": {
    "best_case": {
     "top-1": 0.0,
     "top-5": 0.0,
     "top-10": 0.0,
     "top-200": 0.0,
     "exam": 0.02225503396780709,
     "wasted-effort": 2566
    },
    "avg_case": {
     "top-1": 0.0,
     "top-5": 0.0,
     "top-10": 0.0,
     "top-200": 0.0,
     "exam": 0.02225503396780709,
     "wasted-effort": 2566
    },
    "worst_case": {
     "top-1": 0.0,
     "top-5": 0.0,
     "top-10": 0.0,
     "top-200": 0.0,
     "exam": 0.02225503396780709,
     "wasted-effort": 2566
    }
   },
   "DStar": {
    "best_case": {
     "top-1": 0.0,
     "top-5": 0.0,
     "top-10": 0.0,
     "top-200": 0.0,
     "exam": 0.022209131525797173,
     "wasted-effort": 2563
    },
    "avg_case": {
     "top-1": 0.0,
     "top-5": 0.0,
     "top-10": 0.0,
     "top-200": 0.0,
     "exam": 0.022209131525797173,
     "wasted-effort": 2563
    },
    "worst_case": {
     "top-1": 0.0,
     "top-5": 0.0,
     "top-10": 0.0,
     "top-200": 0.0,
     "exam": 0.022209131525797173,
     "wasted-effort": 2563
    }
   },
   "Naish1": {
    "best_case": {
     "top-1": 0.0,
     "top-5": 0.0,
     "top-10": 0.0,