{
 "matplotlib_9": {
  "line": {
   "Tarantula": {
    "best_case": {
     "top-5": 0.0,
     "top-10": 0.0,
     "top-200": 0.0,
     "exam": 0.010327607187445676,
     "wasted-effort": 809
    },
    "avg_case": {
     "top-5": 0.0,
     "top-10": 0.0,
     "top-200": 0.0,
     "exam": 0.010327607187445676,
     "wasted-effort": 809
    },
    "worst_case": {
     "top-5": 0.0,
     "top-10": 0.0,
     "top-200": 0.0,
     "exam": 0.010327607187445676,
     "wasted-effort": 809
    }
   },
   "Ochiai": {
    "best_case": {
     "top-5": 0.0,
     "top-10": 0.0,
     "top-200": 0.0,
     "exam": 0.010327607187445676,
     "wasted-effort": 809
    },
    "avg_case": {
     "top-5": 0.0,
     "top-10": 0.0,
     "top-200": 0.0,
     "exam": 0.010327607187445676,
     "wasted-effort": 809
    },
    "worst_case": {
     "top-5": 0.0,
     "top-10": 0.0,
     "top-200": 0.0,
     "exam": 0.010327607187445676,
     "wasted-effort": 809
    }
   },
   "DStar": {
    "best_case": {
     "top-5": 0,
     "top-10": 0.0,
     "top-200": 0.0,
     "exam": 0.009569037723027324,
     "wasted-effort": 761
    },
    "avg_case": {
     "top-5": 0.0,
     "top-10": 0.0,
     "top-200": 0.0,
     "exam": 0.009569037723027324,
     "wasted-effort": 761
    },
    "worst_case": {
     "top-5": 0.0,
     "top-10": 0.0,
     "top-200": 0.0,
     "exam": 0.009569037723027324,
     "wasted-effort": 761
    }
   }
  },
  "line_line": {
   "Tarantula": {
    "best_case": {
     "top-5": 0.0,
     "top-10": 0.0,
     "top-200": 0.0,
     "exam": 0.04526921314221597,
     "wasted-effort": 3020
    },
    "avg_case": {
     "top-5": 0.0,
     "top-10": 0.0,
     "top-200": 0.0,
     "exam": 0.04526921314221597,
     "wasted-effort": 3020
    },
    "worst_case": {
     "top-5": 0.0,
     "top-10": 0.0,
     "top-200": 0.0,
     "exam": 0.04526921314221597,
     "wasted-effort": 3020
    }
   },
   "Ochiai": {
    "best_case": {
     "top-5": 0.0,
     "top-10": 0.0,
     "top-200": 0.0,
     "exam": 0.04526921314221597,
     "wasted-effort": 3020
    },
    "avg_case": {
     "top-5": 0.0,
     "top-10": 0.0,
     "top-200": 0.0,
     "exam": 0.04526921314221597,
     "wasted-effort": 3020
    },
    "worst_case": {
     "top-5": 0.0,
     "top-10": 0.0,
     "top-200": 0.0,
     "exam": 0.04526921314221597,
     "wasted-effort": 3020
    }
   },
   "DStar": {
    "best_case": {
     "top-5": 0,
     "top-10": 0.0,
     "top-200": 0.0,
     "exam": 0.04451064367779762,
     "wasted-effort": 2972
    },
    "avg_case": {
     "top-5": 0.0,
     "top-10": 0.0,
     "top-200": 0.0,
     "exam": 0.04451064367779762,
     "wasted-effort": 2972
    },
    "worst_case": {
     "top-5": 0.0,
     "top-10": 0.0,
     "top-200": 0.0,
     "exam": 0.04451064367779762,
     "wasted-effort": 2972
    }
   }
  },
  "line_defuse": {
   "Tarantula": {
    "best_case": {
     "top-5": 0.0,
     "top-10": 0.0,
     "top-200": 0,
     "exam": 0.04526921314221597,
     "wasted-effort": 3020
    },
    "avg_case": {
     "top-5": 0.0,
     "top-10": 0.0,
     "top-200": 0.0,
     "exam": 0.04526921314221597,
     "wasted-effort": 3020
    },
    "worst_case": {
     "top-5": 0.0,
     "top-10": 0.0,
     "top-200": 0.0,
     "exam": 0.04526921314221597,
     "wasted-effort": 3020
    }
   },
   "Ochiai": {
    "best_case": {
     "top-5": 0.0,
     "top-10": 0.0,
     "top-200": 0.0,
     "exam": 0.04526921314221597,
     "wasted-effort": 3020
    },
    "avg_case": {
     "top-5": 0.0,
     "top-10": 0.0,
     "top-200": 0.0,
     "exam": 0.04526921314221597,
     "wasted-effort": 3020
    },
    "worst_case": {
     "top-5": 0.0,
     "top-10": 0.0,
     "top-200": 0.0,
     "exam": 0.04526921314221597,
     "wasted-effort": 3020
    }
   },
   "DStar": {
    "best_case": {
     "top-5": 0,
     "top-10": 0.0,
     "top-200": 0.0,
     "exam": 0.04451064367779762,
     "wasted-effort": 2972
    },
    "avg_case": {
     "top-5": 0.0,
     "top-10": 0.0,
     "top-200": 0.0,
     "exam": 0.04451064367779762,
     "wasted-effort": 2972
    },
    "worst_case": {
     "top-5": 0.0,
     "top-10": 0.0,
     "top-200": 0.0,
     "exam": 0.04451064367779762,
     "wasted-effort": 2972
    }
   }
  },
  "line_defuses": {
   "Tarantula": {
    "best_case": {
     "top-5": 0.0,
     "top-10": 0.0,
     "top-200": 0,
     "exam": 0.04526921314221597,
     "wasted-effort": 3020
    },
    "avg_case": {
     "top-5": 0.0,
     "top-10": 0.0,
     "top-200": 0.0,
     "exam": 0.04526921314221597,
     "wasted-effort": 3020
    },
    "worst_case": {
     "top-5": 0.0,
     "top-10": 0.0,
     "top-200": 0.0,
     "exam": 0.04526921314221597,
     "wasted-effort": 3020
    }
   },
   "Ochiai": {
    "best_case": {
     "top-5": 0.0,
     "top-10": 0.0,
     "top-200": 0.0,
     "exam": 0.04526921314221597,
     "wasted-effort": 3020
    },
    "avg_case": {
     "top-5": 0.0,
     "top-10": 0.0,
     "top-200": 0.0,
     "exam": 0.04526921314221597,
     "wasted-effort": 3020
    },
    "worst_case": {
     "top-5": 0.0,
     "top-10": 0.0,
     "top-200": 0.0,
     "exam": 0.04526921314221597,
     "wasted-effort": 3020
    }
   },
   "DStar": {
    "best_case": {
     "top-5": 0,
     "top-10": 0,
     "top-200": 0.0,
     "exam": 0.04134993757605449,
     "wasted-effort": 2772
    },
    "avg_case": {
     "top-5": 0.0,
     "top-10": 0.0,
     "top-200": 0.0,
     "exam": 0.04134993757605449,
     "wasted-effort": 2772
    },
    "worst_case": {
     "top-5": 0.0,
     "top-10": 0.0,
     "top-200": 0.0,
     "exam": 0.04134993757605449,
     "wasted-effort": 2772
    }
   }
  },
  "line_assert_use": {
   "Tarantula": {
    "best_case": {
     "top-5": 0.0,
     "top-10": 0.0,
     "top-200": 0,
     "exam": 0.04526921314221597,
     "wasted-effort": 3020
    },
    "avg_case": {
     "top-5": 0.0,
     "top-10": 0.0,
     "top-200": 0.0,
     "exam": 0.04526921314221597,
     "wasted-effort": 3020
    },
    "worst_case": {
     "top-5": 0.0,
     "top-10": 0.0,
     "top-200": 0.0,
     "exam": 0.04526921314221597,
     "wasted-effort": 3020
    }
   },
   "Ochiai": {
    "best_case": {
     "top-5": 0.0,
     "top-10": 0.0,
     "top-200": 0.0,
     "exam": 0.04526921314221597,
     "wasted-effort": 3020
    },
    "avg_case": {
     "top-5": 0.0,
     "top-10": 0.0,
     "top-200": 0.0,
     "exam": 0.04526921314221597,
     "wasted-effort": 3020
    },
    "worst_case": {
     "top-5": 0.0,
     "top-10": 0.0,
     "top-200": 0.0,
     "exam": 0.04526921314221597,
     "wasted-effort": 3020
    }
   },
   "DStar": {
    "best_case": {
     "top-5": 0,
     "top-10": 0.0,
     "top-200": 0.0,
     "exam": 0.04451064367779762,
     "wasted-effort": 2972
    },
    "avg_case": {
     "top-5": 0.0,
     "top-10": 0.0,
     "top-200": 0.0,
     "exam": 0.04451064367779762,
     "wasted-effort": 2972
    },
    "worst_case": {
     "top-5": 0.0,
     "top-10": 0.0,
     "top-200": 0.0,
     "exam": 0.04451064367779762,
     "wasted-effort": 2972
    }
   }
  },
  "line_assert_uses": {
   "Tarantula": {
    "best_case": {
     "top-5": 0.0,
     "top-10": 0.0,
     "top-200": 0,
     "exam": 0.04526921314221597,
     "wasted-effort": 3020
    },
    "avg_case": {
     "top-5": 0.0,
     "top-10": 0.0,
     "top-200": 0.0,
     "exam": 0.04526921314221597,
     "wasted-effort": 3020
    },
    "worst_case": {
     "top-5": 0.0,
     "top-10": 0.0,
     "top-200": 0.0,
     "exam": 0.04526921314221597,
     "wasted-effort": 3020
    }
   },
   "Ochiai": {
    "best_case": {
     "top-5": 0.0,
     "top-10": 0.0,
     "top-200": 0.0,
     "exam": 0.04526921314221597,
     "wasted-effort": 3020
    },
    "avg_case": {
     "top-5": 0.0,
     "top-10": 0.0,
     "top-200": 0.0,
     "exam": 0.04526921314221597,
     "wasted-effort": 3020
    },
    "worst_case": {
     "top-5": 0.0,
     "top-10": 0.0,
     "top-200": 0.0,
     "exam": 0.04526921314221597,
     "wasted-effort": 3020
    }
   },