{
 "middle_2": {
  "line": {
   "Tarantula": {
    "best_case": {
     "top-1": 1,
     "top-5": 0.5583,
     "top-10": 1,
     "top-200": 1,
     "exam": 0.08333333333333333,
     "wasted-effort": 1
    },
    "avg_case": {
     "top-1": 1,
     "top-5": 0.5619,
     "top-10": 1,
     "top-200": 1,
     "exam": 0.08333333333333333,
     "wasted-effort": 1
    },
    "worst_case": {
     "top-1": 1.0,
     "top-5": 0.5579,
     "top-10": 1.0,
     "top-200": 1.0,
     "exam": 0.08333333333333333,
     "wasted-effort": 1
    }
   },
   "Ochiai": {
    "best_case": {
     "top-1": 1,
     "top-5": 0.5555,
     "top-10": 1,
     "top-200": 1,
     "exam": 0.08333333333333333,
     "wasted-effort": 1
    },
    "avg_case": {
     "top-1": 1,
     "top-5": 0.5583,
     "top-10": 1,
     "top-200": 1,
     "exam": 0.08333333333333333,
     "wasted-effort": 1
    },
    "worst_case": {
     "top-1": 1.0,
     "top-5": 0.5519,
     "top-10": 1.0,
     "top-200": 1.0,
     "exam": 0.08333333333333333,
     "wasted-effort": 1
    }
   },
   "DStar": {
    "best_case": {
     "top-1": 1,
     "top-5": 0.5583,
     "top-10": 1,
     "top-200": 1,
     "exam": 0.08333333333333333,
     "wasted-effort": 1
    },
    "avg_case": {
     "top-1": 1,
     "top-5": 0.5539,
     "top-10": 1,
     "top-200": 1,
     "exam": 0.08333333333333333,
     "wasted-effort": 1
    },
    "worst_case": {
     "top-1": 1.0,
     "top-5": 0.5583,
     "top-10": 1.0,
     "top-200": 1.0,
     "exam": 0.08333333333333333,
     "wasted-effort": 1
    }
   },
   "Naish1": {
    "best_case": {
     "top-1": 1,
     "top-5": 0.5529,
     "top-10": 1,
     "top-200": 1,
     "exam": 0.08333333333333333,
     "wasted-effort": 1
    },
    "avg_case": {
     "top-1": 1,
     "top-5": 0.5571,
     "top-10": 1,
     "top-200": 1,
     "exam": 0.08333333333333333,
     "wasted-effort": 1
    },
    "worst_case": {
     "top-1": 1.0,
     "top-5": 0.5572,
     "top-10": 1.0,
     "top-200": 1.0,
     "exam": 0.08333333333333333,
     "wasted-effort": 1
    }
   },
   "Naish2": {
    "best_case": {
     "top-1": 1,
     "top-5": 0.7131,
     "top-10": 1,
     "top-200": 1,
     "exam": 0.08333333333333333,
     "wasted-effort": 1
    },
    "avg_case": {
     "top-1": 1,
     "top-5": 0.7082,
     "top-10": 1,
     "top-200": 1,
     "exam": 0.08333333333333333,
     "wasted-effort": 1
    },
    "worst_case": {
     "top-1": 1.0,
     "top-5": 0.7156,
     "top-10": 1.0,
     "top-200": 1.0,
     "exam": 0.08333333333333333,
     "wasted-effort": 1
    }
   },
   "GP13": {
    "best_case": {
     "top-1": 1,
     "top-5": 0.5532,
     "top-10": 1,
     "top-200": 1,
     "exam": 0.08333333333333333,
     "wasted-effort": 1
    },
    "avg_case": {
     "top-1": 1,
     "top-5": 0.5381,
     "top-10": 1,
     "top-200": 1,
     "exam": 0.08333333333333333,
     "wasted-effort": 1
    },
    "worst_case": {
     "top-1": 1.0,
     "top-5": 0.5531,
     "top-10": 1.0,
     "top-200": 1.0,
     "exam": 0.08333333333333333,
     "wasted-effort": 1
    }
   }
  },
  "line_line": {
   "Tarantula": {
    "best_case": {
     "top-1": 1,
     "top-5": 0.5644,
     "top-10": 1,
     "top-200": 1,
     "exam": 0.08333333333333333,
     "wasted-effort": 1
    },
    "avg_case": {
     "top-1": 1,
     "top-5": 0.5568,
     "top-10": 1,
     "top-200": 1,
     "exam": 0.08333333333333333,
     "wasted-effort": 1
    },
    "worst_case": {
     "top-1": 1.0,
     "top-5": 0.5627,
     "top-10": 1.0,
     "top-200": 1.0,
     "exam": 0.08333333333333333,
     "wasted-effort": 1
    }
   },
   "Ochiai": {
    "best_case": {
     "top-1": 1,
     "top-5": 0.5524,
     "top-10": 1,
     "top-200": 1,
     "exam": 0.08333333333333333,
     "wasted-effort": 1
    },
    "avg_case": {
     "top-1": 1,
     "top-5": 0.5601,
     "top-10": 1,
     "top-200": 1,
     "exam": 0.08333333333333333,
     "wasted-effort": 1
    },
    "worst_case": {
     "top-1": 1.0,
     "top-5": 0.5543,
     "top-10": 1.0,
     "top-200": 1.0,
     "exam": 0.08333333333333333,
     "wasted-effort": 1
    }
   },
   "DStar": {
    "best_case": {
     "top-1": 1,
     "top-5": 0.5544,
     "top-10": 1,
     "top-200": 1,
     "exam": 0.08333333333333333,
     "wasted-effort": 1
    },
    "avg_case": {
     "top-1": 1,
     "top-5": 0.556,
     "top-10": 1,
     "top-200": 1,
     "exam": 0.08333333333333333,
     "wasted-effort": 1
    },
    "worst_case": {
     "top-1": 1.0,
     "top-5": 0.5544,
     "top-10": 1.0,
     "top-200": 1.0,
     "exam": 0.08333333333333333,
     "wasted-effort": 1
    }
   },
   "Naish1": {
    "best_case": {
     "top-1": 1,
     "top-5": 0.5434,
     "top-10": 1,
     "top-200": 1,
     "exam": 0.08333333333333333,
     "wasted-effort": 1
    },
    "avg_case": {
     "top-1": 1,
     "top-5": 0.5501,
     "top-10": 1,
     "top-200": 1,
     "exam": 0.08333333333333333,
     "wasted-effort": 1
    },
    "worst_case": {
     "top-1": 1.0,
     "top-5": 0.5598,
     "top-10": 1.0,
     "top-200": 1.0,
     "exam": 0.08333333333333333,
     "wasted-effort": 1
    }
   },
   "Naish2": {
    "best_case": {
     "top-1": 1,
     "top-5": 0.5548,
     "top-10": 1,
     "top-200": 1,
     "exam": 0.08333333333333333,
     "wasted-effort": 1
    },
    "avg_case": {
     "top-1": 1,
     "top-5": 0.5505,
     "top-10": 1,
     "top-200": 1,
     "exam": 0.08333333333333333,
     "wasted-effort": 1
    },
    "worst_case": {
     "top-1": 1.0,
     "top-5": 0.5545,
     "top-10": 1.0,
     "top-200": 1.0,
     "exam": 0.08333333333333333,
     "wasted-effort": 1
    }
   },
   "GP13": {
    "best_case": {
     "top-1": 1,
     "top-5": 0.5544,
     "top-10": 1,
     "top-200": 1,
     "exam": 0.08333333333333333,
     "wasted-effort": 1
    },
    "avg_case": {
     "top-1": 1,
     "top-5": 0.559,
     "top-10": 1,
     "top-200": 1,
     "exam": 0.08333333333333333,
     "wasted-effort": 1
    },
    "worst_case": {
     "top-1": 1.0,
     "top-5": 0.5614,
     "top-10": 1.0,
     "top-200": 1.0,
     "exam": 0.08333333333333333,
     "wasted-effort": 1
    }
   }
  },
  "line_defuse": {
   "Tarantula": {
    "best_case": {
     "top-1": 1,
     "top-5": 0.5541,
     "top-10": 1,
     "top-200": 1,
     "exam": 0.08333333333333333,
     "wasted-effort": 1
    },
    "avg_case": {
     "top-1": 1,
     "top-5": 0.5537,
     "top-10": 1,
     "top-200": 1,
     "exam": 0.08333333333333333,
     "wasted-effort": 1
    },
    "worst_case": {
     "top-1": 1.0,
     "top-5": 0.5522,
     "top-10": 1.0,
     "top-200": 1.0,
     "exam": 0.08333333333333333,
     "wasted-effort": 1
    }
   },
   "Ochiai": {
    "best_case": {
     "top-1": 1,
     "top-5": 0.555,
     "top-10": 1,
     "top-200": 1,
     "exam": 0.08333333333333333,
     "wasted-effort": 1
    },
    "avg_case": {
     "top-1": 1,
     "top-5": 0.5525,
     "top-10": 1,
     "top-200": 1,
     "exam": 0.08333333333333333,
     "wasted-effort": 1
    },
    "worst_case": {
     "top-1": 1.0,
     "top-5": 0.5504,
     "top-10": 1.0,
     "top-200": 1.0,
     "exam": 0.08333333333333333,
     "wasted-effort": 1
    }
   },
   "DStar": {
    "best_case": {
     "top-1": 1,
     "top-5": 0.5623,
     "top-10": 1,
     "top-200": 1,
     "exam": 0.08333333333333333,
     "wasted-effort": 1
    },
    "avg_case": {
     "top-1": 1,
     "top-5": 0.5549,
     "top-10": 1,
     "top-200": 1,
     "exam": 0.08333333333333333,
     "wasted-effort": 1
    },
    "worst_case": {
     "top-1": 1.0,
     "top-5": 0.5551,
     "top-10": 1.0,
     "top-200": 1.0,
     "exam": 0.08333333333333333,
     "wasted-effort": 1
    }
   },
   "Naish1": {
    "best_case": {
     "top-1": 1,
     "top-5": 0.5651,
     "top-10": 1,
     "top-200": 1,
     "exam": 0.08333333333333333,
     "wasted-effort": 1
    },
    "avg_case": {
     "top-1": 1,
     "top-5": 0.565,
     "top-10": 1,
     "top-200": 1,
     "exam": 0.08333333333333333,
     "wasted-effort": 1
    },