{
 "middle_2": {
  "line": {
   "Tarantula": {
    "best_case": {
     "top-1": 1,
     "top-5": 0.5512,
     "top-10": 1,
     "top-200": 1,
     "exam": 0.08333333333333333,
     "wasted-effort": 1
    },
    "avg_case": {
     "top-1": 1,
     "top-5": 0.5603,
     "top-10": 1,
     "top-200": 1,
     "exam": 0.08333333333333333,
     "wasted-effort": 1
    },
    "worst_case": {
     "top-1": 1.0,
     "top-5": 0.5564,
     "top-10": 1.0,
     "top-200": 1.0,
     "exam": 0.08333333333333333,
     "wasted-effort": 1
    }
   },
   "Ochiai": {
    "best_case": {
     "top-1": 1,
     "top-5": 0.5544,
     "top-10": 1,
     "top-200": 1,
     "exam": 0.08333333333333333,
     "wasted-effort": 1
    },
    "avg_case": {
     "top-1": 1,
     "top-5": 0.5593,
     "top-10": 1,
     "top-200": 1,
     "exam": 0.08333333333333333,
     "wasted-effort": 1
    },
    "worst_case": {
     "top-1": 1.0,
     "top-5": 0.5577,
     "top-10": 1.0,
     "top-200": 1.0,
     "exam": 0.08333333333333333,
     "wasted-effort": 1
    }
   },
   "DStar": {
    "best_case": {
     "top-1": 1,
     "top-5": 0.5567,
     "top-10": 1,
     "top-200": 1,
     "exam": 0.08333333333333333,
     "wasted-effort": 1
    },
    "avg_case": {
     "top-1": 1,
     "top-5": 0.5581,
     "top-10": 1,
     "top-200": 1,
     "exam": 0.08333333333333333,
     "wasted-effort": 1
    },
    "worst_case": {
     "top-1": 1.0,
     "top-5": 0.5444,
     "top-10": 1.0,
     "top-200": 1.0,
     "exam": 0.08333333333333333,
     "wasted-effort": 1
    }
   },
   "Naish2": {
    "best_case": {
     "top-1": 1,
     "top-5": 0.7265,
     "top-10": 1,
     "top-200": 1,
     "exam": 0.08333333333333333,
     "wasted-effort": 1
    },
    "avg_case": {
     "top-1": 1,
     "top-5": 0.7186,
     "top-10": 1,
     "top-200": 1,
     "exam": 0.08333333333333333,
     "wasted-effort": 1
    },
    "worst_case": {
     "top-1": 1.0,
     "top-5": 0.7147,
     "top-10": 1.0,
     "top-200": 1.0,
     "exam": 0.08333333333333333,
     "wasted-effort": 1
    }
   },
   "GP13": {
    "best_case": {
     "top-1": 1,
     "top-5": 0.561,
     "top-10": 1,
     "top-200": 1,
     "exam": 0.08333333333333333,
     "wasted-effort": 1
    },
    "avg_case": {
     "top-1": 1,
     "top-5": 0.5424,
     "top-10": 1,
     "top-200": 1,
     "exam": 0.08333333333333333,
     "wasted-effort": 1
    },
    "worst_case": {
     "top-1": 1.0,
     "top-5": 0.5474,
     "top-10": 1.0,
     "top-200": 1.0,
     "exam": 0.08333333333333333,
     "wasted-effort": 1
    }
   }
  },
  "line_line": {
   "Tarantula": {
    "best_case": {
     "top-1": 1,
     "top-5": 0.5521,
     "top-10": 1,
     "top-200": 1,
     "exam": 0.08333333333333333,
     "wasted-effort": 1
    },
    "avg_case": {
     "top-1": 1,
     "top-5": 0.5591,
     "top-10": 1,
     "top-200": 1,
     "exam": 0.08333333333333333,
     "wasted-effort": 1
    },
    "worst_case": {
     "top-1": 1.0,
     "top-5": 0.5537,
     "top-10": 1.0,
     "top-200": 1.0,
     "exam": 0.08333333333333333,
     "wasted-effort": 1
    }
   },
   "Ochiai": {
    "best_case": {
     "top-1": 1,
     "top-5": 0.5601,
     "top-10": 1,
     "top-200": 1,
     "exam": 0.08333333333333333,
     "wasted-effort": 1
    },
    "avg_case": {
     "top-1": 1,
     "top-5": 0.5617,
     "top-10": 1,
     "top-200": 1,
     "exam": 0.08333333333333333,
     "wasted-effort": 1
    },
    "worst_case": {
     "top-1": 1.0,
     "top-5": 0.5578,
     "top-10": 1.0,
     "top-200": 1.0,
     "exam": 0.08333333333333333,
     "wasted-effort": 1
    }
   },
   "DStar": {
    "best_case": {
     "top-1": 1,
     "top-5": 0.5537,
     "top-10": 1,
     "top-200": 1,
     "exam": 0.08333333333333333,
     "wasted-effort": 1
    },
    "avg_case": {
     "top-1": 1,
     "top-5": 0.5582,
     "top-10": 1,
     "top-200": 1,
     "exam": 0.08333333333333333,
     "wasted-effort": 1
    },
    "worst_case": {
     "top-1": 1.0,
     "top-5": 0.5537,
     "top-10": 1.0,
     "top-200": 1.0,
     "exam": 0.08333333333333333,
     "wasted-effort": 1
    }
   },
   "Naish2": {
    "best_case": {
     "top-1": 1,
     "top-5": 0.5581,
     "top-10": 1,
     "top-200": 1,
     "exam": 0.08333333333333333,
     "wasted-effort": 1
    },
    "avg_case": {
     "top-1": 1,
     "top-5": 0.5557,
     "top-10": 1,
     "top-200": 1,
     "exam": 0.08333333333333333,
     "wasted-effort": 1
    },
    "worst_case": {
     "top-1": 1.0,
     "top-5": 0.5534,
     "top-10": 1.0,
     "top-200": 1.0,
     "exam": 0.08333333333333333,
     "wasted-effort": 1
    }
   },
   "GP13": {
    "best_case": {
     "top-1": 1,
     "top-5": 0.5495,
     "top-10": 1,
     "top-200": 1,
     "exam": 0.08333333333333333,
     "wasted-effort": 1
    },
    "avg_case": {
     "top-1": 1,
     "top-5": 0.5507,
     "top-10": 1,
     "top-200": 1,
     "exam": 0.08333333333333333,
     "wasted-effort": 1
    },
    "worst_case": {
     "top-1": 1.0,
     "top-5": 0.5581,
     "top-10": 1.0,
     "top-200": 1.0,
     "exam": 0.08333333333333333,
     "wasted-effort": 1
    }
   }
  },
  "line_defuse": {
   "Tarantula": {
    "best_case": {
     "top-1": 1,
     "top-5": 0.5545,
     "top-10": 1,
     "top-200": 1,
     "exam": 0.08333333333333333,
     "wasted-effort": 1
    },
    "avg_case": {
     "top-1": 1,
     "top-5": 0.5578,
     "top-10": 1,
     "top-200": 1,
     "exam": 0.08333333333333333,
     "wasted-effort": 1
    },
    "worst_case": {
     "top-1": 1.0,
     "top-5": 0.5505,
     "top-10": 1.0,
     "top-200": 1.0,
     "exam": 0.08333333333333333,
     "wasted-effort": 1
    }
   },
   "Ochiai": {
    "best_case": {
     "top-1": 1,
     "top-5": 0.5571,
     "top-10": 1,
     "top-200": 1,
     "exam": 0.08333333333333333,
     "wasted-effort": 1
    },
    "avg_case": {
     "top-1": 1,
     "top-5": 0.5586,
     "top-10": 1,
     "top-200": 1,
     "exam": 0.08333333333333333,
     "wasted-effort": 1
    },
    "worst_case": {
     "top-1": 1.0,
     "top-5": 0.5525,
     "top-10": 1.0,
     "top-200": 1.0,
     "exam": 0.08333333333333333,
     "wasted-effort": 1
    }
   },
   "DStar": {
    "best_case": {
     "top-1": 1,
     "top-5": 0.5569,
     "top-10": 1,
     "top-200": 1,
     "exam": 0.08333333333333333,
     "wasted-effort": 1
    },
    "avg_case": {
     "top-1": 1,
     "top-5": 0.5626,
     "top-10": 1,
     "top-200": 1,
     "exam": 0.08333333333333333,
     "wasted-effort": 1
    },
    "worst_case": {
     "top-1": 1.0,
     "top-5": 0.5536,
     "top-10": 1.0,
     "top-200": 1.0,
     "exam": 0.08333333333333333,
     "wasted-effort": 1
    }
   },
   "Naish2": {
    "best_case": {
     "top-1": 1,
     "top-5": 0.5547,
     "top-10": 1,
     "top-200": 1,
     "exam": 0.08333333333333333,
     "wasted-effort": 1
    },
    "avg_case": {
     "top-1": 1,
     "top-5": 0.5505,
     "top-10": 1,
     "top-200": 1,
     "exam": 0.08333333333333333,
     "wasted-effort": 1
    },
    "worst_case": {
     "top-1": 1.0,
     "top-5": 0.5585,
     "top-10": 1.0,
     "top-200": 1.0,
     "exam": 0.08333333333333333,
     "wasted-effort": 1
    }
   },
   "GP13": {
    "best_case": {
     "top-1": 1,
     "top-5": 0.5519,
     "top-10": 1,
     "top-200": 1,
     "exam": 0.08333333333333333,
     "wasted-effort": 1
    },
    "avg_case": {
     "top-1": 1,
     "top-5": 0.5464,
     "top-10": 1,
     "top-200": 1,
     "exam": 0.08333333333333333,
     "wasted-effort": 1
    },
    "worst_case": {
     "top-1": 1.0,
     "top-5": 0.5464,
     "top-10": 1.0,
     "top-200": 1.0,
     "exam": 0.08333333333333333,
     "wasted-effort": 1
    }
   }
  },
  "line_defuses": {
   "Tarantula": {
    "best_case": {
     "top-1": 1,
     "top-5": 0.558,
     "top-10": 1,
     "top-200": 1,
     "exam": 0.08333333333333333,
     "wasted-effort": 1
    },
    "avg_case": {
     "top-1": 1,
     "top-5": 0.5458,
     "top-10": 1,
     "top-200": 1,
     "exam": 0.08333333333333333,