{
 "middle_2": {
  "line": {
   "Tarantula": {
    "best_case": {
     "top-1": 1,
     "top-5": 0.5524,
     "top-10": 1,
     "top-200": 1,
     "exam": 0.08333333333333333,
     "wasted-effort": 1
    },
    "avg_case": {
     "top-1": 1,
     "top-5": 0.5405,
     "top-10": 1,
     "top-200": 1,
     "exam": 0.08333333333333333,
     "wasted-effort": 1
    },
    "worst_case": {
     "top-1": 1.0,
     "top-5": 0.5569,
     "top-10": 1.0,
     "top-200": 1.0,
     "exam": 0.08333333333333333,
     "wasted-effort": 1
    }
   },
   "Ochiai": {
    "best_case": {
     "top-1": 1,
     "top-5": 0.5509,
     "top-10": 1,
     "top-200": 1,
     "exam": 0.08333333333333333,
     "wasted-effort": 1
    },
    "avg_case": {
     "top-1": 1,
     "top-5": 0.5508,
     "top-10": 1,
     "top-200": 1,
     "exam": 0.08333333333333333,
     "wasted-effort": 1
    },
    "worst_case": {
     "top-1": 1.0,
     "top-5": 0.5427,
     "top-10": 1.0,
     "top-200": 1.0,
     "exam": 0.08333333333333333,
     "wasted-effort": 1
    }
   },
   "DStar": {
    "best_case": {
     "top-1": 1,
     "top-5": 0.5642,
     "top-10": 1,
     "top-200": 1,
     "exam": 0.08333333333333333,
     "wasted-effort": 1
    },
    "avg_case": {
     "top-1": 1,
     "top-5": 0.5587,
     "top-10": 1,
     "top-200": 1,
     "exam": 0.08333333333333333,
     "wasted-effort": 1
    },
    "worst_case": {
     "top-1": 1.0,
     "top-5": 0.5563,
     "top-10": 1.0,
     "top-200": 1.0,
     "exam": 0.08333333333333333,
     "wasted-effort": 1
    }
   },
   "Naish1": {
    "best_case": {
     "top-1": 1,
     "top-5": 0.5637,
     "top-10": 1,
     "top-200": 1,
     "exam": 0.08333333333333333,
     "wasted-effort": 1
    },
    "avg_case": {
     "top-1": 1,
     "top-5": 0.542,
     "top-10": 1,
     "top-200": 1,
     "exam": 0.08333333333333333,
     "wasted-effort": 1
    },
    "worst_case": {
     "top-1": 1.0,
     "top-5": 0.5523,
     "top-10": 1.0,
     "top-200": 1.0,
     "exam": 0.08333333333333333,
     "wasted-effort": 1
    }
   },
   "Naish2": {
    "best_case": {
     "top-1": 1,
     "top-5": 0.712,
     "top-10": 1,
     "top-200": 1,
     "exam": 0.08333333333333333,
     "wasted-effort": 1
    },
    "avg_case": {
     "top-1": 1,
     "top-5": 0.7154,
     "top-10": 1,
     "top-200": 1,
     "exam": 0.08333333333333333,
     "wasted-effort": 1
    },
    "worst_case": {
     "top-1": 1.0,
     "top-5": 0.7177,
     "top-10": 1.0,
     "top-200": 1.0,
     "exam": 0.08333333333333333,
     "wasted-effort": 1
    }
   },
   "GP13": {
    "best_case": {
     "top-1": 1,
     "top-5": 0.5542,
     "top-10": 1,
     "top-200": 1,
     "exam": 0.08333333333333333,
     "wasted-effort": 1
    },
    "avg_case": {
     "top-1": 1,
     "top-5": 0.5537,
     "top-10": 1,
     "top-200": 1,
     "exam": 0.08333333333333333,
     "wasted-effort": 1
    },
    "worst_case": {
     "top-1": 1.0,
     "top-5": 0.5616,
     "top-10": 1.0,
     "top-200": 1.0,
     "exam": 0.08333333333333333,
     "wasted-effort": 1
    }
   }
  },
  "line_line": {
   "Tarantula": {
    "best_case": {
     "top-1": 1,
     "top-5": 0.5546,
     "top-10": 1,
     "top-200": 1,
     "exam": 0.08333333333333333,
     "wasted-effort": 1
    },
    "avg_case": {
     "top-1": 1,
     "top-5": 0.5545,
     "top-10": 1,
     "top-200": 1,
     "exam": 0.08333333333333333,
     "wasted-effort": 1
    },
    "worst_case": {
     "top-1": 1.0,
     "top-5": 0.5534,
     "top-10": 1.0,
     "top-200": 1.0,
     "exam": 0.08333333333333333,
     "wasted-effort": 1
    }
   },
   "Ochiai": {
    "best_case": {
     "top-1": 1,
     "top-5": 0.5516,
     "top-10": 1,
     "top-200": 1,
     "exam": 0.08333333333333333,
     "wasted-effort": 1
    },
    "avg_case": {
     "top-1": 1,
     "top-5": 0.5565,
     "top-10": 1,
     "top-200": 1,
     "exam": 0.08333333333333333,
     "wasted-effort": 1
    },
    "worst_case": {
     "top-1": 1.0,
     "top-5": 0.5547,
     "top-10": 1.0,
     "top-200": 1.0,
     "exam": 0.08333333333333333,
     "wasted-effort": 1
    }
   },
   "DStar": {
    "best_case": {
     "top-1": 1,
     "top-5": 0.5496,
     "top-10": 1,
     "top-200": 1,
     "exam": 0.08333333333333333,
     "wasted-effort": 1
    },
    "avg_case": {
     "top-1": 1,
     "top-5": 0.5604,
     "top-10": 1,
     "top-200": 1,
     "exam": 0.08333333333333333,
     "wasted-effort": 1
    },
    "worst_case": {
     "top-1": 1.0,
     "top-5": 0.5478,
     "top-10": 1.0,
     "top-200": 1.0,
     "exam": 0.08333333333333333,
     "wasted-effort": 1
    }
   },
   "Naish1": {
    "best_case": {
     "top-1": 1,
     "top-5": 0.5631,
     "top-10": 1,
     "top-200": 1,
     "exam": 0.08333333333333333,
     "wasted-effort": 1
    },
    "avg_case": {
     "top-1": 1,
     "top-5": 0.5555,
     "top-10": 1,
     "top-200": 1,
     "exam": 0.08333333333333333,
     "wasted-effort": 1
    },
    "worst_case": {
     "top-1": 1.0,
     "top-5": 0.562,
     "top-10": 1.0,
     "top-200": 1.0,
     "exam": 0.08333333333333333,
     "wasted-effort": 1
    }
   },
   "Naish2": {
    "best_case": {
     "top-1": 1,
     "top-5": 0.5578,
     "top-10": 1,
     "top-200": 1,
     "exam": 0.08333333333333333,
     "wasted-effort": 1
    },
    "avg_case": {
     "top-1": 1,
     "top-5": 0.5578,
     "top-10": 1,
     "top-200": 1,
     "exam": 0.08333333333333333,
     "wasted-effort": 1
    },
    "worst_case": {
     "top-1": 1.0,
     "top-5": 0.5557,
     "top-10": 1.0,
     "top-200": 1.0,
     "exam": 0.08333333333333333,
     "wasted-effort": 1
    }
   },
   "GP13": {
    "best_case": {
     "top-1": 1,
     "top-5": 0.557,
     "top-10": 1,
     "top-200": 1,
     "exam": 0.08333333333333333,
     "wasted-effort": 1
    },
    "avg_case": {
     "top-1": 1,
     "top-5": 0.5512,
     "top-10": 1,
     "top-200": 1,
     "exam": 0.08333333333333333,
     "wasted-effort": 1
    },
    "worst_case": {
     "top-1": 1.0,
     "top-5": 0.5503,
     "top-10": 1.0,
     "top-200": 1.0,
     "exam": 0.08333333333333333,
     "wasted-effort": 1
    }
   }
  },
  "line_defuse": {
   "Tarantula": {
    "best_case": {
     "top-1": 1,
     "top-5": 0.5621,
     "top-10": 1,
     "top-200": 1,
     "exam": 0.08333333333333333,
     "wasted-effort": 1
    },
    "avg_case": {
     "top-1": 1,
     "top-5": 0.5593,
     "top-10": 1,
     "top-200": 1,
     "exam": 0.08333333333333333,
     "wasted-effort": 1
    },
    "worst_case": {
     "top-1": 1.0,
     "top-5": 0.5696,
     "top-10": 1.0,
     "top-200": 1.0,
     "exam": 0.08333333333333333,
     "wasted-effort": 1
    }
   },
   "Ochiai": {
    "best_case": {
     "top-1": 1,
     "top-5": 0.5514,
     "top-10": 1,
     "top-200": 1,
     "exam": 0.08333333333333333,
     "wasted-effort": 1
    },
    "avg_case": {
     "top-1": 1,
     "top-5": 0.5489,
     "top-10": 1,
     "top-200": 1,
     "exam": 0.08333333333333333,
     "wasted-effort": 1
    },
    "worst_case": {
     "top-1": 1.0,
     "top-5": 0.553,
     "top-10": 1.0,
     "top-200": 1.0,
     "exam": 0.08333333333333333,
     "wasted-effort": 1
    }
   },
   "DStar": {
    "best_case": {
     "top-1": 1,
     "top-5": 0.5543,
     "top-10": 1,
     "top-200": 1,
     "exam": 0.08333333333333333,
     "wasted-effort": 1
    },
    "avg_case": {
     "top-1": 1,
     "top-5": 0.5552,
     "top-10": 1,
     "top-200": 1,
     "exam": 0.08333333333333333,
     "wasted-effort": 1
    },
    "worst_case": {
     "top-1": 1.0,
     "top-5": 0.5543,
     "top-10": 1.0,
     "top-200": 1.0,
     "exam": 0.08333333333333333,
     "wasted-effort": 1
    }
   },
   "Naish1": {
    "best_case": {
     "top-1": 1,
     "top-5": 0.5539,
     "top-10": 1,
     "top-200": 1,
     "exam": 0.08333333333333333,
     "wasted-effort": 1
    },
    "avg_case": {
     "top-1": 1,
     "top-5": 0.5597,
     "top-10": 1,
     "top-200": 1,
     "exam": 0.08333333333333333,
     "wasted-effort": 1
    },