{
 "pysnooper_3": {
  "line": {
   "Tarantula": {
    "best_case": {
     "top-1": 1,
     "top-5": 0.0639,
     "top-10": 0.1275,
     "top-200": 1,
     "exam": 0.0045045045045045045,
     "wasted-effort": 1
    },
    "avg_case": {
     "top-1": 1,
     "top-5": 0.0645,
     "top-10": 0.1266,
     "top-200": 1,
     "exam": 0.0045045045045045045,
     "wasted-effort": 1
    },
    "worst_case": {
     "top-1": 1.0,
     "top-5": 0.0599,
     "top-10": 0.126,
     "top-200": 1.0,
     "exam": 0.0045045045045045045,
     "wasted-effort": 1
    }
   },
   "Ochiai": {
    "best_case": {
     "top-1": 1,
     "top-5": 0.0653,
     "top-10": 0.1243,
     "top-200": 1,
     "exam": 0.0045045045045045045,
     "wasted-effort": 1
    },
    "avg_case": {
     "top-1": 1,
     "top-5": 0.0611,
     "top-10": 0.1294,
     "top-200": 1,
     "exam": 0.0045045045045045045,
     "wasted-effort": 1
    },
    "worst_case": {
     "top-1": 1.0,
     "top-5": 0.0648,
     "top-10": 0.1253,
     "top-200": 1.0,
     "exam": 0.0045045045045045045,
     "wasted-effort": 1
    }
   },
   "DStar": {
    "best_case": {
     "top-1": 0,
     "top-5": 0.0,
     "top-10": 0.0,
     "top-200": 1,
     "exam": 0.5067567567567568,
     "wasted-effort": 147
    },
    "avg_case": {
     "top-1": 0.0,
     "top-5": 0.0,
     "top-10": 0.0,
     "top-200": 1,
     "exam": 0.5067567567567568,
     "wasted-effort": 147
    },
    "worst_case": {
     "top-1": 0.0,
     "top-5": 0.0,
     "top-10": 0.0,
     "top-200": 1.0,
     "exam": 0.5067567567567568,
     "wasted-effort": 147
    }
   },
   "Naish2": {
    "best_case": {
     "top-1": 1,
     "top-5": 0.064,
     "top-10": 0.1191,
     "top-200": 1,
     "exam": 0.0045045045045045045,
     "wasted-effort": 1
    },
    "avg_case": {
     "top-1": 1,
     "top-5": 0.0646,
     "top-10": 0.1267,
     "top-200": 1,
     "exam": 0.0045045045045045045,
     "wasted-effort": 1
    },
    "worst_case": {
     "top-1": 1.0,
     "top-5": 0.064,
     "top-10": 0.129,
     "top-200": 1.0,
     "exam": 0.0045045045045045045,
     "wasted-effort": 1
    }
   },
   "GP13": {
    "best_case": {
     "top-1": 1,
     "top-5": 0.0606,
     "top-10": 0.1257,
     "top-200": 1,
     "exam": 0.0045045045045045045,
     "wasted-effort": 1
    },
    "avg_case": {
     "top-1": 1,
     "top-5": 0.0598,
     "top-10": 0.1307,
     "top-200": 1,
     "exam": 0.0045045045045045045,
     "wasted-effort": 1
    },
    "worst_case": {
     "top-1": 1.0,
     "top-5": 0.064,
     "top-10": 0.1281,
     "top-200": 1.0,
     "exam": 0.0045045045045045045,
     "wasted-effort": 1
    }
   }
  },
  "line_line": {
   "Tarantula": {
    "best_case": {
     "top-1": 1,
     "top-5": 0.7096,
     "top-10": 0.2133,
     "top-200": 1,
     "exam": 0.0045045045045045045,
     "wasted-effort": 1
    },
    "avg_case": {
     "top-1": 1,
     "top-5": 0.7135,
     "top-10": 0.2112,
     "top-200": 1,
     "exam": 0.0045045045045045045,
     "wasted-effort": 1
    },
    "worst_case": {
     "top-1": 1.0,
     "top-5": 0.7176,
     "top-10": 0.2059,
     "top-200": 1.0,
     "exam": 0.0045045045045045045,
     "wasted-effort": 1
    }
   },
   "Ochiai": {
    "best_case": {
     "top-1": 1,
     "top-5": 0.8417,
     "top-10": 0.2071,
     "top-200": 1,
     "exam": 0.0045045045045045045,
     "wasted-effort": 1
    },
    "avg_case": {
     "top-1": 1,
     "top-5": 0.8386,
     "top-10": 0.2128,
     "top-200": 1,
     "exam": 0.0045045045045045045,
     "wasted-effort": 1
    },
    "worst_case": {
     "top-1": 1.0,
     "top-5": 0.8318,
     "top-10": 0.2105,
     "top-200": 1.0,
     "exam": 0.0045045045045045045,
     "wasted-effort": 1
    }
   },
   "DStar": {
    "best_case": {
     "top-1": 0,
     "top-5": 0.0,
     "top-10": 0.0,
     "top-200": 1,
     "exam": 0.5067567567567568,
     "wasted-effort": 147
    },
    "avg_case": {
     "top-1": 0.0,
     "top-5": 0.0,
     "top-10": 0.0,
     "top-200": 1,
     "exam": 0.5067567567567568,
     "wasted-effort": 147
    },
    "worst_case": {
     "top-1": 0.0,
     "top-5": 0.0,
     "top-10": 0.0,
     "top-200": 1.0,
     "exam": 0.5067567567567568,
     "wasted-effort": 147
    }
   },
   "Naish2": {
    "best_case": {
     "top-1": 1,
     "top-5": 0.7202,
     "top-10": 0.2149,
     "top-200": 1,
     "exam": 0.0045045045045045045,
     "wasted-effort": 1
    },
    "avg_case": {
     "top-1": 1,
     "top-5": 0.7094,
     "top-10": 0.2127,
     "top-200": 1,
     "exam": 0.0045045045045045045,
     "wasted-effort": 1
    },
    "worst_case": {
     "top-1": 1.0,
     "top-5": 0.7138,
     "top-10": 0.2216,
     "top-200": 1.0,
     "exam": 0.0045045045045045045,
     "wasted-effort": 1
    }
   },
   "GP13": {
    "best_case": {
     "top-1": 1,
     "top-5": 0.8289,
     "top-10": 0.2108,
     "top-200": 1,
     "exam": 0.0045045045045045045,
     "wasted-effort": 1
    },
    "avg_case": {
     "top-1": 1,
     "top-5": 0.8323,
     "top-10": 0.2063,
     "top-200": 1,
     "exam": 0.0045045045045045045,
     "wasted-effort": 1
    },
    "worst_case": {
     "top-1": 1.0,
     "top-5": 0.8368,
     "top-10": 0.2149,
     "top-200": 1.0,
     "exam": 0.0045045045045045045,
     "wasted-effort": 1
    }
   }
  },
  "line_defuse": {
   "Tarantula": {
    "best_case": {
     "top-1": 1,
     "top-5": 0.1203,
     "top-10": 0.2304,
     "top-200": 1,
     "exam": 0.0045045045045045045,
     "wasted-effort": 1
    },
    "avg_case": {
     "top-1": 1,
     "top-5": 0.119,
     "top-10": 0.227,
     "top-200": 1,
     "exam": 0.0045045045045045045,
     "wasted-effort": 1
    },
    "worst_case": {
     "top-1": 1.0,
     "top-5": 0.1162,
     "top-10": 0.243,
     "top-200": 1.0,
     "exam": 0.0045045045045045045,
     "wasted-effort": 1
    }
   },
   "Ochiai": {
    "best_case": {
     "top-1": 1,
     "top-5": 0.1225,
     "top-10": 0.2336,
     "top-200": 1,
     "exam": 0.0045045045045045045,
     "wasted-effort": 1
    },
    "avg_case": {
     "top-1": 1,
     "top-5": 0.119,
     "top-10": 0.2348,
     "top-200": 1,
     "exam": 0.0045045045045045045,
     "wasted-effort": 1
    },
    "worst_case": {
     "top-1": 1.0,
     "top-5": 0.1181,
     "top-10": 0.2313,
     "top-200": 1.0,
     "exam": 0.0045045045045045045,
     "wasted-effort": 1
    }
   },
   "DStar": {
    "best_case": {
     "top-1": 0,
     "top-5": 0.0,
     "top-10": 0.0,
     "top-200": 1,
     "exam": 0.5067567567567568,
     "wasted-effort": 147
    },
    "avg_case": {
     "top-1": 0.0,
     "top-5": 0.0,
     "top-10": 0.0,
     "top-200": 1,
     "exam": 0.5067567567567568,
     "wasted-effort": 147
    },
    "worst_case": {
     "top-1": 0.0,
     "top-5": 0.0,
     "top-10": 0.0,
     "top-200": 1.0,
     "exam": 0.5067567567567568,
     "wasted-effort": 147
    }
   },
   "Naish2": {
    "best_case": {
     "top-1": 1,
     "top-5": 0.1161,
     "top-10": 0.235,
     "top-200": 1,
     "exam": 0.0045045045045045045,
     "wasted-effort": 1
    },
    "avg_case": {
     "top-1": 1,
     "top-5": 0.1197,
     "top-10": 0.2274,
     "top-200": 1,
     "exam": 0.0045045045045045045,
     "wasted-effort": 1
    },
    "worst_case": {
     "top-1": 1.0,
     "top-5": 0.1173,
     "top-10": 0.2355,
     "top-200": 1.0,
     "exam": 0.0045045045045045045,
     "wasted-effort": 1
    }
   },
   "GP13": {
    "best_case": {
     "top-1": 1,
     "top-5": 0.1166,
     "top-10": 0.2463,
     "top-200": 1,
     "exam": 0.0045045045045045045,
     "wasted-effort": 1
    },
    "avg_case": {
     "top-1": 1,
     "top-5": 0.1171,
     "top-10": 0.2363,
     "top-200": 1,
     "exam": 0.0045045045045045045,
     "wasted-effort": 1
    },
    "worst_case": {
     "top-1": 1.0,
     "top-5": 0.1221,
     "top-10": 0.2399,
     "top-200": 1.0,
     "exam": 0.0045045045045045045,
     "wasted-effort": 1
    }
   }
  },
  "line_defuses": {
   "Tarantula": {
    "best_case": {
     "top-1": 1,
     "top-5": 0.1138,