{
 "pysnooper_2": {
  "line": {
   "Tarantula": {
    "best_case": {
     "top-1": 0.0,
     "top-5": 0.0,
     "top-10": 0.0,
     "top-200": 1.0,
     "exam": 0.11879049676025918,
     "wasted-effort": 81
    },
    "avg_case": {
     "top-1": 0.0,
     "top-5": 0.0,
     "top-10": 0.0,
     "top-200": 0.91845,
     "exam": 0.30129589632829373,
     "wasted-effort": 184
    },
    "worst_case": {
     "top-1": 0.0,
     "top-5": 0.0,
     "top-10": 0.0,
     "top-200": 0.4898375,
     "exam": 0.8034557235421166,
     "wasted-effort": 463
    }
   },
   "Ochiai": {
    "best_case": {
     "top-1": 0.0,
     "top-5": 0.0,
     "top-10": 0.0,
     "top-200": 1.0,
     "exam": 0.08855291576673865,
     "wasted-effort": 67
    },
    "avg_case": {
     "top-1": 0.0,
     "top-5": 0.0,
     "top-10": 0.0,
     "top-200": 0.918925,
     "exam": 0.30129589632829373,
     "wasted-effort": 184
    },
    "worst_case": {
     "top-1": 0.0,
     "top-5": 0.0,
     "top-10": 0.0,
     "top-200": 0.48979375,
     "exam": 0.8034557235421166,
     "wasted-effort": 463
    }
   },
   "DStar": {
    "best_case": {
     "top-1": 0.0,
     "top-5": 0.0,
     "top-10": 0.3193,
     "top-200": 1.0,
     "exam": 0.06911447084233262,
     "wasted-effort": 58
    },
    "avg_case": {
     "top-1": 0.0,
     "top-5": 0.0,
     "top-10": 0.04355,
     "top-200": 0.917625,
     "exam": 0.30129589632829373,
     "wasted-effort": 184
    },
    "worst_case": {
     "top-1": 0.0,
     "top-5": 0.0,
     "top-10": 0.02225,
     "top-200": 0.48951875,
     "exam": 0.8034557235421166,
     "wasted-effort": 463
    }
   },
   "Naish1": {
    "best_case": {
     "top-1": 0.0392,
     "top-5": 0.1887,
     "top-10": 0.3497,
     "top-200": 1.0,
     "exam": 0.056155507559395246,
     "wasted-effort": 52
    },
    "avg_case": {
     "top-1": 0.0050125,
     "top-5": 0.0234125,
     "top-10": 0.0484,
     "top-200": 0.918275,
     "exam": 0.3596112311015119,
     "wasted-effort": 281
    },
    "worst_case": {
     "top-1": 0.0024375,
     "top-5": 0.0120875,
     "top-10": 0.0237375,
     "top-200": 0.48954375,
     "exam": 0.8034557235421166,
     "wasted-effort": 463
    }
   },
   "Naish2": {
    "best_case": {
     "top-1": 0.036,
     "top-5": 0.1793,
     "top-10": 0.3565,
     "top-200": 1.0,
     "exam": 0.056155507559395246,
     "wasted-effort": 52
    },
    "avg_case": {
     "top-1": 0.0049125,
     "top-5": 0.02415,
     "top-10": 0.048075,
     "top-200": 0.9655,
     "exam": 0.2991360691144708,
     "wasted-effort": 183
    },
    "worst_case": {
     "top-1": 0.002225,
     "top-5": 0.0118,
     "top-10": 0.0242375,
     "top-200": 0.5074875,
     "exam": 0.8034557235421166,
     "wasted-effort": 463
    }
   },
   "GP13": {
    "best_case": {
     "top-1": 0.0344,
     "top-5": 0.1902,
     "top-10": 0.3521,
     "top-200": 1.0,
     "exam": 0.056155507559395246,
     "wasted-effort": 52
    },
    "avg_case": {
     "top-1": 0.0045625,
     "top-5": 0.02295,
     "top-10": 0.04755,
     "top-200": 0.92035,
     "exam": 0.2991360691144708,
     "wasted-effort": 183
    },
    "worst_case": {
     "top-1": 0.00233125,
     "top-5": 0.0119,
     "top-10": 0.0241875,
     "top-200": 0.49018125,
     "exam": 0.8034557235421166,
     "wasted-effort": 463
    }
   }
  },
  "line_line": {
   "Tarantula": {
    "best_case": {
     "top-1": 0.0,
     "top-5": 0.0,
     "top-10": 0.0,
     "top-200": 1.0,
     "exam": 0.07019438444924406,
     "wasted-effort": 36
    },
    "avg_case": {
     "top-1": 0.0,
     "top-5": 0.0,
     "top-10": 0.0,
     "top-200": 0.918325,
     "exam": 0.35205183585313177,
     "wasted-effort": 189
    },
    "worst_case": {
     "top-1": 0.0,
     "top-5": 0.0,
     "top-10": 0.0,
     "top-200": 0.48813125,
     "exam": 0.8034557235421166,
     "wasted-effort": 463
    }
   },
   "Ochiai": {
    "best_case": {
     "top-1": 0.0,
     "top-5": 0.0,
     "top-10": 0.0,
     "top-200": 1.0,
     "exam": 0.07019438444924406,
     "wasted-effort": 36
    },
    "avg_case": {
     "top-1": 0.0,
     "top-5": 0.0,
     "top-10": 0.0,
     "top-200": 0.918375,
     "exam": 0.35205183585313177,
     "wasted-effort": 189
    },
    "worst_case": {
     "top-1": 0.0,
     "top-5": 0.0,
     "top-10": 0.0,
     "top-200": 0.489525,
     "exam": 0.8034557235421166,
     "wasted-effort": 463
    }
   },
   "DStar": {
    "best_case": {
     "top-1": 0.0,
     "top-5": 0.0,
     "top-10": 0.0,
     "top-200": 1.0,
     "exam": 0.11663066954643629,
     "wasted-effort": 80
    },
    "avg_case": {
     "top-1": 0.0,
     "top-5": 0.0,
     "top-10": 0.0,
     "top-200": 0.9196125,
     "exam": 0.36825053995680346,
     "wasted-effort": 184
    },
    "worst_case": {
     "top-1": 0.0,
     "top-5": 0.0,
     "top-10": 0.0,
     "top-200": 0.48808125,
     "exam": 0.8034557235421166,
     "wasted-effort": 463
    }
   },
   "Naish1": {
    "best_case": {
     "top-1": 0.0259,
     "top-5": 0.1325,
     "top-10": 0.2496,
     "top-200": 1.0,
     "exam": 0.15550755939524838,
     "wasted-effort": 144
    },
    "avg_case": {
     "top-1": 0.0033375,
     "top-5": 0.016625,
     "top-10": 0.0348375,
     "top-200": 0.9853625,
     "exam": 0.3747300215982721,
     "wasted-effort": 203
    },
    "worst_case": {
     "top-1": 0.00178125,
     "top-5": 0.00893125,
     "top-10": 0.0171875,
     "top-200": 0.49270625,
     "exam": 0.8034557235421166,
     "wasted-effort": 463
    }
   },
   "Naish2": {
    "best_case": {
     "top-1": 0.0,
     "top-5": 0.0,
     "top-10": 0.0,
     "top-200": 1.0,
     "exam": 0.11663066954643629,
     "wasted-effort": 80
    },
    "avg_case": {
     "top-1": 0.0,
     "top-5": 0.0,
     "top-10": 0.0,
     "top-200": 0.918825,
     "exam": 0.37041036717062636,
     "wasted-effort": 185
    },
    "worst_case": {
     "top-1": 0.0,
     "top-5": 0.0,
     "top-10": 0.0,
     "top-200": 0.48891875,
     "exam": 0.8034557235421166,
     "wasted-effort": 463
    }
   },
   "GP13": {
    "best_case": {
     "top-1": 0.0,
     "top-5": 0.0,
     "top-10": 0.0,
     "top-200": 1.0,
     "exam": 0.13390928725701945,
     "wasted-effort": 93
    },
    "avg_case": {
     "top-1": 0.0,
     "top-5": 0.0,
     "top-10": 0.0,
     "top-200": 0.9178625,
     "exam": 0.34989200863930886,
     "wasted-effort": 188
    },
    "worst_case": {
     "top-1": 0.0,
     "top-5": 0.0,
     "top-10": 0.0,
     "top-200": 0.4893,
     "exam": 0.8034557235421166,
     "wasted-effort": 463
    }
   }
  },
  "line_defuse": {
   "Tarantula": {
    "best_case": {
     "top-1": 0.0,
     "top-5": 0.0,
     "top-10": 0.0,
     "top-200": 1.0,
     "exam": 0.07019438444924406,
     "wasted-effort": 36
    },
    "avg_case": {
     "top-1": 0.0,
     "top-5": 0.0,
     "top-10": 0.0,
     "top-200": 0.917175,
     "exam": 0.35205183585313177,
     "wasted-effort": 189
    },
    "worst_case": {
     "top-1": 0.0,
     "top-5": 0.0,
     "top-10": 0.0,
     "top-200": 0.48909375,
     "exam": 0.8034557235421166,
     "wasted-effort": 463
    }
   },
   "Ochiai": {
    "best_case": {
     "top-1": 0.0,
     "top-5": 0.0,
     "top-10": 0.0,
     "top-200": 1.0,
     "exam": 0.07019438444924406,
     "wasted-effort": 36
    },
    "avg_case": {
     "top-1": 0.0,
     "top-5": 0.0,
     "top-10": 0.0,
     "top-200": 0.917225,
     "exam": 0.35205183585313177,
     "wasted-effort": 189
    },
    "worst_case": {
     "top-1": 0.0,
     "top-5": 0.0,
     "top-10": 0.0,
     "top-200": 0.49101875,
     "exam": 0.8034557235421166,
     "wasted-effort": 463
    }
   },
   "DStar": {
    "best_case": {
     "top-1": 0.0,
     "top-5": 0.0,
     "top-10": 0.0,
     "top-200": 1.0,
     "exam": 0.11663066954643629,
     "wasted-effort": 80
    },
    "avg_case": {
     "top-1": 0.0,
     "top-5": 0.0,
     "top-10": 0.0,
     "top-200": 0.9182625,
     "exam": 0.36825053995680346,
     "wasted-effort": 184
    },
    "worst_case": {
     "top-1": 0.0,
     "top-5": 0.0,