{
 "sanic_3": {
  "line": {
   "Tarantula": {
    "best_case": {
     "top-5": 0.0,
     "top-10": 0,
     "top-200": 0.5046,
     "exam": 0.042135406013499695,
     "wasted-effort": 398
    },
    "avg_case": {
     "top-5": 0.0,
     "top-10": 0.0,
     "top-200": 0.5035,
     "exam": 0.042135406013499695,
     "wasted-effort": 398
    },
    "worst_case": {
     "top-5": 0.0,
     "top-10": 0.0,
     "top-200": 0.25215,
     "exam": 0.6006340764982614,
     "wasted-effort": 4889
    }
   },
   "Ochiai": {
    "best_case": {
     "top-5": 0.0,
     "top-10": 0,
     "top-200": 0.4952,
     "exam": 0.042135406013499695,
     "wasted-effort": 398
    },
    "avg_case": {
     "top-5": 0.0,
     "top-10": 0.0,
     "top-200": 0.5097,
     "exam": 0.042135406013499695,
     "wasted-effort": 398
    },
    "worst_case": {
     "top-5": 0.0,
     "top-10": 0.0,
     "top-200": 0.25335,
     "exam": 0.6006340764982614,
     "wasted-effort": 4889
    }
   },
   "DStar": {
    "best_case": {
     "top-5": 0.0109,
     "top-10": 0.0241,
     "top-200": 0.5142,
     "exam": 0.04008999795459194,
     "wasted-effort": 388
    },
    "avg_case": {
     "top-5": 0.0127,
     "top-10": 0.0285,
     "top-200": 0.5094,
     "exam": 0.04008999795459194,
     "wasted-effort": 388
    },
    "worst_case": {
     "top-5": 0.0069,
     "top-10": 0.01385,
     "top-200": 0.2597,
     "exam": 0.6006340764982614,
     "wasted-effort": 4889
    }
   }
  },
  "line_line": {
   "Tarantula": {
    "best_case": {
     "top-5": 0.0,
     "top-10": 0,
     "top-200": 0.5149,
     "exam": 0.004499897729597055,
     "wasted-effort": 33
    },
    "avg_case": {
     "top-5": 0.0,
     "top-10": 0.0,
     "top-200": 0.5079,
     "exam": 0.004499897729597055,
     "wasted-effort": 33
    },
    "worst_case": {
     "top-5": 0.0,
     "top-10": 0.0,
     "top-200": 0.24675,
     "exam": 0.6006340764982614,
     "wasted-effort": 4889
    }
   },
   "Ochiai": {
    "best_case": {
     "top-5": 0.0,
     "top-10": 0,
     "top-200": 0.5066,
     "exam": 0.004499897729597055,
     "wasted-effort": 33
    },
    "avg_case": {
     "top-5": 0.0,
     "top-10": 0.0,
     "top-200": 0.5026,
     "exam": 0.004499897729597055,
     "wasted-effort": 33
    },
    "worst_case": {
     "top-5": 0.0,
     "top-10": 0.0,
     "top-200": 0.24735,
     "exam": 0.6006340764982614,
     "wasted-effort": 4889
    }
   },
   "DStar": {
    "best_case": {
     "top-5": 0.2152,
     "top-10": 0.4349,
     "top-200": 0.5146,
     "exam": 0.0024544896706893025,
     "wasted-effort": 23
    },
    "avg_case": {
     "top-5": 0.215,
     "top-10": 0.4376,
     "top-200": 0.5251,
     "exam": 0.0024544896706893025,
     "wasted-effort": 23
    },
    "worst_case": {
     "top-5": 0.1072,
     "top-10": 0.2176,
     "top-200": 0.25515,
     "exam": 0.6006340764982614,
     "wasted-effort": 4889
    }
   }
  },
  "line_defuse": {
   "Tarantula": {
    "best_case": {
     "top-5": 0.1468,
     "top-10": 0.3107,
     "top-200": 0.5065,
     "exam": 0.0036817345060339538,
     "wasted-effort": 33
    },
    "avg_case": {
     "top-5": 0.1548,
     "top-10": 0.3065,
     "top-200": 0.5001,
     "exam": 0.0036817345060339538,
     "wasted-effort": 33
    },
    "worst_case": {
     "top-5": 0.0776,
     "top-10": 0.1503,
     "top-200": 0.247,
     "exam": 0.6006340764982614,
     "wasted-effort": 4889
    }
   },
   "Ochiai": {
    "best_case": {
     "top-5": 0.0,
     "top-10": 0,
     "top-200": 0.5088,
     "exam": 0.004499897729597055,
     "wasted-effort": 33
    },
    "avg_case": {
     "top-5": 0.0,
     "top-10": 0.0,
     "top-200": 0.4984,
     "exam": 0.004499897729597055,
     "wasted-effort": 33
    },
    "worst_case": {
     "top-5": 0.0,
     "top-10": 0.0,
     "top-200": 0.251,
     "exam": 0.6006340764982614,
     "wasted-effort": 4889
    }
   },
   "DStar": {
    "best_case": {
     "top-5": 0.2181,
     "top-10": 0.4293,
     "top-200": 0.515,
     "exam": 0.0024544896706893025,
     "wasted-effort": 23
    },
    "avg_case": {
     "top-5": 0.2162,
     "top-10": 0.4336,
     "top-200": 0.5152,
     "exam": 0.0024544896706893025,
     "wasted-effort": 23
    },
    "worst_case": {
     "top-5": 0.1068,
     "top-10": 0.21715,
     "top-200": 0.25625,
     "exam": 0.6006340764982614,
     "wasted-effort": 4889
    }
   }
  },
  "line_defuses": {
   "Tarantula": {
    "best_case": {
     "top-5": 0.2053,
     "top-10": 0.4098,
     "top-200": 0.5036,
     "exam": 0.0028635712824708528,
     "wasted-effort": 25
    },
    "avg_case": {
     "top-5": 0.2056,
     "top-10": 0.4115,
     "top-200": 0.5087,
     "exam": 0.0028635712824708528,
     "wasted-effort": 25
    },
    "worst_case": {
     "top-5": 0.0984,
     "top-10": 0.2028,
     "top-200": 0.24925,
     "exam": 0.6006340764982614,
     "wasted-effort": 4889
    }
   },
   "Ochiai": {
    "best_case": {
     "top-5": 0.0,
     "top-10": 0,
     "top-200": 0.4981,
     "exam": 0.004499897729597055,
     "wasted-effort": 33
    },
    "avg_case": {
     "top-5": 0.0,
     "top-10": 0.0,
     "top-200": 0.4983,
     "exam": 0.004499897729597055,
     "wasted-effort": 33
    },
    "worst_case": {
     "top-5": 0.0,
     "top-10": 0.0,
     "top-200": 0.2493,
     "exam": 0.6006340764982614,
     "wasted-effort": 4889
    }
   },
   "DStar": {
    "best_case": {
     "top-5": 0.2175,
     "top-10": 0.4377,
     "top-200": 0.5195,
     "exam": 0.0024544896706893025,
     "wasted-effort": 23
    },
    "avg_case": {
     "top-5": 0.2178,
     "top-10": 0.4349,
     "top-200": 0.5205,
     "exam": 0.0024544896706893025,
     "wasted-effort": 23
    },
    "worst_case": {
     "top-5": 0.11145,
     "top-10": 0.21645,
     "top-200": 0.2568,
     "exam": 0.6006340764982614,
     "wasted-effort": 4889
    }
   }
  },
  "line_assert_use": {
   "Tarantula": {
    "best_case": {
     "top-5": 0.1962,
     "top-10": 0.4006,
     "top-200": 0.5068,
     "exam": 0.0028635712824708528,
     "wasted-effort": 25
    },
    "avg_case": {
     "top-5": 0.1987,
     "top-10": 0.4064,
     "top-200": 0.5034,
     "exam": 0.0028635712824708528,
     "wasted-effort": 25
    },
    "worst_case": {
     "top-5": 0.09995,
     "top-10": 0.19715,
     "top-200": 0.24895,
     "exam": 0.6006340764982614,
     "wasted-effort": 4889
    }
   },
   "Ochiai": {
    "best_case": {
     "top-5": 0.0,
     "top-10": 0.0,
     "top-200": 0.499,
     "exam": 0.004499897729597055,
     "wasted-effort": 33
    },
    "avg_case": {
     "top-5": 0.0,
     "top-10": 0.0,
     "top-200": 0.5002,
     "exam": 0.004499897729597055,
     "wasted-effort": 33
    },
    "worst_case": {
     "top-5": 0.0,
     "top-10": 0.0,
     "top-200": 0.2472,
     "exam": 0.6006340764982614,
     "wasted-effort": 4889
    }
   },
   "DStar": {
    "best_case": {
     "top-5": 0.2149,
     "top-10": 0.4399,
     "top-200": 0.5144,
     "exam": 0.0024544896706893025,
     "wasted-effort": 23
    },
    "avg_case": {
     "top-5": 0.2249,
     "top-10": 0.4359,
     "top-200": 0.5146,
     "exam": 0.0024544896706893025,
     "wasted-effort": 23
    },
    "worst_case": {
     "top-5": 0.10985,
     "top-10": 0.2182,
     "top-200": 0.25865,
     "exam": 0.6006340764982614,
     "wasted-effort": 4889
    }
   }
  },
  "line_assert_uses": {
   "Tarantula": {
    "best_case": {
     "top-5": 0.1959,
     "top-10": 0.4042,
     "top-200": 0.507,
     "exam": 0.0028635712824708528,
     "wasted-effort": 25
    },
    "avg_case": {
     "top-5": 0.203,
     "top-10": 0.3984,
     "top-200": 0.5105,
     "exam": 0.0028635712824708528,
     "wasted-effort": 25
    },
    "worst_case": {
     "top-5": 0.09865,
     "top-10": 0.1991,
     "top-200": 0.24875,
     "exam": 0.6006340764982614,
     "wasted-effort": 4889
    }
   },
   "Ochiai": {
    "best_case": {
     "top-5": 0.0,
     "top-10": 0,
     "top-200": 0.4997,
     "exam": 0.004499897729597055,
     "wasted-effort": 33
    },