{
 "scrapy_34": {
  "line": {
   "Tarantula": {
    "best_case": {
     "top-1": 0.0,
     "top-5": 0,
     "top-10": 0.0377,
     "top-200": 0.7336,
     "exam": 0.0117458171370627,
     "wasted-effort": 272
    },
    "avg_case": {
     "top-1": 0.0,
     "top-5": 0.0,
     "top-10": 0.0364,
     "top-200": 0.7377,
     "exam": 0.0117458171370627,
     "wasted-effort": 272
    },
    "worst_case": {
     "top-1": 0.0,
     "top-5": 0.0,
     "top-10": 0.0371,
     "top-200": 0.731,
     "exam": 0.0117458171370627,
     "wasted-effort": 272
    }
   },
   "Ochiai": {
    "best_case": {
     "top-1": 0.0,
     "top-5": 0,
     "top-10": 0.0392,
     "top-200": 0.7415,
     "exam": 0.011576812573939497,
     "wasted-effort": 269
    },
    "avg_case": {
     "top-1": 0.0,
     "top-5": 0.0,
     "top-10": 0.0382,
     "top-200": 0.7406,
     "exam": 0.011576812573939497,
     "wasted-effort": 269
    },
    "worst_case": {
     "top-1": 0.0,
     "top-5": 0.0,
     "top-10": 0.0354,
     "top-200": 0.7469,
     "exam": 0.011576812573939497,
     "wasted-effort": 269
    }
   },
   "DStar": {
    "best_case": {
     "top-1": 0.0,
     "top-5": 0.0185,
     "top-10": 0.0364,
     "top-200": 0.7481,
     "exam": 0.011534561433158695,
     "wasted-effort": 269
    },
    "avg_case": {
     "top-1": 0.0,
     "top-5": 0.0182,
     "top-10": 0.0343,
     "top-200": 0.7402,
     "exam": 0.011534561433158695,
     "wasted-effort": 269
    },
    "worst_case": {
     "top-1": 0.0,
     "top-5": 0.0203,
     "top-10": 0.0352,
     "top-200": 0.737,
     "exam": 0.011534561433158695,
     "wasted-effort": 269
    }
   },
   "Naish1": {
    "best_case": {
     "top-1": 0.0,
     "top-5": 0.0173,
     "top-10": 0.0409,
     "top-200": 0.7454,
     "exam": 0.011407808010816292,
     "wasted-effort": 267
    },
    "avg_case": {
     "top-1": 0.0,
     "top-5": 0.0201,
     "top-10": 0.0377,
     "top-200": 0.7484,
     "exam": 0.011407808010816292,
     "wasted-effort": 267
    },
    "worst_case": {
     "top-1": 0.0,
     "top-5": 0.0195,
     "top-10": 0.0399,
     "top-200": 0.7495,
     "exam": 0.011407808010816292,
     "wasted-effort": 267
    }
   },
   "Naish2": {
    "best_case": {
     "top-1": 0.0,
     "top-5": 0.0158,
     "top-10": 0.0363,
     "top-200": 0.7459,
     "exam": 0.011407808010816292,
     "wasted-effort": 267
    },
    "avg_case": {
     "top-1": 0.0,
     "top-5": 0.0194,
     "top-10": 0.0385,
     "top-200": 0.7504,
     "exam": 0.011407808010816292,
     "wasted-effort": 267
    },
    "worst_case": {
     "top-1": 0.0,
     "top-5": 0.0189,
     "top-10": 0.0394,
     "top-200": 0.745,
     "exam": 0.011407808010816292,
     "wasted-effort": 267
    }
   },
   "GP13": {
    "best_case": {
     "top-1": 0.0,
     "top-5": 0.019,
     "top-10": 0.0392,
     "top-200": 0.7497,
     "exam": 0.011407808010816292,
     "wasted-effort": 267
    },
    "avg_case": {
     "top-1": 0.0,
     "top-5": 0.0218,
     "top-10": 0.0378,
     "top-200": 0.7479,
     "exam": 0.011407808010816292,
     "wasted-effort": 267
    },
    "worst_case": {
     "top-1": 0.0,
     "top-5": 0.021,
     "top-10": 0.0369,
     "top-200": 0.746,
     "exam": 0.011407808010816292,
     "wasted-effort": 267
    }
   }
  },
  "line_line": {
   "Tarantula": {
    "best_case": {
     "top-1": 0.0,
     "top-5": 0,
     "top-10": 0.0,
     "top-200": 0.7383,
     "exam": 0.001521041068108839,
     "wasted-effort": 24
    },
    "avg_case": {
     "top-1": 0.0,
     "top-5": 0.0,
     "top-10": 0.0,
     "top-200": 0.7254,
     "exam": 0.001521041068108839,
     "wasted-effort": 24
    },
    "worst_case": {
     "top-1": 0.0,
     "top-5": 0.0,
     "top-10": 0.0,
     "top-200": 0.7355,
     "exam": 0.001521041068108839,
     "wasted-effort": 24
    }
   },
   "Ochiai": {
    "best_case": {
     "top-1": 0.0,
     "top-5": 0.0,
     "top-10": 0.0,
     "top-200": 0.7276,
     "exam": 0.0014365387865472369,
     "wasted-effort": 23
    },
    "avg_case": {
     "top-1": 0.0,
     "top-5": 0.0,
     "top-10": 0.0,
     "top-200": 0.7327,
     "exam": 0.0014365387865472369,
     "wasted-effort": 23
    },
    "worst_case": {
     "top-1": 0.0,
     "top-5": 0.0,
     "top-10": 0.0,
     "top-200": 0.7243,
     "exam": 0.0014365387865472369,
     "wasted-effort": 23
    }
   },
   "DStar": {
    "best_case": {
     "top-1": 0.0,
     "top-5": 0.0,
     "top-10": 0.0,
     "top-200": 0.7305,
     "exam": 0.0014365387865472369,
     "wasted-effort": 23
    },
    "avg_case": {
     "top-1": 0.0,
     "top-5": 0.0,
     "top-10": 0.0,
     "top-200": 0.7435,
     "exam": 0.0014365387865472369,
     "wasted-effort": 23
    },
    "worst_case": {
     "top-1": 0.0,
     "top-5": 0.0,
     "top-10": 0.0,
     "top-200": 0.7325,
     "exam": 0.0014365387865472369,
     "wasted-effort": 23
    }
   },
   "Naish1": {
    "best_case": {
     "top-1": 0.0,
     "top-5": 0.0194,
     "top-10": 0.0354,
     "top-200": 0.7371,
     "exam": 0.011661314855501098,
     "wasted-effort": 273
    },
    "avg_case": {
     "top-1": 0.0,
     "top-5": 0.0177,
     "top-10": 0.0377,
     "top-200": 0.7336,
     "exam": 0.011661314855501098,
     "wasted-effort": 273
    },
    "worst_case": {
     "top-1": 0.0,
     "top-5": 0.0193,
     "top-10": 0.0379,
     "top-200": 0.7346,
     "exam": 0.011661314855501098,
     "wasted-effort": 273
    }
   },
   "Naish2": {
    "best_case": {
     "top-1": 0.0,
     "top-5": 0.0,
     "top-10": 0,
     "top-200": 0.7306,
     "exam": 0.0013520365049856345,
     "wasted-effort": 22
    },
    "avg_case": {
     "top-1": 0.0,
     "top-5": 0.0,
     "top-10": 0.0,
     "top-200": 0.7339,
     "exam": 0.0013520365049856345,
     "wasted-effort": 22
    },
    "worst_case": {
     "top-1": 0.0,
     "top-5": 0.0,
     "top-10": 0.0,
     "top-200": 0.7322,
     "exam": 0.0013520365049856345,
     "wasted-effort": 22
    }
   },
   "GP13": {
    "best_case": {
     "top-1": 0.0,
     "top-5": 0.0,
     "top-10": 0,
     "top-200": 0.7273,
     "exam": 0.0013520365049856345,
     "wasted-effort": 22
    },
    "avg_case": {
     "top-1": 0.0,
     "top-5": 0.0,
     "top-10": 0.0,
     "top-200": 0.7375,
     "exam": 0.0013520365049856345,
     "wasted-effort": 22
    },
    "worst_case": {
     "top-1": 0.0,
     "top-5": 0.0,
     "top-10": 0.0,
     "top-200": 0.7342,
     "exam": 0.0013520365049856345,
     "wasted-effort": 22
    }
   }
  },
  "line_defuse": {
   "Tarantula": {
    "best_case": {
     "top-1": 0.0,
     "top-5": 0,
     "top-10": 0.0,
     "top-200": 0.7245,
     "exam": 0.0016055433496704411,
     "wasted-effort": 25
    },
    "avg_case": {
     "top-1": 0.0,
     "top-5": 0.0,
     "top-10": 0.0,
     "top-200": 0.7274,
     "exam": 0.0016055433496704411,
     "wasted-effort": 25
    },
    "worst_case": {
     "top-1": 0.0,
     "top-5": 0.0,
     "top-10": 0.0,
     "top-200": 0.7363,
     "exam": 0.0016055433496704411,
     "wasted-effort": 25
    }
   },
   "Ochiai": {
    "best_case": {
     "top-1": 0.0,
     "top-5": 0.0,
     "top-10": 0.0,
     "top-200": 0.7345,
     "exam": 0.001521041068108839,
     "wasted-effort": 24
    },
    "avg_case": {
     "top-1": 0.0,
     "top-5": 0.0,
     "top-10": 0.0,
     "top-200": 0.734,
     "exam": 0.001521041068108839,
     "wasted-effort": 24
    },
    "worst_case": {
     "top-1": 0.0,
     "top-5": 0.0,
     "top-10": 0.0,
     "top-200": 0.722,
     "exam": 0.001521041068108839,
     "wasted-effort": 24
    }
   },
   "DStar": {
    "best_case": {
     "top-1": 0.0,
     "top-5": 0.0,
     "top-10": 0.0,
     "top-200": 0.7362,
     "exam": 0.0014365387865472369,
     "wasted-effort": 23
    },
    "avg_case": {
     "top-1": 0.0,
     "top-5": 0.0,
     "top-10": 0.0,
     "top-200": 0.7273,
     "exam": 0.0014365387865472369,
     "wasted-effort": 23
    },
    "worst_case": {
     "top-1": 0.0,
     "top-5": 0.0,
     "top-10": 0.0,
     "top-200": 0.7362,