{
 "scrapy_18": {
  "line": {
   "Tarantula": {
    "best_case": {
     "top-1": 0.1127,
     "top-5": 0.5563,
     "top-10": 0.6607,
     "top-200": 0.5852,
     "exam": 0.00037818304059164634,
     "wasted-effort": 9
    },
    "avg_case": {
     "top-1": 0.1147,
     "top-5": 0.5421,
     "top-10": 0.6673,
     "top-200": 0.5748,
     "exam": 0.00037818304059164634,
     "wasted-effort": 9
    },
    "worst_case": {
     "top-1": 0.1161,
     "top-5": 0.5583,
     "top-10": 0.6668,
     "top-200": 0.5753,
     "exam": 0.00037818304059164634,
     "wasted-effort": 9
    }
   },
   "Ochiai": {
    "best_case": {
     "top-1": 0.1123,
     "top-5": 0.5514,
     "top-10": 0.6666,
     "top-200": 0.5831,
     "exam": 0.00037818304059164634,
     "wasted-effort": 9
    },
    "avg_case": {
     "top-1": 0.1095,
     "top-5": 0.5634,
     "top-10": 0.6617,
     "top-200": 0.5815,
     "exam": 0.00037818304059164634,
     "wasted-effort": 9
    },
    "worst_case": {
     "top-1": 0.1078,
     "top-5": 0.5573,
     "top-10": 0.6651,
     "top-200": 0.5762,
     "exam": 0.00037818304059164634,
     "wasted-effort": 9
    }
   },
   "DStar": {
    "best_case": {
     "top-1": 0.1141,
     "top-5": 0.5534,
     "top-10": 0.6643,
     "top-200": 0.5787,
     "exam": 0.00037818304059164634,
     "wasted-effort": 9
    },
    "avg_case": {
     "top-1": 0.1118,
     "top-5": 0.5565,
     "top-10": 0.6661,
     "top-200": 0.5769,
     "exam": 0.00037818304059164634,
     "wasted-effort": 9
    },
    "worst_case": {
     "top-1": 0.1115,
     "top-5": 0.5523,
     "top-10": 0.6646,
     "top-200": 0.5788,
     "exam": 0.00037818304059164634,
     "wasted-effort": 9
    }
   },
   "Naish1": {
    "best_case": {
     "top-1": 0.1135,
     "top-5": 0.5569,
     "top-10": 0.6679,
     "top-200": 0.5817,
     "exam": 0.00037818304059164634,
     "wasted-effort": 9
    },
    "avg_case": {
     "top-1": 0.1112,
     "top-5": 0.5622,
     "top-10": 0.6596,
     "top-200": 0.5744,
     "exam": 0.00037818304059164634,
     "wasted-effort": 9
    },
    "worst_case": {
     "top-1": 0.1086,
     "top-5": 0.5614,
     "top-10": 0.6646,
     "top-200": 0.574,
     "exam": 0.00037818304059164634,
     "wasted-effort": 9
    }
   },
   "Naish2": {
    "best_case": {
     "top-1": 0.108,
     "top-5": 0.5517,
     "top-10": 0.6693,
     "top-200": 0.5821,
     "exam": 0.00037818304059164634,
     "wasted-effort": 9
    },
    "avg_case": {
     "top-1": 0.1136,
     "top-5": 0.5577,
     "top-10": 0.6662,
     "top-200": 0.5871,
     "exam": 0.00037818304059164634,
     "wasted-effort": 9
    },
    "worst_case": {
     "top-1": 0.1086,
     "top-5": 0.5592,
     "top-10": 0.6663,
     "top-200": 0.5786,
     "exam": 0.00037818304059164634,
     "wasted-effort": 9
    }
   },
   "GP13": {
    "best_case": {
     "top-1": 0.1095,
     "top-5": 0.5594,
     "top-10": 0.6718,
     "top-200": 0.5785,
     "exam": 0.00037818304059164634,
     "wasted-effort": 9
    },
    "avg_case": {
     "top-1": 0.1094,
     "top-5": 0.5682,
     "top-10": 0.664,
     "top-200": 0.5758,
     "exam": 0.00037818304059164634,
     "wasted-effort": 9
    },
    "worst_case": {
     "top-1": 0.1083,
     "top-5": 0.5517,
     "top-10": 0.661,
     "top-200": 0.5801,
     "exam": 0.00037818304059164634,
     "wasted-effort": 9
    }
   }
  },
  "line_line": {
   "Tarantula": {
    "best_case": {
     "top-1": 0.1075,
     "top-5": 0.5519,
     "top-10": 0.7158,
     "top-200": 0.5759,
     "exam": 0.00037818304059164634,
     "wasted-effort": 9
    },
    "avg_case": {
     "top-1": 0.108,
     "top-5": 0.5459,
     "top-10": 0.7068,
     "top-200": 0.5865,
     "exam": 0.00037818304059164634,
     "wasted-effort": 9
    },
    "worst_case": {
     "top-1": 0.1103,
     "top-5": 0.5533,
     "top-10": 0.7145,
     "top-200": 0.5678,
     "exam": 0.00037818304059164634,
     "wasted-effort": 9
    }
   },
   "Ochiai": {
    "best_case": {
     "top-1": 0.1098,
     "top-5": 0.5525,
     "top-10": 0.7134,
     "top-200": 0.5792,
     "exam": 0.00037818304059164634,
     "wasted-effort": 9
    },
    "avg_case": {
     "top-1": 0.1181,
     "top-5": 0.5585,
     "top-10": 0.7201,
     "top-200": 0.582,
     "exam": 0.00037818304059164634,
     "wasted-effort": 9
    },
    "worst_case": {
     "top-1": 0.1153,
     "top-5": 0.5617,
     "top-10": 0.7026,
     "top-200": 0.5808,
     "exam": 0.00037818304059164634,
     "wasted-effort": 9
    }
   },
   "DStar": {
    "best_case": {
     "top-1": 0.1099,
     "top-5": 0.5491,
     "top-10": 0.7058,
     "top-200": 0.5797,
     "exam": 0.00037818304059164634,
     "wasted-effort": 9
    },
    "avg_case": {
     "top-1": 0.1128,
     "top-5": 0.5507,
     "top-10": 0.717,
     "top-200": 0.572,
     "exam": 0.00037818304059164634,
     "wasted-effort": 9
    },
    "worst_case": {
     "top-1": 0.1101,
     "top-5": 0.5599,
     "top-10": 0.7137,
     "top-200": 0.5801,
     "exam": 0.00037818304059164634,
     "wasted-effort": 9
    }
   },
   "Naish1": {
    "best_case": {
     "top-1": 0.1147,
     "top-5": 0.5547,
     "top-10": 0.7177,
     "top-200": 0.491,
     "exam": 0.00037818304059164634,
     "wasted-effort": 9
    },
    "avg_case": {
     "top-1": 0.1092,
     "top-5": 0.559,
     "top-10": 0.7083,
     "top-200": 0.4934,
     "exam": 0.00037818304059164634,
     "wasted-effort": 9
    },
    "worst_case": {
     "top-1": 0.1108,
     "top-5": 0.5508,
     "top-10": 0.7199,
     "top-200": 0.4981,
     "exam": 0.00037818304059164634,
     "wasted-effort": 9
    }
   },
   "Naish2": {
    "best_case": {
     "top-1": 0.1091,
     "top-5": 0.5551,
     "top-10": 0.7193,
     "top-200": 0.5833,
     "exam": 0.00037818304059164634,
     "wasted-effort": 9
    },
    "avg_case": {
     "top-1": 0.1131,
     "top-5": 0.5575,
     "top-10": 0.7181,
     "top-200": 0.5839,
     "exam": 0.00037818304059164634,
     "wasted-effort": 9
    },
    "worst_case": {
     "top-1": 0.1172,
     "top-5": 0.5556,
     "top-10": 0.7221,
     "top-200": 0.5806,
     "exam": 0.00037818304059164634,
     "wasted-effort": 9
    }
   },
   "GP13": {
    "best_case": {
     "top-1": 0.1011,
     "top-5": 0.5573,
     "top-10": 0.7147,
     "top-200": 0.5803,
     "exam": 0.00037818304059164634,
     "wasted-effort": 9
    },
    "avg_case": {
     "top-1": 0.111,
     "top-5": 0.5598,
     "top-10": 0.7138,
     "top-200": 0.5734,
     "exam": 0.00037818304059164634,
     "wasted-effort": 9
    },
    "worst_case": {
     "top-1": 0.1127,
     "top-5": 0.5632,
     "top-10": 0.7068,
     "top-200": 0.5914,
     "exam": 0.00037818304059164634,
     "wasted-effort": 9
    }
   }
  },
  "line_defuse": {
   "Tarantula": {
    "best_case": {
     "top-1": 0.1658,
     "top-5": 0.8369,
     "top-10": 0.8281,
     "top-200": 0.5805,
     "exam": 0.0002521220270610976,
     "wasted-effort": 6
    },
    "avg_case": {
     "top-1": 0.1671,
     "top-5": 0.8359,
     "top-10": 0.8358,
     "top-200": 0.5836,
     "exam": 0.0002521220270610976,
     "wasted-effort": 6
    },
    "worst_case": {
     "top-1": 0.1711,
     "top-5": 0.8375,
     "top-10": 0.8265,
     "top-200": 0.5777,
     "exam": 0.0002521220270610976,
     "wasted-effort": 6
    }
   },
   "Ochiai": {
    "best_case": {
     "top-1": 0.1635,
     "top-5": 0.8363,
     "top-10": 0.8288,
     "top-200": 0.5789,
     "exam": 0.0002521220270610976,
     "wasted-effort": 6
    },
    "avg_case": {
     "top-1": 0.1697,
     "top-5": 0.8355,
     "top-10": 0.8308,
     "top-200": 0.587,
     "exam": 0.0002521220270610976,
     "wasted-effort": 6
    },
    "worst_case": {
     "top-1": 0.1699,
     "top-5": 0.8335,
     "top-10": 0.8302,
     "top-200": 0.5665,
     "exam": 0.0002521220270610976,
     "wasted-effort": 6
    }
   },
   "DStar": {
    "best_case": {
     "top-1": 0.1648,
     "top-5": 0.8324,
     "top-10": 0.8344,
     "top-200": 0.5841,
     "exam": 0.0002521220270610976,