{
 "scrapy_13": {
  "line": {
   "Tarantula": {
    "best_case": {
     "top-1": 0.0015,
     "top-5": 0.0091,
     "top-10": 0.0174,
     "top-200": 0.3454,
     "exam": 0.023328464784160986,
     "wasted-effort": 575
    },
    "avg_case": {
     "top-1": 0.0019,
     "top-5": 0.0072,
     "top-10": 0.0173,
     "top-200": 0.3474,
     "exam": 0.023328464784160986,
     "wasted-effort": 575
    },
    "worst_case": {
     "top-1": 0.0023,
     "top-5": 0.0098,
     "top-10": 0.019,
     "top-200": 0.3508,
     "exam": 0.023328464784160986,
     "wasted-effort": 575
    }
   },
   "Ochiai": {
    "best_case": {
     "top-1": 0.0024,
     "top-5": 0.0082,
     "top-10": 0.016,
     "top-200": 0.3483,
     "exam": 0.023328464784160986,
     "wasted-effort": 575
    },
    "avg_case": {
     "top-1": 0.0012,
     "top-5": 0.007,
     "top-10": 0.017,
     "top-200": 0.3478,
     "exam": 0.023328464784160986,
     "wasted-effort": 575
    },
    "worst_case": {
     "top-1": 0.0017,
     "top-5": 0.0079,
     "top-10": 0.0156,
     "top-200": 0.3427,
     "exam": 0.023328464784160986,
     "wasted-effort": 575
    }
   },
   "DStar": {
    "best_case": {
     "top-1": 0.002,
     "top-5": 0.0068,
     "top-10": 0.0165,
     "top-200": 0.3435,
     "exam": 0.023328464784160986,
     "wasted-effort": 575
    },
    "avg_case": {
     "top-1": 0.0017,
     "top-5": 0.0093,
     "top-10": 0.0156,
     "top-200": 0.3438,
     "exam": 0.023328464784160986,
     "wasted-effort": 575
    },
    "worst_case": {
     "top-1": 0.0016,
     "top-5": 0.0087,
     "top-10": 0.0153,
     "top-200": 0.3418,
     "exam": 0.023328464784160986,
     "wasted-effort": 575
    }
   },
   "Naish2": {
    "best_case": {
     "top-1": 0.002,
     "top-5": 0.0087,
     "top-10": 0.0163,
     "top-200": 0.3326,
     "exam": 0.023328464784160986,
     "wasted-effort": 575
    },
    "avg_case": {
     "top-1": 0.0017,
     "top-5": 0.0099,
     "top-10": 0.0184,
     "top-200": 0.3478,
     "exam": 0.023328464784160986,
     "wasted-effort": 575
    },
    "worst_case": {
     "top-1": 0.0007,
     "top-5": 0.0082,
     "top-10": 0.0167,
     "top-200": 0.3429,
     "exam": 0.023328464784160986,
     "wasted-effort": 575
    }
   },
   "GP13": {
    "best_case": {
     "top-1": 0.0021,
     "top-5": 0.0089,
     "top-10": 0.0188,
     "top-200": 0.3567,
     "exam": 0.023328464784160986,
     "wasted-effort": 575
    },
    "avg_case": {
     "top-1": 0.0022,
     "top-5": 0.0084,
     "top-10": 0.0186,
     "top-200": 0.3428,
     "exam": 0.023328464784160986,
     "wasted-effort": 575
    },
    "worst_case": {
     "top-1": 0.0017,
     "top-5": 0.011,
     "top-10": 0.019,
     "top-200": 0.3585,
     "exam": 0.023328464784160986,
     "wasted-effort": 575
    }
   }
  },
  "line_line": {
   "Tarantula": {
    "best_case": {
     "top-1": 0,
     "top-5": 0.0,
     "top-10": 0.0,
     "top-200": 0.977,
     "exam": 0.01192794547224927,
     "wasted-effort": 204
    },
    "avg_case": {
     "top-1": 0.0,
     "top-5": 0.0,
     "top-10": 0.0,
     "top-200": 0.9781,
     "exam": 0.01192794547224927,
     "wasted-effort": 204
    },
    "worst_case": {
     "top-1": 0.0,
     "top-5": 0.0,
     "top-10": 0.0,
     "top-200": 0.9809,
     "exam": 0.01192794547224927,
     "wasted-effort": 204
    }
   },
   "Ochiai": {
    "best_case": {
     "top-1": 0,
     "top-5": 0.0,
     "top-10": 0.0,
     "top-200": 0.9803,
     "exam": 0.008519961051606621,
     "wasted-effort": 162
    },
    "avg_case": {
     "top-1": 0.0,
     "top-5": 0.0,
     "top-10": 0.0,
     "top-200": 0.981,
     "exam": 0.008519961051606621,
     "wasted-effort": 162
    },
    "worst_case": {
     "top-1": 0.0,
     "top-5": 0.0,
     "top-10": 0.0,
     "top-200": 0.9789,
     "exam": 0.008519961051606621,
     "wasted-effort": 162
    }
   },
   "DStar": {
    "best_case": {
     "top-1": 0.0086,
     "top-5": 0.0432,
     "top-10": 0.0899,
     "top-200": 0.7057,
     "exam": 0.0046251217137293086,
     "wasted-effort": 114
    },
    "avg_case": {
     "top-1": 0.0087,
     "top-5": 0.0425,
     "top-10": 0.0838,
     "top-200": 0.7053,
     "exam": 0.0046251217137293086,
     "wasted-effort": 114
    },
    "worst_case": {
     "top-1": 0.007,
     "top-5": 0.0447,
     "top-10": 0.0904,
     "top-200": 0.7095,
     "exam": 0.0046251217137293086,
     "wasted-effort": 114
    }
   },
   "Naish2": {
    "best_case": {
     "top-1": 0,
     "top-5": 0.0474,
     "top-10": 0.0912,
     "top-200": 0.7037,
     "exam": 0.004706264199935086,
     "wasted-effort": 115
    },
    "avg_case": {
     "top-1": 0.0,
     "top-5": 0.0413,
     "top-10": 0.0849,
     "top-200": 0.7022,
     "exam": 0.004706264199935086,
     "wasted-effort": 115
    },
    "worst_case": {
     "top-1": 0.0,
     "top-5": 0.0423,
     "top-10": 0.0815,
     "top-200": 0.7102,
     "exam": 0.004706264199935086,
     "wasted-effort": 115
    }
   },
   "GP13": {
    "best_case": {
     "top-1": 0.0098,
     "top-5": 0.0445,
     "top-10": 0.0878,
     "top-200": 0.9825,
     "exam": 0.0046251217137293086,
     "wasted-effort": 114
    },
    "avg_case": {
     "top-1": 0.0088,
     "top-5": 0.0457,
     "top-10": 0.0837,
     "top-200": 0.9823,
     "exam": 0.0046251217137293086,
     "wasted-effort": 114
    },
    "worst_case": {
     "top-1": 0.0081,
     "top-5": 0.0438,
     "top-10": 0.0879,
     "top-200": 0.9799,
     "exam": 0.0046251217137293086,
     "wasted-effort": 114
    }
   }
  },
  "line_defuse": {
   "Tarantula": {
    "best_case": {
     "top-1": 0,
     "top-5": 0.0,
     "top-10": 0.0,
     "top-200": 0.9812,
     "exam": 0.01192794547224927,
     "wasted-effort": 204
    },
    "avg_case": {
     "top-1": 0.0,
     "top-5": 0.0,
     "top-10": 0.0,
     "top-200": 0.9803,
     "exam": 0.01192794547224927,
     "wasted-effort": 204
    },
    "worst_case": {
     "top-1": 0.0,
     "top-5": 0.0,
     "top-10": 0.0,
     "top-200": 0.9806,
     "exam": 0.01192794547224927,
     "wasted-effort": 204
    }
   },
   "Ochiai": {
    "best_case": {
     "top-1": 0,
     "top-5": 0.0,
     "top-10": 0.0,
     "top-200": 0.9835,
     "exam": 0.01192794547224927,
     "wasted-effort": 204
    },
    "avg_case": {
     "top-1": 0.0,
     "top-5": 0.0,
     "top-10": 0.0,
     "top-200": 0.9828,
     "exam": 0.01192794547224927,
     "wasted-effort": 204
    },
    "worst_case": {
     "top-1": 0.0,
     "top-5": 0.0,
     "top-10": 0.0,
     "top-200": 0.979,
     "exam": 0.01192794547224927,
     "wasted-effort": 204
    }
   },
   "DStar": {
    "best_case": {
     "top-1": 0.01,
     "top-5": 0.0447,
     "top-10": 0.0866,
     "top-200": 0.7217,
     "exam": 0.0046251217137293086,
     "wasted-effort": 114
    },
    "avg_case": {
     "top-1": 0.0079,
     "top-5": 0.0411,
     "top-10": 0.0853,
     "top-200": 0.715,
     "exam": 0.0046251217137293086,
     "wasted-effort": 114
    },
    "worst_case": {
     "top-1": 0.0104,
     "top-5": 0.0435,
     "top-10": 0.0897,
     "top-200": 0.7036,
     "exam": 0.0046251217137293086,
     "wasted-effort": 114
    }
   },
   "Naish2": {
    "best_case": {
     "top-1": 0,
     "top-5": 0.0438,
     "top-10": 0.0876,
     "top-200": 0.6826,
     "exam": 0.004868549172346641,
     "wasted-effort": 117
    },
    "avg_case": {
     "top-1": 0.0,
     "top-5": 0.0433,
     "top-10": 0.0829,
     "top-200": 0.6844,
     "exam": 0.004868549172346641,
     "wasted-effort": 117
    },
    "worst_case": {
     "top-1": 0.0,
     "top-5": 0.0444,
     "top-10": 0.0848,
     "top-200": 0.6901,
     "exam": 0.004868549172346641,
     "wasted-effort": 117
    }
   },
   "GP13": {
    "best_case": {
     "top-1": 0,
     "top-5": 0.0,
     "top-10": 0.0,
     "top-200": 0.9803,
     "exam": 0.01192794547224927,
     "wasted-effort": 204
    },
    "avg_case": {
     "top-1": 0.0,
     "top-5": 0.0,
     "top-10": 0.0,
     "top-200": 0.9805,
     "exam": 0.01192794547224927,