{
 "scrapy_20": {
  "line": {
   "Tarantula": {
    "best_case": {
     "top-5": 0.109,
     "top-10": 0.216,
     "top-200": 0.348,
     "exam": 0.00016852039096730705,
     "wasted-effort": 4
    },
    "avg_case": {
     "top-5": 0.134,
     "top-10": 0.236,
     "top-200": 0.373,
     "exam": 0.00016852039096730705,
     "wasted-effort": 4
    },
    "worst_case": {
     "top-5": 0.123,
     "top-10": 0.235,
     "top-200": 0.367,
     "exam": 0.00016852039096730705,
     "wasted-effort": 4
    }
   },
   "Ochiai": {
    "best_case": {
     "top-5": 0.127,
     "top-10": 0.228,
     "top-200": 0.354,
     "exam": 0.00016852039096730705,
     "wasted-effort": 4
    },
    "avg_case": {
     "top-5": 0.113,
     "top-10": 0.224,
     "top-200": 0.335,
     "exam": 0.00016852039096730705,
     "wasted-effort": 4
    },
    "worst_case": {
     "top-5": 0.141,
     "top-10": 0.234,
     "top-200": 0.331,
     "exam": 0.00016852039096730705,
     "wasted-effort": 4
    }
   },
   "DStar": {
    "best_case": {
     "top-5": 0.0,
     "top-10": 0.0,
     "top-200": 0.0,
     "exam": 0.06892483990562859,
     "wasted-effort": 1078
    },
    "avg_case": {
     "top-5": 0.0,
     "top-10": 0.0,
     "top-200": 0.0,
     "exam": 0.06892483990562859,
     "wasted-effort": 1078
    },
    "worst_case": {
     "top-5": 0.0,
     "top-10": 0.0,
     "top-200": 0.0,
     "exam": 0.06892483990562859,
     "wasted-effort": 1078
    }
   }
  },
  "line_line": {
   "Tarantula": {
    "best_case": {
     "top-5": 0.131,
     "top-10": 0.24,
     "top-200": 0.731,
     "exam": 0.00016852039096730705,
     "wasted-effort": 4
    },
    "avg_case": {
     "top-5": 0.138,
     "top-10": 0.234,
     "top-200": 0.744,
     "exam": 0.00016852039096730705,
     "wasted-effort": 4
    },
    "worst_case": {
     "top-5": 0.123,
     "top-10": 0.244,
     "top-200": 0.718,
     "exam": 0.00016852039096730705,
     "wasted-effort": 4
    }
   },
   "Ochiai": {
    "best_case": {
     "top-5": 0.115,
     "top-10": 0.255,
     "top-200": 0.72,
     "exam": 0.00016852039096730705,
     "wasted-effort": 4
    },
    "avg_case": {
     "top-5": 0.134,
     "top-10": 0.235,
     "top-200": 0.73,
     "exam": 0.00016852039096730705,
     "wasted-effort": 4
    },
    "worst_case": {
     "top-5": 0.134,
     "top-10": 0.261,
     "top-200": 0.732,
     "exam": 0.00016852039096730705,
     "wasted-effort": 4
    }
   },
   "DStar": {
    "best_case": {
     "top-5": 0.0,
     "top-10": 0.0,
     "top-200": 0.0,
     "exam": 0.06892483990562859,
     "wasted-effort": 1078
    },
    "avg_case": {
     "top-5": 0.0,
     "top-10": 0.0,
     "top-200": 0.0,
     "exam": 0.06892483990562859,
     "wasted-effort": 1078
    },
    "worst_case": {
     "top-5": 0.0,
     "top-10": 0.0,
     "top-200": 0.0,
     "exam": 0.06892483990562859,
     "wasted-effort": 1078
    }
   }
  },
  "line_defuse": {
   "Tarantula": {
    "best_case": {
     "top-5": 0.119,
     "top-10": 0.24,
     "top-200": 0.73,
     "exam": 0.00016852039096730705,
     "wasted-effort": 4
    },
    "avg_case": {
     "top-5": 0.124,
     "top-10": 0.254,
     "top-200": 0.713,
     "exam": 0.00016852039096730705,
     "wasted-effort": 4
    },
    "worst_case": {
     "top-5": 0.113,
     "top-10": 0.251,
     "top-200": 0.707,
     "exam": 0.00016852039096730705,
     "wasted-effort": 4
    }
   },
   "Ochiai": {
    "best_case": {
     "top-5": 0.122,
     "top-10": 0.24,
     "top-200": 0.743,
     "exam": 0.00016852039096730705,
     "wasted-effort": 4
    },
    "avg_case": {
     "top-5": 0.105,
     "top-10": 0.233,
     "top-200": 0.737,
     "exam": 0.00016852039096730705,
     "wasted-effort": 4
    },
    "worst_case": {
     "top-5": 0.11,
     "top-10": 0.268,
     "top-200": 0.707,
     "exam": 0.00016852039096730705,
     "wasted-effort": 4
    }
   },
   "DStar": {
    "best_case": {
     "top-5": 0.0,
     "top-10": 0.0,
     "top-200": 0.0,
     "exam": 0.06892483990562859,
     "wasted-effort": 1078
    },
    "avg_case": {
     "top-5": 0.0,
     "top-10": 0.0,
     "top-200": 0.0,
     "exam": 0.06892483990562859,
     "wasted-effort": 1078
    },
    "worst_case": {
     "top-5": 0.0,
     "top-10": 0.0,
     "top-200": 0.0,
     "exam": 0.06892483990562859,
     "wasted-effort": 1078
    }
   }
  },
  "line_defuses": {
   "Tarantula": {
    "best_case": {
     "top-5": 0.133,
     "top-10": 0.246,
     "top-200": 0.735,
     "exam": 0.00016852039096730705,
     "wasted-effort": 4
    },
    "avg_case": {
     "top-5": 0.103,
     "top-10": 0.219,
     "top-200": 0.728,
     "exam": 0.00016852039096730705,
     "wasted-effort": 4
    },
    "worst_case": {
     "top-5": 0.134,
     "top-10": 0.261,
     "top-200": 0.742,
     "exam": 0.00016852039096730705,
     "wasted-effort": 4
    }
   },
   "Ochiai": {
    "best_case": {
     "top-5": 0.115,
     "top-10": 0.237,
     "top-200": 0.734,
     "exam": 0.00016852039096730705,
     "wasted-effort": 4
    },
    "avg_case": {
     "top-5": 0.129,
     "top-10": 0.228,
     "top-200": 0.735,
     "exam": 0.00016852039096730705,
     "wasted-effort": 4
    },
    "worst_case": {
     "top-5": 0.134,
     "top-10": 0.238,
     "top-200": 0.727,
     "exam": 0.00016852039096730705,
     "wasted-effort": 4
    }
   },
   "DStar": {
    "best_case": {
     "top-5": 0.0,
     "top-10": 0.0,
     "top-200": 0.0,
     "exam": 0.06892483990562859,
     "wasted-effort": 1078
    },
    "avg_case": {
     "top-5": 0.0,
     "top-10": 0.0,
     "top-200": 0.0,
     "exam": 0.06892483990562859,
     "wasted-effort": 1078
    },
    "worst_case": {
     "top-5": 0.0,
     "top-10": 0.0,
     "top-200": 0.0,
     "exam": 0.06892483990562859,
     "wasted-effort": 1078
    }
   }
  },
  "line_assert_use": {
   "Tarantula": {
    "best_case": {
     "top-5": 1,
     "top-10": 0.255,
     "top-200": 0.724,
     "exam": 0.00016852039096730705,
     "wasted-effort": 4
    },
    "avg_case": {
     "top-5": 1,
     "top-10": 0.226,
     "top-200": 0.739,
     "exam": 0.00016852039096730705,
     "wasted-effort": 4
    },
    "worst_case": {
     "top-5": 1.0,
     "top-10": 0.236,
     "top-200": 0.733,
     "exam": 0.00016852039096730705,
     "wasted-effort": 4
    }
   },
   "Ochiai": {
    "best_case": {
     "top-5": 0.131,
     "top-10": 0.241,
     "top-200": 0.714,
     "exam": 0.00016852039096730705,
     "wasted-effort": 4
    },
    "avg_case": {
     "top-5": 0.126,
     "top-10": 0.248,
     "top-200": 0.741,
     "exam": 0.00016852039096730705,
     "wasted-effort": 4
    },
    "worst_case": {
     "top-5": 0.134,
     "top-10": 0.248,
     "top-200": 0.725,
     "exam": 0.00016852039096730705,
     "wasted-effort": 4
    }
   },
   "DStar": {
    "best_case": {
     "top-5": 0.0,
     "top-10": 0.0,
     "top-200": 0.0,
     "exam": 0.06892483990562859,
     "wasted-effort": 1078
    },
    "avg_case": {
     "top-5": 0.0,
     "top-10": 0.0,
     "top-200": 0.0,
     "exam": 0.06892483990562859,
     "wasted-effort": 1078
    },
    "worst_case": {
     "top-5": 0.0,
     "top-10": 0.0,
     "top-200": 0.0,
     "exam": 0.06892483990562859,
     "wasted-effort": 1078
    }
   }
  },
  "line_assert_uses": {
   "Tarantula": {
    "best_case": {
     "top-5": 1,
     "top-10": 0.244,
     "top-200": 0.734,
     "exam": 0.00016852039096730705,
     "wasted-effort": 4
    },
    "avg_case": {
     "top-5": 1,
     "top-10": 0.257,
     "top-200": 0.725,
     "exam": 0.00016852039096730705,
     "wasted-effort": 4
    },
    "worst_case": {
     "top-5": 1.0,
     "top-10": 0.248,
     "top-200": 0.745,
     "exam": 0.00016852039096730705,
     "wasted-effort": 4
    }
   },
   "Ochiai": {
    "best_case": {
     "top-5": 0.122,
     "top-10": 0.233,
     "top-200": 0.721,
     "exam": 0.00016852039096730705,
     "wasted-effort": 4
    },
    "avg_case": {
     "top-5": 0.114,
     "top-10": 0.248,
     "top-200": 0.733,