{
 "scrapy_15": {
  "line": {
   "Tarantula": {
    "best_case": {
     "top-1": 0,
     "top-5": 0.0147,
     "top-10": 0.0307,
     "top-200": 0.6298,
     "exam": 0.01302317962159063,
     "wasted-effort": 317
    },
    "avg_case": {
     "top-1": 0.0,
     "top-5": 0.0149,
     "top-10": 0.0311,
     "top-200": 0.6285,
     "exam": 0.01302317962159063,
     "wasted-effort": 317
    },
    "worst_case": {
     "top-1": 0.0,
     "top-5": 0.00905,
     "top-10": 0.0146,
     "top-200": 0.31345,
     "exam": 0.5147841756081579,
     "wasted-effort": 12209
    }
   },
   "Ochiai": {
    "best_case": {
     "top-1": 0,
     "top-5": 0.0146,
     "top-10": 0.0294,
     "top-200": 0.6389,
     "exam": 0.01302317962159063,
     "wasted-effort": 317
    },
    "avg_case": {
     "top-1": 0.0,
     "top-5": 0.0163,
     "top-10": 0.0296,
     "top-200": 0.6269,
     "exam": 0.01302317962159063,
     "wasted-effort": 317
    },
    "worst_case": {
     "top-1": 0.0,
     "top-5": 0.0084,
     "top-10": 0.0146,
     "top-200": 0.31765,
     "exam": 0.5147841756081579,
     "wasted-effort": 12209
    }
   },
   "DStar": {
    "best_case": {
     "top-1": 0,
     "top-5": 0.0157,
     "top-10": 0.0325,
     "top-200": 0.6335,
     "exam": 0.01302317962159063,
     "wasted-effort": 317
    },
    "avg_case": {
     "top-1": 0.0,
     "top-5": 0.0177,
     "top-10": 0.031,
     "top-200": 0.629,
     "exam": 0.01302317962159063,
     "wasted-effort": 317
    },
    "worst_case": {
     "top-1": 0.0,
     "top-5": 0.008,
     "top-10": 0.0148,
     "top-200": 0.31965,
     "exam": 0.5147841756081579,
     "wasted-effort": 12209
    }
   },
   "Naish1": {
    "best_case": {
     "top-1": 0,
     "top-5": 0.0151,
     "top-10": 0.029,
     "top-200": 0.6316,
     "exam": 0.01302317962159063,
     "wasted-effort": 317
    },
    "avg_case": {
     "top-1": 0.0,
     "top-5": 0.0153,
     "top-10": 0.0309,
     "top-200": 0.6282,
     "exam": 0.01302317962159063,
     "wasted-effort": 317
    },
    "worst_case": {
     "top-1": 0.0,
     "top-5": 0.0084,
     "top-10": 0.01605,
     "top-200": 0.31595,
     "exam": 0.5147841756081579,
     "wasted-effort": 12209
    }
   },
   "Naish2": {
    "best_case": {
     "top-1": 0,
     "top-5": 0.0159,
     "top-10": 0.0331,
     "top-200": 0.6279,
     "exam": 0.01302317962159063,
     "wasted-effort": 317
    },
    "avg_case": {
     "top-1": 0.0,
     "top-5": 0.0168,
     "top-10": 0.0336,
     "top-200": 0.6341,
     "exam": 0.01302317962159063,
     "wasted-effort": 317
    },
    "worst_case": {
     "top-1": 0.0,
     "top-5": 0.0086,
     "top-10": 0.01635,
     "top-200": 0.3187,
     "exam": 0.5147841756081579,
     "wasted-effort": 12209
    }
   },
   "GP13": {
    "best_case": {
     "top-1": 0,
     "top-5": 0.016,
     "top-10": 0.0268,
     "top-200": 0.6281,
     "exam": 0.01302317962159063,
     "wasted-effort": 317
    },
    "avg_case": {
     "top-1": 0.0,
     "top-5": 0.0169,
     "top-10": 0.0301,
     "top-200": 0.6313,
     "exam": 0.01302317962159063,
     "wasted-effort": 317
    },
    "worst_case": {
     "top-1": 0.0,
     "top-5": 0.00825,
     "top-10": 0.01605,
     "top-200": 0.3147,
     "exam": 0.5147841756081579,
     "wasted-effort": 12209
    }
   }
  },
  "line_line": {
   "Tarantula": {
    "best_case": {
     "top-1": 0,
     "top-5": 0.5577,
     "top-10": 0.0323,
     "top-200": 0.6322,
     "exam": 0.0004095339503644852,
     "wasted-effort": 9
    },
    "avg_case": {
     "top-1": 0.0,
     "top-5": 0.5606,
     "top-10": 0.0312,
     "top-200": 0.6402,
     "exam": 0.0004095339503644852,
     "wasted-effort": 9
    },
    "worst_case": {
     "top-1": 0.0,
     "top-5": 0.2732,
     "top-10": 0.01565,
     "top-200": 0.31595,
     "exam": 0.5147841756081579,
     "wasted-effort": 12209
    }
   },
   "Ochiai": {
    "best_case": {
     "top-1": 0,
     "top-5": 0.5482,
     "top-10": 0.0314,
     "top-200": 0.6343,
     "exam": 0.0004095339503644852,
     "wasted-effort": 9
    },
    "avg_case": {
     "top-1": 0.0,
     "top-5": 0.5525,
     "top-10": 0.0298,
     "top-200": 0.6265,
     "exam": 0.0004095339503644852,
     "wasted-effort": 9
    },
    "worst_case": {
     "top-1": 0.0,
     "top-5": 0.2774,
     "top-10": 0.01655,
     "top-200": 0.31555,
     "exam": 0.5147841756081579,
     "wasted-effort": 12209
    }
   },
   "DStar": {
    "best_case": {
     "top-1": 0,
     "top-5": 0.5549,
     "top-10": 0.0332,
     "top-200": 0.6362,
     "exam": 0.0004095339503644852,
     "wasted-effort": 9
    },
    "avg_case": {
     "top-1": 0.0,
     "top-5": 0.557,
     "top-10": 0.0345,
     "top-200": 0.6312,
     "exam": 0.0004095339503644852,
     "wasted-effort": 9
    },
    "worst_case": {
     "top-1": 0.0,
     "top-5": 0.28,
     "top-10": 0.01715,
     "top-200": 0.3133,
     "exam": 0.5147841756081579,
     "wasted-effort": 12209
    }
   },
   "Naish1": {
    "best_case": {
     "top-1": 0,
     "top-5": 0.0134,
     "top-10": 0.0271,
     "top-200": 0.5483,
     "exam": 0.014825129003194364,
     "wasted-effort": 361
    },
    "avg_case": {
     "top-1": 0.0,
     "top-5": 0.0129,
     "top-10": 0.028,
     "top-200": 0.552,
     "exam": 0.014825129003194364,
     "wasted-effort": 361
    },
    "worst_case": {
     "top-1": 0.0,
     "top-5": 0.0072,
     "top-10": 0.01425,
     "top-200": 0.27955,
     "exam": 0.5147841756081579,
     "wasted-effort": 12209
    }
   },
   "Naish2": {
    "best_case": {
     "top-1": 0,
     "top-5": 0.5507,
     "top-10": 0.031,
     "top-200": 0.6351,
     "exam": 0.0004095339503644852,
     "wasted-effort": 9
    },
    "avg_case": {
     "top-1": 0.0,
     "top-5": 0.5484,
     "top-10": 0.0329,
     "top-200": 0.627,
     "exam": 0.0004095339503644852,
     "wasted-effort": 9
    },
    "worst_case": {
     "top-1": 0.0,
     "top-5": 0.2748,
     "top-10": 0.01675,
     "top-200": 0.30875,
     "exam": 0.5147841756081579,
     "wasted-effort": 12209
    }
   },
   "GP13": {
    "best_case": {
     "top-1": 0,
     "top-5": 0.554,
     "top-10": 0.0328,
     "top-200": 0.6305,
     "exam": 0.0004095339503644852,
     "wasted-effort": 9
    },
    "avg_case": {
     "top-1": 0.0,
     "top-5": 0.5599,
     "top-10": 0.0293,
     "top-200": 0.6234,
     "exam": 0.0004095339503644852,
     "wasted-effort": 9
    },
    "worst_case": {
     "top-1": 0.0,
     "top-5": 0.28345,
     "top-10": 0.01595,
     "top-200": 0.3152,
     "exam": 0.5147841756081579,
     "wasted-effort": 12209
    }
   }
  },
  "line_defuse": {
   "Tarantula": {
    "best_case": {
     "top-1": 0,
     "top-5": 0.5536,
     "top-10": 0.0322,
     "top-200": 0.6204,
     "exam": 0.0004095339503644852,
     "wasted-effort": 9
    },
    "avg_case": {
     "top-1": 0.0,
     "top-5": 0.5461,
     "top-10": 0.0301,
     "top-200": 0.6354,
     "exam": 0.0004095339503644852,
     "wasted-effort": 9
    },
    "worst_case": {
     "top-1": 0.0,
     "top-5": 0.2813,
     "top-10": 0.017,
     "top-200": 0.31255,
     "exam": 0.5147841756081579,
     "wasted-effort": 12209
    }
   },
   "Ochiai": {
    "best_case": {
     "top-1": 0,
     "top-5": 0.554,
     "top-10": 0.0353,
     "top-200": 0.6343,
     "exam": 0.0004095339503644852,
     "wasted-effort": 9
    },
    "avg_case": {
     "top-1": 0.0,
     "top-5": 0.55,
     "top-10": 0.0313,
     "top-200": 0.6297,
     "exam": 0.0004095339503644852,
     "wasted-effort": 9
    },
    "worst_case": {
     "top-1": 0.0,
     "top-5": 0.282,
     "top-10": 0.01735,
     "top-200": 0.31375,
     "exam": 0.5147841756081579,
     "wasted-effort": 12209
    }
   },
   "DStar": {
    "best_case": {
     "top-1": 0,
     "top-5": 0.554,
     "top-10": 0.0282,
     "top-200": 0.6306,
     "exam": 0.0004095339503644852,
     "wasted-effort": 9
    },
    "avg_case": {
     "top-1": 0.0,
     "top-5": 0.5532,
     "top-10": 0.0315,
     "top-200": 0.6293,
     "exam": 0.0004095339503644852,