{
 "scrapy_20": {
  "line": {
   "Tarantula": {
    "best_case": {
     "top-1": 0.2507,
     "top-5": 0.1172,
     "top-10": 0.2397,
     "top-200": 0.3564,
     "exam": 0.00016852039096730705,
     "wasted-effort": 4
    },
    "avg_case": {
     "top-1": 0.2447,
     "top-5": 0.1211,
     "top-10": 0.2379,
     "top-200": 0.3557,
     "exam": 0.00016852039096730705,
     "wasted-effort": 4
    },
    "worst_case": {
     "top-1": 0.2506,
     "top-5": 0.1174,
     "top-10": 0.2422,
     "top-200": 0.3641,
     "exam": 0.00016852039096730705,
     "wasted-effort": 4
    }
   },
   "Ochiai": {
    "best_case": {
     "top-1": 0.2399,
     "top-5": 0.1271,
     "top-10": 0.2402,
     "top-200": 0.3554,
     "exam": 0.00016852039096730705,
     "wasted-effort": 4
    },
    "avg_case": {
     "top-1": 0.2522,
     "top-5": 0.1283,
     "top-10": 0.242,
     "top-200": 0.3589,
     "exam": 0.00016852039096730705,
     "wasted-effort": 4
    },
    "worst_case": {
     "top-1": 0.2544,
     "top-5": 0.1208,
     "top-10": 0.2402,
     "top-200": 0.3555,
     "exam": 0.00016852039096730705,
     "wasted-effort": 4
    }
   },
   "DStar": {
    "best_case": {
     "top-1": 0.0,
     "top-5": 0.0,
     "top-10": 0.0,
     "top-200": 0.0,
     "exam": 0.06892483990562859,
     "wasted-effort": 1078
    },
    "avg_case": {
     "top-1": 0.0,
     "top-5": 0.0,
     "top-10": 0.0,
     "top-200": 0.0,
     "exam": 0.06892483990562859,
     "wasted-effort": 1078
    },
    "worst_case": {
     "top-1": 0.0,
     "top-5": 0.0,
     "top-10": 0.0,
     "top-200": 0.0,
     "exam": 0.06892483990562859,
     "wasted-effort": 1078
    }
   },
   "Naish1": {
    "best_case": {
     "top-1": 0.2489,
     "top-5": 0.1196,
     "top-10": 0.2407,
     "top-200": 0.3666,
     "exam": 0.00016852039096730705,
     "wasted-effort": 4
    },
    "avg_case": {
     "top-1": 0.2517,
     "top-5": 0.1214,
     "top-10": 0.244,
     "top-200": 0.3648,
     "exam": 0.00016852039096730705,
     "wasted-effort": 4
    },
    "worst_case": {
     "top-1": 0.2461,
     "top-5": 0.1261,
     "top-10": 0.2469,
     "top-200": 0.3607,
     "exam": 0.00016852039096730705,
     "wasted-effort": 4
    }
   },
   "Naish2": {
    "best_case": {
     "top-1": 0.2498,
     "top-5": 0.1224,
     "top-10": 0.2455,
     "top-200": 0.3623,
     "exam": 0.00016852039096730705,
     "wasted-effort": 4
    },
    "avg_case": {
     "top-1": 0.2547,
     "top-5": 0.1278,
     "top-10": 0.2364,
     "top-200": 0.3574,
     "exam": 0.00016852039096730705,
     "wasted-effort": 4
    },
    "worst_case": {
     "top-1": 0.2553,
     "top-5": 0.121,
     "top-10": 0.2434,
     "top-200": 0.3554,
     "exam": 0.00016852039096730705,
     "wasted-effort": 4
    }
   },
   "GP13": {
    "best_case": {
     "top-1": 0.2557,
     "top-5": 0.118,
     "top-10": 0.2434,
     "top-200": 0.3562,
     "exam": 0.00016852039096730705,
     "wasted-effort": 4
    },
    "avg_case": {
     "top-1": 0.2505,
     "top-5": 0.1265,
     "top-10": 0.2467,
     "top-200": 0.3627,
     "exam": 0.00016852039096730705,
     "wasted-effort": 4
    },
    "worst_case": {
     "top-1": 0.2483,
     "top-5": 0.1265,
     "top-10": 0.2478,
     "top-200": 0.3528,
     "exam": 0.00016852039096730705,
     "wasted-effort": 4
    }
   }
  },
  "line_line": {
   "Tarantula": {
    "best_case": {
     "top-1": 0.2423,
     "top-5": 0.1226,
     "top-10": 0.2526,
     "top-200": 0.7315,
     "exam": 0.00016852039096730705,
     "wasted-effort": 4
    },
    "avg_case": {
     "top-1": 0.248,
     "top-5": 0.1204,
     "top-10": 0.2417,
     "top-200": 0.7373,
     "exam": 0.00016852039096730705,
     "wasted-effort": 4
    },
    "worst_case": {
     "top-1": 0.2502,
     "top-5": 0.1191,
     "top-10": 0.2552,
     "top-200": 0.7274,
     "exam": 0.00016852039096730705,
     "wasted-effort": 4
    }
   },
   "Ochiai": {
    "best_case": {
     "top-1": 0.2553,
     "top-5": 0.1196,
     "top-10": 0.2442,
     "top-200": 0.7388,
     "exam": 0.00016852039096730705,
     "wasted-effort": 4
    },
    "avg_case": {
     "top-1": 0.2495,
     "top-5": 0.1208,
     "top-10": 0.247,
     "top-200": 0.7347,
     "exam": 0.00016852039096730705,
     "wasted-effort": 4
    },
    "worst_case": {
     "top-1": 0.244,
     "top-5": 0.123,
     "top-10": 0.2516,
     "top-200": 0.7293,
     "exam": 0.00016852039096730705,
     "wasted-effort": 4
    }
   },
   "DStar": {
    "best_case": {
     "top-1": 0.0,
     "top-5": 0.0,
     "top-10": 0.0,
     "top-200": 0.0,
     "exam": 0.06892483990562859,
     "wasted-effort": 1078
    },
    "avg_case": {
     "top-1": 0.0,
     "top-5": 0.0,
     "top-10": 0.0,
     "top-200": 0.0,
     "exam": 0.06892483990562859,
     "wasted-effort": 1078
    },
    "worst_case": {
     "top-1": 0.0,
     "top-5": 0.0,
     "top-10": 0.0,
     "top-200": 0.0,
     "exam": 0.06892483990562859,
     "wasted-effort": 1078
    }
   },
   "Naish1": {
    "best_case": {
     "top-1": 0.253,
     "top-5": 0.1201,
     "top-10": 0.2462,
     "top-200": 0.1775,
     "exam": 0.00016852039096730705,
     "wasted-effort": 4
    },
    "avg_case": {
     "top-1": 0.2541,
     "top-5": 0.1206,
     "top-10": 0.2498,
     "top-200": 0.1799,
     "exam": 0.00016852039096730705,
     "wasted-effort": 4
    },
    "worst_case": {
     "top-1": 0.2433,
     "top-5": 0.123,
     "top-10": 0.2471,
     "top-200": 0.1898,
     "exam": 0.00016852039096730705,
     "wasted-effort": 4
    }
   },
   "Naish2": {
    "best_case": {
     "top-1": 0.2492,
     "top-5": 0.1279,
     "top-10": 0.24,
     "top-200": 0.7318,
     "exam": 0.00016852039096730705,
     "wasted-effort": 4
    },
    "avg_case": {
     "top-1": 0.2459,
     "top-5": 0.1245,
     "top-10": 0.2373,
     "top-200": 0.7277,
     "exam": 0.00016852039096730705,
     "wasted-effort": 4
    },
    "worst_case": {
     "top-1": 0.2543,
     "top-5": 0.1252,
     "top-10": 0.2512,
     "top-200": 0.7287,
     "exam": 0.00016852039096730705,
     "wasted-effort": 4
    }
   },
   "GP13": {
    "best_case": {
     "top-1": 0.2475,
     "top-5": 0.1274,
     "top-10": 0.2402,
     "top-200": 0.7276,
     "exam": 0.00016852039096730705,
     "wasted-effort": 4
    },
    "avg_case": {
     "top-1": 0.2455,
     "top-5": 0.1168,
     "top-10": 0.2456,
     "top-200": 0.723,
     "exam": 0.00016852039096730705,
     "wasted-effort": 4
    },
    "worst_case": {
     "top-1": 0.2456,
     "top-5": 0.1288,
     "top-10": 0.2443,
     "top-200": 0.7306,
     "exam": 0.00016852039096730705,
     "wasted-effort": 4
    }
   }
  },
  "line_defuse": {
   "Tarantula": {
    "best_case": {
     "top-1": 0.2377,
     "top-5": 0.1264,
     "top-10": 0.2443,
     "top-200": 0.7314,
     "exam": 0.00016852039096730705,
     "wasted-effort": 4
    },
    "avg_case": {
     "top-1": 0.2536,
     "top-5": 0.1232,
     "top-10": 0.247,
     "top-200": 0.7337,
     "exam": 0.00016852039096730705,
     "wasted-effort": 4
    },
    "worst_case": {
     "top-1": 0.2516,
     "top-5": 0.1171,
     "top-10": 0.2549,
     "top-200": 0.7266,
     "exam": 0.00016852039096730705,
     "wasted-effort": 4
    }
   },
   "Ochiai": {
    "best_case": {
     "top-1": 0.253,
     "top-5": 0.1203,
     "top-10": 0.2404,
     "top-200": 0.7306,
     "exam": 0.00016852039096730705,
     "wasted-effort": 4
    },
    "avg_case": {
     "top-1": 0.2477,
     "top-5": 0.1246,
     "top-10": 0.2459,
     "top-200": 0.731,
     "exam": 0.00016852039096730705,
     "wasted-effort": 4
    },
    "worst_case": {
     "top-1": 0.2534,
     "top-5": 0.1215,
     "top-10": 0.2429,
     "top-200": 0.7364,
     "exam": 0.00016852039096730705,
     "wasted-effort": 4
    }
   },
   "DStar": {
    "best_case": {
     "top-1": 0.0,
     "top-5": 0.0,
     "top-10": 0.0,
     "top-200": 0.0,
     "exam": 0.06892483990562859,
     "wasted-effort": 1078
    },
    "avg_case": {
     "top-1": 0.0,
     "top-5": 0.0,
     "top-10": 0.0,