{
 "scrapy_35": {
  "line": {
   "Tarantula": {
    "best_case": {
     "top-5": 0.0,
     "top-10": 0.4794,
     "top-200": 0.3499,
     "exam": 0.001276520820494762,
     "wasted-effort": 21
    },
    "avg_case": {
     "top-5": 0.0,
     "top-10": 0.4725,
     "top-200": 0.3441,
     "exam": 0.001276520820494762,
     "wasted-effort": 21
    },
    "worst_case": {
     "top-5": 0.0,
     "top-10": 0.2351,
     "top-200": 0.17685,
     "exam": 0.5363148164451096,
     "wasted-effort": 11359
    }
   },
   "Ochiai": {
    "best_case": {
     "top-5": 0.0,
     "top-10": 0.4804,
     "top-200": 0.3458,
     "exam": 0.001276520820494762,
     "wasted-effort": 21
    },
    "avg_case": {
     "top-5": 0.0,
     "top-10": 0.4789,
     "top-200": 0.3519,
     "exam": 0.001276520820494762,
     "wasted-effort": 21
    },
    "worst_case": {
     "top-5": 0.0,
     "top-10": 0.23655,
     "top-200": 0.1766,
     "exam": 0.5363148164451096,
     "wasted-effort": 11359
    }
   },
   "DStar": {
    "best_case": {
     "top-5": 0.0,
     "top-10": 0.4946,
     "top-200": 0.3628,
     "exam": 0.0011884849018399507,
     "wasted-effort": 20
    },
    "avg_case": {
     "top-5": 0.0,
     "top-10": 0.4947,
     "top-200": 0.353,
     "exam": 0.0011884849018399507,
     "wasted-effort": 20
    },
    "worst_case": {
     "top-5": 0.0,
     "top-10": 0.24995,
     "top-200": 0.17565,
     "exam": 0.5363148164451096,
     "wasted-effort": 11359
    }
   }
  },
  "line_line": {
   "Tarantula": {
    "best_case": {
     "top-5": 0.0,
     "top-10": 0.4789,
     "top-200": 0.355,
     "exam": 0.001276520820494762,
     "wasted-effort": 21
    },
    "avg_case": {
     "top-5": 0.0,
     "top-10": 0.4793,
     "top-200": 0.3546,
     "exam": 0.001276520820494762,
     "wasted-effort": 21
    },
    "worst_case": {
     "top-5": 0.0,
     "top-10": 0.2378,
     "top-200": 0.17515,
     "exam": 0.5363148164451096,
     "wasted-effort": 11359
    }
   },
   "Ochiai": {
    "best_case": {
     "top-5": 0.0,
     "top-10": 0.4618,
     "top-200": 0.3484,
     "exam": 0.001276520820494762,
     "wasted-effort": 21
    },
    "avg_case": {
     "top-5": 0.0,
     "top-10": 0.4697,
     "top-200": 0.3546,
     "exam": 0.001276520820494762,
     "wasted-effort": 21
    },
    "worst_case": {
     "top-5": 0.0,
     "top-10": 0.23555,
     "top-200": 0.17525,
     "exam": 0.5363148164451096,
     "wasted-effort": 11359
    }
   },
   "DStar": {
    "best_case": {
     "top-5": 0.0,
     "top-10": 0.5024,
     "top-200": 0.3611,
     "exam": 0.0011884849018399507,
     "wasted-effort": 20
    },
    "avg_case": {
     "top-5": 0.0,
     "top-10": 0.4969,
     "top-200": 0.3476,
     "exam": 0.0011884849018399507,
     "wasted-effort": 20
    },
    "worst_case": {
     "top-5": 0.0,
     "top-10": 0.25245,
     "top-200": 0.17725,
     "exam": 0.5363148164451096,
     "wasted-effort": 11359
    }
   }
  },
  "line_defuse": {
   "Tarantula": {
    "best_case": {
     "top-5": 0.0,
     "top-10": 0.4723,
     "top-200": 0.3409,
     "exam": 0.001276520820494762,
     "wasted-effort": 21
    },
    "avg_case": {
     "top-5": 0.0,
     "top-10": 0.4785,
     "top-200": 0.3521,
     "exam": 0.001276520820494762,
     "wasted-effort": 21
    },
    "worst_case": {
     "top-5": 0.0,
     "top-10": 0.2354,
     "top-200": 0.1778,
     "exam": 0.5363148164451096,
     "wasted-effort": 11359
    }
   },
   "Ochiai": {
    "best_case": {
     "top-5": 0.0,
     "top-10": 0.4767,
     "top-200": 0.3586,
     "exam": 0.001276520820494762,
     "wasted-effort": 21
    },
    "avg_case": {
     "top-5": 0.0,
     "top-10": 0.4716,
     "top-200": 0.3487,
     "exam": 0.001276520820494762,
     "wasted-effort": 21
    },
    "worst_case": {
     "top-5": 0.0,
     "top-10": 0.2394,
     "top-200": 0.17385,
     "exam": 0.5363148164451096,
     "wasted-effort": 11359
    }
   },
   "DStar": {
    "best_case": {
     "top-5": 0.0,
     "top-10": 0.496,
     "top-200": 0.3505,
     "exam": 0.0011884849018399507,
     "wasted-effort": 20
    },
    "avg_case": {
     "top-5": 0.0,
     "top-10": 0.498,
     "top-200": 0.3449,
     "exam": 0.0011884849018399507,
     "wasted-effort": 20
    },
    "worst_case": {
     "top-5": 0.0,
     "top-10": 0.24695,
     "top-200": 0.173,
     "exam": 0.5363148164451096,
     "wasted-effort": 11359
    }
   }
  },
  "line_defuses": {
   "Tarantula": {
    "best_case": {
     "top-5": 0.0,
     "top-10": 0.472,
     "top-200": 0.3593,
     "exam": 0.001276520820494762,
     "wasted-effort": 21
    },
    "avg_case": {
     "top-5": 0.0,
     "top-10": 0.4753,
     "top-200": 0.3457,
     "exam": 0.001276520820494762,
     "wasted-effort": 21
    },
    "worst_case": {
     "top-5": 0.0,
     "top-10": 0.2393,
     "top-200": 0.17655,
     "exam": 0.5363148164451096,
     "wasted-effort": 11359
    }
   },
   "Ochiai": {
    "best_case": {
     "top-5": 0.0,
     "top-10": 0.4779,
     "top-200": 0.3579,
     "exam": 0.001276520820494762,
     "wasted-effort": 21
    },
    "avg_case": {
     "top-5": 0.0,
     "top-10": 0.4763,
     "top-200": 0.347,
     "exam": 0.001276520820494762,
     "wasted-effort": 21
    },
    "worst_case": {
     "top-5": 0.0,
     "top-10": 0.23995,
     "top-200": 0.17265,
     "exam": 0.5363148164451096,
     "wasted-effort": 11359
    }
   },
   "DStar": {
    "best_case": {
     "top-5": 0.0,
     "top-10": 0.4925,
     "top-200": 0.3514,
     "exam": 0.0011884849018399507,
     "wasted-effort": 20
    },
    "avg_case": {
     "top-5": 0.0,
     "top-10": 0.4939,
     "top-200": 0.3475,
     "exam": 0.0011884849018399507,
     "wasted-effort": 20
    },
    "worst_case": {
     "top-5": 0.0,
     "top-10": 0.2489,
     "top-200": 0.17575,
     "exam": 0.5363148164451096,
     "wasted-effort": 11359
    }
   }
  },
  "line_assert_use": {
   "Tarantula": {
    "best_case": {
     "top-5": 0.0,
     "top-10": 0.4864,
     "top-200": 0.3473,
     "exam": 0.001276520820494762,
     "wasted-effort": 21
    },
    "avg_case": {
     "top-5": 0.0,
     "top-10": 0.4715,
     "top-200": 0.3489,
     "exam": 0.001276520820494762,
     "wasted-effort": 21
    },
    "worst_case": {
     "top-5": 0.0,
     "top-10": 0.23655,
     "top-200": 0.17815,
     "exam": 0.5363148164451096,
     "wasted-effort": 11359
    }
   },
   "Ochiai": {
    "best_case": {
     "top-5": 0.0,
     "top-10": 0.4717,
     "top-200": 0.3511,
     "exam": 0.001276520820494762,
     "wasted-effort": 21
    },
    "avg_case": {
     "top-5": 0.0,
     "top-10": 0.4728,
     "top-200": 0.3441,
     "exam": 0.001276520820494762,
     "wasted-effort": 21
    },
    "worst_case": {
     "top-5": 0.0,
     "top-10": 0.2409,
     "top-200": 0.17375,
     "exam": 0.5363148164451096,
     "wasted-effort": 11359
    }
   },
   "DStar": {
    "best_case": {
     "top-5": 0.0,
     "top-10": 0.504,
     "top-200": 0.3583,
     "exam": 0.0011884849018399507,
     "wasted-effort": 20
    },
    "avg_case": {
     "top-5": 0.0,
     "top-10": 0.4992,
     "top-200": 0.354,
     "exam": 0.0011884849018399507,
     "wasted-effort": 20
    },
    "worst_case": {
     "top-5": 0.0,
     "top-10": 0.2519,
     "top-200": 0.1705,
     "exam": 0.5363148164451096,
     "wasted-effort": 11359
    }
   }
  },
  "line_assert_uses": {
   "Tarantula": {
    "best_case": {
     "top-5": 0.0,
     "top-10": 0.4708,
     "top-200": 0.355,
     "exam": 0.001276520820494762,
     "wasted-effort": 21
    },
    "avg_case": {
     "top-5": 0.0,
     "top-10": 0.465,
     "top-200": 0.3565,
     "exam": 0.001276520820494762,
     "wasted-effort": 21
    },
    "worst_case": {
     "top-5": 0.0,
     "top-10": 0.24105,
     "top-200": 0.17655,
     "exam": 0.5363148164451096,
     "wasted-effort": 11359
    }
   },
   "Ochiai": {
    "best_case": {
     "top-5": 0.0,
     "top-10": 0.4702,
     "top-200": 0.3408,
     "exam": 0.001276520820494762,
     "wasted-effort": 21
    },