{
 "scrapy_4": {
  "line": {
   "Tarantula": {
    "best_case": {
     "top-1": 0.1967,
     "top-5": 1,
     "top-10": 0.0228,
     "top-200": 0.4514,
     "exam": 0.00022874919937780218,
     "wasted-effort": 5
    },
    "avg_case": {
     "top-1": 0.1989,
     "top-5": 1,
     "top-10": 0.0206,
     "top-200": 0.4352,
     "exam": 0.00022874919937780218,
     "wasted-effort": 5
    },
    "worst_case": {
     "top-1": 0.2005,
     "top-5": 1.0,
     "top-10": 0.0231,
     "top-200": 0.4384,
     "exam": 0.00022874919937780218,
     "wasted-effort": 5
    }
   },
   "Ochiai": {
    "best_case": {
     "top-1": 0.1926,
     "top-5": 1,
     "top-10": 0.0252,
     "top-200": 0.4518,
     "exam": 0.00022874919937780218,
     "wasted-effort": 5
    },
    "avg_case": {
     "top-1": 0.1975,
     "top-5": 1,
     "top-10": 0.0189,
     "top-200": 0.4461,
     "exam": 0.00022874919937780218,
     "wasted-effort": 5
    },
    "worst_case": {
     "top-1": 0.2039,
     "top-5": 1.0,
     "top-10": 0.0204,
     "top-200": 0.4365,
     "exam": 0.00022874919937780218,
     "wasted-effort": 5
    }
   },
   "DStar": {
    "best_case": {
     "top-1": 0,
     "top-5": 0.0,
     "top-10": 0.0,
     "top-200": 0.0,
     "exam": 0.04273035044377345,
     "wasted-effort": 489
    },
    "avg_case": {
     "top-1": 0.0,
     "top-5": 0.0,
     "top-10": 0.0,
     "top-200": 0.0,
     "exam": 0.04273035044377345,
     "wasted-effort": 489
    },
    "worst_case": {
     "top-1": 0.0,
     "top-5": 0.0,
     "top-10": 0.0,
     "top-200": 0.0,
     "exam": 0.04273035044377345,
     "wasted-effort": 489
    }
   },
   "Naish1": {
    "best_case": {
     "top-1": 0.2052,
     "top-5": 1,
     "top-10": 0.0221,
     "top-200": 0.4402,
     "exam": 0.00022874919937780218,
     "wasted-effort": 5
    },
    "avg_case": {
     "top-1": 0.2012,
     "top-5": 1,
     "top-10": 0.0197,
     "top-200": 0.4476,
     "exam": 0.00022874919937780218,
     "wasted-effort": 5
    },
    "worst_case": {
     "top-1": 0.1959,
     "top-5": 1.0,
     "top-10": 0.0198,
     "top-200": 0.4409,
     "exam": 0.00022874919937780218,
     "wasted-effort": 5
    }
   },
   "Naish2": {
    "best_case": {
     "top-1": 0.2063,
     "top-5": 1,
     "top-10": 0.0208,
     "top-200": 0.4471,
     "exam": 0.00022874919937780218,
     "wasted-effort": 5
    },
    "avg_case": {
     "top-1": 0.199,
     "top-5": 1,
     "top-10": 0.0212,
     "top-200": 0.4372,
     "exam": 0.00022874919937780218,
     "wasted-effort": 5
    },
    "worst_case": {
     "top-1": 0.2036,
     "top-5": 1.0,
     "top-10": 0.0225,
     "top-200": 0.4477,
     "exam": 0.00022874919937780218,
     "wasted-effort": 5
    }
   },
   "GP13": {
    "best_case": {
     "top-1": 0.1995,
     "top-5": 1,
     "top-10": 0.023,
     "top-200": 0.4448,
     "exam": 0.00022874919937780218,
     "wasted-effort": 5
    },
    "avg_case": {
     "top-1": 0.198,
     "top-5": 1,
     "top-10": 0.0218,
     "top-200": 0.4421,
     "exam": 0.00022874919937780218,
     "wasted-effort": 5
    },
    "worst_case": {
     "top-1": 0.1956,
     "top-5": 1.0,
     "top-10": 0.0251,
     "top-200": 0.4409,
     "exam": 0.00022874919937780218,
     "wasted-effort": 5
    }
   }
  },
  "line_line": {
   "Tarantula": {
    "best_case": {
     "top-1": 0.3315,
     "top-5": 1,
     "top-10": 0.1038,
     "top-200": 0.4411,
     "exam": 0.0001372495196266813,
     "wasted-effort": 3
    },
    "avg_case": {
     "top-1": 0.3349,
     "top-5": 1,
     "top-10": 0.1047,
     "top-200": 0.4469,
     "exam": 0.0001372495196266813,
     "wasted-effort": 3
    },
    "worst_case": {
     "top-1": 0.333,
     "top-5": 1.0,
     "top-10": 0.1026,
     "top-200": 0.4477,
     "exam": 0.0001372495196266813,
     "wasted-effort": 3
    }
   },
   "Ochiai": {
    "best_case": {
     "top-1": 0.3375,
     "top-5": 1,
     "top-10": 0.0983,
     "top-200": 0.4426,
     "exam": 0.0001372495196266813,
     "wasted-effort": 3
    },
    "avg_case": {
     "top-1": 0.3299,
     "top-5": 1,
     "top-10": 0.1031,
     "top-200": 0.4386,
     "exam": 0.0001372495196266813,
     "wasted-effort": 3
    },
    "worst_case": {
     "top-1": 0.3409,
     "top-5": 1.0,
     "top-10": 0.1036,
     "top-200": 0.444,
     "exam": 0.0001372495196266813,
     "wasted-effort": 3
    }
   },
   "DStar": {
    "best_case": {
     "top-1": 0,
     "top-5": 0.0,
     "top-10": 0.0,
     "top-200": 0.0,
     "exam": 0.04273035044377345,
     "wasted-effort": 489
    },
    "avg_case": {
     "top-1": 0.0,
     "top-5": 0.0,
     "top-10": 0.0,
     "top-200": 0.0,
     "exam": 0.04273035044377345,
     "wasted-effort": 489
    },
    "worst_case": {
     "top-1": 0.0,
     "top-5": 0.0,
     "top-10": 0.0,
     "top-200": 0.0,
     "exam": 0.04273035044377345,
     "wasted-effort": 489
    }
   },
   "Naish1": {
    "best_case": {
     "top-1": 0.335,
     "top-5": 1,
     "top-10": 0.0228,
     "top-200": 0.4076,
     "exam": 0.0001372495196266813,
     "wasted-effort": 3
    },
    "avg_case": {
     "top-1": 0.3327,
     "top-5": 1,
     "top-10": 0.0204,
     "top-200": 0.4152,
     "exam": 0.0001372495196266813,
     "wasted-effort": 3
    },
    "worst_case": {
     "top-1": 0.3383,
     "top-5": 1.0,
     "top-10": 0.0216,
     "top-200": 0.411,
     "exam": 0.0001372495196266813,
     "wasted-effort": 3
    }
   },
   "Naish2": {
    "best_case": {
     "top-1": 0.3292,
     "top-5": 1,
     "top-10": 0.0981,
     "top-200": 0.4544,
     "exam": 0.0001372495196266813,
     "wasted-effort": 3
    },
    "avg_case": {
     "top-1": 0.3426,
     "top-5": 1,
     "top-10": 0.1055,
     "top-200": 0.4416,
     "exam": 0.0001372495196266813,
     "wasted-effort": 3
    },
    "worst_case": {
     "top-1": 0.3318,
     "top-5": 1.0,
     "top-10": 0.1006,
     "top-200": 0.4478,
     "exam": 0.0001372495196266813,
     "wasted-effort": 3
    }
   },
   "GP13": {
    "best_case": {
     "top-1": 0.3342,
     "top-5": 1,
     "top-10": 0.1033,
     "top-200": 0.4532,
     "exam": 0.0001372495196266813,
     "wasted-effort": 3
    },
    "avg_case": {
     "top-1": 0.3295,
     "top-5": 1,
     "top-10": 0.0983,
     "top-200": 0.4452,
     "exam": 0.0001372495196266813,
     "wasted-effort": 3
    },
    "worst_case": {
     "top-1": 0.3383,
     "top-5": 1.0,
     "top-10": 0.1039,
     "top-200": 0.453,
     "exam": 0.0001372495196266813,
     "wasted-effort": 3
    }
   }
  },
  "line_defuse": {
   "Tarantula": {
    "best_case": {
     "top-1": 0.3368,
     "top-5": 1,
     "top-10": 1,
     "top-200": 0.4504,
     "exam": 0.0001372495196266813,
     "wasted-effort": 3
    },
    "avg_case": {
     "top-1": 0.3259,
     "top-5": 1,
     "top-10": 1,
     "top-200": 0.4487,
     "exam": 0.0001372495196266813,
     "wasted-effort": 3
    },
    "worst_case": {
     "top-1": 0.3344,
     "top-5": 1.0,
     "top-10": 1.0,
     "top-200": 0.4463,
     "exam": 0.0001372495196266813,
     "wasted-effort": 3
    }
   },
   "Ochiai": {
    "best_case": {
     "top-1": 0.3361,
     "top-5": 1,
     "top-10": 1,
     "top-200": 0.4351,
     "exam": 0.0001372495196266813,
     "wasted-effort": 3
    },
    "avg_case": {
     "top-1": 0.3311,
     "top-5": 1,
     "top-10": 1,
     "top-200": 0.4484,
     "exam": 0.0001372495196266813,
     "wasted-effort": 3
    },
    "worst_case": {
     "top-1": 0.3302,
     "top-5": 1.0,
     "top-10": 1.0,
     "top-200": 0.4372,
     "exam": 0.0001372495196266813,
     "wasted-effort": 3
    }
   },
   "DStar": {
    "best_case": {
     "top-1": 0,
     "top-5": 0,
     "top-10": 0.0,
     "top-200": 0.0,
     "exam": 0.04273035044377345,
     "wasted-effort": 489
    },
    "avg_case": {
     "top-1": 0.0,
     "top-5": 0.0,
     "top-10": 0.0,
     "top-200": 0.0,
     "exam": 0.04273035044377345,
     "wasted-effort": 489
    },
    "worst_case": {
     "top-1": 0.0,
     "top-5": 0.0,
     "top-10": 0.0,
     "top-200": 0.0,