{
 "scrapy_32": {
  "line": {
   "Tarantula": {
    "best_case": {
     "top-1": 0.0676,
     "top-5": 0.3129,
     "top-10": 0.5575,
     "top-200": 0.5065,
     "exam": 0.0012636899747262005,
     "wasted-effort": 30
    },
    "avg_case": {
     "top-1": 0.0632,
     "top-5": 0.3104,
     "top-10": 0.5583,
     "top-200": 0.5088,
     "exam": 0.0012636899747262005,
     "wasted-effort": 30
    },
    "worst_case": {
     "top-1": 0.0336,
     "top-5": 0.16765,
     "top-10": 0.3344,
     "top-200": 0.3069,
     "exam": 0.0012636899747262005,
     "wasted-effort": 30
    }
   },
   "Ochiai": {
    "best_case": {
     "top-1": 0.069,
     "top-5": 0.3111,
     "top-10": 0.5561,
     "top-200": 0.516,
     "exam": 0.0012636899747262005,
     "wasted-effort": 30
    },
    "avg_case": {
     "top-1": 0.0672,
     "top-5": 0.313,
     "top-10": 0.5709,
     "top-200": 0.5137,
     "exam": 0.0012636899747262005,
     "wasted-effort": 30
    },
    "worst_case": {
     "top-1": 0.03425,
     "top-5": 0.16745,
     "top-10": 0.33445,
     "top-200": 0.30445,
     "exam": 0.0012636899747262005,
     "wasted-effort": 30
    }
   },
   "DStar": {
    "best_case": {
     "top-1": 0,
     "top-5": 0.0,
     "top-10": 0.0,
     "top-200": 0.0,
     "exam": 0.06571187868576242,
     "wasted-effort": 929
    },
    "avg_case": {
     "top-1": 0.0,
     "top-5": 0.0,
     "top-10": 0.0,
     "top-200": 0.0,
     "exam": 0.06571187868576242,
     "wasted-effort": 929
    },
    "worst_case": {
     "top-1": 0.0,
     "top-5": 0.0,
     "top-10": 0.0,
     "top-200": 0.0,
     "exam": 0.06571187868576242,
     "wasted-effort": 929
    }
   },
   "Naish2": {
    "best_case": {
     "top-1": 0.0644,
     "top-5": 0.3128,
     "top-10": 0.5662,
     "top-200": 0.5105,
     "exam": 0.0012636899747262005,
     "wasted-effort": 30
    },
    "avg_case": {
     "top-1": 0.0646,
     "top-5": 0.3049,
     "top-10": 0.5574,
     "top-200": 0.5151,
     "exam": 0.0012636899747262005,
     "wasted-effort": 30
    },
    "worst_case": {
     "top-1": 0.0327,
     "top-5": 0.16925,
     "top-10": 0.3232,
     "top-200": 0.30085,
     "exam": 0.0012636899747262005,
     "wasted-effort": 30
    }
   },
   "GP13": {
    "best_case": {
     "top-1": 0.0646,
     "top-5": 0.3071,
     "top-10": 0.566,
     "top-200": 0.5059,
     "exam": 0.0012636899747262005,
     "wasted-effort": 30
    },
    "avg_case": {
     "top-1": 0.065,
     "top-5": 0.3081,
     "top-10": 0.5618,
     "top-200": 0.5171,
     "exam": 0.0012636899747262005,
     "wasted-effort": 30
    },
    "worst_case": {
     "top-1": 0.0341,
     "top-5": 0.16605,
     "top-10": 0.3356,
     "top-200": 0.30425,
     "exam": 0.0012636899747262005,
     "wasted-effort": 30
    }
   }
  },
  "line_line": {
   "Tarantula": {
    "best_case": {
     "top-1": 0.0645,
     "top-5": 0.3064,
     "top-10": 0.57,
     "top-200": 0.5112,
     "exam": 0.0012636899747262005,
     "wasted-effort": 30
    },
    "avg_case": {
     "top-1": 0.0703,
     "top-5": 0.3148,
     "top-10": 0.5637,
     "top-200": 0.5113,
     "exam": 0.0012636899747262005,
     "wasted-effort": 30
    },
    "worst_case": {
     "top-1": 0.0349,
     "top-5": 0.16645,
     "top-10": 0.33235,
     "top-200": 0.3076,
     "exam": 0.0012636899747262005,
     "wasted-effort": 30
    }
   },
   "Ochiai": {
    "best_case": {
     "top-1": 0.0714,
     "top-5": 0.3202,
     "top-10": 0.5683,
     "top-200": 0.5097,
     "exam": 0.0012636899747262005,
     "wasted-effort": 30
    },
    "avg_case": {
     "top-1": 0.0681,
     "top-5": 0.3047,
     "top-10": 0.562,
     "top-200": 0.5223,
     "exam": 0.0012636899747262005,
     "wasted-effort": 30
    },
    "worst_case": {
     "top-1": 0.0331,
     "top-5": 0.1727,
     "top-10": 0.3378,
     "top-200": 0.3102,
     "exam": 0.0012636899747262005,
     "wasted-effort": 30
    }
   },
   "DStar": {
    "best_case": {
     "top-1": 0,
     "top-5": 0.0,
     "top-10": 0.0,
     "top-200": 0.0,
     "exam": 0.06571187868576242,
     "wasted-effort": 929
    },
    "avg_case": {
     "top-1": 0.0,
     "top-5": 0.0,
     "top-10": 0.0,
     "top-200": 0.0,
     "exam": 0.06571187868576242,
     "wasted-effort": 929
    },
    "worst_case": {
     "top-1": 0.0,
     "top-5": 0.0,
     "top-10": 0.0,
     "top-200": 0.0,
     "exam": 0.06571187868576242,
     "wasted-effort": 929
    }
   },
   "Naish2": {
    "best_case": {
     "top-1": 0.0659,
     "top-5": 0.3068,
     "top-10": 0.569,
     "top-200": 0.5156,
     "exam": 0.0012636899747262005,
     "wasted-effort": 30
    },
    "avg_case": {
     "top-1": 0.0623,
     "top-5": 0.317,
     "top-10": 0.5659,
     "top-200": 0.5077,
     "exam": 0.0012636899747262005,
     "wasted-effort": 30
    },
    "worst_case": {
     "top-1": 0.0358,
     "top-5": 0.1669,
     "top-10": 0.3355,
     "top-200": 0.3051,
     "exam": 0.0012636899747262005,
     "wasted-effort": 30
    }
   },
   "GP13": {
    "best_case": {
     "top-1": 0.0659,
     "top-5": 0.312,
     "top-10": 0.5587,
     "top-200": 0.5098,
     "exam": 0.0012636899747262005,
     "wasted-effort": 30
    },
    "avg_case": {
     "top-1": 0.066,
     "top-5": 0.3115,
     "top-10": 0.5644,
     "top-200": 0.5131,
     "exam": 0.0012636899747262005,
     "wasted-effort": 30
    },
    "worst_case": {
     "top-1": 0.03315,
     "top-5": 0.1674,
     "top-10": 0.33595,
     "top-200": 0.3046,
     "exam": 0.0012636899747262005,
     "wasted-effort": 30
    }
   }
  },
  "line_defuse": {
   "Tarantula": {
    "best_case": {
     "top-1": 0.0666,
     "top-5": 0.3021,
     "top-10": 0.5606,
     "top-200": 0.5119,
     "exam": 0.0012636899747262005,
     "wasted-effort": 30
    },
    "avg_case": {
     "top-1": 0.0682,
     "top-5": 0.3118,
     "top-10": 0.5631,
     "top-200": 0.5154,
     "exam": 0.0012636899747262005,
     "wasted-effort": 30
    },
    "worst_case": {
     "top-1": 0.03335,
     "top-5": 0.16705,
     "top-10": 0.3313,
     "top-200": 0.3012,
     "exam": 0.0012636899747262005,
     "wasted-effort": 30
    }
   },
   "Ochiai": {
    "best_case": {
     "top-1": 0.0668,
     "top-5": 0.3088,
     "top-10": 0.5669,
     "top-200": 0.5058,
     "exam": 0.0012636899747262005,
     "wasted-effort": 30
    },
    "avg_case": {
     "top-1": 0.0671,
     "top-5": 0.3052,
     "top-10": 0.5594,
     "top-200": 0.5167,
     "exam": 0.0012636899747262005,
     "wasted-effort": 30
    },
    "worst_case": {
     "top-1": 0.0327,
     "top-5": 0.16695,
     "top-10": 0.33945,
     "top-200": 0.3021,
     "exam": 0.0012636899747262005,
     "wasted-effort": 30
    }
   },
   "DStar": {
    "best_case": {
     "top-1": 0,
     "top-5": 0.0,
     "top-10": 0.0,
     "top-200": 0.0,
     "exam": 0.06571187868576242,
     "wasted-effort": 929
    },
    "avg_case": {
     "top-1": 0.0,
     "top-5": 0.0,
     "top-10": 0.0,
     "top-200": 0.0,
     "exam": 0.06571187868576242,
     "wasted-effort": 929
    },
    "worst_case": {
     "top-1": 0.0,
     "top-5": 0.0,
     "top-10": 0.0,
     "top-200": 0.0,
     "exam": 0.06571187868576242,
     "wasted-effort": 929
    }
   },
   "Naish2": {
    "best_case": {
     "top-1": 0.0671,
     "top-5": 0.304,
     "top-10": 0.5735,
     "top-200": 0.5128,
     "exam": 0.0012636899747262005,
     "wasted-effort": 30
    },
    "avg_case": {
     "top-1": 0.068,
     "top-5": 0.3088,
     "top-10": 0.5699,
     "top-200": 0.5188,
     "exam": 0.0012636899747262005,
     "wasted-effort": 30
    },
    "worst_case": {
     "top-1": 0.03135,
     "top-5": 0.1669,
     "top-10": 0.3329,
     "top-200": 0.3035,
     "exam": 0.0012636899747262005,
     "wasted-effort": 30
    }
   },
   "GP13": {
    "best_case": {
     "top-1": 0.0691,
     "top-5": 0.3173,
     "top-10": 0.5629,
     "top-200": 0.5118,
     "exam": 0.0012636899747262005,
     "wasted-effort": 30
    },
    "avg_case": {
     "top-1": 0.0636,
     "top-5": 0.3066,
     "top-10": 0.5626,