{
 "scrapy_10": {
  "line": {
   "Tarantula": {
    "best_case": {
     "top-1": 0.0,
     "top-5": 0,
     "top-10": 1,
     "top-200": 0.4838,
     "exam": 0.0005289283098706159,
     "wasted-effort": 8
    },
    "avg_case": {
     "top-1": 0.0,
     "top-5": 0.0,
     "top-10": 0.5,
     "top-200": 0.2867,
     "exam": 0.044348604442997805,
     "wasted-effort": 1031
    },
    "worst_case": {
     "top-1": 0.0,
     "top-5": 0.0,
     "top-10": 0.25,
     "top-200": 0.144075,
     "exam": 0.5447554723736675,
     "wasted-effort": 12289
    }
   },
   "Ochiai": {
    "best_case": {
     "top-1": 0.0,
     "top-5": 0,
     "top-10": 1,
     "top-200": 0.4801,
     "exam": 0.0005289283098706159,
     "wasted-effort": 8
    },
    "avg_case": {
     "top-1": 0.0,
     "top-5": 0.0,
     "top-10": 0.5,
     "top-200": 0.2855,
     "exam": 0.044348604442997805,
     "wasted-effort": 1031
    },
    "worst_case": {
     "top-1": 0.0,
     "top-5": 0.0,
     "top-10": 0.25,
     "top-200": 0.147725,
     "exam": 0.5447554723736675,
     "wasted-effort": 12289
    }
   },
   "DStar": {
    "best_case": {
     "top-1": 0.0,
     "top-5": 0,
     "top-10": 1,
     "top-200": 0.4806,
     "exam": 0.0005289283098706159,
     "wasted-effort": 8
    },
    "avg_case": {
     "top-1": 0.0,
     "top-5": 0.0,
     "top-10": 0.5,
     "top-200": 0.29185,
     "exam": 0.044348604442997805,
     "wasted-effort": 1031
    },
    "worst_case": {
     "top-1": 0.0,
     "top-5": 0.0,
     "top-10": 0.25,
     "top-200": 0.146725,
     "exam": 0.5447554723736675,
     "wasted-effort": 12289
    }
   },
   "Naish1": {
    "best_case": {
     "top-1": 0.0,
     "top-5": 0,
     "top-10": 1,
     "top-200": 0.4814,
     "exam": 0.0005289283098706159,
     "wasted-effort": 8
    },
    "avg_case": {
     "top-1": 0.0,
     "top-5": 0.0,
     "top-10": 0.5,
     "top-200": 0.28515,
     "exam": 0.044348604442997805,
     "wasted-effort": 1031
    },
    "worst_case": {
     "top-1": 0.0,
     "top-5": 0.0,
     "top-10": 0.25,
     "top-200": 0.14465,
     "exam": 0.5447554723736675,
     "wasted-effort": 12289
    }
   },
   "Naish2": {
    "best_case": {
     "top-1": 0.0,
     "top-5": 0,
     "top-10": 1,
     "top-200": 0.4773,
     "exam": 0.0005289283098706159,
     "wasted-effort": 8
    },
    "avg_case": {
     "top-1": 0.0,
     "top-5": 0.0,
     "top-10": 0.5,
     "top-200": 0.2896,
     "exam": 0.044348604442997805,
     "wasted-effort": 1031
    },
    "worst_case": {
     "top-1": 0.0,
     "top-5": 0.0,
     "top-10": 0.25,
     "top-200": 0.146975,
     "exam": 0.5447554723736675,
     "wasted-effort": 12289
    }
   },
   "GP13": {
    "best_case": {
     "top-1": 0.0,
     "top-5": 0,
     "top-10": 1,
     "top-200": 0.4807,
     "exam": 0.0005289283098706159,
     "wasted-effort": 8
    },
    "avg_case": {
     "top-1": 0.0,
     "top-5": 0.0,
     "top-10": 0.5,
     "top-200": 0.28255,
     "exam": 0.044348604442997805,
     "wasted-effort": 1031
    },
    "worst_case": {
     "top-1": 0.0,
     "top-5": 0.0,
     "top-10": 0.25,
     "top-200": 0.147725,
     "exam": 0.5447554723736675,
     "wasted-effort": 12289
    }
   }
  },
  "line_line": {
   "Tarantula": {
    "best_case": {
     "top-1": 0.0,
     "top-5": 0,
     "top-10": 1,
     "top-200": 0.2809,
     "exam": 0.0005289283098706159,
     "wasted-effort": 8
    },
    "avg_case": {
     "top-1": 0.0,
     "top-5": 0.0,
     "top-10": 0.5,
     "top-200": 0.13795,
     "exam": 0.07177150297013589,
     "wasted-effort": 1031
    },
    "worst_case": {
     "top-1": 0.0,
     "top-5": 0.0,
     "top-10": 0.25,
     "top-200": 0.070425,
     "exam": 0.5447554723736675,
     "wasted-effort": 12289
    }
   },
   "Ochiai": {
    "best_case": {
     "top-1": 0.0,
     "top-5": 0,
     "top-10": 1,
     "top-200": 0.2768,
     "exam": 0.0005289283098706159,
     "wasted-effort": 8
    },
    "avg_case": {
     "top-1": 0.0,
     "top-5": 0.0,
     "top-10": 0.5,
     "top-200": 0.13665,
     "exam": 0.07177150297013589,
     "wasted-effort": 1031
    },
    "worst_case": {
     "top-1": 0.0,
     "top-5": 0.0,
     "top-10": 0.25,
     "top-200": 0.067575,
     "exam": 0.5447554723736675,
     "wasted-effort": 12289
    }
   },
   "DStar": {
    "best_case": {
     "top-1": 0.0,
     "top-5": 0,
     "top-10": 1,
     "top-200": 0.277,
     "exam": 0.0005289283098706159,
     "wasted-effort": 8
    },
    "avg_case": {
     "top-1": 0.0,
     "top-5": 0.0,
     "top-10": 0.5,
     "top-200": 0.13905,
     "exam": 0.07177150297013589,
     "wasted-effort": 1031
    },
    "worst_case": {
     "top-1": 0.0,
     "top-5": 0.0,
     "top-10": 0.25,
     "top-200": 0.067475,
     "exam": 0.5447554723736675,
     "wasted-effort": 12289
    }
   },
   "Naish1": {
    "best_case": {
     "top-1": 0.0,
     "top-5": 0,
     "top-10": 1,
     "top-200": 0.4485,
     "exam": 0.0005289283098706159,
     "wasted-effort": 8
    },
    "avg_case": {
     "top-1": 0.0,
     "top-5": 0.0,
     "top-10": 0.5,
     "top-200": 0.26315,
     "exam": 0.04715599316461876,
     "wasted-effort": 1100
    },
    "worst_case": {
     "top-1": 0.0,
     "top-5": 0.0,
     "top-10": 0.25,
     "top-200": 0.13375,
     "exam": 0.5447554723736675,
     "wasted-effort": 12289
    }
   },
   "Naish2": {
    "best_case": {
     "top-1": 0.0,
     "top-5": 0,
     "top-10": 1,
     "top-200": 0.276,
     "exam": 0.0005289283098706159,
     "wasted-effort": 8
    },
    "avg_case": {
     "top-1": 0.0,
     "top-5": 0.0,
     "top-10": 0.5,
     "top-200": 0.13375,
     "exam": 0.07177150297013589,
     "wasted-effort": 1031
    },
    "worst_case": {
     "top-1": 0.0,
     "top-5": 0.0,
     "top-10": 0.25,
     "top-200": 0.071125,
     "exam": 0.5447554723736675,
     "wasted-effort": 12289
    }
   },
   "GP13": {
    "best_case": {
     "top-1": 0.0,
     "top-5": 0,
     "top-10": 1,
     "top-200": 0.2748,
     "exam": 0.0005289283098706159,
     "wasted-effort": 8
    },
    "avg_case": {
     "top-1": 0.0,
     "top-5": 0.0,
     "top-10": 0.5,
     "top-200": 0.13615,
     "exam": 0.07177150297013589,
     "wasted-effort": 1031
    },
    "worst_case": {
     "top-1": 0.0,
     "top-5": 0.0,
     "top-10": 0.25,
     "top-200": 0.069025,
     "exam": 0.5447554723736675,
     "wasted-effort": 12289
    }
   }
  },
  "line_defuse": {
   "Tarantula": {
    "best_case": {
     "top-1": 0.0,
     "top-5": 0,
     "top-10": 1,
     "top-200": 0.2799,
     "exam": 0.0005289283098706159,
     "wasted-effort": 8
    },
    "avg_case": {
     "top-1": 0.0,
     "top-5": 0.0,
     "top-10": 0.5,
     "top-200": 0.1354,
     "exam": 0.07177150297013589,
     "wasted-effort": 1031
    },
    "worst_case": {
     "top-1": 0.0,
     "top-5": 0.0,
     "top-10": 0.25,
     "top-200": 0.0669,
     "exam": 0.5447554723736675,
     "wasted-effort": 12289
    }
   },
   "Ochiai": {
    "best_case": {
     "top-1": 0.0,
     "top-5": 0,
     "top-10": 1,
     "top-200": 0.2733,
     "exam": 0.0005289283098706159,
     "wasted-effort": 8
    },
    "avg_case": {
     "top-1": 0.0,
     "top-5": 0.0,
     "top-10": 0.5,
     "top-200": 0.1361,
     "exam": 0.07177150297013589,
     "wasted-effort": 1031
    },
    "worst_case": {
     "top-1": 0.0,
     "top-5": 0.0,
     "top-10": 0.25,
     "top-200": 0.06925,
     "exam": 0.5447554723736675,
     "wasted-effort": 12289
    }
   },
   "DStar": {
    "best_case": {
     "top-1": 0.0,
     "top-5": 0,
     "top-10": 1,
     "top-200": 0.266,
     "exam": 0.0005289283098706159,
     "wasted-effort": 8
    },
    "avg_case": {
     "top-1": 0.0,
     "top-5": 0.0,
     "top-10": 0.5,
     "top-200": 0.13915,
     "exam": 0.07177150297013589,
     "wasted-effort": 1031
    },
    "worst_case": {
     "top-1": 0.0,
     "top-5": 0.0,
     "top-10": 0.25,
     "top-200": 0.06865,
     "exam": 0.5447554723736675,
     "wasted-effort": 12289
    }
   },