{
 "scrapy_7": {
  "line": {
   "Tarantula": {
    "best_case": {
     "top-5": 0.0,
     "top-10": 0.6193,
     "top-200": 0.8682,
     "exam": 0.0010348071495766698,
     "wasted-effort": 16
    },
    "avg_case": {
     "top-5": 0.0,
     "top-10": 0.4173333333332996,
     "top-200": 0.7401000000000386,
     "exam": 0.0010348071495766698,
     "wasted-effort": 16
    },
    "worst_case": {
     "top-5": 0.0,
     "top-10": 0.20663333333331552,
     "top-200": 0.4843333333333332,
     "exam": 0.02394167450611477,
     "wasted-effort": 411
    }
   },
   "Ochiai": {
    "best_case": {
     "top-5": 0.0,
     "top-10": 0.6297,
     "top-200": 0.8631,
     "exam": 0.0010348071495766698,
     "wasted-effort": 16
    },
    "avg_case": {
     "top-5": 0.0,
     "top-10": 0.413933333333298,
     "top-200": 0.7436666666667069,
     "exam": 0.0010348071495766698,
     "wasted-effort": 16
    },
    "worst_case": {
     "top-5": 0.0,
     "top-10": 0.20436666666664813,
     "top-200": 0.4891333333333354,
     "exam": 0.02394167450611477,
     "wasted-effort": 411
    }
   },
   "DStar": {
    "best_case": {
     "top-5": 0.0,
     "top-10": 0.6343,
     "top-200": 0.8669,
     "exam": 0.0010348071495766698,
     "wasted-effort": 16
    },
    "avg_case": {
     "top-5": 0.0,
     "top-10": 0.4183999999999667,
     "top-200": 0.7328333333333708,
     "exam": 0.0010348071495766698,
     "wasted-effort": 16
    },
    "worst_case": {
     "top-5": 0.0,
     "top-10": 0.20796666666664945,
     "top-200": 0.48456666666666387,
     "exam": 0.02394167450611477,
     "wasted-effort": 411
    }
   }
  },
  "line_line": {
   "Tarantula": {
    "best_case": {
     "top-5": 0.0,
     "top-10": 0.6279,
     "top-200": 0.8661,
     "exam": 0.0010348071495766698,
     "wasted-effort": 16
    },
    "avg_case": {
     "top-5": 0.0,
     "top-10": 0.4116666666666303,
     "top-200": 0.7381333333333722,
     "exam": 0.0010348071495766698,
     "wasted-effort": 16
    },
    "worst_case": {
     "top-5": 0.0,
     "top-10": 0.20906666666664997,
     "top-200": 0.48873333333333274,
     "exam": 0.024082784571966134,
     "wasted-effort": 411
    }
   },
   "Ochiai": {
    "best_case": {
     "top-5": 0.0,
     "top-10": 0.6233,
     "top-200": 0.8638,
     "exam": 0.0010348071495766698,
     "wasted-effort": 16
    },
    "avg_case": {
     "top-5": 0.0,
     "top-10": 0.41926666666663376,
     "top-200": 0.7365666666667041,
     "exam": 0.0010348071495766698,
     "wasted-effort": 16
    },
    "worst_case": {
     "top-5": 0.0,
     "top-10": 0.2079999999999828,
     "top-200": 0.4912333333333347,
     "exam": 0.024082784571966134,
     "wasted-effort": 411
    }
   },
   "DStar": {
    "best_case": {
     "top-5": 0.0,
     "top-10": 0.6325,
     "top-200": 0.8633,
     "exam": 0.0010348071495766698,
     "wasted-effort": 16
    },
    "avg_case": {
     "top-5": 0.0,
     "top-10": 0.4098666666666295,
     "top-200": 0.7398000000000426,
     "exam": 0.0010348071495766698,
     "wasted-effort": 16
    },
    "worst_case": {
     "top-5": 0.0,
     "top-10": 0.2086666666666498,
     "top-200": 0.48220000000000074,
     "exam": 0.024082784571966134,
     "wasted-effort": 411
    }
   }
  },
  "line_defuse": {
   "Tarantula": {
    "best_case": {
     "top-5": 0.0,
     "top-10": 0.5835,
     "top-200": 0.8672,
     "exam": 0.0011288805268109125,
     "wasted-effort": 17
    },
    "avg_case": {
     "top-5": 0.0,
     "top-10": 0.38766666666663435,
     "top-200": 0.737833333333372,
     "exam": 0.0011288805268109125,
     "wasted-effort": 17
    },
    "worst_case": {
     "top-5": 0.0,
     "top-10": 0.19506666666665023,
     "top-200": 0.48653333333333376,
     "exam": 0.024082784571966134,
     "wasted-effort": 411
    }
   },
   "Ochiai": {
    "best_case": {
     "top-5": 0.0,
     "top-10": 0.5901,
     "top-200": 0.8595,
     "exam": 0.0011288805268109125,
     "wasted-effort": 17
    },
    "avg_case": {
     "top-5": 0.0,
     "top-10": 0.3929999999999665,
     "top-200": 0.7413333333333734,
     "exam": 0.0011288805268109125,
     "wasted-effort": 17
    },
    "worst_case": {
     "top-5": 0.0,
     "top-10": 0.19643333333331658,
     "top-200": 0.4861333333333326,
     "exam": 0.024082784571966134,
     "wasted-effort": 411
    }
   },
   "DStar": {
    "best_case": {
     "top-5": 0.0,
     "top-10": 0.5857,
     "top-200": 0.8649,
     "exam": 0.0011288805268109125,
     "wasted-effort": 17
    },
    "avg_case": {
     "top-5": 0.0,
     "top-10": 0.3911999999999669,
     "top-200": 0.7363333333333729,
     "exam": 0.0011288805268109125,
     "wasted-effort": 17
    },
    "worst_case": {
     "top-5": 0.0,
     "top-10": 0.1961999999999833,
     "top-200": 0.485400000000001,
     "exam": 0.024082784571966134,
     "wasted-effort": 411
    }
   }
  },
  "line_defuses": {
   "Tarantula": {
    "best_case": {
     "top-5": 0.0,
     "top-10": 0.592,
     "top-200": 0.87,
     "exam": 0.0011288805268109125,
     "wasted-effort": 17
    },
    "avg_case": {
     "top-5": 0.0,
     "top-10": 0.3925999999999666,
     "top-200": 0.7407666666667022,
     "exam": 0.0011288805268109125,
     "wasted-effort": 17
    },
    "worst_case": {
     "top-5": 0.0,
     "top-10": 0.19376666666665054,
     "top-200": 0.49483333333333573,
     "exam": 0.024082784571966134,
     "wasted-effort": 411
    }
   },
   "Ochiai": {
    "best_case": {
     "top-5": 0.0,
     "top-10": 0.5879,
     "top-200": 0.8632,
     "exam": 0.0011288805268109125,
     "wasted-effort": 17
    },
    "avg_case": {
     "top-5": 0.0,
     "top-10": 0.39539999999996595,
     "top-200": 0.7335666666667051,
     "exam": 0.0011288805268109125,
     "wasted-effort": 17
    },
    "worst_case": {
     "top-5": 0.0,
     "top-10": 0.1972333333333164,
     "top-200": 0.48460000000000053,
     "exam": 0.024082784571966134,
     "wasted-effort": 411
    }
   },
   "DStar": {
    "best_case": {
     "top-5": 0.0,
     "top-10": 0.5916,
     "top-200": 0.8699,
     "exam": 0.0011288805268109125,
     "wasted-effort": 17
    },
    "avg_case": {
     "top-5": 0.0,
     "top-10": 0.393666666666633,
     "top-200": 0.7337333333333739,
     "exam": 0.0011288805268109125,
     "wasted-effort": 17
    },
    "worst_case": {
     "top-5": 0.0,
     "top-10": 0.19673333333331652,
     "top-200": 0.4815000000000012,
     "exam": 0.024082784571966134,
     "wasted-effort": 411
    }
   }
  },
  "line_assert_use": {
   "Tarantula": {
    "best_case": {
     "top-5": 0.0,
     "top-10": 0.5893,
     "top-200": 0.865,
     "exam": 0.0011288805268109125,
     "wasted-effort": 17
    },
    "avg_case": {
     "top-5": 0.0,
     "top-10": 0.3904666666666337,
     "top-200": 0.7406333333333732,
     "exam": 0.0011288805268109125,
     "wasted-effort": 17
    },
    "worst_case": {
     "top-5": 0.0,
     "top-10": 0.19646666666664991,
     "top-200": 0.4850999999999985,
     "exam": 0.024082784571966134,
     "wasted-effort": 411
    }
   },
   "Ochiai": {
    "best_case": {
     "top-5": 0.0,
     "top-10": 0.5943,
     "top-200": 0.8624,
     "exam": 0.0011288805268109125,
     "wasted-effort": 17
    },
    "avg_case": {
     "top-5": 0.0,
     "top-10": 0.3825333333333022,
     "top-200": 0.735833333333371,
     "exam": 0.0011288805268109125,
     "wasted-effort": 17
    },
    "worst_case": {
     "top-5": 0.0,
     "top-10": 0.19686666666664981,
     "top-200": 0.4861666666666656,
     "exam": 0.024082784571966134,
     "wasted-effort": 411
    }
   },
   "DStar": {
    "best_case": {
     "top-5": 0.0,
     "top-10": 0.5949,
     "top-200": 0.8639,
     "exam": 0.0011288805268109125,
     "wasted-effort": 17
    },
    "avg_case": {
     "top-5": 0.0,
     "top-10": 0.38699999999996787,
     "top-200": 0.7352333333333724,
     "exam": 0.0011288805268109125,
     "wasted-effort": 17
    },
    "worst_case": {
     "top-5": 0.0,
     "top-10": 0.19679999999998318,
     "top-200": 0.4882000000000001,