{
 "scrapy_34": {
  "line": {
   "Tarantula": {
    "best_case": {
     "top-1": 0.0,
     "top-5": 0,
     "top-10": 0.038,
     "top-200": 0.7344,
     "exam": 0.0117458171370627,
     "wasted-effort": 272
    },
    "avg_case": {
     "top-1": 0.0,
     "top-5": 0.0,
     "top-10": 0.0379,
     "top-200": 0.7376,
     "exam": 0.0117458171370627,
     "wasted-effort": 272
    },
    "worst_case": {
     "top-1": 0.0,
     "top-5": 0.0,
     "top-10": 0.0396,
     "top-200": 0.7402,
     "exam": 0.0117458171370627,
     "wasted-effort": 272
    }
   },
   "Ochiai": {
    "best_case": {
     "top-1": 0.0,
     "top-5": 0,
     "top-10": 0.0402,
     "top-200": 0.7487,
     "exam": 0.011576812573939497,
     "wasted-effort": 269
    },
    "avg_case": {
     "top-1": 0.0,
     "top-5": 0.0,
     "top-10": 0.0374,
     "top-200": 0.737,
     "exam": 0.011576812573939497,
     "wasted-effort": 269
    },
    "worst_case": {
     "top-1": 0.0,
     "top-5": 0.0,
     "top-10": 0.0382,
     "top-200": 0.7487,
     "exam": 0.011576812573939497,
     "wasted-effort": 269
    }
   },
   "DStar": {
    "best_case": {
     "top-1": 0.0,
     "top-5": 0.0198,
     "top-10": 0.0375,
     "top-200": 0.7402,
     "exam": 0.011534561433158695,
     "wasted-effort": 269
    },
    "avg_case": {
     "top-1": 0.0,
     "top-5": 0.0187,
     "top-10": 0.0391,
     "top-200": 0.7545,
     "exam": 0.011534561433158695,
     "wasted-effort": 269
    },
    "worst_case": {
     "top-1": 0.0,
     "top-5": 0.0182,
     "top-10": 0.0372,
     "top-200": 0.7444,
     "exam": 0.011534561433158695,
     "wasted-effort": 269
    }
   },
   "Naish1": {
    "best_case": {
     "top-1": 0.0,
     "top-5": 0.0176,
     "top-10": 0.0375,
     "top-200": 0.7513,
     "exam": 0.011407808010816292,
     "wasted-effort": 267
    },
    "avg_case": {
     "top-1": 0.0,
     "top-5": 0.0183,
     "top-10": 0.0355,
     "top-200": 0.7455,
     "exam": 0.011407808010816292,
     "wasted-effort": 267
    },
    "worst_case": {
     "top-1": 0.0,
     "top-5": 0.0201,
     "top-10": 0.038,
     "top-200": 0.758,
     "exam": 0.011407808010816292,
     "wasted-effort": 267
    }
   },
   "Naish2": {
    "best_case": {
     "top-1": 0.0,
     "top-5": 0.0185,
     "top-10": 0.0367,
     "top-200": 0.7527,
     "exam": 0.011407808010816292,
     "wasted-effort": 267
    },
    "avg_case": {
     "top-1": 0.0,
     "top-5": 0.0192,
     "top-10": 0.0387,
     "top-200": 0.7438,
     "exam": 0.011407808010816292,
     "wasted-effort": 267
    },
    "worst_case": {
     "top-1": 0.0,
     "top-5": 0.0163,
     "top-10": 0.0395,
     "top-200": 0.7517,
     "exam": 0.011407808010816292,
     "wasted-effort": 267
    }
   },
   "GP13": {
    "best_case": {
     "top-1": 0.0,
     "top-5": 0.0197,
     "top-10": 0.0363,
     "top-200": 0.7454,
     "exam": 0.011407808010816292,
     "wasted-effort": 267
    },
    "avg_case": {
     "top-1": 0.0,
     "top-5": 0.0191,
     "top-10": 0.0367,
     "top-200": 0.7568,
     "exam": 0.011407808010816292,
     "wasted-effort": 267
    },
    "worst_case": {
     "top-1": 0.0,
     "top-5": 0.0185,
     "top-10": 0.041,
     "top-200": 0.7454,
     "exam": 0.011407808010816292,
     "wasted-effort": 267
    }
   }
  },
  "line_line": {
   "Tarantula": {
    "best_case": {
     "top-1": 0.0,
     "top-5": 0,
     "top-10": 0.0,
     "top-200": 0.731,
     "exam": 0.001521041068108839,
     "wasted-effort": 24
    },
    "avg_case": {
     "top-1": 0.0,
     "top-5": 0.0,
     "top-10": 0.0,
     "top-200": 0.7217,
     "exam": 0.001521041068108839,
     "wasted-effort": 24
    },
    "worst_case": {
     "top-1": 0.0,
     "top-5": 0.0,
     "top-10": 0.0,
     "top-200": 0.7343,
     "exam": 0.001521041068108839,
     "wasted-effort": 24
    }
   },
   "Ochiai": {
    "best_case": {
     "top-1": 0.0,
     "top-5": 0.0,
     "top-10": 0.0,
     "top-200": 0.7249,
     "exam": 0.0014365387865472369,
     "wasted-effort": 23
    },
    "avg_case": {
     "top-1": 0.0,
     "top-5": 0.0,
     "top-10": 0.0,
     "top-200": 0.7313,
     "exam": 0.0014365387865472369,
     "wasted-effort": 23
    },
    "worst_case": {
     "top-1": 0.0,
     "top-5": 0.0,
     "top-10": 0.0,
     "top-200": 0.7264,
     "exam": 0.0014365387865472369,
     "wasted-effort": 23
    }
   },
   "DStar": {
    "best_case": {
     "top-1": 0.0,
     "top-5": 0.0,
     "top-10": 0.0,
     "top-200": 0.7372,
     "exam": 0.0014365387865472369,
     "wasted-effort": 23
    },
    "avg_case": {
     "top-1": 0.0,
     "top-5": 0.0,
     "top-10": 0.0,
     "top-200": 0.7368,
     "exam": 0.0014365387865472369,
     "wasted-effort": 23
    },
    "worst_case": {
     "top-1": 0.0,
     "top-5": 0.0,
     "top-10": 0.0,
     "top-200": 0.7392,
     "exam": 0.0014365387865472369,
     "wasted-effort": 23
    }
   },
   "Naish1": {
    "best_case": {
     "top-1": 0.0,
     "top-5": 0.0222,
     "top-10": 0.0356,
     "top-200": 0.7315,
     "exam": 0.011661314855501098,
     "wasted-effort": 273
    },
    "avg_case": {
     "top-1": 0.0,
     "top-5": 0.0189,
     "top-10": 0.0337,
     "top-200": 0.7315,
     "exam": 0.011661314855501098,
     "wasted-effort": 273
    },
    "worst_case": {
     "top-1": 0.0,
     "top-5": 0.0186,
     "top-10": 0.0372,
     "top-200": 0.731,
     "exam": 0.011661314855501098,
     "wasted-effort": 273
    }
   },
   "Naish2": {
    "best_case": {
     "top-1": 0.0,
     "top-5": 0.0,
     "top-10": 0,
     "top-200": 0.7376,
     "exam": 0.0013520365049856345,
     "wasted-effort": 22
    },
    "avg_case": {
     "top-1": 0.0,
     "top-5": 0.0,
     "top-10": 0.0,
     "top-200": 0.7342,
     "exam": 0.0013520365049856345,
     "wasted-effort": 22
    },
    "worst_case": {
     "top-1": 0.0,
     "top-5": 0.0,
     "top-10": 0.0,
     "top-200": 0.7322,
     "exam": 0.0013520365049856345,
     "wasted-effort": 22
    }
   },
   "GP13": {
    "best_case": {
     "top-1": 0.0,
     "top-5": 0.0,
     "top-10": 0,
     "top-200": 0.7347,
     "exam": 0.0013520365049856345,
     "wasted-effort": 22
    },
    "avg_case": {
     "top-1": 0.0,
     "top-5": 0.0,
     "top-10": 0.0,
     "top-200": 0.7325,
     "exam": 0.0013520365049856345,
     "wasted-effort": 22
    },
    "worst_case": {
     "top-1": 0.0,
     "top-5": 0.0,
     "top-10": 0.0,
     "top-200": 0.7335,
     "exam": 0.0013520365049856345,
     "wasted-effort": 22
    }
   }
  },
  "line_defuse": {
   "Tarantula": {
    "best_case": {
     "top-1": 0.0,
     "top-5": 0,
     "top-10": 0.0,
     "top-200": 0.7293,
     "exam": 0.0016055433496704411,
     "wasted-effort": 25
    },
    "avg_case": {
     "top-1": 0.0,
     "top-5": 0.0,
     "top-10": 0.0,
     "top-200": 0.7322,
     "exam": 0.0016055433496704411,
     "wasted-effort": 25
    },
    "worst_case": {
     "top-1": 0.0,
     "top-5": 0.0,
     "top-10": 0.0,
     "top-200": 0.7398,
     "exam": 0.0016055433496704411,
     "wasted-effort": 25
    }
   },
   "Ochiai": {
    "best_case": {
     "top-1": 0.0,
     "top-5": 0.0,
     "top-10": 0.0,
     "top-200": 0.7385,
     "exam": 0.001521041068108839,
     "wasted-effort": 24
    },
    "avg_case": {
     "top-1": 0.0,
     "top-5": 0.0,
     "top-10": 0.0,
     "top-200": 0.7311,
     "exam": 0.001521041068108839,
     "wasted-effort": 24
    },
    "worst_case": {
     "top-1": 0.0,
     "top-5": 0.0,
     "top-10": 0.0,
     "top-200": 0.7301,
     "exam": 0.001521041068108839,
     "wasted-effort": 24
    }
   },
   "DStar": {
    "best_case": {
     "top-1": 0.0,
     "top-5": 0.0,
     "top-10": 0.0,
     "top-200": 0.7348,
     "exam": 0.0014365387865472369,
     "wasted-effort": 23
    },
    "avg_case": {
     "top-1": 0.0,
     "top-5": 0.0,
     "top-10": 0.0,
     "top-200": 0.7339,
     "exam": 0.0014365387865472369,
     "wasted-effort": 23
    },
    "worst_case": {
     "top-1": 0.0,
     "top-5": 0.0,
     "top-10": 0.0,
     "top-200": 0.7296,