{
 "scrapy_29": {
  "line": {
   "Tarantula": {
    "best_case": {
     "top-1": 0,
     "top-5": 0.6257,
     "top-10": 0.7091,
     "top-200": 0.5232,
     "exam": 0.00038425412005806505,
     "wasted-effort": 8
    },
    "avg_case": {
     "top-1": 0.0,
     "top-5": 0.6257,
     "top-10": 0.7139,
     "top-200": 0.5245,
     "exam": 0.00038425412005806505,
     "wasted-effort": 8
    },
    "worst_case": {
     "top-1": 0.0,
     "top-5": 0.6186,
     "top-10": 0.7149,
     "top-200": 0.5369,
     "exam": 0.00038425412005806505,
     "wasted-effort": 8
    }
   },
   "Ochiai": {
    "best_case": {
     "top-1": 0,
     "top-5": 0.6191,
     "top-10": 0.7136,
     "top-200": 0.5338,
     "exam": 0.00038425412005806505,
     "wasted-effort": 8
    },
    "avg_case": {
     "top-1": 0.0,
     "top-5": 0.6228,
     "top-10": 0.7136,
     "top-200": 0.5276,
     "exam": 0.00038425412005806505,
     "wasted-effort": 8
    },
    "worst_case": {
     "top-1": 0.0,
     "top-5": 0.6203,
     "top-10": 0.7135,
     "top-200": 0.5424,
     "exam": 0.00038425412005806505,
     "wasted-effort": 8
    }
   },
   "DStar": {
    "best_case": {
     "top-1": 0.1456,
     "top-5": 0.713,
     "top-10": 0.7612,
     "top-200": 0.5278,
     "exam": 0.00029886431560071725,
     "wasted-effort": 7
    },
    "avg_case": {
     "top-1": 0.1419,
     "top-5": 0.7193,
     "top-10": 0.7717,
     "top-200": 0.5273,
     "exam": 0.00029886431560071725,
     "wasted-effort": 7
    },
    "worst_case": {
     "top-1": 0.1427,
     "top-5": 0.7141,
     "top-10": 0.7733,
     "top-200": 0.5267,
     "exam": 0.00029886431560071725,
     "wasted-effort": 7
    }
   },
   "Naish1": {
    "best_case": {
     "top-1": 0,
     "top-5": 0.6271,
     "top-10": 0.7131,
     "top-200": 0.5244,
     "exam": 0.00038425412005806505,
     "wasted-effort": 8
    },
    "avg_case": {
     "top-1": 0.0,
     "top-5": 0.6305,
     "top-10": 0.7137,
     "top-200": 0.5331,
     "exam": 0.00038425412005806505,
     "wasted-effort": 8
    },
    "worst_case": {
     "top-1": 0.0,
     "top-5": 0.6348,
     "top-10": 0.7187,
     "top-200": 0.5319,
     "exam": 0.00038425412005806505,
     "wasted-effort": 8
    }
   },
   "Naish2": {
    "best_case": {
     "top-1": 0,
     "top-5": 0.6295,
     "top-10": 0.7137,
     "top-200": 0.5226,
     "exam": 0.00038425412005806505,
     "wasted-effort": 8
    },
    "avg_case": {
     "top-1": 0.0,
     "top-5": 0.6281,
     "top-10": 0.7208,
     "top-200": 0.5246,
     "exam": 0.00038425412005806505,
     "wasted-effort": 8
    },
    "worst_case": {
     "top-1": 0.0,
     "top-5": 0.6289,
     "top-10": 0.7074,
     "top-200": 0.5276,
     "exam": 0.00038425412005806505,
     "wasted-effort": 8
    }
   },
   "GP13": {
    "best_case": {
     "top-1": 0,
     "top-5": 0.6247,
     "top-10": 0.7191,
     "top-200": 0.5308,
     "exam": 0.00038425412005806505,
     "wasted-effort": 8
    },
    "avg_case": {
     "top-1": 0.0,
     "top-5": 0.6221,
     "top-10": 0.7128,
     "top-200": 0.5376,
     "exam": 0.00038425412005806505,
     "wasted-effort": 8
    },
    "worst_case": {
     "top-1": 0.0,
     "top-5": 0.6205,
     "top-10": 0.7135,
     "top-200": 0.5316,
     "exam": 0.00038425412005806505,
     "wasted-effort": 8
    }
   }
  },
  "line_line": {
   "Tarantula": {
    "best_case": {
     "top-1": 0,
     "top-5": 0.6231,
     "top-10": 0.7127,
     "top-200": 0.5182,
     "exam": 0.00038425412005806505,
     "wasted-effort": 8
    },
    "avg_case": {
     "top-1": 0.0,
     "top-5": 0.6326,
     "top-10": 0.7222,
     "top-200": 0.5246,
     "exam": 0.00038425412005806505,
     "wasted-effort": 8
    },
    "worst_case": {
     "top-1": 0.0,
     "top-5": 0.615,
     "top-10": 0.7099,
     "top-200": 0.5353,
     "exam": 0.00038425412005806505,
     "wasted-effort": 8
    }
   },
   "Ochiai": {
    "best_case": {
     "top-1": 0,
     "top-5": 0.6261,
     "top-10": 0.7081,
     "top-200": 0.5326,
     "exam": 0.00038425412005806505,
     "wasted-effort": 8
    },
    "avg_case": {
     "top-1": 0.0,
     "top-5": 0.6104,
     "top-10": 0.7196,
     "top-200": 0.5271,
     "exam": 0.00038425412005806505,
     "wasted-effort": 8
    },
    "worst_case": {
     "top-1": 0.0,
     "top-5": 0.6269,
     "top-10": 0.7126,
     "top-200": 0.5276,
     "exam": 0.00038425412005806505,
     "wasted-effort": 8
    }
   },
   "DStar": {
    "best_case": {
     "top-1": 0.1432,
     "top-5": 0.7235,
     "top-10": 0.7704,
     "top-200": 0.5289,
     "exam": 0.00029886431560071725,
     "wasted-effort": 7
    },
    "avg_case": {
     "top-1": 0.1433,
     "top-5": 0.7156,
     "top-10": 0.7763,
     "top-200": 0.5219,
     "exam": 0.00029886431560071725,
     "wasted-effort": 7
    },
    "worst_case": {
     "top-1": 0.1403,
     "top-5": 0.7137,
     "top-10": 0.7683,
     "top-200": 0.5389,
     "exam": 0.00029886431560071725,
     "wasted-effort": 7
    }
   },
   "Naish1": {
    "best_case": {
     "top-1": 0,
     "top-5": 0.6228,
     "top-10": 0.7197,
     "top-200": 0.442,
     "exam": 0.00038425412005806505,
     "wasted-effort": 8
    },
    "avg_case": {
     "top-1": 0.0,
     "top-5": 0.6273,
     "top-10": 0.7168,
     "top-200": 0.4482,
     "exam": 0.00038425412005806505,
     "wasted-effort": 8
    },
    "worst_case": {
     "top-1": 0.0,
     "top-5": 0.6225,
     "top-10": 0.7149,
     "top-200": 0.4509,
     "exam": 0.00038425412005806505,
     "wasted-effort": 8
    }
   },
   "Naish2": {
    "best_case": {
     "top-1": 0,
     "top-5": 0.6288,
     "top-10": 0.7159,
     "top-200": 0.5291,
     "exam": 0.00038425412005806505,
     "wasted-effort": 8
    },
    "avg_case": {
     "top-1": 0.0,
     "top-5": 0.6145,
     "top-10": 0.7169,
     "top-200": 0.5246,
     "exam": 0.00038425412005806505,
     "wasted-effort": 8
    },
    "worst_case": {
     "top-1": 0.0,
     "top-5": 0.6202,
     "top-10": 0.7165,
     "top-200": 0.5307,
     "exam": 0.00038425412005806505,
     "wasted-effort": 8
    }
   },
   "GP13": {
    "best_case": {
     "top-1": 0,
     "top-5": 0.6258,
     "top-10": 0.7124,
     "top-200": 0.5237,
     "exam": 0.00038425412005806505,
     "wasted-effort": 8
    },
    "avg_case": {
     "top-1": 0.0,
     "top-5": 0.6216,
     "top-10": 0.7091,
     "top-200": 0.534,
     "exam": 0.00038425412005806505,
     "wasted-effort": 8
    },
    "worst_case": {
     "top-1": 0.0,
     "top-5": 0.6169,
     "top-10": 0.7113,
     "top-200": 0.5293,
     "exam": 0.00038425412005806505,
     "wasted-effort": 8
    }
   }
  },
  "line_defuse": {
   "Tarantula": {
    "best_case": {
     "top-1": 0,
     "top-5": 0.6288,
     "top-10": 0.7144,
     "top-200": 0.5301,
     "exam": 0.00038425412005806505,
     "wasted-effort": 8
    },
    "avg_case": {
     "top-1": 0.0,
     "top-5": 0.617,
     "top-10": 0.7204,
     "top-200": 0.5231,
     "exam": 0.00038425412005806505,
     "wasted-effort": 8
    },
    "worst_case": {
     "top-1": 0.0,
     "top-5": 0.6239,
     "top-10": 0.7118,
     "top-200": 0.5361,
     "exam": 0.00038425412005806505,
     "wasted-effort": 8
    }
   },
   "Ochiai": {
    "best_case": {
     "top-1": 0,
     "top-5": 0.6295,
     "top-10": 0.7222,
     "top-200": 0.5336,
     "exam": 0.00038425412005806505,
     "wasted-effort": 8
    },
    "avg_case": {
     "top-1": 0.0,
     "top-5": 0.6246,
     "top-10": 0.7259,
     "top-200": 0.5291,
     "exam": 0.00038425412005806505,
     "wasted-effort": 8
    },
    "worst_case": {
     "top-1": 0.0,
     "top-5": 0.6261,
     "top-10": 0.7178,
     "top-200": 0.5207,
     "exam": 0.00038425412005806505,
     "wasted-effort": 8
    }
   },
   "DStar": {
    "best_case": {
     "top-1": 0.1485,
     "top-5": 0.7236,
     "top-10": 0.7672,
     "top-200": 0.5339,
     "exam": 0.00029886431560071725,
     "wasted-effort": 7
    },
    "avg_case": {
     "top-1": 0.1395,
     "top-5": 0.7211,
     "top-10": 0.7672,
     "top-200": 0.5231,