{
 "scrapy_29": {
  "line": {
   "Tarantula": {
    "best_case": {
     "top-1": 0,
     "top-5": 0.6228,
     "top-10": 0.7124,
     "top-200": 0.5372,
     "exam": 0.00038425412005806505,
     "wasted-effort": 8
    },
    "avg_case": {
     "top-1": 0.0,
     "top-5": 0.6285,
     "top-10": 0.7087,
     "top-200": 0.5308,
     "exam": 0.00038425412005806505,
     "wasted-effort": 8
    },
    "worst_case": {
     "top-1": 0.0,
     "top-5": 0.6321,
     "top-10": 0.7181,
     "top-200": 0.5214,
     "exam": 0.00038425412005806505,
     "wasted-effort": 8
    }
   },
   "Ochiai": {
    "best_case": {
     "top-1": 0,
     "top-5": 0.6333,
     "top-10": 0.7144,
     "top-200": 0.5216,
     "exam": 0.00038425412005806505,
     "wasted-effort": 8
    },
    "avg_case": {
     "top-1": 0.0,
     "top-5": 0.6229,
     "top-10": 0.7143,
     "top-200": 0.5376,
     "exam": 0.00038425412005806505,
     "wasted-effort": 8
    },
    "worst_case": {
     "top-1": 0.0,
     "top-5": 0.6295,
     "top-10": 0.7075,
     "top-200": 0.5343,
     "exam": 0.00038425412005806505,
     "wasted-effort": 8
    }
   },
   "DStar": {
    "best_case": {
     "top-1": 0.1354,
     "top-5": 0.7115,
     "top-10": 0.7673,
     "top-200": 0.5226,
     "exam": 0.00029886431560071725,
     "wasted-effort": 7
    },
    "avg_case": {
     "top-1": 0.1447,
     "top-5": 0.7162,
     "top-10": 0.7686,
     "top-200": 0.5375,
     "exam": 0.00029886431560071725,
     "wasted-effort": 7
    },
    "worst_case": {
     "top-1": 0.1412,
     "top-5": 0.7085,
     "top-10": 0.7742,
     "top-200": 0.5277,
     "exam": 0.00029886431560071725,
     "wasted-effort": 7
    }
   },
   "Naish2": {
    "best_case": {
     "top-1": 0,
     "top-5": 0.6162,
     "top-10": 0.7225,
     "top-200": 0.5239,
     "exam": 0.00038425412005806505,
     "wasted-effort": 8
    },
    "avg_case": {
     "top-1": 0.0,
     "top-5": 0.6144,
     "top-10": 0.7142,
     "top-200": 0.5217,
     "exam": 0.00038425412005806505,
     "wasted-effort": 8
    },
    "worst_case": {
     "top-1": 0.0,
     "top-5": 0.6275,
     "top-10": 0.7163,
     "top-200": 0.5331,
     "exam": 0.00038425412005806505,
     "wasted-effort": 8
    }
   },
   "GP13": {
    "best_case": {
     "top-1": 0,
     "top-5": 0.6234,
     "top-10": 0.7129,
     "top-200": 0.5291,
     "exam": 0.00038425412005806505,
     "wasted-effort": 8
    },
    "avg_case": {
     "top-1": 0.0,
     "top-5": 0.6288,
     "top-10": 0.7139,
     "top-200": 0.5291,
     "exam": 0.00038425412005806505,
     "wasted-effort": 8
    },
    "worst_case": {
     "top-1": 0.0,
     "top-5": 0.6221,
     "top-10": 0.707,
     "top-200": 0.5323,
     "exam": 0.00038425412005806505,
     "wasted-effort": 8
    }
   }
  },
  "line_line": {
   "Tarantula": {
    "best_case": {
     "top-1": 0,
     "top-5": 0.6167,
     "top-10": 0.7111,
     "top-200": 0.5309,
     "exam": 0.00038425412005806505,
     "wasted-effort": 8
    },
    "avg_case": {
     "top-1": 0.0,
     "top-5": 0.6296,
     "top-10": 0.7223,
     "top-200": 0.532,
     "exam": 0.00038425412005806505,
     "wasted-effort": 8
    },
    "worst_case": {
     "top-1": 0.0,
     "top-5": 0.6237,
     "top-10": 0.7121,
     "top-200": 0.5381,
     "exam": 0.00038425412005806505,
     "wasted-effort": 8
    }
   },
   "Ochiai": {
    "best_case": {
     "top-1": 0,
     "top-5": 0.6322,
     "top-10": 0.7211,
     "top-200": 0.5291,
     "exam": 0.00038425412005806505,
     "wasted-effort": 8
    },
    "avg_case": {
     "top-1": 0.0,
     "top-5": 0.6224,
     "top-10": 0.7214,
     "top-200": 0.528,
     "exam": 0.00038425412005806505,
     "wasted-effort": 8
    },
    "worst_case": {
     "top-1": 0.0,
     "top-5": 0.6227,
     "top-10": 0.7117,
     "top-200": 0.5323,
     "exam": 0.00038425412005806505,
     "wasted-effort": 8
    }
   },
   "DStar": {
    "best_case": {
     "top-1": 0.148,
     "top-5": 0.7177,
     "top-10": 0.774,
     "top-200": 0.5247,
     "exam": 0.00029886431560071725,
     "wasted-effort": 7
    },
    "avg_case": {
     "top-1": 0.1501,
     "top-5": 0.7173,
     "top-10": 0.7679,
     "top-200": 0.5368,
     "exam": 0.00029886431560071725,
     "wasted-effort": 7
    },
    "worst_case": {
     "top-1": 0.1444,
     "top-5": 0.7177,
     "top-10": 0.7717,
     "top-200": 0.5259,
     "exam": 0.00029886431560071725,
     "wasted-effort": 7
    }
   },
   "Naish2": {
    "best_case": {
     "top-1": 0,
     "top-5": 0.6274,
     "top-10": 0.711,
     "top-200": 0.5196,
     "exam": 0.00038425412005806505,
     "wasted-effort": 8
    },
    "avg_case": {
     "top-1": 0.0,
     "top-5": 0.6194,
     "top-10": 0.7196,
     "top-200": 0.5269,
     "exam": 0.00038425412005806505,
     "wasted-effort": 8
    },
    "worst_case": {
     "top-1": 0.0,
     "top-5": 0.6336,
     "top-10": 0.7102,
     "top-200": 0.5292,
     "exam": 0.00038425412005806505,
     "wasted-effort": 8
    }
   },
   "GP13": {
    "best_case": {
     "top-1": 0,
     "top-5": 0.6199,
     "top-10": 0.7051,
     "top-200": 0.5227,
     "exam": 0.00038425412005806505,
     "wasted-effort": 8
    },
    "avg_case": {
     "top-1": 0.0,
     "top-5": 0.6212,
     "top-10": 0.7136,
     "top-200": 0.5243,
     "exam": 0.00038425412005806505,
     "wasted-effort": 8
    },
    "worst_case": {
     "top-1": 0.0,
     "top-5": 0.6317,
     "top-10": 0.7144,
     "top-200": 0.5372,
     "exam": 0.00038425412005806505,
     "wasted-effort": 8
    }
   }
  },
  "line_defuse": {
   "Tarantula": {
    "best_case": {
     "top-1": 0,
     "top-5": 0.6313,
     "top-10": 0.7129,
     "top-200": 0.5315,
     "exam": 0.00038425412005806505,
     "wasted-effort": 8
    },
    "avg_case": {
     "top-1": 0.0,
     "top-5": 0.6201,
     "top-10": 0.7171,
     "top-200": 0.5267,
     "exam": 0.00038425412005806505,
     "wasted-effort": 8
    },
    "worst_case": {
     "top-1": 0.0,
     "top-5": 0.6262,
     "top-10": 0.7215,
     "top-200": 0.5403,
     "exam": 0.00038425412005806505,
     "wasted-effort": 8
    }
   },
   "Ochiai": {
    "best_case": {
     "top-1": 0,
     "top-5": 0.6243,
     "top-10": 0.7113,
     "top-200": 0.5277,
     "exam": 0.00038425412005806505,
     "wasted-effort": 8
    },
    "avg_case": {
     "top-1": 0.0,
     "top-5": 0.6271,
     "top-10": 0.7126,
     "top-200": 0.5298,
     "exam": 0.00038425412005806505,
     "wasted-effort": 8
    },
    "worst_case": {
     "top-1": 0.0,
     "top-5": 0.6299,
     "top-10": 0.7112,
     "top-200": 0.5316,
     "exam": 0.00038425412005806505,
     "wasted-effort": 8
    }
   },
   "DStar": {
    "best_case": {
     "top-1": 0.1429,
     "top-5": 0.7138,
     "top-10": 0.7656,
     "top-200": 0.5334,
     "exam": 0.00029886431560071725,
     "wasted-effort": 7
    },
    "avg_case": {
     "top-1": 0.1376,
     "top-5": 0.7152,
     "top-10": 0.7625,
     "top-200": 0.5304,
     "exam": 0.00029886431560071725,
     "wasted-effort": 7
    },
    "worst_case": {
     "top-1": 0.1466,
     "top-5": 0.7234,
     "top-10": 0.7662,
     "top-200": 0.5303,
     "exam": 0.00029886431560071725,
     "wasted-effort": 7
    }
   },
   "Naish2": {
    "best_case": {
     "top-1": 0,
     "top-5": 0.6338,
     "top-10": 0.7213,
     "top-200": 0.5302,
     "exam": 0.00038425412005806505,
     "wasted-effort": 8
    },
    "avg_case": {
     "top-1": 0.0,
     "top-5": 0.621,
     "top-10": 0.7154,
     "top-200": 0.5343,
     "exam": 0.00038425412005806505,
     "wasted-effort": 8
    },
    "worst_case": {
     "top-1": 0.0,
     "top-5": 0.6247,
     "top-10": 0.7124,
     "top-200": 0.5317,
     "exam": 0.00038425412005806505,
     "wasted-effort": 8
    }
   },
   "GP13": {
    "best_case": {
     "top-1": 0,
     "top-5": 0.6285,
     "top-10": 0.7132,
     "top-200": 0.5292,
     "exam": 0.00038425412005806505,
     "wasted-effort": 8
    },
    "avg_case": {
     "top-1": 0.0,
     "top-5": 0.621,
     "top-10": 0.7079,
     "top-200": 0.5113,