{
 "scrapy_34": {
  "line": {
   "Tarantula": {
    "best_case": {
     "top-1": 0.0039,
     "top-5": 0.0199,
     "top-10": 0.0415,
     "top-200": 0.771,
     "exam": 0.010858543180665878,
     "wasted-effort": 257
    },
    "avg_case": {
     "top-1": 0.0032,
     "top-5": 0.0234,
     "top-10": 0.0405,
     "top-200": 0.7705,
     "exam": 0.010858543180665878,
     "wasted-effort": 257
    },
    "worst_case": {
     "top-1": 0.0042,
     "top-5": 0.0196,
     "top-10": 0.0388,
     "top-200": 0.7804,
     "exam": 0.010858543180665878,
     "wasted-effort": 257
    }
   },
   "Ochiai": {
    "best_case": {
     "top-1": 0.0043,
     "top-5": 0.017,
     "top-10": 0.039,
     "top-200": 0.7733,
     "exam": 0.010858543180665878,
     "wasted-effort": 257
    },
    "avg_case": {
     "top-1": 0.0036,
     "top-5": 0.0187,
     "top-10": 0.0416,
     "top-200": 0.7735,
     "exam": 0.010858543180665878,
     "wasted-effort": 257
    },
    "worst_case": {
     "top-1": 0.0032,
     "top-5": 0.0154,
     "top-10": 0.0366,
     "top-200": 0.7835,
     "exam": 0.010858543180665878,
     "wasted-effort": 257
    }
   },
   "DStar": {
    "best_case": {
     "top-1": 0.004,
     "top-5": 0.0182,
     "top-10": 0.0394,
     "top-200": 0.7823,
     "exam": 0.010858543180665878,
     "wasted-effort": 257
    },
    "avg_case": {
     "top-1": 0.0033,
     "top-5": 0.0199,
     "top-10": 0.04,
     "top-200": 0.7745,
     "exam": 0.010858543180665878,
     "wasted-effort": 257
    },
    "worst_case": {
     "top-1": 0.0038,
     "top-5": 0.0208,
     "top-10": 0.0425,
     "top-200": 0.7751,
     "exam": 0.010858543180665878,
     "wasted-effort": 257
    }
   },
   "Naish2": {
    "best_case": {
     "top-1": 0.005,
     "top-5": 0.0192,
     "top-10": 0.043,
     "top-200": 0.7809,
     "exam": 0.010858543180665878,
     "wasted-effort": 257
    },
    "avg_case": {
     "top-1": 0.0033,
     "top-5": 0.017,
     "top-10": 0.0386,
     "top-200": 0.7732,
     "exam": 0.010858543180665878,
     "wasted-effort": 257
    },
    "worst_case": {
     "top-1": 0.0038,
     "top-5": 0.0179,
     "top-10": 0.0385,
     "top-200": 0.7789,
     "exam": 0.010858543180665878,
     "wasted-effort": 257
    }
   },
   "GP13": {
    "best_case": {
     "top-1": 0.004,
     "top-5": 0.017,
     "top-10": 0.0412,
     "top-200": 0.7799,
     "exam": 0.010858543180665878,
     "wasted-effort": 257
    },
    "avg_case": {
     "top-1": 0.0044,
     "top-5": 0.0212,
     "top-10": 0.0383,
     "top-200": 0.7754,
     "exam": 0.010858543180665878,
     "wasted-effort": 257
    },
    "worst_case": {
     "top-1": 0.0037,
     "top-5": 0.0194,
     "top-10": 0.0391,
     "top-200": 0.7801,
     "exam": 0.010858543180665878,
     "wasted-effort": 257
    }
   }
  },
  "line_line": {
   "Tarantula": {
    "best_case": {
     "top-1": 0.0048,
     "top-5": 0.0208,
     "top-10": 0.0396,
     "top-200": 0.7781,
     "exam": 0.010858543180665878,
     "wasted-effort": 257
    },
    "avg_case": {
     "top-1": 0.0042,
     "top-5": 0.0191,
     "top-10": 0.0385,
     "top-200": 0.7802,
     "exam": 0.010858543180665878,
     "wasted-effort": 257
    },
    "worst_case": {
     "top-1": 0.0047,
     "top-5": 0.0177,
     "top-10": 0.0359,
     "top-200": 0.7796,
     "exam": 0.010858543180665878,
     "wasted-effort": 257
    }
   },
   "Ochiai": {
    "best_case": {
     "top-1": 0.0046,
     "top-5": 0.0191,
     "top-10": 0.039,
     "top-200": 0.77,
     "exam": 0.010858543180665878,
     "wasted-effort": 257
    },
    "avg_case": {
     "top-1": 0.0037,
     "top-5": 0.0214,
     "top-10": 0.0385,
     "top-200": 0.7752,
     "exam": 0.010858543180665878,
     "wasted-effort": 257
    },
    "worst_case": {
     "top-1": 0.0044,
     "top-5": 0.0203,
     "top-10": 0.0407,
     "top-200": 0.7757,
     "exam": 0.010858543180665878,
     "wasted-effort": 257
    }
   },
   "DStar": {
    "best_case": {
     "top-1": 0.004,
     "top-5": 0.0207,
     "top-10": 0.0411,
     "top-200": 0.7769,
     "exam": 0.010858543180665878,
     "wasted-effort": 257
    },
    "avg_case": {
     "top-1": 0.0047,
     "top-5": 0.0175,
     "top-10": 0.0391,
     "top-200": 0.7771,
     "exam": 0.010858543180665878,
     "wasted-effort": 257
    },
    "worst_case": {
     "top-1": 0.004,
     "top-5": 0.0176,
     "top-10": 0.037,
     "top-200": 0.7873,
     "exam": 0.010858543180665878,
     "wasted-effort": 257
    }
   },
   "Naish2": {
    "best_case": {
     "top-1": 0.0037,
     "top-5": 0.017,
     "top-10": 0.0395,
     "top-200": 0.7772,
     "exam": 0.010858543180665878,
     "wasted-effort": 257
    },
    "avg_case": {
     "top-1": 0.0033,
     "top-5": 0.018,
     "top-10": 0.0387,
     "top-200": 0.7905,
     "exam": 0.010858543180665878,
     "wasted-effort": 257
    },
    "worst_case": {
     "top-1": 0.0035,
     "top-5": 0.0192,
     "top-10": 0.0431,
     "top-200": 0.7767,
     "exam": 0.010858543180665878,
     "wasted-effort": 257
    }
   },
   "GP13": {
    "best_case": {
     "top-1": 0.0028,
     "top-5": 0.019,
     "top-10": 0.0401,
     "top-200": 0.7813,
     "exam": 0.010858543180665878,
     "wasted-effort": 257
    },
    "avg_case": {
     "top-1": 0.0045,
     "top-5": 0.0197,
     "top-10": 0.0402,
     "top-200": 0.7804,
     "exam": 0.010858543180665878,
     "wasted-effort": 257
    },
    "worst_case": {
     "top-1": 0.0043,
     "top-5": 0.0222,
     "top-10": 0.0376,
     "top-200": 0.7807,
     "exam": 0.010858543180665878,
     "wasted-effort": 257
    }
   }
  },
  "line_defuse": {
   "Tarantula": {
    "best_case": {
     "top-1": 0.0036,
     "top-5": 0.0188,
     "top-10": 0.0405,
     "top-200": 0.787,
     "exam": 0.010858543180665878,
     "wasted-effort": 257
    },
    "avg_case": {
     "top-1": 0.0045,
     "top-5": 0.0222,
     "top-10": 0.0388,
     "top-200": 0.7801,
     "exam": 0.010858543180665878,
     "wasted-effort": 257
    },
    "worst_case": {
     "top-1": 0.0033,
     "top-5": 0.0174,
     "top-10": 0.0374,
     "top-200": 0.7716,
     "exam": 0.010858543180665878,
     "wasted-effort": 257
    }
   },
   "Ochiai": {
    "best_case": {
     "top-1": 0.0033,
     "top-5": 0.0194,
     "top-10": 0.0403,
     "top-200": 0.7723,
     "exam": 0.010858543180665878,
     "wasted-effort": 257
    },
    "avg_case": {
     "top-1": 0.0049,
     "top-5": 0.0165,
     "top-10": 0.037,
     "top-200": 0.7773,
     "exam": 0.010858543180665878,
     "wasted-effort": 257
    },
    "worst_case": {
     "top-1": 0.004,
     "top-5": 0.0199,
     "top-10": 0.0388,
     "top-200": 0.7788,
     "exam": 0.010858543180665878,
     "wasted-effort": 257
    }
   },
   "DStar": {
    "best_case": {
     "top-1": 0.003,
     "top-5": 0.0203,
     "top-10": 0.0382,
     "top-200": 0.7778,
     "exam": 0.010858543180665878,
     "wasted-effort": 257
    },
    "avg_case": {
     "top-1": 0.0037,
     "top-5": 0.0196,
     "top-10": 0.039,
     "top-200": 0.7782,
     "exam": 0.010858543180665878,
     "wasted-effort": 257
    },
    "worst_case": {
     "top-1": 0.0046,
     "top-5": 0.0177,
     "top-10": 0.037,
     "top-200": 0.7739,
     "exam": 0.010858543180665878,
     "wasted-effort": 257
    }
   },
   "Naish2": {
    "best_case": {
     "top-1": 0.0043,
     "top-5": 0.0186,
     "top-10": 0.0396,
     "top-200": 0.7788,
     "exam": 0.010858543180665878,
     "wasted-effort": 257
    },
    "avg_case": {
     "top-1": 0.0038,
     "top-5": 0.0192,
     "top-10": 0.0362,
     "top-200": 0.7759,
     "exam": 0.010858543180665878,
     "wasted-effort": 257
    },
    "worst_case": {
     "top-1": 0.0042,
     "top-5": 0.0194,
     "top-10": 0.0373,
     "top-200": 0.7799,
     "exam": 0.010858543180665878,
     "wasted-effort": 257
    }
   },
   "GP13": {
    "best_case": {
     "top-1": 0.005,
     "top-5": 0.0193,
     "top-10": 0.0391,
     "top-200": 0.7831,
     "exam": 0.010858543180665878,
     "wasted-effort": 257
    },