{
 "scrapy_29": {
  "line": {
   "Tarantula": {
    "best_case": {
     "top-5": 0.6241,
     "top-10": 0.7135,
     "top-200": 0.5265,
     "exam": 0.00038425412005806505,
     "wasted-effort": 8
    },
    "avg_case": {
     "top-5": 0.6235,
     "top-10": 0.7162,
     "top-200": 0.5233,
     "exam": 0.00038425412005806505,
     "wasted-effort": 8
    },
    "worst_case": {
     "top-5": 0.625,
     "top-10": 0.7182,
     "top-200": 0.523,
     "exam": 0.00038425412005806505,
     "wasted-effort": 8
    }
   },
   "Ochiai": {
    "best_case": {
     "top-5": 0.6352,
     "top-10": 0.7169,
     "top-200": 0.5252,
     "exam": 0.00038425412005806505,
     "wasted-effort": 8
    },
    "avg_case": {
     "top-5": 0.6295,
     "top-10": 0.7238,
     "top-200": 0.5334,
     "exam": 0.00038425412005806505,
     "wasted-effort": 8
    },
    "worst_case": {
     "top-5": 0.6279,
     "top-10": 0.7117,
     "top-200": 0.528,
     "exam": 0.00038425412005806505,
     "wasted-effort": 8
    }
   },
   "DStar": {
    "best_case": {
     "top-5": 0.7089,
     "top-10": 0.7699,
     "top-200": 0.5341,
     "exam": 0.00029886431560071725,
     "wasted-effort": 7
    },
    "avg_case": {
     "top-5": 0.7182,
     "top-10": 0.7693,
     "top-200": 0.5287,
     "exam": 0.00029886431560071725,
     "wasted-effort": 7
    },
    "worst_case": {
     "top-5": 0.7137,
     "top-10": 0.7666,
     "top-200": 0.5301,
     "exam": 0.00029886431560071725,
     "wasted-effort": 7
    }
   }
  },
  "line_line": {
   "Tarantula": {
    "best_case": {
     "top-5": 0.626,
     "top-10": 0.7136,
     "top-200": 0.533,
     "exam": 0.00038425412005806505,
     "wasted-effort": 8
    },
    "avg_case": {
     "top-5": 0.6152,
     "top-10": 0.7171,
     "top-200": 0.5276,
     "exam": 0.00038425412005806505,
     "wasted-effort": 8
    },
    "worst_case": {
     "top-5": 0.6324,
     "top-10": 0.7103,
     "top-200": 0.5298,
     "exam": 0.00038425412005806505,
     "wasted-effort": 8
    }
   },
   "Ochiai": {
    "best_case": {
     "top-5": 0.6154,
     "top-10": 0.7101,
     "top-200": 0.5295,
     "exam": 0.00038425412005806505,
     "wasted-effort": 8
    },
    "avg_case": {
     "top-5": 0.6192,
     "top-10": 0.7131,
     "top-200": 0.5389,
     "exam": 0.00038425412005806505,
     "wasted-effort": 8
    },
    "worst_case": {
     "top-5": 0.6151,
     "top-10": 0.7112,
     "top-200": 0.517,
     "exam": 0.00038425412005806505,
     "wasted-effort": 8
    }
   },
   "DStar": {
    "best_case": {
     "top-5": 0.708,
     "top-10": 0.7743,
     "top-200": 0.5347,
     "exam": 0.00029886431560071725,
     "wasted-effort": 7
    },
    "avg_case": {
     "top-5": 0.7115,
     "top-10": 0.7677,
     "top-200": 0.5306,
     "exam": 0.00029886431560071725,
     "wasted-effort": 7
    },
    "worst_case": {
     "top-5": 0.7199,
     "top-10": 0.7738,
     "top-200": 0.5264,
     "exam": 0.00029886431560071725,
     "wasted-effort": 7
    }
   }
  },
  "line_defuse": {
   "Tarantula": {
    "best_case": {
     "top-5": 0.6215,
     "top-10": 0.714,
     "top-200": 0.5266,
     "exam": 0.00038425412005806505,
     "wasted-effort": 8
    },
    "avg_case": {
     "top-5": 0.629,
     "top-10": 0.7147,
     "top-200": 0.5339,
     "exam": 0.00038425412005806505,
     "wasted-effort": 8
    },
    "worst_case": {
     "top-5": 0.6198,
     "top-10": 0.7108,
     "top-200": 0.5311,
     "exam": 0.00038425412005806505,
     "wasted-effort": 8
    }
   },
   "Ochiai": {
    "best_case": {
     "top-5": 0.631,
     "top-10": 0.7125,
     "top-200": 0.5281,
     "exam": 0.00038425412005806505,
     "wasted-effort": 8
    },
    "avg_case": {
     "top-5": 0.6133,
     "top-10": 0.719,
     "top-200": 0.5318,
     "exam": 0.00038425412005806505,
     "wasted-effort": 8
    },
    "worst_case": {
     "top-5": 0.6302,
     "top-10": 0.7149,
     "top-200": 0.5271,
     "exam": 0.00038425412005806505,
     "wasted-effort": 8
    }
   },
   "DStar": {
    "best_case": {
     "top-5": 0.7071,
     "top-10": 0.7635,
     "top-200": 0.535,
     "exam": 0.00029886431560071725,
     "wasted-effort": 7
    },
    "avg_case": {
     "top-5": 0.7153,
     "top-10": 0.771,
     "top-200": 0.5283,
     "exam": 0.00029886431560071725,
     "wasted-effort": 7
    },
    "worst_case": {
     "top-5": 0.7145,
     "top-10": 0.7664,
     "top-200": 0.5358,
     "exam": 0.00029886431560071725,
     "wasted-effort": 7
    }
   }
  },
  "line_defuses": {
   "Tarantula": {
    "best_case": {
     "top-5": 0.6271,
     "top-10": 0.702,
     "top-200": 0.531,
     "exam": 0.00038425412005806505,
     "wasted-effort": 8
    },
    "avg_case": {
     "top-5": 0.6295,
     "top-10": 0.724,
     "top-200": 0.5266,
     "exam": 0.00038425412005806505,
     "wasted-effort": 8
    },
    "worst_case": {
     "top-5": 0.6271,
     "top-10": 0.7099,
     "top-200": 0.5232,
     "exam": 0.00038425412005806505,
     "wasted-effort": 8
    }
   },
   "Ochiai": {
    "best_case": {
     "top-5": 0.6336,
     "top-10": 0.7138,
     "top-200": 0.5321,
     "exam": 0.00038425412005806505,
     "wasted-effort": 8
    },
    "avg_case": {
     "top-5": 0.625,
     "top-10": 0.7118,
     "top-200": 0.5327,
     "exam": 0.00038425412005806505,
     "wasted-effort": 8
    },
    "worst_case": {
     "top-5": 0.6268,
     "top-10": 0.7119,
     "top-200": 0.5322,
     "exam": 0.00038425412005806505,
     "wasted-effort": 8
    }
   },
   "DStar": {
    "best_case": {
     "top-5": 0.7065,
     "top-10": 0.7644,
     "top-200": 0.5305,
     "exam": 0.00029886431560071725,
     "wasted-effort": 7
    },
    "avg_case": {
     "top-5": 0.7164,
     "top-10": 0.7706,
     "top-200": 0.5289,
     "exam": 0.00029886431560071725,
     "wasted-effort": 7
    },
    "worst_case": {
     "top-5": 0.718,
     "top-10": 0.7656,
     "top-200": 0.5365,
     "exam": 0.00029886431560071725,
     "wasted-effort": 7
    }
   }
  },
  "line_assert_use": {
   "Tarantula": {
    "best_case": {
     "top-5": 0.6191,
     "top-10": 0.7085,
     "top-200": 0.5355,
     "exam": 0.00038425412005806505,
     "wasted-effort": 8
    },
    "avg_case": {
     "top-5": 0.6256,
     "top-10": 0.7176,
     "top-200": 0.5304,
     "exam": 0.00038425412005806505,
     "wasted-effort": 8
    },
    "worst_case": {
     "top-5": 0.6254,
     "top-10": 0.7227,
     "top-200": 0.5261,
     "exam": 0.00038425412005806505,
     "wasted-effort": 8
    }
   },
   "Ochiai": {
    "best_case": {
     "top-5": 0.6286,
     "top-10": 0.7115,
     "top-200": 0.5334,
     "exam": 0.00038425412005806505,
     "wasted-effort": 8
    },
    "avg_case": {
     "top-5": 0.626,
     "top-10": 0.7218,
     "top-200": 0.5265,
     "exam": 0.00038425412005806505,
     "wasted-effort": 8
    },
    "worst_case": {
     "top-5": 0.6213,
     "top-10": 0.7136,
     "top-200": 0.5257,
     "exam": 0.00038425412005806505,
     "wasted-effort": 8
    }
   },
   "DStar": {
    "best_case": {
     "top-5": 0.7208,
     "top-10": 0.7752,
     "top-200": 0.5299,
     "exam": 0.00029886431560071725,
     "wasted-effort": 7
    },
    "avg_case": {
     "top-5": 0.7093,
     "top-10": 0.7655,
     "top-200": 0.5432,
     "exam": 0.00029886431560071725,
     "wasted-effort": 7
    },
    "worst_case": {
     "top-5": 0.7049,
     "top-10": 0.7601,
     "top-200": 0.5242,
     "exam": 0.00029886431560071725,
     "wasted-effort": 7
    }
   }
  },
  "line_assert_uses": {
   "Tarantula": {
    "best_case": {
     "top-5": 0.6241,
     "top-10": 0.7122,
     "top-200": 0.5329,
     "exam": 0.00038425412005806505,
     "wasted-effort": 8
    },
    "avg_case": {
     "top-5": 0.614,
     "top-10": 0.7082,
     "top-200": 0.5317,
     "exam": 0.00038425412005806505,
     "wasted-effort": 8
    },
    "worst_case": {
     "top-5": 0.6242,
     "top-10": 0.7092,
     "top-200": 0.5369,
     "exam": 0.00038425412005806505,
     "wasted-effort": 8
    }
   },