{
 "spacy_10": {
  "line": {
   "Tarantula": {
    "best_case": {
     "top-1": 0.0013,
     "top-5": 0.0052,
     "top-10": 0.0087,
     "top-200": 0.2011,
     "exam": 0.006900609080841639,
     "wasted-effort": 997
    },
    "avg_case": {
     "top-1": 0.0009,
     "top-5": 0.0053,
     "top-10": 0.0107,
     "top-200": 0.2023,
     "exam": 0.006900609080841639,
     "wasted-effort": 997
    },
    "worst_case": {
     "top-1": 0.0009,
     "top-5": 0.0043,
     "top-10": 0.0087,
     "top-200": 0.2008,
     "exam": 0.006900609080841639,
     "wasted-effort": 997
    }
   },
   "Ochiai": {
    "best_case": {
     "top-1": 0.0009,
     "top-5": 0.0045,
     "top-10": 0.0119,
     "top-200": 0.2019,
     "exam": 0.006900609080841639,
     "wasted-effort": 997
    },
    "avg_case": {
     "top-1": 0.0012,
     "top-5": 0.0047,
     "top-10": 0.0102,
     "top-200": 0.2016,
     "exam": 0.006900609080841639,
     "wasted-effort": 997
    },
    "worst_case": {
     "top-1": 0.0013,
     "top-5": 0.0044,
     "top-10": 0.0114,
     "top-200": 0.2008,
     "exam": 0.006900609080841639,
     "wasted-effort": 997
    }
   },
   "DStar": {
    "best_case": {
     "top-1": 0.0012,
     "top-5": 0.007,
     "top-10": 0.0108,
     "top-200": 0.1968,
     "exam": 0.006900609080841639,
     "wasted-effort": 997
    },
    "avg_case": {
     "top-1": 0.0009,
     "top-5": 0.006,
     "top-10": 0.0071,
     "top-200": 0.1943,
     "exam": 0.006900609080841639,
     "wasted-effort": 997
    },
    "worst_case": {
     "top-1": 0.0008,
     "top-5": 0.0049,
     "top-10": 0.0087,
     "top-200": 0.2037,
     "exam": 0.006900609080841639,
     "wasted-effort": 997
    }
   },
   "Naish1": {
    "best_case": {
     "top-1": 0.0009,
     "top-5": 0.0042,
     "top-10": 0.0098,
     "top-200": 0.2011,
     "exam": 0.006900609080841639,
     "wasted-effort": 997
    },
    "avg_case": {
     "top-1": 0.001,
     "top-5": 0.0043,
     "top-10": 0.0102,
     "top-200": 0.203,
     "exam": 0.006900609080841639,
     "wasted-effort": 997
    },
    "worst_case": {
     "top-1": 0.0015,
     "top-5": 0.0046,
     "top-10": 0.0107,
     "top-200": 0.1998,
     "exam": 0.006900609080841639,
     "wasted-effort": 997
    }
   },
   "Naish2": {
    "best_case": {
     "top-1": 0.0008,
     "top-5": 0.0044,
     "top-10": 0.0106,
     "top-200": 0.2097,
     "exam": 0.006900609080841639,
     "wasted-effort": 997
    },
    "avg_case": {
     "top-1": 0.0015,
     "top-5": 0.006,
     "top-10": 0.009,
     "top-200": 0.1974,
     "exam": 0.006900609080841639,
     "wasted-effort": 997
    },
    "worst_case": {
     "top-1": 0.0012,
     "top-5": 0.0056,
     "top-10": 0.0118,
     "top-200": 0.2062,
     "exam": 0.006900609080841639,
     "wasted-effort": 997
    }
   },
   "GP13": {
    "best_case": {
     "top-1": 0.001,
     "top-5": 0.0056,
     "top-10": 0.0092,
     "top-200": 0.1969,
     "exam": 0.006900609080841639,
     "wasted-effort": 997
    },
    "avg_case": {
     "top-1": 0.001,
     "top-5": 0.0062,
     "top-10": 0.0102,
     "top-200": 0.2012,
     "exam": 0.006900609080841639,
     "wasted-effort": 997
    },
    "worst_case": {
     "top-1": 0.0007,
     "top-5": 0.0046,
     "top-10": 0.0095,
     "top-200": 0.1969,
     "exam": 0.006900609080841639,
     "wasted-effort": 997
    }
   }
  },
  "line_line": {
   "Tarantula": {
    "best_case": {
     "top-1": 0.0,
     "top-5": 0.0,
     "top-10": 0.0,
     "top-200": 0.0,
     "exam": 0.008554817275747507,
     "wasted-effort": 997
    },
    "avg_case": {
     "top-1": 0.0,
     "top-5": 0.0,
     "top-10": 0.0,
     "top-200": 0.0,
     "exam": 0.008554817275747507,
     "wasted-effort": 997
    },
    "worst_case": {
     "top-1": 0.0,
     "top-5": 0.0,
     "top-10": 0.0,
     "top-200": 0.0,
     "exam": 0.008554817275747507,
     "wasted-effort": 997
    }
   },
   "Ochiai": {
    "best_case": {
     "top-1": 0.0,
     "top-5": 0.0,
     "top-10": 0.0,
     "top-200": 0.0,
     "exam": 0.008554817275747507,
     "wasted-effort": 997
    },
    "avg_case": {
     "top-1": 0.0,
     "top-5": 0.0,
     "top-10": 0.0,
     "top-200": 0.0,
     "exam": 0.008554817275747507,
     "wasted-effort": 997
    },
    "worst_case": {
     "top-1": 0.0,
     "top-5": 0.0,
     "top-10": 0.0,
     "top-200": 0.0,
     "exam": 0.008554817275747507,
     "wasted-effort": 997
    }
   },
   "DStar": {
    "best_case": {
     "top-1": 0.0,
     "top-5": 0.0,
     "top-10": 0.0,
     "top-200": 0.0,
     "exam": 0.008554817275747507,
     "wasted-effort": 997
    },
    "avg_case": {
     "top-1": 0.0,
     "top-5": 0.0,
     "top-10": 0.0,
     "top-200": 0.0,
     "exam": 0.008554817275747507,
     "wasted-effort": 997
    },
    "worst_case": {
     "top-1": 0.0,
     "top-5": 0.0,
     "top-10": 0.0,
     "top-200": 0.0,
     "exam": 0.008554817275747507,
     "wasted-effort": 997
    }
   },
   "Naish1": {
    "best_case": {
     "top-1": 0.0006,
     "top-5": 0.0059,
     "top-10": 0.0076,
     "top-200": 0.1884,
     "exam": 0.00764811738648948,
     "wasted-effort": 1105
    },
    "avg_case": {
     "top-1": 0.001,
     "top-5": 0.0041,
     "top-10": 0.0095,
     "top-200": 0.1806,
     "exam": 0.00764811738648948,
     "wasted-effort": 1105
    },
    "worst_case": {
     "top-1": 0.0008,
     "top-5": 0.0048,
     "top-10": 0.0076,
     "top-200": 0.1764,
     "exam": 0.00764811738648948,
     "wasted-effort": 1105
    }
   },
   "Naish2": {
    "best_case": {
     "top-1": 0.0,
     "top-5": 0.0,
     "top-10": 0.0,
     "top-200": 0.0,
     "exam": 0.008554817275747507,
     "wasted-effort": 997
    },
    "avg_case": {
     "top-1": 0.0,
     "top-5": 0.0,
     "top-10": 0.0,
     "top-200": 0.0,
     "exam": 0.008554817275747507,
     "wasted-effort": 997
    },
    "worst_case": {
     "top-1": 0.0,
     "top-5": 0.0,
     "top-10": 0.0,
     "top-200": 0.0,
     "exam": 0.008554817275747507,
     "wasted-effort": 997
    }
   },
   "GP13": {
    "best_case": {
     "top-1": 0.0,
     "top-5": 0.0,
     "top-10": 0.0,
     "top-200": 0.0,
     "exam": 0.008554817275747507,
     "wasted-effort": 997
    },
    "avg_case": {
     "top-1": 0.0,
     "top-5": 0.0,
     "top-10": 0.0,
     "top-200": 0.0,
     "exam": 0.008554817275747507,
     "wasted-effort": 997
    },
    "worst_case": {
     "top-1": 0.0,
     "top-5": 0.0,
     "top-10": 0.0,
     "top-200": 0.0,
     "exam": 0.008554817275747507,
     "wasted-effort": 997
    }
   }
  },
  "line_defuse": {
   "Tarantula": {
    "best_case": {
     "top-1": 0.0,
     "top-5": 0.0,
     "top-10": 0.0,
     "top-200": 0.0,
     "exam": 0.008554817275747507,
     "wasted-effort": 997
    },
    "avg_case": {
     "top-1": 0.0,
     "top-5": 0.0,
     "top-10": 0.0,
     "top-200": 0.0,
     "exam": 0.008554817275747507,
     "wasted-effort": 997
    },
    "worst_case": {
     "top-1": 0.0,
     "top-5": 0.0,
     "top-10": 0.0,
     "top-200": 0.0,
     "exam": 0.008554817275747507,
     "wasted-effort": 997
    }
   },
   "Ochiai": {
    "best_case": {
     "top-1": 0.0,
     "top-5": 0.0,
     "top-10": 0.0,
     "top-200": 0.0,
     "exam": 0.008554817275747507,
     "wasted-effort": 997
    },
    "avg_case": {
     "top-1": 0.0,
     "top-5": 0.0,
     "top-10": 0.0,
     "top-200": 0.0,
     "exam": 0.008554817275747507,
     "wasted-effort": 997
    },
    "worst_case": {
     "top-1": 0.0,
     "top-5": 0.0,
     "top-10": 0.0,
     "top-200": 0.0,
     "exam": 0.008554817275747507,
     "wasted-effort": 997
    }
   },
   "DStar": {
    "best_case": {
     "top-1": 0.0,
     "top-5": 0.0,
     "top-10": 0.0,
     "top-200": 0.0,
     "exam": 0.008554817275747507,
     "wasted-effort": 997
    },
    "avg_case": {
     "top-1": 0.0,
     "top-5": 0.0,
     "top-10": 0.0,
     "top-200": 0.0,
     "exam": 0.008554817275747507,
     "wasted-effort": 997
    },
    "worst_case": {
     "top-1": 0.0,
     "top-5": 0.0,
     "top-10": 0.0,