{
 "spacy_4": {
  "line": {
   "Tarantula": {
    "best_case": {
     "top-1": 0.0,
     "top-5": 0.2419,
     "top-10": 0.4727,
     "top-200": 0.2166,
     "exam": 0.00015599989147833636,
     "wasted-effort": 21
    },
    "avg_case": {
     "top-1": 0.0,
     "top-5": 0.2322,
     "top-10": 0.4774,
     "top-200": 0.2224,
     "exam": 0.00015599989147833636,
     "wasted-effort": 21
    },
    "worst_case": {
     "top-1": 0.0,
     "top-5": 0.2416,
     "top-10": 0.4724,
     "top-200": 0.2232,
     "exam": 0.00015599989147833636,
     "wasted-effort": 21
    }
   },
   "Ochiai": {
    "best_case": {
     "top-1": 0.0,
     "top-5": 0.2317,
     "top-10": 0.4675,
     "top-200": 0.2255,
     "exam": 0.00015599989147833636,
     "wasted-effort": 21
    },
    "avg_case": {
     "top-1": 0.0,
     "top-5": 0.2336,
     "top-10": 0.4735,
     "top-200": 0.2262,
     "exam": 0.00015599989147833636,
     "wasted-effort": 21
    },
    "worst_case": {
     "top-1": 0.0,
     "top-5": 0.2355,
     "top-10": 0.481,
     "top-200": 0.2281,
     "exam": 0.00015599989147833636,
     "wasted-effort": 21
    }
   },
   "DStar": {
    "best_case": {
     "top-1": 0.0519,
     "top-5": 0.2589,
     "top-10": 0.5284,
     "top-200": 0.2232,
     "exam": 0.00012886947556906047,
     "wasted-effort": 19
    },
    "avg_case": {
     "top-1": 0.0542,
     "top-5": 0.2615,
     "top-10": 0.5198,
     "top-200": 0.222,
     "exam": 0.00012886947556906047,
     "wasted-effort": 19
    },
    "worst_case": {
     "top-1": 0.052,
     "top-5": 0.2641,
     "top-10": 0.531,
     "top-200": 0.2245,
     "exam": 0.00012886947556906047,
     "wasted-effort": 19
    }
   },
   "Naish2": {
    "best_case": {
     "top-1": 0.0,
     "top-5": 0.2483,
     "top-10": 0.4703,
     "top-200": 0.2251,
     "exam": 0.00015599989147833636,
     "wasted-effort": 21
    },
    "avg_case": {
     "top-1": 0.0,
     "top-5": 0.2364,
     "top-10": 0.4736,
     "top-200": 0.2266,
     "exam": 0.00015599989147833636,
     "wasted-effort": 21
    },
    "worst_case": {
     "top-1": 0.0,
     "top-5": 0.2373,
     "top-10": 0.4775,
     "top-200": 0.2212,
     "exam": 0.00015599989147833636,
     "wasted-effort": 21
    }
   },
   "GP13": {
    "best_case": {
     "top-1": 0.0,
     "top-5": 0.2436,
     "top-10": 0.474,
     "top-200": 0.2237,
     "exam": 0.00015599989147833636,
     "wasted-effort": 21
    },
    "avg_case": {
     "top-1": 0.0,
     "top-5": 0.2326,
     "top-10": 0.4801,
     "top-200": 0.2227,
     "exam": 0.00015599989147833636,
     "wasted-effort": 21
    },
    "worst_case": {
     "top-1": 0.0,
     "top-5": 0.2417,
     "top-10": 0.477,
     "top-200": 0.2258,
     "exam": 0.00015599989147833636,
     "wasted-effort": 21
    }
   }
  },
  "line_line": {
   "Tarantula": {
    "best_case": {
     "top-1": 0.0,
     "top-5": 0.2381,
     "top-10": 0.4727,
     "top-200": 0.2322,
     "exam": 0.00015599989147833636,
     "wasted-effort": 21
    },
    "avg_case": {
     "top-1": 0.0,
     "top-5": 0.2407,
     "top-10": 0.4751,
     "top-200": 0.2266,
     "exam": 0.00015599989147833636,
     "wasted-effort": 21
    },
    "worst_case": {
     "top-1": 0.0,
     "top-5": 0.2312,
     "top-10": 0.478,
     "top-200": 0.2206,
     "exam": 0.00015599989147833636,
     "wasted-effort": 21
    }
   },
   "Ochiai": {
    "best_case": {
     "top-1": 0.0,
     "top-5": 0.2359,
     "top-10": 0.4722,
     "top-200": 0.2293,
     "exam": 0.00015599989147833636,
     "wasted-effort": 21
    },
    "avg_case": {
     "top-1": 0.0,
     "top-5": 0.2438,
     "top-10": 0.4755,
     "top-200": 0.2175,
     "exam": 0.00015599989147833636,
     "wasted-effort": 21
    },
    "worst_case": {
     "top-1": 0.0,
     "top-5": 0.2436,
     "top-10": 0.4681,
     "top-200": 0.2274,
     "exam": 0.00015599989147833636,
     "wasted-effort": 21
    }
   },
   "DStar": {
    "best_case": {
     "top-1": 0.0506,
     "top-5": 0.2643,
     "top-10": 0.5305,
     "top-200": 0.2251,
     "exam": 0.00012886947556906047,
     "wasted-effort": 19
    },
    "avg_case": {
     "top-1": 0.0531,
     "top-5": 0.2634,
     "top-10": 0.5285,
     "top-200": 0.2239,
     "exam": 0.00012886947556906047,
     "wasted-effort": 19
    },
    "worst_case": {
     "top-1": 0.0507,
     "top-5": 0.2724,
     "top-10": 0.5256,
     "top-200": 0.2202,
     "exam": 0.00012886947556906047,
     "wasted-effort": 19
    }
   },
   "Naish2": {
    "best_case": {
     "top-1": 0.0,
     "top-5": 0.2518,
     "top-10": 0.4774,
     "top-200": 0.2187,
     "exam": 0.00015599989147833636,
     "wasted-effort": 21
    },
    "avg_case": {
     "top-1": 0.0,
     "top-5": 0.2426,
     "top-10": 0.4785,
     "top-200": 0.2241,
     "exam": 0.00015599989147833636,
     "wasted-effort": 21
    },
    "worst_case": {
     "top-1": 0.0,
     "top-5": 0.2389,
     "top-10": 0.4706,
     "top-200": 0.2259,
     "exam": 0.00015599989147833636,
     "wasted-effort": 21
    }
   },
   "GP13": {
    "best_case": {
     "top-1": 0.0,
     "top-5": 0.2277,
     "top-10": 0.4782,
     "top-200": 0.2236,
     "exam": 0.00015599989147833636,
     "wasted-effort": 21
    },
    "avg_case": {
     "top-1": 0.0,
     "top-5": 0.2419,
     "top-10": 0.4744,
     "top-200": 0.2234,
     "exam": 0.00015599989147833636,
     "wasted-effort": 21
    },
    "worst_case": {
     "top-1": 0.0,
     "top-5": 0.2369,
     "top-10": 0.4748,
     "top-200": 0.2279,
     "exam": 0.00015599989147833636,
     "wasted-effort": 21
    }
   }
  },
  "line_defuse": {
   "Tarantula": {
    "best_case": {
     "top-1": 0.0,
     "top-5": 0.2357,
     "top-10": 0.4706,
     "top-200": 0.2276,
     "exam": 0.00015599989147833636,
     "wasted-effort": 21
    },
    "avg_case": {
     "top-1": 0.0,
     "top-5": 0.2372,
     "top-10": 0.4706,
     "top-200": 0.2221,
     "exam": 0.00015599989147833636,
     "wasted-effort": 21
    },
    "worst_case": {
     "top-1": 0.0,
     "top-5": 0.2386,
     "top-10": 0.4799,
     "top-200": 0.2243,
     "exam": 0.00015599989147833636,
     "wasted-effort": 21
    }
   },
   "Ochiai": {
    "best_case": {
     "top-1": 0.0,
     "top-5": 0.2411,
     "top-10": 0.4728,
     "top-200": 0.2315,
     "exam": 0.00015599989147833636,
     "wasted-effort": 21
    },
    "avg_case": {
     "top-1": 0.0,
     "top-5": 0.2401,
     "top-10": 0.4659,
     "top-200": 0.2209,
     "exam": 0.00015599989147833636,
     "wasted-effort": 21
    },
    "worst_case": {
     "top-1": 0.0,
     "top-5": 0.2367,
     "top-10": 0.4801,
     "top-200": 0.2261,
     "exam": 0.00015599989147833636,
     "wasted-effort": 21
    }
   },
   "DStar": {
    "best_case": {
     "top-1": 0.0481,
     "top-5": 0.2687,
     "top-10": 0.5273,
     "top-200": 0.2263,
     "exam": 0.00012886947556906047,
     "wasted-effort": 19
    },
    "avg_case": {
     "top-1": 0.0513,
     "top-5": 0.2679,
     "top-10": 0.5248,
     "top-200": 0.2251,
     "exam": 0.00012886947556906047,
     "wasted-effort": 19
    },
    "worst_case": {
     "top-1": 0.0497,
     "top-5": 0.2563,
     "top-10": 0.5309,
     "top-200": 0.2257,
     "exam": 0.00012886947556906047,
     "wasted-effort": 19
    }
   },
   "Naish2": {
    "best_case": {
     "top-1": 0.0,
     "top-5": 0.2372,
     "top-10": 0.4728,
     "top-200": 0.2266,
     "exam": 0.00015599989147833636,
     "wasted-effort": 21
    },
    "avg_case": {
     "top-1": 0.0,
     "top-5": 0.2399,
     "top-10": 0.483,
     "top-200": 0.2195,
     "exam": 0.00015599989147833636,
     "wasted-effort": 21
    },
    "worst_case": {
     "top-1": 0.0,
     "top-5": 0.2469,
     "top-10": 0.4831,
     "top-200": 0.2237,
     "exam": 0.00015599989147833636,
     "wasted-effort": 21
    }
   },
   "GP13": {
    "best_case": {
     "top-1": 0.0,
     "top-5": 0.2326,
     "top-10": 0.4769,
     "top-200": 0.2245,
     "exam": 0.00015599989147833636,
     "wasted-effort": 21
    },
    "avg_case": {
     "top-1": 0.0,