{
 "spacy_1": {
  "line": {
   "Tarantula": {
    "best_case": {
     "top-1": 1.0,
     "top-5": 0.0123,
     "top-10": 0.0205,
     "top-200": 0.4093,
     "exam": 1.2474271814382835e-05,
     "wasted-effort": 2
    },
    "avg_case": {
     "top-1": 1.0,
     "top-5": 0.012,
     "top-10": 0.0244,
     "top-200": 0.3986,
     "exam": 1.2474271814382835e-05,
     "wasted-effort": 2
    },
    "worst_case": {
     "top-1": 0.5,
     "top-5": 0.0056,
     "top-10": 0.01175,
     "top-200": 0.227,
     "exam": 1.2474271814382835e-05,
     "wasted-effort": 2
    }
   },
   "Ochiai": {
    "best_case": {
     "top-1": 1.0,
     "top-5": 0.0132,
     "top-10": 0.0217,
     "top-200": 0.4056,
     "exam": 1.2474271814382835e-05,
     "wasted-effort": 2
    },
    "avg_case": {
     "top-1": 1.0,
     "top-5": 0.0105,
     "top-10": 0.0214,
     "top-200": 0.4044,
     "exam": 1.2474271814382835e-05,
     "wasted-effort": 2
    },
    "worst_case": {
     "top-1": 0.5,
     "top-5": 0.00625,
     "top-10": 0.01145,
     "top-200": 0.22505,
     "exam": 1.2474271814382835e-05,
     "wasted-effort": 2
    }
   },
   "DStar": {
    "best_case": {
     "top-1": 0.0,
     "top-5": 0.0,
     "top-10": 0.0,
     "top-200": 0.0,
     "exam": 0.01100230774028566,
     "wasted-effort": 883
    },
    "avg_case": {
     "top-1": 0.0,
     "top-5": 0.0,
     "top-10": 0.0,
     "top-200": 0.0,
     "exam": 0.01100230774028566,
     "wasted-effort": 883
    },
    "worst_case": {
     "top-1": 0.0,
     "top-5": 0.0,
     "top-10": 0.0,
     "top-200": 0.0,
     "exam": 0.01100230774028566,
     "wasted-effort": 883
    }
   },
   "Naish1": {
    "best_case": {
     "top-1": 1.0,
     "top-5": 0.0116,
     "top-10": 0.0252,
     "top-200": 0.4052,
     "exam": 1.2474271814382835e-05,
     "wasted-effort": 2
    },
    "avg_case": {
     "top-1": 1.0,
     "top-5": 0.0117,
     "top-10": 0.022,
     "top-200": 0.4068,
     "exam": 1.2474271814382835e-05,
     "wasted-effort": 2
    },
    "worst_case": {
     "top-1": 0.5,
     "top-5": 0.006,
     "top-10": 0.0116,
     "top-200": 0.2233,
     "exam": 1.2474271814382835e-05,
     "wasted-effort": 2
    }
   },
   "Naish2": {
    "best_case": {
     "top-1": 1.0,
     "top-5": 0.0105,
     "top-10": 0.0205,
     "top-200": 0.3971,
     "exam": 1.2474271814382835e-05,
     "wasted-effort": 2
    },
    "avg_case": {
     "top-1": 1.0,
     "top-5": 0.0105,
     "top-10": 0.0233,
     "top-200": 0.404,
     "exam": 1.2474271814382835e-05,
     "wasted-effort": 2
    },
    "worst_case": {
     "top-1": 0.5,
     "top-5": 0.0051,
     "top-10": 0.01215,
     "top-200": 0.2282,
     "exam": 1.2474271814382835e-05,
     "wasted-effort": 2
    }
   },
   "GP13": {
    "best_case": {
     "top-1": 1.0,
     "top-5": 0.0104,
     "top-10": 0.0221,
     "top-200": 0.4018,
     "exam": 1.2474271814382835e-05,
     "wasted-effort": 2
    },
    "avg_case": {
     "top-1": 1.0,
     "top-5": 0.0104,
     "top-10": 0.0199,
     "top-200": 0.3962,
     "exam": 1.2474271814382835e-05,
     "wasted-effort": 2
    },
    "worst_case": {
     "top-1": 0.5,
     "top-5": 0.0061,
     "top-10": 0.01215,
     "top-200": 0.22835,
     "exam": 1.2474271814382835e-05,
     "wasted-effort": 2
    }
   }
  },
  "line_line": {
   "Tarantula": {
    "best_case": {
     "top-1": 1.0,
     "top-5": 0.0124,
     "top-10": 0.0213,
     "top-200": 0.3925,
     "exam": 1.2474271814382835e-05,
     "wasted-effort": 2
    },
    "avg_case": {
     "top-1": 1.0,
     "top-5": 0.0114,
     "top-10": 0.0225,
     "top-200": 0.402,
     "exam": 1.2474271814382835e-05,
     "wasted-effort": 2
    },
    "worst_case": {
     "top-1": 0.5,
     "top-5": 0.0048,
     "top-10": 0.0112,
     "top-200": 0.2259,
     "exam": 1.2474271814382835e-05,
     "wasted-effort": 2
    }
   },
   "Ochiai": {
    "best_case": {
     "top-1": 1.0,
     "top-5": 0.013,
     "top-10": 0.0231,
     "top-200": 0.407,
     "exam": 1.2474271814382835e-05,
     "wasted-effort": 2
    },
    "avg_case": {
     "top-1": 1.0,
     "top-5": 0.0113,
     "top-10": 0.0216,
     "top-200": 0.3984,
     "exam": 1.2474271814382835e-05,
     "wasted-effort": 2
    },
    "worst_case": {
     "top-1": 0.5,
     "top-5": 0.00475,
     "top-10": 0.0121,
     "top-200": 0.22895,
     "exam": 1.2474271814382835e-05,
     "wasted-effort": 2
    }
   },
   "DStar": {
    "best_case": {
     "top-1": 0,
     "top-5": 0.0,
     "top-10": 0.0,
     "top-200": 0.0,
     "exam": 0.01100230774028566,
     "wasted-effort": 883
    },
    "avg_case": {
     "top-1": 0.0,
     "top-5": 0.0,
     "top-10": 0.0,
     "top-200": 0.0,
     "exam": 0.01100230774028566,
     "wasted-effort": 883
    },
    "worst_case": {
     "top-1": 0.0,
     "top-5": 0.0,
     "top-10": 0.0,
     "top-200": 0.0,
     "exam": 0.01100230774028566,
     "wasted-effort": 883
    }
   },
   "Naish1": {
    "best_case": {
     "top-1": 1.0,
     "top-5": 0.011,
     "top-10": 0.0223,
     "top-200": 0.4014,
     "exam": 1.2474271814382835e-05,
     "wasted-effort": 2
    },
    "avg_case": {
     "top-1": 1.0,
     "top-5": 0.0118,
     "top-10": 0.0214,
     "top-200": 0.4037,
     "exam": 1.2474271814382835e-05,
     "wasted-effort": 2
    },
    "worst_case": {
     "top-1": 0.5,
     "top-5": 0.00515,
     "top-10": 0.0121,
     "top-200": 0.22025,
     "exam": 1.2474271814382835e-05,
     "wasted-effort": 2
    }
   },
   "Naish2": {
    "best_case": {
     "top-1": 1.0,
     "top-5": 0.0129,
     "top-10": 0.0212,
     "top-200": 0.3987,
     "exam": 1.2474271814382835e-05,
     "wasted-effort": 2
    },
    "avg_case": {
     "top-1": 1.0,
     "top-5": 0.0126,
     "top-10": 0.022,
     "top-200": 0.402,
     "exam": 1.2474271814382835e-05,
     "wasted-effort": 2
    },
    "worst_case": {
     "top-1": 0.5,
     "top-5": 0.00555,
     "top-10": 0.01045,
     "top-200": 0.22785,
     "exam": 1.2474271814382835e-05,
     "wasted-effort": 2
    }
   },
   "GP13": {
    "best_case": {
     "top-1": 1.0,
     "top-5": 0.0109,
     "top-10": 0.0226,
     "top-200": 0.4035,
     "exam": 1.2474271814382835e-05,
     "wasted-effort": 2
    },
    "avg_case": {
     "top-1": 1.0,
     "top-5": 0.0113,
     "top-10": 0.0235,
     "top-200": 0.3979,
     "exam": 1.2474271814382835e-05,
     "wasted-effort": 2
    },
    "worst_case": {
     "top-1": 0.5,
     "top-5": 0.0062,
     "top-10": 0.01195,
     "top-200": 0.2239,
     "exam": 1.2474271814382835e-05,
     "wasted-effort": 2
    }
   }
  },
  "line_defuse": {
   "Tarantula": {
    "best_case": {
     "top-1": 1.0,
     "top-5": 0.0107,
     "top-10": 0.0204,
     "top-200": 0.3984,
     "exam": 1.2474271814382835e-05,
     "wasted-effort": 2
    },
    "avg_case": {
     "top-1": 1.0,
     "top-5": 0.0099,
     "top-10": 0.023,
     "top-200": 0.4013,
     "exam": 1.2474271814382835e-05,
     "wasted-effort": 2
    },
    "worst_case": {
     "top-1": 0.5,
     "top-5": 0.0053,
     "top-10": 0.01115,
     "top-200": 0.2237,
     "exam": 1.2474271814382835e-05,
     "wasted-effort": 2
    }
   },
   "Ochiai": {
    "best_case": {
     "top-1": 1.0,
     "top-5": 0.0128,
     "top-10": 0.0214,
     "top-200": 0.3945,
     "exam": 1.2474271814382835e-05,
     "wasted-effort": 2
    },
    "avg_case": {
     "top-1": 1.0,
     "top-5": 0.0116,
     "top-10": 0.0243,
     "top-200": 0.4035,
     "exam": 1.2474271814382835e-05,
     "wasted-effort": 2
    },
    "worst_case": {
     "top-1": 0.5,
     "top-5": 0.0066,
     "top-10": 0.0116,
     "top-200": 0.22045,
     "exam": 1.2474271814382835e-05,
     "wasted-effort": 2
    }
   },
   "DStar": {
    "best_case": {
     "top-1": 0,
     "top-5": 0.0,
     "top-10": 0.0,
     "top-200": 0.0,
     "exam": 0.01100230774028566,
     "wasted-effort": 883
    },
    "avg_case": {
     "top-1": 0.0,
     "top-5": 0.0,
     "top-10": 0.0,
     "top-200": 0.0,
     "exam": 0.01100230774028566,
     "wasted-effort": 883
    },