{
 "spacy_4": {
  "line": {
   "Tarantula": {
    "best_case": {
     "top-1": 0.0,
     "top-5": 0.2333,
     "top-10": 0.4779,
     "top-200": 0.2148,
     "exam": 0.00015599989147833636,
     "wasted-effort": 21
    },
    "avg_case": {
     "top-1": 0.0,
     "top-5": 0.2398,
     "top-10": 0.476,
     "top-200": 0.222,
     "exam": 0.00015599989147833636,
     "wasted-effort": 21
    },
    "worst_case": {
     "top-1": 0.0,
     "top-5": 0.2337,
     "top-10": 0.4736,
     "top-200": 0.2205,
     "exam": 0.00015599989147833636,
     "wasted-effort": 21
    }
   },
   "Ochiai": {
    "best_case": {
     "top-1": 0.0,
     "top-5": 0.2346,
     "top-10": 0.4764,
     "top-200": 0.2223,
     "exam": 0.00015599989147833636,
     "wasted-effort": 21
    },
    "avg_case": {
     "top-1": 0.0,
     "top-5": 0.2326,
     "top-10": 0.4705,
     "top-200": 0.2226,
     "exam": 0.00015599989147833636,
     "wasted-effort": 21
    },
    "worst_case": {
     "top-1": 0.0,
     "top-5": 0.2416,
     "top-10": 0.4713,
     "top-200": 0.2139,
     "exam": 0.00015599989147833636,
     "wasted-effort": 21
    }
   },
   "DStar": {
    "best_case": {
     "top-1": 0.0543,
     "top-5": 0.2674,
     "top-10": 0.5203,
     "top-200": 0.2318,
     "exam": 0.00012886947556906047,
     "wasted-effort": 19
    },
    "avg_case": {
     "top-1": 0.0527,
     "top-5": 0.2608,
     "top-10": 0.5322,
     "top-200": 0.2231,
     "exam": 0.00012886947556906047,
     "wasted-effort": 19
    },
    "worst_case": {
     "top-1": 0.054,
     "top-5": 0.2644,
     "top-10": 0.5338,
     "top-200": 0.2243,
     "exam": 0.00012886947556906047,
     "wasted-effort": 19
    }
   },
   "Naish1": {
    "best_case": {
     "top-1": 0.0,
     "top-5": 0.2447,
     "top-10": 0.4689,
     "top-200": 0.2205,
     "exam": 0.00015599989147833636,
     "wasted-effort": 21
    },
    "avg_case": {
     "top-1": 0.0,
     "top-5": 0.2367,
     "top-10": 0.4658,
     "top-200": 0.2337,
     "exam": 0.00015599989147833636,
     "wasted-effort": 21
    },
    "worst_case": {
     "top-1": 0.0,
     "top-5": 0.2457,
     "top-10": 0.4828,
     "top-200": 0.228,
     "exam": 0.00015599989147833636,
     "wasted-effort": 21
    }
   },
   "Naish2": {
    "best_case": {
     "top-1": 0.0,
     "top-5": 0.2384,
     "top-10": 0.4663,
     "top-200": 0.2272,
     "exam": 0.00015599989147833636,
     "wasted-effort": 21
    },
    "avg_case": {
     "top-1": 0.0,
     "top-5": 0.2277,
     "top-10": 0.4792,
     "top-200": 0.2187,
     "exam": 0.00015599989147833636,
     "wasted-effort": 21
    },
    "worst_case": {
     "top-1": 0.0,
     "top-5": 0.2332,
     "top-10": 0.4831,
     "top-200": 0.2298,
     "exam": 0.00015599989147833636,
     "wasted-effort": 21
    }
   },
   "GP13": {
    "best_case": {
     "top-1": 0.0,
     "top-5": 0.2396,
     "top-10": 0.4722,
     "top-200": 0.2239,
     "exam": 0.00015599989147833636,
     "wasted-effort": 21
    },
    "avg_case": {
     "top-1": 0.0,
     "top-5": 0.2378,
     "top-10": 0.4759,
     "top-200": 0.2248,
     "exam": 0.00015599989147833636,
     "wasted-effort": 21
    },
    "worst_case": {
     "top-1": 0.0,
     "top-5": 0.2368,
     "top-10": 0.4759,
     "top-200": 0.2239,
     "exam": 0.00015599989147833636,
     "wasted-effort": 21
    }
   }
  },
  "line_line": {
   "Tarantula": {
    "best_case": {
     "top-1": 0.0,
     "top-5": 0.2342,
     "top-10": 0.4718,
     "top-200": 0.2268,
     "exam": 0.00015599989147833636,
     "wasted-effort": 21
    },
    "avg_case": {
     "top-1": 0.0,
     "top-5": 0.2431,
     "top-10": 0.4816,
     "top-200": 0.2242,
     "exam": 0.00015599989147833636,
     "wasted-effort": 21
    },
    "worst_case": {
     "top-1": 0.0,
     "top-5": 0.2298,
     "top-10": 0.4813,
     "top-200": 0.2356,
     "exam": 0.00015599989147833636,
     "wasted-effort": 21
    }
   },
   "Ochiai": {
    "best_case": {
     "top-1": 0.0,
     "top-5": 0.2379,
     "top-10": 0.4804,
     "top-200": 0.22,
     "exam": 0.00015599989147833636,
     "wasted-effort": 21
    },
    "avg_case": {
     "top-1": 0.0,
     "top-5": 0.2387,
     "top-10": 0.4852,
     "top-200": 0.2192,
     "exam": 0.00015599989147833636,
     "wasted-effort": 21
    },
    "worst_case": {
     "top-1": 0.0,
     "top-5": 0.2402,
     "top-10": 0.4709,
     "top-200": 0.2351,
     "exam": 0.00015599989147833636,
     "wasted-effort": 21
    }
   },
   "DStar": {
    "best_case": {
     "top-1": 0.0497,
     "top-5": 0.2528,
     "top-10": 0.5276,
     "top-200": 0.2189,
     "exam": 0.00012886947556906047,
     "wasted-effort": 19
    },
    "avg_case": {
     "top-1": 0.0494,
     "top-5": 0.2604,
     "top-10": 0.5274,
     "top-200": 0.221,
     "exam": 0.00012886947556906047,
     "wasted-effort": 19
    },
    "worst_case": {
     "top-1": 0.0533,
     "top-5": 0.2735,
     "top-10": 0.5227,
     "top-200": 0.2261,
     "exam": 0.00012886947556906047,
     "wasted-effort": 19
    }
   },
   "Naish1": {
    "best_case": {
     "top-1": 0.0,
     "top-5": 0.2326,
     "top-10": 0.4734,
     "top-200": 0.1521,
     "exam": 0.00015599989147833636,
     "wasted-effort": 21
    },
    "avg_case": {
     "top-1": 0.0,
     "top-5": 0.2399,
     "top-10": 0.4737,
     "top-200": 0.1458,
     "exam": 0.00015599989147833636,
     "wasted-effort": 21
    },
    "worst_case": {
     "top-1": 0.0,
     "top-5": 0.2412,
     "top-10": 0.4708,
     "top-200": 0.1396,
     "exam": 0.00015599989147833636,
     "wasted-effort": 21
    }
   },
   "Naish2": {
    "best_case": {
     "top-1": 0.0,
     "top-5": 0.2346,
     "top-10": 0.4747,
     "top-200": 0.2236,
     "exam": 0.00015599989147833636,
     "wasted-effort": 21
    },
    "avg_case": {
     "top-1": 0.0,
     "top-5": 0.2374,
     "top-10": 0.4832,
     "top-200": 0.2312,
     "exam": 0.00015599989147833636,
     "wasted-effort": 21
    },
    "worst_case": {
     "top-1": 0.0,
     "top-5": 0.2381,
     "top-10": 0.4815,
     "top-200": 0.2203,
     "exam": 0.00015599989147833636,
     "wasted-effort": 21
    }
   },
   "GP13": {
    "best_case": {
     "top-1": 0.0,
     "top-5": 0.2277,
     "top-10": 0.4682,
     "top-200": 0.2309,
     "exam": 0.00015599989147833636,
     "wasted-effort": 21
    },
    "avg_case": {
     "top-1": 0.0,
     "top-5": 0.2411,
     "top-10": 0.488,
     "top-200": 0.2242,
     "exam": 0.00015599989147833636,
     "wasted-effort": 21
    },
    "worst_case": {
     "top-1": 0.0,
     "top-5": 0.2338,
     "top-10": 0.4797,
     "top-200": 0.2251,
     "exam": 0.00015599989147833636,
     "wasted-effort": 21
    }
   }
  },
  "line_defuse": {
   "Tarantula": {
    "best_case": {
     "top-1": 0.0,
     "top-5": 0.2328,
     "top-10": 0.4705,
     "top-200": 0.223,
     "exam": 0.00015599989147833636,
     "wasted-effort": 21
    },
    "avg_case": {
     "top-1": 0.0,
     "top-5": 0.2331,
     "top-10": 0.4721,
     "top-200": 0.2255,
     "exam": 0.00015599989147833636,
     "wasted-effort": 21
    },
    "worst_case": {
     "top-1": 0.0,
     "top-5": 0.2404,
     "top-10": 0.4829,
     "top-200": 0.2194,
     "exam": 0.00015599989147833636,
     "wasted-effort": 21
    }
   },
   "Ochiai": {
    "best_case": {
     "top-1": 0.0,
     "top-5": 0.2383,
     "top-10": 0.4767,
     "top-200": 0.224,
     "exam": 0.00015599989147833636,
     "wasted-effort": 21
    },
    "avg_case": {
     "top-1": 0.0,
     "top-5": 0.2445,
     "top-10": 0.4624,
     "top-200": 0.2309,
     "exam": 0.00015599989147833636,
     "wasted-effort": 21
    },
    "worst_case": {
     "top-1": 0.0,
     "top-5": 0.2378,
     "top-10": 0.47,
     "top-200": 0.2223,
     "exam": 0.00015599989147833636,
     "wasted-effort": 21
    }
   },
   "DStar": {
    "best_case": {
     "top-1": 0.0518,
     "top-5": 0.2551,
     "top-10": 0.5286,
     "top-200": 0.2253,
     "exam": 0.00012886947556906047,
     "wasted-effort": 19
    },
    "avg_case": {
     "top-1": 0.0505,