{
 "spacy_10": {
  "line": {
   "Tarantula": {
    "best_case": {
     "top-1": 0.0007,
     "top-5": 0.0062,
     "top-10": 0.0115,
     "top-200": 0.2041,
     "exam": 0.006900609080841639,
     "wasted-effort": 997
    },
    "avg_case": {
     "top-1": 0.0013,
     "top-5": 0.0042,
     "top-10": 0.0087,
     "top-200": 0.1955,
     "exam": 0.006900609080841639,
     "wasted-effort": 997
    },
    "worst_case": {
     "top-1": 0.0014,
     "top-5": 0.0052,
     "top-10": 0.0105,
     "top-200": 0.2,
     "exam": 0.006900609080841639,
     "wasted-effort": 997
    }
   },
   "Ochiai": {
    "best_case": {
     "top-1": 0.0011,
     "top-5": 0.0043,
     "top-10": 0.0105,
     "top-200": 0.1999,
     "exam": 0.006900609080841639,
     "wasted-effort": 997
    },
    "avg_case": {
     "top-1": 0.0012,
     "top-5": 0.0034,
     "top-10": 0.0097,
     "top-200": 0.1991,
     "exam": 0.006900609080841639,
     "wasted-effort": 997
    },
    "worst_case": {
     "top-1": 0.0009,
     "top-5": 0.0046,
     "top-10": 0.0085,
     "top-200": 0.2021,
     "exam": 0.006900609080841639,
     "wasted-effort": 997
    }
   },
   "DStar": {
    "best_case": {
     "top-1": 0.0009,
     "top-5": 0.0044,
     "top-10": 0.0087,
     "top-200": 0.2049,
     "exam": 0.006900609080841639,
     "wasted-effort": 997
    },
    "avg_case": {
     "top-1": 0.0007,
     "top-5": 0.0047,
     "top-10": 0.0099,
     "top-200": 0.2006,
     "exam": 0.006900609080841639,
     "wasted-effort": 997
    },
    "worst_case": {
     "top-1": 0.0009,
     "top-5": 0.0048,
     "top-10": 0.0103,
     "top-200": 0.204,
     "exam": 0.006900609080841639,
     "wasted-effort": 997
    }
   },
   "Naish2": {
    "best_case": {
     "top-1": 0.0005,
     "top-5": 0.0052,
     "top-10": 0.0106,
     "top-200": 0.2031,
     "exam": 0.006900609080841639,
     "wasted-effort": 997
    },
    "avg_case": {
     "top-1": 0.0016,
     "top-5": 0.0039,
     "top-10": 0.0108,
     "top-200": 0.1951,
     "exam": 0.006900609080841639,
     "wasted-effort": 997
    },
    "worst_case": {
     "top-1": 0.0013,
     "top-5": 0.0047,
     "top-10": 0.0093,
     "top-200": 0.203,
     "exam": 0.006900609080841639,
     "wasted-effort": 997
    }
   },
   "GP13": {
    "best_case": {
     "top-1": 0.0014,
     "top-5": 0.0055,
     "top-10": 0.0103,
     "top-200": 0.2055,
     "exam": 0.006900609080841639,
     "wasted-effort": 997
    },
    "avg_case": {
     "top-1": 0.0016,
     "top-5": 0.0067,
     "top-10": 0.0108,
     "top-200": 0.1952,
     "exam": 0.006900609080841639,
     "wasted-effort": 997
    },
    "worst_case": {
     "top-1": 0.0009,
     "top-5": 0.0053,
     "top-10": 0.0108,
     "top-200": 0.2073,
     "exam": 0.006900609080841639,
     "wasted-effort": 997
    }
   }
  },
  "line_line": {
   "Tarantula": {
    "best_case": {
     "top-1": 0.0,
     "top-5": 0.0,
     "top-10": 0.0,
     "top-200": 0.0,
     "exam": 0.008554817275747507,
     "wasted-effort": 997
    },
    "avg_case": {
     "top-1": 0.0,
     "top-5": 0.0,
     "top-10": 0.0,
     "top-200": 0.0,
     "exam": 0.008554817275747507,
     "wasted-effort": 997
    },
    "worst_case": {
     "top-1": 0.0,
     "top-5": 0.0,
     "top-10": 0.0,
     "top-200": 0.0,
     "exam": 0.008554817275747507,
     "wasted-effort": 997
    }
   },
   "Ochiai": {
    "best_case": {
     "top-1": 0.0,
     "top-5": 0.0,
     "top-10": 0.0,
     "top-200": 0.0,
     "exam": 0.008554817275747507,
     "wasted-effort": 997
    },
    "avg_case": {
     "top-1": 0.0,
     "top-5": 0.0,
     "top-10": 0.0,
     "top-200": 0.0,
     "exam": 0.008554817275747507,
     "wasted-effort": 997
    },
    "worst_case": {
     "top-1": 0.0,
     "top-5": 0.0,
     "top-10": 0.0,
     "top-200": 0.0,
     "exam": 0.008554817275747507,
     "wasted-effort": 997
    }
   },
   "DStar": {
    "best_case": {
     "top-1": 0.0,
     "top-5": 0.0,
     "top-10": 0.0,
     "top-200": 0.0,
     "exam": 0.008554817275747507,
     "wasted-effort": 997
    },
    "avg_case": {
     "top-1": 0.0,
     "top-5": 0.0,
     "top-10": 0.0,
     "top-200": 0.0,
     "exam": 0.008554817275747507,
     "wasted-effort": 997
    },
    "worst_case": {
     "top-1": 0.0,
     "top-5": 0.0,
     "top-10": 0.0,
     "top-200": 0.0,
     "exam": 0.008554817275747507,
     "wasted-effort": 997
    }
   },
   "Naish2": {
    "best_case": {
     "top-1": 0.0,
     "top-5": 0.0,
     "top-10": 0.0,
     "top-200": 0.0,
     "exam": 0.008554817275747507,
     "wasted-effort": 997
    },
    "avg_case": {
     "top-1": 0.0,
     "top-5": 0.0,
     "top-10": 0.0,
     "top-200": 0.0,
     "exam": 0.008554817275747507,
     "wasted-effort": 997
    },
    "worst_case": {
     "top-1": 0.0,
     "top-5": 0.0,
     "top-10": 0.0,
     "top-200": 0.0,
     "exam": 0.008554817275747507,
     "wasted-effort": 997
    }
   },
   "GP13": {
    "best_case": {
     "top-1": 0.0,
     "top-5": 0.0,
     "top-10": 0.0,
     "top-200": 0.0,
     "exam": 0.008554817275747507,
     "wasted-effort": 997
    },
    "avg_case": {
     "top-1": 0.0,
     "top-5": 0.0,
     "top-10": 0.0,
     "top-200": 0.0,
     "exam": 0.008554817275747507,
     "wasted-effort": 997
    },
    "worst_case": {
     "top-1": 0.0,
     "top-5": 0.0,
     "top-10": 0.0,
     "top-200": 0.0,
     "exam": 0.008554817275747507,
     "wasted-effort": 997
    }
   }
  },
  "line_defuse": {
   "Tarantula": {
    "best_case": {
     "top-1": 0.0,
     "top-5": 0.0,
     "top-10": 0.0,
     "top-200": 0.0,
     "exam": 0.008554817275747507,
     "wasted-effort": 997
    },
    "avg_case": {
     "top-1": 0.0,
     "top-5": 0.0,
     "top-10": 0.0,
     "top-200": 0.0,
     "exam": 0.008554817275747507,
     "wasted-effort": 997
    },
    "worst_case": {
     "top-1": 0.0,
     "top-5": 0.0,
     "top-10": 0.0,
     "top-200": 0.0,
     "exam": 0.008554817275747507,
     "wasted-effort": 997
    }
   },
   "Ochiai": {
    "best_case": {
     "top-1": 0.0,
     "top-5": 0.0,
     "top-10": 0.0,
     "top-200": 0.0,
     "exam": 0.008554817275747507,
     "wasted-effort": 997
    },
    "avg_case": {
     "top-1": 0.0,
     "top-5": 0.0,
     "top-10": 0.0,
     "top-200": 0.0,
     "exam": 0.008554817275747507,
     "wasted-effort": 997
    },
    "worst_case": {
     "top-1": 0.0,
     "top-5": 0.0,
     "top-10": 0.0,
     "top-200": 0.0,
     "exam": 0.008554817275747507,
     "wasted-effort": 997
    }
   },
   "DStar": {
    "best_case": {
     "top-1": 0.0,
     "top-5": 0.0,
     "top-10": 0.0,
     "top-200": 0.0,
     "exam": 0.008554817275747507,
     "wasted-effort": 997
    },
    "avg_case": {
     "top-1": 0.0,
     "top-5": 0.0,
     "top-10": 0.0,
     "top-200": 0.0,
     "exam": 0.008554817275747507,
     "wasted-effort": 997
    },
    "worst_case": {
     "top-1": 0.0,
     "top-5": 0.0,
     "top-10": 0.0,
     "top-200": 0.0,
     "exam": 0.008554817275747507,
     "wasted-effort": 997
    }
   },
   "Naish2": {
    "best_case": {
     "top-1": 0.0,
     "top-5": 0.0,
     "top-10": 0.0,
     "top-200": 0.0,
     "exam": 0.008554817275747507,
     "wasted-effort": 997
    },
    "avg_case": {
     "top-1": 0.0,
     "top-5": 0.0,
     "top-10": 0.0,
     "top-200": 0.0,
     "exam": 0.008554817275747507,
     "wasted-effort": 997
    },
    "worst_case": {
     "top-1": 0.0,
     "top-5": 0.0,
     "top-10": 0.0,
     "top-200": 0.0,
     "exam": 0.008554817275747507,
     "wasted-effort": 997
    }
   },
   "GP13": {
    "best_case": {
     "top-1": 0.0,
     "top-5": 0.0,
     "top-10": 0.0,
     "top-200": 0.0,
     "exam": 0.008554817275747507,
     "wasted-effort": 997
    },
    "avg_case": {
     "top-1": 0.0,
     "top-5": 0.0,
     "top-10": 0.0,
     "top-200": 0.0,
     "exam": 0.008554817275747507,
     "wasted-effort": 997
    },
    "worst_case": {
     "top-1": 0.0,
     "top-5": 0.0,
     "top-10": 0.0,
     "top-200": 0.0,
     "exam": 0.008554817275747507,