{
 "thefuck_20": {
  "line": {
   "Tarantula": {
    "best_case": {
     "top-5": 0.1651,
     "top-10": 0.3206,
     "top-200": 1,
     "exam": 0.0009832841691248771,
     "wasted-effort": 2
    },
    "avg_case": {
     "top-5": 0.11973333333333308,
     "top-10": 0.22606666666667039,
     "top-200": 1,
     "exam": 0.0009832841691248771,
     "wasted-effort": 2
    },
    "worst_case": {
     "top-5": 0.05903333333333312,
     "top-10": 0.11790000000000075,
     "top-200": 1.0,
     "exam": 0.021386430678466076,
     "wasted-effort": 84
    }
   },
   "Ochiai": {
    "best_case": {
     "top-5": 0.175,
     "top-10": 0.322,
     "top-200": 1,
     "exam": 0.0009832841691248771,
     "wasted-effort": 2
    },
    "avg_case": {
     "top-5": 0.11826666666666603,
     "top-10": 0.22870000000000332,
     "top-200": 1,
     "exam": 0.0009832841691248771,
     "wasted-effort": 2
    },
    "worst_case": {
     "top-5": 0.061466666666666774,
     "top-10": 0.11930000000000071,
     "top-200": 1.0,
     "exam": 0.021386430678466076,
     "wasted-effort": 84
    }
   },
   "DStar": {
    "best_case": {
     "top-5": 0.173,
     "top-10": 0.3235,
     "top-200": 1,
     "exam": 0.0004916420845624386,
     "wasted-effort": 1
    },
    "avg_case": {
     "top-5": 0.11876666666666622,
     "top-10": 0.22980000000000295,
     "top-200": 1,
     "exam": 0.0004916420845624386,
     "wasted-effort": 1
    },
    "worst_case": {
     "top-5": 0.05849999999999978,
     "top-10": 0.12079999999999998,
     "top-200": 1.0,
     "exam": 0.02089478859390364,
     "wasted-effort": 83
    }
   }
  },
  "line_line": {
   "Tarantula": {
    "best_case": {
     "top-5": 0.4264,
     "top-10": 0.7474,
     "top-200": 1,
     "exam": 0.0009832841691248771,
     "wasted-effort": 2
    },
    "avg_case": {
     "top-5": 0.3022666666666561,
     "top-10": 0.5699000000000213,
     "top-200": 1,
     "exam": 0.0009832841691248771,
     "wasted-effort": 2
    },
    "worst_case": {
     "top-5": 0.15709999999999458,
     "top-10": 0.3194000000000095,
     "top-200": 1.0,
     "exam": 0.03023598820058997,
     "wasted-effort": 72
    }
   },
   "Ochiai": {
    "best_case": {
     "top-5": 0.4207,
     "top-10": 0.7432,
     "top-200": 1,
     "exam": 0.0009832841691248771,
     "wasted-effort": 2
    },
    "avg_case": {
     "top-5": 0.29929999999998924,
     "top-10": 0.561500000000019,
     "top-200": 1,
     "exam": 0.0009832841691248771,
     "wasted-effort": 2
    },
    "worst_case": {
     "top-5": 0.1589666666666609,
     "top-10": 0.3195666666666789,
     "top-200": 1.0,
     "exam": 0.03023598820058997,
     "wasted-effort": 72
    }
   },
   "DStar": {
    "best_case": {
     "top-5": 0.4538,
     "top-10": 0.7617,
     "top-200": 1,
     "exam": 0.0004916420845624386,
     "wasted-effort": 1
    },
    "avg_case": {
     "top-5": 0.30673333333332137,
     "top-10": 0.5860333333333593,
     "top-200": 1,
     "exam": 0.0004916420845624386,
     "wasted-effort": 1
    },
    "worst_case": {
     "top-5": 0.16936666666665906,
     "top-10": 0.3359666666666778,
     "top-200": 1.0,
     "exam": 0.029744346116027533,
     "wasted-effort": 71
    }
   }
  },
  "line_defuse": {
   "Tarantula": {
    "best_case": {
     "top-5": 0.4258,
     "top-10": 0.7477,
     "top-200": 1,
     "exam": 0.0009832841691248771,
     "wasted-effort": 2
    },
    "avg_case": {
     "top-5": 0.3052333333333218,
     "top-10": 0.5604666666666851,
     "top-200": 1,
     "exam": 0.0009832841691248771,
     "wasted-effort": 2
    },
    "worst_case": {
     "top-5": 0.1593999999999942,
     "top-10": 0.3111000000000111,
     "top-200": 1.0,
     "exam": 0.03023598820058997,
     "wasted-effort": 72
    }
   },
   "Ochiai": {
    "best_case": {
     "top-5": 0.4266,
     "top-10": 0.7378,
     "top-200": 1,
     "exam": 0.0009832841691248771,
     "wasted-effort": 2
    },
    "avg_case": {
     "top-5": 0.300233333333323,
     "top-10": 0.5652666666666867,
     "top-200": 1,
     "exam": 0.0009832841691248771,
     "wasted-effort": 2
    },
    "worst_case": {
     "top-5": 0.15859999999999394,
     "top-10": 0.3135666666666763,
     "top-200": 1.0,
     "exam": 0.03023598820058997,
     "wasted-effort": 72
    }
   },
   "DStar": {
    "best_case": {
     "top-5": 0.4466,
     "top-10": 0.7666,
     "top-200": 1,
     "exam": 0.0004916420845624386,
     "wasted-effort": 1
    },
    "avg_case": {
     "top-5": 0.3170999999999865,
     "top-10": 0.5944333333333611,
     "top-200": 1,
     "exam": 0.0004916420845624386,
     "wasted-effort": 1
    },
    "worst_case": {
     "top-5": 0.16599999999999324,
     "top-10": 0.3343333333333444,
     "top-200": 1.0,
     "exam": 0.029744346116027533,
     "wasted-effort": 71
    }
   }
  },
  "line_defuses": {
   "Tarantula": {
    "best_case": {
     "top-5": 0.4236,
     "top-10": 0.734,
     "top-200": 1,
     "exam": 0.0009832841691248771,
     "wasted-effort": 2
    },
    "avg_case": {
     "top-5": 0.3079333333333214,
     "top-10": 0.5663333333333551,
     "top-200": 1,
     "exam": 0.0009832841691248771,
     "wasted-effort": 2
    },
    "worst_case": {
     "top-5": 0.1584999999999946,
     "top-10": 0.3170000000000111,
     "top-200": 1.0,
     "exam": 0.03023598820058997,
     "wasted-effort": 72
    }
   },
   "Ochiai": {
    "best_case": {
     "top-5": 0.4317,
     "top-10": 0.7369,
     "top-200": 1,
     "exam": 0.0009832841691248771,
     "wasted-effort": 2
    },
    "avg_case": {
     "top-5": 0.3056666666666555,
     "top-10": 0.561433333333355,
     "top-200": 1,
     "exam": 0.0009832841691248771,
     "wasted-effort": 2
    },
    "worst_case": {
     "top-5": 0.16306666666666036,
     "top-10": 0.32086666666667824,
     "top-200": 1.0,
     "exam": 0.03023598820058997,
     "wasted-effort": 72
    }
   },
   "DStar": {
    "best_case": {
     "top-5": 0.448,
     "top-10": 0.7724,
     "top-200": 1,
     "exam": 0.0004916420845624386,
     "wasted-effort": 1
    },
    "avg_case": {
     "top-5": 0.319199999999986,
     "top-10": 0.5923000000000292,
     "top-200": 1,
     "exam": 0.0004916420845624386,
     "wasted-effort": 1
    },
    "worst_case": {
     "top-5": 0.16473333333332615,
     "top-10": 0.3339666666666779,
     "top-200": 1.0,
     "exam": 0.029744346116027533,
     "wasted-effort": 71
    }
   }
  },
  "line_assert_use": {
   "Tarantula": {
    "best_case": {
     "top-5": 0.4317,
     "top-10": 0.7308,
     "top-200": 1,
     "exam": 0.0009832841691248771,
     "wasted-effort": 2
    },
    "avg_case": {
     "top-5": 0.30029999999998963,
     "top-10": 0.5602666666666851,
     "top-200": 1,
     "exam": 0.0009832841691248771,
     "wasted-effort": 2
    },
    "worst_case": {
     "top-5": 0.1600999999999942,
     "top-10": 0.31623333333334375,
     "top-200": 1.0,
     "exam": 0.03023598820058997,
     "wasted-effort": 72
    }
   },
   "Ochiai": {
    "best_case": {
     "top-5": 0.4281,
     "top-10": 0.7416,
     "top-200": 1,
     "exam": 0.0009832841691248771,
     "wasted-effort": 2
    },
    "avg_case": {
     "top-5": 0.3001666666666568,
     "top-10": 0.5638333333333521,
     "top-200": 1,
     "exam": 0.0009832841691248771,
     "wasted-effort": 2
    },
    "worst_case": {
     "top-5": 0.16013333333332747,
     "top-10": 0.318233333333344,
     "top-200": 1.0,
     "exam": 0.03023598820058997,
     "wasted-effort": 72
    }
   },
   "DStar": {
    "best_case": {
     "top-5": 0.4499,
     "top-10": 0.7645,
     "top-200": 1,
     "exam": 0.0004916420845624386,
     "wasted-effort": 1
    },
    "avg_case": {
     "top-5": 0.32086666666665226,
     "top-10": 0.5898333333333591,
     "top-200": 1,
     "exam": 0.0004916420845624386,
     "wasted-effort": 1
    },
    "worst_case": {
     "top-5": 0.1670333333333263,
     "top-10": 0.33426666666667937,
     "top-200": 1.0,
     "exam": 0.029744346116027533,
     "wasted-effort": 71
    }
   }
  },