{
 "thefuck_1": {
  "line": {
   "Tarantula": {
    "best_case": {
     "top-1": 0.5058,
     "top-5": 0.0261,
     "top-10": 0.0495,
     "top-200": 0.8915,
     "exam": 0.0002353494939985879,
     "wasted-effort": 2
    },
    "avg_case": {
     "top-1": 0.5066,
     "top-5": 0.0261,
     "top-10": 0.0508,
     "top-200": 0.8923,
     "exam": 0.0002353494939985879,
     "wasted-effort": 2
    },
    "worst_case": {
     "top-1": 0.25085,
     "top-5": 0.013,
     "top-10": 0.025,
     "top-200": 0.44475,
     "exam": 0.5263591433278418,
     "wasted-effort": 4249
    }
   },
   "Ochiai": {
    "best_case": {
     "top-1": 0.4988,
     "top-5": 0.0267,
     "top-10": 0.05,
     "top-200": 0.8925,
     "exam": 0.0002353494939985879,
     "wasted-effort": 2
    },
    "avg_case": {
     "top-1": 0.495,
     "top-5": 0.0221,
     "top-10": 0.0502,
     "top-200": 0.888,
     "exam": 0.0002353494939985879,
     "wasted-effort": 2
    },
    "worst_case": {
     "top-1": 0.25185,
     "top-5": 0.0121,
     "top-10": 0.0258,
     "top-200": 0.44725,
     "exam": 0.5263591433278418,
     "wasted-effort": 4249
    }
   },
   "DStar": {
    "best_case": {
     "top-1": 0.0,
     "top-5": 0.0,
     "top-10": 0.0,
     "top-200": 0.8922,
     "exam": 0.04930571899270417,
     "wasted-effort": 224
    },
    "avg_case": {
     "top-1": 0.0,
     "top-5": 0.0,
     "top-10": 0.0,
     "top-200": 0.8951,
     "exam": 0.04930571899270417,
     "wasted-effort": 224
    },
    "worst_case": {
     "top-1": 0.0,
     "top-5": 0.0,
     "top-10": 0.0,
     "top-200": 0.44585,
     "exam": 0.5263591433278418,
     "wasted-effort": 4249
    }
   },
   "Naish2": {
    "best_case": {
     "top-1": 0.5002,
     "top-5": 0.0236,
     "top-10": 0.05,
     "top-200": 0.8923,
     "exam": 0.0002353494939985879,
     "wasted-effort": 2
    },
    "avg_case": {
     "top-1": 0.5025,
     "top-5": 0.0245,
     "top-10": 0.0502,
     "top-200": 0.8959,
     "exam": 0.0002353494939985879,
     "wasted-effort": 2
    },
    "worst_case": {
     "top-1": 0.2521,
     "top-5": 0.0111,
     "top-10": 0.02475,
     "top-200": 0.44615,
     "exam": 0.5263591433278418,
     "wasted-effort": 4249
    }
   },
   "GP13": {
    "best_case": {
     "top-1": 0.4978,
     "top-5": 0.0239,
     "top-10": 0.0484,
     "top-200": 0.8942,
     "exam": 0.0002353494939985879,
     "wasted-effort": 2
    },
    "avg_case": {
     "top-1": 0.5006,
     "top-5": 0.0263,
     "top-10": 0.0506,
     "top-200": 0.897,
     "exam": 0.0002353494939985879,
     "wasted-effort": 2
    },
    "worst_case": {
     "top-1": 0.24765,
     "top-5": 0.0141,
     "top-10": 0.02495,
     "top-200": 0.445,
     "exam": 0.5263591433278418,
     "wasted-effort": 4249
    }
   }
  },
  "line_line": {
   "Tarantula": {
    "best_case": {
     "top-1": 1,
     "top-5": 0.1237,
     "top-10": 0.2446,
     "top-200": 0.8963,
     "exam": 0.0002353494939985879,
     "wasted-effort": 1
    },
    "avg_case": {
     "top-1": 1.0,
     "top-5": 0.1305,
     "top-10": 0.2547,
     "top-200": 0.8911,
     "exam": 0.0002353494939985879,
     "wasted-effort": 1
    },
    "worst_case": {
     "top-1": 0.5,
     "top-5": 0.0634,
     "top-10": 0.1243,
     "top-200": 0.4476,
     "exam": 0.5263591433278418,
     "wasted-effort": 4249
    }
   },
   "Ochiai": {
    "best_case": {
     "top-1": 1,
     "top-5": 0.1236,
     "top-10": 0.2467,
     "top-200": 0.8961,
     "exam": 0.0002353494939985879,
     "wasted-effort": 1
    },
    "avg_case": {
     "top-1": 1.0,
     "top-5": 0.1315,
     "top-10": 0.2494,
     "top-200": 0.8943,
     "exam": 0.0002353494939985879,
     "wasted-effort": 1
    },
    "worst_case": {
     "top-1": 0.5,
     "top-5": 0.06155,
     "top-10": 0.1248,
     "top-200": 0.44425,
     "exam": 0.5263591433278418,
     "wasted-effort": 4249
    }
   },
   "DStar": {
    "best_case": {
     "top-1": 0.0,
     "top-5": 0.0,
     "top-10": 0.0,
     "top-200": 0.8933,
     "exam": 0.04930571899270417,
     "wasted-effort": 224
    },
    "avg_case": {
     "top-1": 0.0,
     "top-5": 0.0,
     "top-10": 0.0,
     "top-200": 0.8914,
     "exam": 0.04930571899270417,
     "wasted-effort": 224
    },
    "worst_case": {
     "top-1": 0.0,
     "top-5": 0.0,
     "top-10": 0.0,
     "top-200": 0.45,
     "exam": 0.5263591433278418,
     "wasted-effort": 4249
    }
   },
   "Naish2": {
    "best_case": {
     "top-1": 1,
     "top-5": 0.1285,
     "top-10": 0.2562,
     "top-200": 0.8938,
     "exam": 0.0002353494939985879,
     "wasted-effort": 1
    },
    "avg_case": {
     "top-1": 1.0,
     "top-5": 0.1213,
     "top-10": 0.2519,
     "top-200": 0.8943,
     "exam": 0.0002353494939985879,
     "wasted-effort": 1
    },
    "worst_case": {
     "top-1": 0.5,
     "top-5": 0.0662,
     "top-10": 0.1256,
     "top-200": 0.4429,
     "exam": 0.5263591433278418,
     "wasted-effort": 4249
    }
   },
   "GP13": {
    "best_case": {
     "top-1": 1,
     "top-5": 0.1252,
     "top-10": 0.2506,
     "top-200": 0.8946,
     "exam": 0.0002353494939985879,
     "wasted-effort": 1
    },
    "avg_case": {
     "top-1": 1.0,
     "top-5": 0.1217,
     "top-10": 0.2456,
     "top-200": 0.8907,
     "exam": 0.0002353494939985879,
     "wasted-effort": 1
    },
    "worst_case": {
     "top-1": 0.5,
     "top-5": 0.06225,
     "top-10": 0.1234,
     "top-200": 0.44445,
     "exam": 0.5263591433278418,
     "wasted-effort": 4249
    }
   }
  },
  "line_defuse": {
   "Tarantula": {
    "best_case": {
     "top-1": 1,
     "top-5": 0.1248,
     "top-10": 0.2567,
     "top-200": 0.8871,
     "exam": 0.0002353494939985879,
     "wasted-effort": 1
    },
    "avg_case": {
     "top-1": 1.0,
     "top-5": 0.1203,
     "top-10": 0.2507,
     "top-200": 0.8857,
     "exam": 0.0002353494939985879,
     "wasted-effort": 1
    },
    "worst_case": {
     "top-1": 0.5,
     "top-5": 0.062,
     "top-10": 0.1237,
     "top-200": 0.4471,
     "exam": 0.5263591433278418,
     "wasted-effort": 4249
    }
   },
   "Ochiai": {
    "best_case": {
     "top-1": 1,
     "top-5": 0.1293,
     "top-10": 0.2479,
     "top-200": 0.8896,
     "exam": 0.0002353494939985879,
     "wasted-effort": 1
    },
    "avg_case": {
     "top-1": 1.0,
     "top-5": 0.1261,
     "top-10": 0.2542,
     "top-200": 0.8927,
     "exam": 0.0002353494939985879,
     "wasted-effort": 1
    },
    "worst_case": {
     "top-1": 0.5,
     "top-5": 0.0621,
     "top-10": 0.12275,
     "top-200": 0.44575,
     "exam": 0.5263591433278418,
     "wasted-effort": 4249
    }
   },
   "DStar": {
    "best_case": {
     "top-1": 0.0,
     "top-5": 0.0,
     "top-10": 0.0,
     "top-200": 0.8932,
     "exam": 0.04930571899270417,
     "wasted-effort": 224
    },
    "avg_case": {
     "top-1": 0.0,
     "top-5": 0.0,
     "top-10": 0.0,
     "top-200": 0.8928,
     "exam": 0.04930571899270417,
     "wasted-effort": 224
    },
    "worst_case": {
     "top-1": 0.0,
     "top-5": 0.0,
     "top-10": 0.0,
     "top-200": 0.4429,
     "exam": 0.5263591433278418,
     "wasted-effort": 4249
    }
   },
   "Naish2": {
    "best_case": {
     "top-1": 1,
     "top-5": 0.1316,
     "top-10": 0.2515,
     "top-200": 0.8936,
     "exam": 0.0002353494939985879,
     "wasted-effort": 1
    },
    "avg_case": {
     "top-1": 1.0,
     "top-5": 0.1331,
     "top-10": 0.2419,
     "top-200": 0.8916,
     "exam": 0.0002353494939985879,
     "wasted-effort": 1
    },
    "worst_case": {
     "top-1": 0.5,
     "top-5": 0.068,
     "top-10": 0.12355,
     "top-200": 0.44845,
     "exam": 0.5263591433278418,
     "wasted-effort": 4249
    }
   },
   "GP13": {
    "best_case": {
     "top-1": 1,
     "top-5": 0.1212,
     "top-10": 0.2466,
     "top-200": 0.8981,
     "exam": 0.0002353494939985879,
     "wasted-effort": 1
    },
    "avg_case": {
     "top-1": 1.0,
     "top-5": 0.1269,
     "top-10": 0.2525,
     "top-200": 0.8944,
     "exam": 0.0002353494939985879,
     "wasted-effort": 1
    },