{
 "thefuck_22": {
  "line": {
   "Tarantula": {
    "best_case": {
     "top-1": 0,
     "top-5": 0.6381,
     "top-10": 0.96,
     "top-200": 1,
     "exam": 0.00427578834847675,
     "wasted-effort": 13
    },
    "avg_case": {
     "top-1": 0.0,
     "top-5": 0.4722666666666612,
     "top-10": 0.835233333333373,
     "top-200": 1,
     "exam": 0.00427578834847675,
     "wasted-effort": 13
    },
    "worst_case": {
     "top-1": 0.0,
     "top-5": 0.2581000000000019,
     "top-10": 0.5131000000000049,
     "top-200": 0.6666666666666666,
     "exam": 0.5192410475681454,
     "wasted-effort": 1871
    }
   },
   "Ochiai": {
    "best_case": {
     "top-1": 0,
     "top-5": 0.6344,
     "top-10": 0.9592,
     "top-200": 1,
     "exam": 0.00427578834847675,
     "wasted-effort": 13
    },
    "avg_case": {
     "top-1": 0.0,
     "top-5": 0.4710999999999935,
     "top-10": 0.8333333333333766,
     "top-200": 1,
     "exam": 0.00427578834847675,
     "wasted-effort": 13
    },
    "worst_case": {
     "top-1": 0.0,
     "top-5": 0.25280000000000225,
     "top-10": 0.5120000000000045,
     "top-200": 0.6666666666666666,
     "exam": 0.5192410475681454,
     "wasted-effort": 1871
    }
   },
   "DStar": {
    "best_case": {
     "top-1": 0.0,
     "top-5": 0.6698,
     "top-10": 0.9862,
     "top-200": 1,
     "exam": 0.0037413148049171567,
     "wasted-effort": 12
    },
    "avg_case": {
     "top-1": 0.0,
     "top-5": 0.5044666666666697,
     "top-10": 0.8802333333333582,
     "top-200": 1,
     "exam": 0.0037413148049171567,
     "wasted-effort": 12
    },
    "worst_case": {
     "top-1": 0.0,
     "top-5": 0.2821333333333402,
     "top-10": 0.5547333333333448,
     "top-200": 0.6666666666666666,
     "exam": 0.5192410475681454,
     "wasted-effort": 1871
    }
   },
   "Naish2": {
    "best_case": {
     "top-1": 0,
     "top-5": 0.6373,
     "top-10": 0.9603,
     "top-200": 1,
     "exam": 0.00427578834847675,
     "wasted-effort": 13
    },
    "avg_case": {
     "top-1": 0.0,
     "top-5": 0.46893333333332576,
     "top-10": 0.8364000000000383,
     "top-200": 1,
     "exam": 0.00427578834847675,
     "wasted-effort": 13
    },
    "worst_case": {
     "top-1": 0.0,
     "top-5": 0.2575666666666696,
     "top-10": 0.5109666666666652,
     "top-200": 0.6666666666666666,
     "exam": 0.5192410475681454,
     "wasted-effort": 1871
    }
   },
   "GP13": {
    "best_case": {
     "top-1": 0,
     "top-5": 0.6448,
     "top-10": 0.9584,
     "top-200": 1,
     "exam": 0.00427578834847675,
     "wasted-effort": 13
    },
    "avg_case": {
     "top-1": 0.0,
     "top-5": 0.46663333333332496,
     "top-10": 0.8321333333333764,
     "top-200": 1,
     "exam": 0.00427578834847675,
     "wasted-effort": 13
    },
    "worst_case": {
     "top-1": 0.0,
     "top-5": 0.25933333333333564,
     "top-10": 0.5139000000000046,
     "top-200": 0.6666666666666666,
     "exam": 0.5192410475681454,
     "wasted-effort": 1871
    }
   }
  },
  "line_line": {
   "Tarantula": {
    "best_case": {
     "top-1": 0,
     "top-5": 0.0,
     "top-10": 0.9643,
     "top-200": 1,
     "exam": 0.005879208979155532,
     "wasted-effort": 13
    },
    "avg_case": {
     "top-1": 0.0,
     "top-5": 0.0,
     "top-10": 0.830000000000042,
     "top-200": 1,
     "exam": 0.005879208979155532,
     "wasted-effort": 13
    },
    "worst_case": {
     "top-1": 0.0,
     "top-5": 0.0,
     "top-10": 0.512600000000004,
     "top-200": 0.6666666666666666,
     "exam": 0.5192410475681454,
     "wasted-effort": 1871
    }
   },
   "Ochiai": {
    "best_case": {
     "top-1": 0,
     "top-5": 0.0,
     "top-10": 0.961,
     "top-200": 1,
     "exam": 0.005879208979155532,
     "wasted-effort": 13
    },
    "avg_case": {
     "top-1": 0.0,
     "top-5": 0.0,
     "top-10": 0.8308666666667083,
     "top-200": 1,
     "exam": 0.005879208979155532,
     "wasted-effort": 13
    },
    "worst_case": {
     "top-1": 0.0,
     "top-5": 0.0,
     "top-10": 0.5118000000000041,
     "top-200": 0.6666666666666666,
     "exam": 0.5192410475681454,
     "wasted-effort": 1871
    }
   },
   "DStar": {
    "best_case": {
     "top-1": 0.0,
     "top-5": 0.0,
     "top-10": 0.9853,
     "top-200": 1,
     "exam": 0.005344735435595938,
     "wasted-effort": 12
    },
    "avg_case": {
     "top-1": 0.0,
     "top-5": 0.0,
     "top-10": 0.8830666666666872,
     "top-200": 1,
     "exam": 0.005344735435595938,
     "wasted-effort": 12
    },
    "worst_case": {
     "top-1": 0.0,
     "top-5": 0.0,
     "top-10": 0.5563666666666801,
     "top-200": 0.6666666666666666,
     "exam": 0.5192410475681454,
     "wasted-effort": 1871
    }
   },
   "Naish2": {
    "best_case": {
     "top-1": 0,
     "top-5": 0.0,
     "top-10": 0.9614,
     "top-200": 1,
     "exam": 0.005879208979155532,
     "wasted-effort": 13
    },
    "avg_case": {
     "top-1": 0.0,
     "top-5": 0.0,
     "top-10": 0.8342000000000418,
     "top-200": 1,
     "exam": 0.005879208979155532,
     "wasted-effort": 13
    },
    "worst_case": {
     "top-1": 0.0,
     "top-5": 0.0,
     "top-10": 0.5121666666666697,
     "top-200": 0.6666666666666666,
     "exam": 0.5192410475681454,
     "wasted-effort": 1871
    }
   },
   "GP13": {
    "best_case": {
     "top-1": 0,
     "top-5": 0.0,
     "top-10": 0.9639,
     "top-200": 1,
     "exam": 0.005879208979155532,
     "wasted-effort": 13
    },
    "avg_case": {
     "top-1": 0.0,
     "top-5": 0.0,
     "top-10": 0.8309666666667085,
     "top-200": 1,
     "exam": 0.005879208979155532,
     "wasted-effort": 13
    },
    "worst_case": {
     "top-1": 0.0,
     "top-5": 0.0,
     "top-10": 0.5136666666666689,
     "top-200": 0.6666666666666666,
     "exam": 0.5192410475681454,
     "wasted-effort": 1871
    }
   }
  },
  "line_defuse": {
   "Tarantula": {
    "best_case": {
     "top-1": 0.0,
     "top-5": 0.9529,
     "top-10": 0.9582,
     "top-200": 1,
     "exam": 0.002672367717797969,
     "wasted-effort": 7
    },
    "avg_case": {
     "top-1": 0.0,
     "top-5": 0.7967000000000533,
     "top-10": 0.8327666666667055,
     "top-200": 1,
     "exam": 0.002672367717797969,
     "wasted-effort": 7
    },
    "worst_case": {
     "top-1": 0.0,
     "top-5": 0.4759666666666687,
     "top-10": 0.5110000000000009,
     "top-200": 0.6666666666666666,
     "exam": 0.5192410475681454,
     "wasted-effort": 1871
    }
   },
   "Ochiai": {
    "best_case": {
     "top-1": 0,
     "top-5": 0.9497,
     "top-10": 0.959,
     "top-200": 1,
     "exam": 0.002672367717797969,
     "wasted-effort": 7
    },
    "avg_case": {
     "top-1": 0.0,
     "top-5": 0.7903333333333897,
     "top-10": 0.8361000000000415,
     "top-200": 1,
     "exam": 0.002672367717797969,
     "wasted-effort": 7
    },
    "worst_case": {
     "top-1": 0.0,
     "top-5": 0.4776999999999999,
     "top-10": 0.5098333333333338,
     "top-200": 0.6666666666666666,
     "exam": 0.5192410475681454,
     "wasted-effort": 1871
    }
   },
   "DStar": {
    "best_case": {
     "top-1": 0.0,
     "top-5": 1.0,
     "top-10": 0.9867,
     "top-200": 1,
     "exam": 0.002137894174238375,
     "wasted-effort": 6
    },
    "avg_case": {
     "top-1": 0.0,
     "top-5": 0.8869666666666897,
     "top-10": 0.8844666666666877,
     "top-200": 1,
     "exam": 0.002137894174238375,
     "wasted-effort": 6
    },
    "worst_case": {
     "top-1": 0.0,
     "top-5": 0.5565333333333471,
     "top-10": 0.5569333333333473,
     "top-200": 0.6666666666666666,
     "exam": 0.5192410475681454,
     "wasted-effort": 1871
    }
   },
   "Naish2": {
    "best_case": {
     "top-1": 0.0,
     "top-5": 0.9525,
     "top-10": 0.9634,
     "top-200": 1,
     "exam": 0.002672367717797969,
     "wasted-effort": 7
    },
    "avg_case": {
     "top-1": 0.0,
     "top-5": 0.7956333333333906,
     "top-10": 0.8333000000000423,
     "top-200": 1,
     "exam": 0.002672367717797969,
     "wasted-effort": 7
    },
    "worst_case": {
     "top-1": 0.0,