{
 "thefuck_7": {
  "line": {
   "Tarantula": {
    "best_case": {
     "top-1": 0,
     "top-5": 0.1897,
     "top-10": 0.3838,
     "top-200": 1,
     "exam": 0.0005467468562055768,
     "wasted-effort": 3
    },
    "avg_case": {
     "top-1": 0.0,
     "top-5": 0.1958,
     "top-10": 0.3802,
     "top-200": 1,
     "exam": 0.0005467468562055768,
     "wasted-effort": 3
    },
    "worst_case": {
     "top-1": 0.0,
     "top-5": 0.0936,
     "top-10": 0.188,
     "top-200": 1.0,
     "exam": 0.028977583378895572,
     "wasted-effort": 186
    }
   },
   "Ochiai": {
    "best_case": {
     "top-1": 0,
     "top-5": 0.1911,
     "top-10": 0.3794,
     "top-200": 1,
     "exam": 0.0005467468562055768,
     "wasted-effort": 3
    },
    "avg_case": {
     "top-1": 0.0,
     "top-5": 0.1919,
     "top-10": 0.3881,
     "top-200": 1,
     "exam": 0.0005467468562055768,
     "wasted-effort": 3
    },
    "worst_case": {
     "top-1": 0.0,
     "top-5": 0.09575,
     "top-10": 0.19435,
     "top-200": 1.0,
     "exam": 0.028977583378895572,
     "wasted-effort": 186
    }
   },
   "DStar": {
    "best_case": {
     "top-1": 0.5018,
     "top-5": 0.201,
     "top-10": 0.408,
     "top-200": 1,
     "exam": 0.0002733734281027884,
     "wasted-effort": 2
    },
    "avg_case": {
     "top-1": 0.5019,
     "top-5": 0.1966,
     "top-10": 0.3895,
     "top-200": 1,
     "exam": 0.0002733734281027884,
     "wasted-effort": 2
    },
    "worst_case": {
     "top-1": 0.24755,
     "top-5": 0.0981,
     "top-10": 0.2017,
     "top-200": 1.0,
     "exam": 0.028704209950792783,
     "wasted-effort": 185
    }
   },
   "Naish1": {
    "best_case": {
     "top-1": 0,
     "top-5": 0.1906,
     "top-10": 0.3851,
     "top-200": 1,
     "exam": 0.0005467468562055768,
     "wasted-effort": 3
    },
    "avg_case": {
     "top-1": 0.0,
     "top-5": 0.1931,
     "top-10": 0.3827,
     "top-200": 1,
     "exam": 0.0005467468562055768,
     "wasted-effort": 3
    },
    "worst_case": {
     "top-1": 0.0,
     "top-5": 0.09485,
     "top-10": 0.196,
     "top-200": 1.0,
     "exam": 0.028977583378895572,
     "wasted-effort": 186
    }
   },
   "Naish2": {
    "best_case": {
     "top-1": 0,
     "top-5": 0.1963,
     "top-10": 0.3809,
     "top-200": 1,
     "exam": 0.0005467468562055768,
     "wasted-effort": 3
    },
    "avg_case": {
     "top-1": 0.0,
     "top-5": 0.1858,
     "top-10": 0.3906,
     "top-200": 1,
     "exam": 0.0005467468562055768,
     "wasted-effort": 3
    },
    "worst_case": {
     "top-1": 0.0,
     "top-5": 0.0963,
     "top-10": 0.19265,
     "top-200": 1.0,
     "exam": 0.028977583378895572,
     "wasted-effort": 186
    }
   },
   "GP13": {
    "best_case": {
     "top-1": 0,
     "top-5": 0.1948,
     "top-10": 0.3817,
     "top-200": 1,
     "exam": 0.0005467468562055768,
     "wasted-effort": 3
    },
    "avg_case": {
     "top-1": 0.0,
     "top-5": 0.1963,
     "top-10": 0.3874,
     "top-200": 1,
     "exam": 0.0005467468562055768,
     "wasted-effort": 3
    },
    "worst_case": {
     "top-1": 0.0,
     "top-5": 0.0952,
     "top-10": 0.18755,
     "top-200": 1.0,
     "exam": 0.028977583378895572,
     "wasted-effort": 186
    }
   }
  },
  "line_line": {
   "Tarantula": {
    "best_case": {
     "top-1": 0,
     "top-5": 0.1939,
     "top-10": 0.3895,
     "top-200": 1,
     "exam": 0.0005467468562055768,
     "wasted-effort": 3
    },
    "avg_case": {
     "top-1": 0.0,
     "top-5": 0.2007,
     "top-10": 0.3795,
     "top-200": 1,
     "exam": 0.0005467468562055768,
     "wasted-effort": 3
    },
    "worst_case": {
     "top-1": 0.0,
     "top-5": 0.09605,
     "top-10": 0.19585,
     "top-200": 1.0,
     "exam": 0.015445598687807545,
     "wasted-effort": 58
    }
   },
   "Ochiai": {
    "best_case": {
     "top-1": 0,
     "top-5": 0.1949,
     "top-10": 0.3851,
     "top-200": 1,
     "exam": 0.0005467468562055768,
     "wasted-effort": 3
    },
    "avg_case": {
     "top-1": 0.0,
     "top-5": 0.191,
     "top-10": 0.3861,
     "top-200": 1,
     "exam": 0.0005467468562055768,
     "wasted-effort": 3
    },
    "worst_case": {
     "top-1": 0.0,
     "top-5": 0.09375,
     "top-10": 0.1933,
     "top-200": 1.0,
     "exam": 0.015445598687807545,
     "wasted-effort": 58
    }
   },
   "DStar": {
    "best_case": {
     "top-1": 0.5007,
     "top-5": 0.2018,
     "top-10": 0.3905,
     "top-200": 1,
     "exam": 0.0002733734281027884,
     "wasted-effort": 2
    },
    "avg_case": {
     "top-1": 0.5032,
     "top-5": 0.2041,
     "top-10": 0.4002,
     "top-200": 1,
     "exam": 0.0002733734281027884,
     "wasted-effort": 2
    },
    "worst_case": {
     "top-1": 0.24805,
     "top-5": 0.1006,
     "top-10": 0.20235,
     "top-200": 1.0,
     "exam": 0.015172225259704757,
     "wasted-effort": 57
    }
   },
   "Naish1": {
    "best_case": {
     "top-1": 0,
     "top-5": 0.1926,
     "top-10": 0.3856,
     "top-200": 1,
     "exam": 0.0005467468562055768,
     "wasted-effort": 3
    },
    "avg_case": {
     "top-1": 0.0,
     "top-5": 0.1945,
     "top-10": 0.3821,
     "top-200": 1,
     "exam": 0.0005467468562055768,
     "wasted-effort": 3
    },
    "worst_case": {
     "top-1": 0.0,
     "top-5": 0.09575,
     "top-10": 0.18975,
     "top-200": 1.0,
     "exam": 0.029661016949152543,
     "wasted-effort": 191
    }
   },
   "Naish2": {
    "best_case": {
     "top-1": 0,
     "top-5": 0.1896,
     "top-10": 0.3914,
     "top-200": 1,
     "exam": 0.0005467468562055768,
     "wasted-effort": 3
    },
    "avg_case": {
     "top-1": 0.0,
     "top-5": 0.1886,
     "top-10": 0.3843,
     "top-200": 1,
     "exam": 0.0005467468562055768,
     "wasted-effort": 3
    },
    "worst_case": {
     "top-1": 0.0,
     "top-5": 0.09455,
     "top-10": 0.19765,
     "top-200": 1.0,
     "exam": 0.015445598687807545,
     "wasted-effort": 58
    }
   },
   "GP13": {
    "best_case": {
     "top-1": 0,
     "top-5": 0.1924,
     "top-10": 0.3799,
     "top-200": 1,
     "exam": 0.0005467468562055768,
     "wasted-effort": 3
    },
    "avg_case": {
     "top-1": 0.0,
     "top-5": 0.1971,
     "top-10": 0.3774,
     "top-200": 1,
     "exam": 0.0005467468562055768,
     "wasted-effort": 3
    },
    "worst_case": {
     "top-1": 0.0,
     "top-5": 0.09665,
     "top-10": 0.1896,
     "top-200": 1.0,
     "exam": 0.015445598687807545,
     "wasted-effort": 58
    }
   }
  },
  "line_defuse": {
   "Tarantula": {
    "best_case": {
     "top-1": 0,
     "top-5": 0.199,
     "top-10": 0.3902,
     "top-200": 1,
     "exam": 0.0005467468562055768,
     "wasted-effort": 3
    },
    "avg_case": {
     "top-1": 0.0,
     "top-5": 0.1914,
     "top-10": 0.3877,
     "top-200": 1,
     "exam": 0.0005467468562055768,
     "wasted-effort": 3
    },
    "worst_case": {
     "top-1": 0.0,
     "top-5": 0.09455,
     "top-10": 0.19155,
     "top-200": 1.0,
     "exam": 0.015445598687807545,
     "wasted-effort": 58
    }
   },
   "Ochiai": {
    "best_case": {
     "top-1": 0,
     "top-5": 0.1882,
     "top-10": 0.3775,
     "top-200": 1,
     "exam": 0.0005467468562055768,
     "wasted-effort": 3
    },
    "avg_case": {
     "top-1": 0.0,
     "top-5": 0.1925,
     "top-10": 0.381,
     "top-200": 1,
     "exam": 0.0005467468562055768,
     "wasted-effort": 3
    },
    "worst_case": {
     "top-1": 0.0,
     "top-5": 0.0969,
     "top-10": 0.19405,
     "top-200": 1.0,
     "exam": 0.015445598687807545,
     "wasted-effort": 58
    }
   },
   "DStar": {
    "best_case": {
     "top-1": 0.5011,
     "top-5": 0.2035,
     "top-10": 0.4052,
     "top-200": 1,
     "exam": 0.0002733734281027884,
     "wasted-effort": 2
    },
    "avg_case": {
     "top-1": 0.4994,
     "top-5": 0.2077,
     "top-10": 0.4026,
     "top-200": 1,
     "exam": 0.0002733734281027884,
     "wasted-effort": 2
    },
    "worst_case": {
     "top-1": 0.24895,
     "top-5": 0.10155,
     "top-10": 0.20175,
     "top-200": 1.0,
     "exam": 0.015172225259704757,