{
 "thefuck_17": {
  "line": {
   "Tarantula": {
    "best_case": {
     "top-1": 0.2549,
     "top-5": 0.8915,
     "top-10": 0.9862,
     "top-200": 1,
     "exam": 0.0017730496453900709,
     "wasted-effort": 8
    },
    "avg_case": {
     "top-1": 0.026431578947369066,
     "top-5": 0.13236842105262167,
     "top-10": 0.17527368421050094,
     "top-200": 0.42105263157894735,
     "exam": 0.5261524822695035,
     "wasted-effort": 2256
    },
    "worst_case": {
     "top-1": 0.012952631578947682,
     "top-5": 0.06587368421052114,
     "top-10": 0.08788421052630302,
     "top-200": 0.21052631578947367,
     "exam": 0.5261524822695035,
     "wasted-effort": 2256
    }
   },
   "Ochiai": {
    "best_case": {
     "top-1": 0.2485,
     "top-5": 0.8917,
     "top-10": 1.0,
     "top-200": 1,
     "exam": 0.0017730496453900709,
     "wasted-effort": 8
    },
    "avg_case": {
     "top-1": 0.026852631578948023,
     "top-5": 0.13111578947367344,
     "top-10": 0.1912842105262796,
     "top-200": 0.42105263157894735,
     "exam": 0.5261524822695035,
     "wasted-effort": 2256
    },
    "worst_case": {
     "top-1": 0.013021052631579263,
     "top-5": 0.06527368421052106,
     "top-10": 0.09580526315787653,
     "top-200": 0.21052631578947367,
     "exam": 0.5261524822695035,
     "wasted-effort": 2256
    }
   },
   "DStar": {
    "best_case": {
     "top-1": 0.2461,
     "top-5": 0.8929,
     "top-10": 1.0,
     "top-200": 1,
     "exam": 0.0017730496453900709,
     "wasted-effort": 8
    },
    "avg_case": {
     "top-1": 0.02640000000000064,
     "top-5": 0.13267368421051629,
     "top-10": 0.19173684210522696,
     "top-200": 0.42105263157894735,
     "exam": 0.5261524822695035,
     "wasted-effort": 2256
    },
    "worst_case": {
     "top-1": 0.012773684210526626,
     "top-5": 0.06608947368420527,
     "top-10": 0.09588947368419239,
     "top-200": 0.21052631578947367,
     "exam": 0.5261524822695035,
     "wasted-effort": 2256
    }
   },
   "Naish2": {
    "best_case": {
     "top-1": 0.2552,
     "top-5": 0.8912,
     "top-10": 1.0,
     "top-200": 1,
     "exam": 0.0017730496453900709,
     "wasted-effort": 8
    },
    "avg_case": {
     "top-1": 0.026010526315790105,
     "top-5": 0.13255789473683116,
     "top-10": 0.1916210526315429,
     "top-200": 0.42105263157894735,
     "exam": 0.5261524822695035,
     "wasted-effort": 2256
    },
    "worst_case": {
     "top-1": 0.013215789473684533,
     "top-5": 0.06554736842104722,
     "top-10": 0.09548947368419285,
     "top-200": 0.21052631578947367,
     "exam": 0.5261524822695035,
     "wasted-effort": 2256
    }
   },
   "GP13": {
    "best_case": {
     "top-1": 0.248,
     "top-5": 0.8946,
     "top-10": 1.0,
     "top-200": 1,
     "exam": 0.0017730496453900709,
     "wasted-effort": 8
    },
    "avg_case": {
     "top-1": 0.02577894736842168,
     "top-5": 0.13169473684209482,
     "top-10": 0.19187368421049047,
     "top-200": 0.42105263157894735,
     "exam": 0.5261524822695035,
     "wasted-effort": 2256
    },
    "worst_case": {
     "top-1": 0.013700000000000335,
     "top-5": 0.06597894736841611,
     "top-10": 0.09582105263156065,
     "top-200": 0.21052631578947367,
     "exam": 0.5261524822695035,
     "wasted-effort": 2256
    }
   }
  },
  "line_line": {
   "Tarantula": {
    "best_case": {
     "top-1": 0.2477,
     "top-5": 0.8932,
     "top-10": 0.9845,
     "top-200": 1,
     "exam": 0.0017730496453900709,
     "wasted-effort": 8
    },
    "avg_case": {
     "top-1": 0.02586315789473747,
     "top-5": 0.13118947368419973,
     "top-10": 0.17575789473681594,
     "top-200": 0.42105263157894735,
     "exam": 0.5261524822695035,
     "wasted-effort": 2256
    },
    "worst_case": {
     "top-1": 0.013052631578947685,
     "top-5": 0.06624210526315262,
     "top-10": 0.08734736842104023,
     "top-200": 0.21052631578947367,
     "exam": 0.5261524822695035,
     "wasted-effort": 2256
    }
   },
   "Ochiai": {
    "best_case": {
     "top-1": 0.2588,
     "top-5": 0.8954,
     "top-10": 1.0,
     "top-200": 1,
     "exam": 0.0017730496453900709,
     "wasted-effort": 8
    },
    "avg_case": {
     "top-1": 0.026442105263158537,
     "top-5": 0.1316421052631465,
     "top-10": 0.19131578947364813,
     "top-200": 0.42105263157894735,
     "exam": 0.5261524822695035,
     "wasted-effort": 2256
    },
    "worst_case": {
     "top-1": 0.013405263157895064,
     "top-5": 0.06624210526315234,
     "top-10": 0.09602631578945552,
     "top-200": 0.21052631578947367,
     "exam": 0.5261524822695035,
     "wasted-effort": 2256
    }
   },
   "DStar": {
    "best_case": {
     "top-1": 0.2417,
     "top-5": 0.8965,
     "top-10": 1.0,
     "top-200": 1,
     "exam": 0.0017730496453900709,
     "wasted-effort": 8
    },
    "avg_case": {
     "top-1": 0.026336842105263797,
     "top-5": 0.13127368421051602,
     "top-10": 0.19111578947364766,
     "top-200": 0.42105263157894735,
     "exam": 0.5261524822695035,
     "wasted-effort": 2256
    },
    "worst_case": {
     "top-1": 0.013194736842105583,
     "top-5": 0.06641578947367913,
     "top-10": 0.09556842105261369,
     "top-200": 0.21052631578947367,
     "exam": 0.5261524822695035,
     "wasted-effort": 2256
    }
   },
   "Naish2": {
    "best_case": {
     "top-1": 0.2457,
     "top-5": 0.8936,
     "top-10": 1.0,
     "top-200": 1,
     "exam": 0.0017730496453900709,
     "wasted-effort": 8
    },
    "avg_case": {
     "top-1": 0.026031578947369054,
     "top-5": 0.13128421052630482,
     "top-10": 0.19079999999996453,
     "top-200": 0.42105263157894735,
     "exam": 0.5261524822695035,
     "wasted-effort": 2256
    },
    "worst_case": {
     "top-1": 0.01288947368421084,
     "top-5": 0.0659052631578895,
     "top-10": 0.09568421052629791,
     "top-200": 0.21052631578947367,
     "exam": 0.5261524822695035,
     "wasted-effort": 2256
    }
   },
   "GP13": {
    "best_case": {
     "top-1": 0.251,
     "top-5": 0.8898,
     "top-10": 1.0,
     "top-200": 1,
     "exam": 0.0017730496453900709,
     "wasted-effort": 8
    },
    "avg_case": {
     "top-1": 0.02640000000000064,
     "top-5": 0.1321368421052532,
     "top-10": 0.19127368421049018,
     "top-200": 0.42105263157894735,
     "exam": 0.5261524822695035,
     "wasted-effort": 2256
    },
    "worst_case": {
     "top-1": 0.013252631578947691,
     "top-5": 0.06601578947367914,
     "top-10": 0.09564210526313982,
     "top-200": 0.21052631578947367,
     "exam": 0.5261524822695035,
     "wasted-effort": 2256
    }
   }
  },
  "line_defuse": {
   "Tarantula": {
    "best_case": {
     "top-1": 0.2541,
     "top-5": 0.8984,
     "top-10": 0.9851,
     "top-200": 1,
     "exam": 0.0017730496453900709,
     "wasted-effort": 8
    },
    "avg_case": {
     "top-1": 0.025905263157895365,
     "top-5": 0.13170526315788467,
     "top-10": 0.1751263157894481,
     "top-200": 0.42105263157894735,
     "exam": 0.5261524822695035,
     "wasted-effort": 2256
    },
    "worst_case": {
     "top-1": 0.013152631578947688,
     "top-5": 0.0658263157894685,
     "top-10": 0.08767894736840869,
     "top-200": 0.21052631578947367,
     "exam": 0.5261524822695035,
     "wasted-effort": 2256
    }
   },
   "Ochiai": {
    "best_case": {
     "top-1": 0.2459,
     "top-5": 0.8972,
     "top-10": 1.0,
     "top-200": 1,
     "exam": 0.0017730496453900709,
     "wasted-effort": 8
    },
    "avg_case": {
     "top-1": 0.02607368421052695,
     "top-5": 0.13167368421051634,
     "top-10": 0.19098947368417474,
     "top-200": 0.42105263157894735,
     "exam": 0.5261524822695035,
     "wasted-effort": 2256
    },
    "worst_case": {
     "top-1": 0.01286842105263189,
     "top-5": 0.06661052631578396,
     "top-10": 0.09568421052629805,
     "top-200": 0.21052631578947367,
     "exam": 0.5261524822695035,
     "wasted-effort": 2256
    }
   },
   "DStar": {
    "best_case": {
     "top-1": 0.2479,
     "top-5": 0.8924,
     "top-10": 1.0,
     "top-200": 1,