{
 "thefuck_10": {
  "line": {
   "Tarantula": {
    "best_case": {
     "top-1": 0.2804,
     "top-5": 0.9541,
     "top-10": 0.9072,
     "top-200": 1,
     "exam": 0.0012834616795012834,
     "wasted-effort": 7
    },
    "avg_case": {
     "top-1": 0.1411,
     "top-5": 0.71795,
     "top-10": 0.6673,
     "top-200": 1.0,
     "exam": 0.0012834616795012834,
     "wasted-effort": 7
    },
    "worst_case": {
     "top-1": 0.072675,
     "top-5": 0.359675,
     "top-10": 0.3303,
     "top-200": 0.5,
     "exam": 0.5295196186285295,
     "wasted-effort": 2727
    }
   },
   "Ochiai": {
    "best_case": {
     "top-1": 0.2855,
     "top-5": 0.9522,
     "top-10": 0.9031,
     "top-200": 1,
     "exam": 0.0012834616795012834,
     "wasted-effort": 7
    },
    "avg_case": {
     "top-1": 0.13995,
     "top-5": 0.70845,
     "top-10": 0.66395,
     "top-200": 1.0,
     "exam": 0.0012834616795012834,
     "wasted-effort": 7
    },
    "worst_case": {
     "top-1": 0.0714,
     "top-5": 0.35655,
     "top-10": 0.334025,
     "top-200": 0.5,
     "exam": 0.5295196186285295,
     "wasted-effort": 2727
    }
   },
   "DStar": {
    "best_case": {
     "top-1": 0,
     "top-5": 0.0,
     "top-10": 0.0,
     "top-200": 1,
     "exam": 0.05463879721305464,
     "wasted-effort": 161
    },
    "avg_case": {
     "top-1": 0.0,
     "top-5": 0.0,
     "top-10": 0.0,
     "top-200": 1.0,
     "exam": 0.05463879721305464,
     "wasted-effort": 161
    },
    "worst_case": {
     "top-1": 0.0,
     "top-5": 0.0,
     "top-10": 0.0,
     "top-200": 0.5,
     "exam": 0.5295196186285295,
     "wasted-effort": 2727
    }
   },
   "Naish1": {
    "best_case": {
     "top-1": 0.2841,
     "top-5": 0.955,
     "top-10": 0.9084,
     "top-200": 1,
     "exam": 0.0012834616795012834,
     "wasted-effort": 7
    },
    "avg_case": {
     "top-1": 0.14455,
     "top-5": 0.7112,
     "top-10": 0.66295,
     "top-200": 1.0,
     "exam": 0.0012834616795012834,
     "wasted-effort": 7
    },
    "worst_case": {
     "top-1": 0.0723,
     "top-5": 0.355825,
     "top-10": 0.334225,
     "top-200": 0.5,
     "exam": 0.5295196186285295,
     "wasted-effort": 2727
    }
   },
   "Naish2": {
    "best_case": {
     "top-1": 0.2831,
     "top-5": 0.9536,
     "top-10": 0.9058,
     "top-200": 1,
     "exam": 0.0012834616795012834,
     "wasted-effort": 7
    },
    "avg_case": {
     "top-1": 0.14255,
     "top-5": 0.7097,
     "top-10": 0.66615,
     "top-200": 1.0,
     "exam": 0.0012834616795012834,
     "wasted-effort": 7
    },
    "worst_case": {
     "top-1": 0.0707,
     "top-5": 0.35715,
     "top-10": 0.335,
     "top-200": 0.5,
     "exam": 0.5295196186285295,
     "wasted-effort": 2727
    }
   },
   "GP13": {
    "best_case": {
     "top-1": 0.2805,
     "top-5": 0.9539,
     "top-10": 0.9036,
     "top-200": 1,
     "exam": 0.0012834616795012834,
     "wasted-effort": 7
    },
    "avg_case": {
     "top-1": 0.13985,
     "top-5": 0.71465,
     "top-10": 0.6668,
     "top-200": 1.0,
     "exam": 0.0012834616795012834,
     "wasted-effort": 7
    },
    "worst_case": {
     "top-1": 0.071075,
     "top-5": 0.3577,
     "top-10": 0.331525,
     "top-200": 0.5,
     "exam": 0.5295196186285295,
     "wasted-effort": 2727
    }
   }
  },
  "line_line": {
   "Tarantula": {
    "best_case": {
     "top-1": 0.2858,
     "top-5": 0.9521,
     "top-10": 0.9097,
     "top-200": 1,
     "exam": 0.0012834616795012834,
     "wasted-effort": 7
    },
    "avg_case": {
     "top-1": 0.14125,
     "top-5": 0.7117,
     "top-10": 0.6694,
     "top-200": 1.0,
     "exam": 0.0012834616795012834,
     "wasted-effort": 7
    },
    "worst_case": {
     "top-1": 0.0717,
     "top-5": 0.35825,
     "top-10": 0.332775,
     "top-200": 0.5,
     "exam": 0.5295196186285295,
     "wasted-effort": 2727
    }
   },
   "Ochiai": {
    "best_case": {
     "top-1": 0.2839,
     "top-5": 0.9529,
     "top-10": 0.9086,
     "top-200": 1,
     "exam": 0.0012834616795012834,
     "wasted-effort": 7
    },
    "avg_case": {
     "top-1": 0.1423,
     "top-5": 0.7162,
     "top-10": 0.666,
     "top-200": 1.0,
     "exam": 0.0012834616795012834,
     "wasted-effort": 7
    },
    "worst_case": {
     "top-1": 0.070725,
     "top-5": 0.35685,
     "top-10": 0.332375,
     "top-200": 0.5,
     "exam": 0.5295196186285295,
     "wasted-effort": 2727
    }
   },
   "DStar": {
    "best_case": {
     "top-1": 0,
     "top-5": 0.0,
     "top-10": 0.0,
     "top-200": 1,
     "exam": 0.05463879721305464,
     "wasted-effort": 161
    },
    "avg_case": {
     "top-1": 0.0,
     "top-5": 0.0,
     "top-10": 0.0,
     "top-200": 1.0,
     "exam": 0.05463879721305464,
     "wasted-effort": 161
    },
    "worst_case": {
     "top-1": 0.0,
     "top-5": 0.0,
     "top-10": 0.0,
     "top-200": 0.5,
     "exam": 0.5295196186285295,
     "wasted-effort": 2727
    }
   },
   "Naish1": {
    "best_case": {
     "top-1": 0.2794,
     "top-5": 0.9548,
     "top-10": 0.9089,
     "top-200": 1,
     "exam": 0.0012834616795012834,
     "wasted-effort": 7
    },
    "avg_case": {
     "top-1": 0.1407,
     "top-5": 0.7159,
     "top-10": 0.66585,
     "top-200": 1.0,
     "exam": 0.0012834616795012834,
     "wasted-effort": 7
    },
    "worst_case": {
     "top-1": 0.07295,
     "top-5": 0.358675,
     "top-10": 0.33125,
     "top-200": 0.5,
     "exam": 0.5295196186285295,
     "wasted-effort": 2727
    }
   },
   "Naish2": {
    "best_case": {
     "top-1": 0.2836,
     "top-5": 0.9519,
     "top-10": 0.9046,
     "top-200": 1,
     "exam": 0.0012834616795012834,
     "wasted-effort": 7
    },
    "avg_case": {
     "top-1": 0.1447,
     "top-5": 0.71115,
     "top-10": 0.66795,
     "top-200": 1.0,
     "exam": 0.0012834616795012834,
     "wasted-effort": 7
    },
    "worst_case": {
     "top-1": 0.07245,
     "top-5": 0.357525,
     "top-10": 0.333375,
     "top-200": 0.5,
     "exam": 0.5295196186285295,
     "wasted-effort": 2727
    }
   },
   "GP13": {
    "best_case": {
     "top-1": 0.2841,
     "top-5": 0.9524,
     "top-10": 0.9053,
     "top-200": 1,
     "exam": 0.0012834616795012834,
     "wasted-effort": 7
    },
    "avg_case": {
     "top-1": 0.13725,
     "top-5": 0.7132,
     "top-10": 0.67095,
     "top-200": 1.0,
     "exam": 0.0012834616795012834,
     "wasted-effort": 7
    },
    "worst_case": {
     "top-1": 0.07155,
     "top-5": 0.356625,
     "top-10": 0.332925,
     "top-200": 0.5,
     "exam": 0.5295196186285295,
     "wasted-effort": 2727
    }
   }
  },
  "line_defuse": {
   "Tarantula": {
    "best_case": {
     "top-1": 0.2794,
     "top-5": 0.9508,
     "top-10": 0.8997,
     "top-200": 1,
     "exam": 0.0012834616795012834,
     "wasted-effort": 7
    },
    "avg_case": {
     "top-1": 0.1463,
     "top-5": 0.71705,
     "top-10": 0.6701,
     "top-200": 1.0,
     "exam": 0.0012834616795012834,
     "wasted-effort": 7
    },
    "worst_case": {
     "top-1": 0.07195,
     "top-5": 0.3592,
     "top-10": 0.33145,
     "top-200": 0.5,
     "exam": 0.5295196186285295,
     "wasted-effort": 2727
    }
   },
   "Ochiai": {
    "best_case": {
     "top-1": 0.2877,
     "top-5": 0.9493,
     "top-10": 0.9098,
     "top-200": 1,
     "exam": 0.0012834616795012834,
     "wasted-effort": 7
    },
    "avg_case": {
     "top-1": 0.144,
     "top-5": 0.718,
     "top-10": 0.6685,
     "top-200": 1.0,
     "exam": 0.0012834616795012834,
     "wasted-effort": 7
    },
    "worst_case": {
     "top-1": 0.072125,
     "top-5": 0.3571,
     "top-10": 0.33485,
     "top-200": 0.5,
     "exam": 0.5295196186285295,
     "wasted-effort": 2727
    }
   },
   "DStar": {
    "best_case": {
     "top-1": 0,
     "top-5": 0.0,
     "top-10": 0.0,
     "top-200": 1,
     "exam": 0.05463879721305464,
     "wasted-effort": 161
    },
    "avg_case": {
     "top-1": 0.0,
     "top-5": 0.0,
     "top-10": 0.0,
     "top-200": 1.0,
     "exam": 0.05463879721305464,
     "wasted-effort": 161
    },