{
 "thefuck_27": {
  "line": {
   "Tarantula": {
    "best_case": {
     "top-1": 1,
     "top-5": 0.1123,
     "top-10": 0.2193,
     "top-200": 1,
     "exam": 0.0005865102639296188,
     "wasted-effort": 1
    },
    "avg_case": {
     "top-1": 1,
     "top-5": 0.1126,
     "top-10": 0.2195,
     "top-200": 1,
     "exam": 0.0005865102639296188,
     "wasted-effort": 1
    },
    "worst_case": {
     "top-1": 1.0,
     "top-5": 0.112,
     "top-10": 0.2256,
     "top-200": 1.0,
     "exam": 0.0005865102639296188,
     "wasted-effort": 1
    }
   },
   "Ochiai": {
    "best_case": {
     "top-1": 1,
     "top-5": 0.1074,
     "top-10": 0.2339,
     "top-200": 1,
     "exam": 0.0005865102639296188,
     "wasted-effort": 1
    },
    "avg_case": {
     "top-1": 1,
     "top-5": 0.1114,
     "top-10": 0.2211,
     "top-200": 1,
     "exam": 0.0005865102639296188,
     "wasted-effort": 1
    },
    "worst_case": {
     "top-1": 1.0,
     "top-5": 0.1107,
     "top-10": 0.2231,
     "top-200": 1.0,
     "exam": 0.0005865102639296188,
     "wasted-effort": 1
    }
   },
   "DStar": {
    "best_case": {
     "top-1": 0.0,
     "top-5": 0.0,
     "top-10": 0.0,
     "top-200": 1,
     "exam": 0.026392961876832845,
     "wasted-effort": 46
    },
    "avg_case": {
     "top-1": 0.0,
     "top-5": 0.0,
     "top-10": 0.0,
     "top-200": 1,
     "exam": 0.026392961876832845,
     "wasted-effort": 46
    },
    "worst_case": {
     "top-1": 0.0,
     "top-5": 0.0,
     "top-10": 0.0,
     "top-200": 1.0,
     "exam": 0.026392961876832845,
     "wasted-effort": 46
    }
   },
   "Naish2": {
    "best_case": {
     "top-1": 1,
     "top-5": 0.1086,
     "top-10": 0.2245,
     "top-200": 1,
     "exam": 0.0005865102639296188,
     "wasted-effort": 1
    },
    "avg_case": {
     "top-1": 1,
     "top-5": 0.111,
     "top-10": 0.2182,
     "top-200": 1,
     "exam": 0.0005865102639296188,
     "wasted-effort": 1
    },
    "worst_case": {
     "top-1": 1.0,
     "top-5": 0.1129,
     "top-10": 0.2194,
     "top-200": 1.0,
     "exam": 0.0005865102639296188,
     "wasted-effort": 1
    }
   },
   "GP13": {
    "best_case": {
     "top-1": 1,
     "top-5": 0.1086,
     "top-10": 0.2168,
     "top-200": 1,
     "exam": 0.0005865102639296188,
     "wasted-effort": 1
    },
    "avg_case": {
     "top-1": 1,
     "top-5": 0.1066,
     "top-10": 0.2179,
     "top-200": 1,
     "exam": 0.0005865102639296188,
     "wasted-effort": 1
    },
    "worst_case": {
     "top-1": 1.0,
     "top-5": 0.1145,
     "top-10": 0.226,
     "top-200": 1.0,
     "exam": 0.0005865102639296188,
     "wasted-effort": 1
    }
   }
  },
  "line_line": {
   "Tarantula": {
    "best_case": {
     "top-1": 1,
     "top-5": 0.113,
     "top-10": 0.2201,
     "top-200": 1,
     "exam": 0.0005865102639296188,
     "wasted-effort": 1
    },
    "avg_case": {
     "top-1": 1,
     "top-5": 0.1131,
     "top-10": 0.2219,
     "top-200": 1,
     "exam": 0.0005865102639296188,
     "wasted-effort": 1
    },
    "worst_case": {
     "top-1": 1.0,
     "top-5": 0.1074,
     "top-10": 0.2218,
     "top-200": 1.0,
     "exam": 0.0005865102639296188,
     "wasted-effort": 1
    }
   },
   "Ochiai": {
    "best_case": {
     "top-1": 1,
     "top-5": 0.1111,
     "top-10": 0.2201,
     "top-200": 1,
     "exam": 0.0005865102639296188,
     "wasted-effort": 1
    },
    "avg_case": {
     "top-1": 1,
     "top-5": 0.1129,
     "top-10": 0.2156,
     "top-200": 1,
     "exam": 0.0005865102639296188,
     "wasted-effort": 1
    },
    "worst_case": {
     "top-1": 1.0,
     "top-5": 0.1106,
     "top-10": 0.229,
     "top-200": 1.0,
     "exam": 0.0005865102639296188,
     "wasted-effort": 1
    }
   },
   "DStar": {
    "best_case": {
     "top-1": 0.0,
     "top-5": 0.0,
     "top-10": 0.0,
     "top-200": 1,
     "exam": 0.026392961876832845,
     "wasted-effort": 46
    },
    "avg_case": {
     "top-1": 0.0,
     "top-5": 0.0,
     "top-10": 0.0,
     "top-200": 1,
     "exam": 0.026392961876832845,
     "wasted-effort": 46
    },
    "worst_case": {
     "top-1": 0.0,
     "top-5": 0.0,
     "top-10": 0.0,
     "top-200": 1.0,
     "exam": 0.026392961876832845,
     "wasted-effort": 46
    }
   },
   "Naish2": {
    "best_case": {
     "top-1": 1,
     "top-5": 0.1111,
     "top-10": 0.224,
     "top-200": 1,
     "exam": 0.0005865102639296188,
     "wasted-effort": 1
    },
    "avg_case": {
     "top-1": 1,
     "top-5": 0.1078,
     "top-10": 0.2253,
     "top-200": 1,
     "exam": 0.0005865102639296188,
     "wasted-effort": 1
    },
    "worst_case": {
     "top-1": 1.0,
     "top-5": 0.1107,
     "top-10": 0.2221,
     "top-200": 1.0,
     "exam": 0.0005865102639296188,
     "wasted-effort": 1
    }
   },
   "GP13": {
    "best_case": {
     "top-1": 1,
     "top-5": 0.1031,
     "top-10": 0.2246,
     "top-200": 1,
     "exam": 0.0005865102639296188,
     "wasted-effort": 1
    },
    "avg_case": {
     "top-1": 1,
     "top-5": 0.112,
     "top-10": 0.2237,
     "top-200": 1,
     "exam": 0.0005865102639296188,
     "wasted-effort": 1
    },
    "worst_case": {
     "top-1": 1.0,
     "top-5": 0.1115,
     "top-10": 0.2199,
     "top-200": 1.0,
     "exam": 0.0005865102639296188,
     "wasted-effort": 1
    }
   }
  },
  "line_defuse": {
   "Tarantula": {
    "best_case": {
     "top-1": 1,
     "top-5": 0.1113,
     "top-10": 0.2196,
     "top-200": 1,
     "exam": 0.0005865102639296188,
     "wasted-effort": 1
    },
    "avg_case": {
     "top-1": 1,
     "top-5": 0.1048,
     "top-10": 0.2174,
     "top-200": 1,
     "exam": 0.0005865102639296188,
     "wasted-effort": 1
    },
    "worst_case": {
     "top-1": 1.0,
     "top-5": 0.1093,
     "top-10": 0.2242,
     "top-200": 1.0,
     "exam": 0.0005865102639296188,
     "wasted-effort": 1
    }
   },
   "Ochiai": {
    "best_case": {
     "top-1": 1,
     "top-5": 0.1083,
     "top-10": 0.2169,
     "top-200": 1,
     "exam": 0.0005865102639296188,
     "wasted-effort": 1
    },
    "avg_case": {
     "top-1": 1,
     "top-5": 0.1163,
     "top-10": 0.2279,
     "top-200": 1,
     "exam": 0.0005865102639296188,
     "wasted-effort": 1
    },
    "worst_case": {
     "top-1": 1.0,
     "top-5": 0.1118,
     "top-10": 0.2261,
     "top-200": 1.0,
     "exam": 0.0005865102639296188,
     "wasted-effort": 1
    }
   },
   "DStar": {
    "best_case": {
     "top-1": 0.0,
     "top-5": 0.0,
     "top-10": 0.0,
     "top-200": 1,
     "exam": 0.026392961876832845,
     "wasted-effort": 46
    },
    "avg_case": {
     "top-1": 0.0,
     "top-5": 0.0,
     "top-10": 0.0,
     "top-200": 1,
     "exam": 0.026392961876832845,
     "wasted-effort": 46
    },
    "worst_case": {
     "top-1": 0.0,
     "top-5": 0.0,
     "top-10": 0.0,
     "top-200": 1.0,
     "exam": 0.026392961876832845,
     "wasted-effort": 46
    }
   },
   "Naish2": {
    "best_case": {
     "top-1": 1,
     "top-5": 0.1119,
     "top-10": 0.2219,
     "top-200": 1,
     "exam": 0.0005865102639296188,
     "wasted-effort": 1
    },
    "avg_case": {
     "top-1": 1,
     "top-5": 0.1096,
     "top-10": 0.2223,
     "top-200": 1,
     "exam": 0.0005865102639296188,
     "wasted-effort": 1
    },
    "worst_case": {
     "top-1": 1.0,
     "top-5": 0.1116,
     "top-10": 0.2203,
     "top-200": 1.0,
     "exam": 0.0005865102639296188,
     "wasted-effort": 1
    }
   },
   "GP13": {
    "best_case": {
     "top-1": 1,
     "top-5": 0.1095,
     "top-10": 0.2155,
     "top-200": 1,
     "exam": 0.0005865102639296188,
     "wasted-effort": 1
    },
    "avg_case": {
     "top-1": 1,
     "top-5": 0.1107,
     "top-10": 0.2266,
     "top-200": 1,
     "exam": 0.0005865102639296188,
     "wasted-effort": 1
    },
    "worst_case": {
     "top-1": 1.0,
     "top-5": 0.1105,
     "top-10": 0.2249,
     "top-200": 1.0,
     "exam": 0.0005865102639296188,
     "wasted-effort": 1
    }
   }
  },
  "line_defuses": {
   "Tarantula": {
    "best_case": {
     "top-1": 1,
     "top-5": 0.1085,