{
 "thefuck_20": {
  "line": {
   "Tarantula": {
    "best_case": {
     "top-1": 0.4918,
     "top-5": 0.1707,
     "top-10": 0.3162,
     "top-200": 1,
     "exam": 0.0004916420845624386,
     "wasted-effort": 2
    },
    "avg_case": {
     "top-1": 0.3351999999999796,
     "top-5": 0.11406666666666575,
     "top-10": 0.22950000000000317,
     "top-200": 1,
     "exam": 0.0004916420845624386,
     "wasted-effort": 2
    },
    "worst_case": {
     "top-1": 0.16696666666665663,
     "top-5": 0.06033333333333314,
     "top-10": 0.11576666666666806,
     "top-200": 1.0,
     "exam": 0.021386430678466076,
     "wasted-effort": 84
    }
   },
   "Ochiai": {
    "best_case": {
     "top-1": 0.5022,
     "top-5": 0.1732,
     "top-10": 0.3228,
     "top-200": 1,
     "exam": 0.0004916420845624386,
     "wasted-effort": 2
    },
    "avg_case": {
     "top-1": 0.3290666666666477,
     "top-5": 0.11546666666666582,
     "top-10": 0.2314666666666693,
     "top-200": 1,
     "exam": 0.0004916420845624386,
     "wasted-effort": 2
    },
    "worst_case": {
     "top-1": 0.16443333333332386,
     "top-5": 0.05836666666666629,
     "top-10": 0.11776666666666753,
     "top-200": 1.0,
     "exam": 0.021386430678466076,
     "wasted-effort": 84
    }
   },
   "DStar": {
    "best_case": {
     "top-1": 0,
     "top-5": 0.1136,
     "top-10": 0.2306,
     "top-200": 1,
     "exam": 0.020403146509341198,
     "wasted-effort": 82
    },
    "avg_case": {
     "top-1": 0.0,
     "top-5": 0.07873333333333238,
     "top-10": 0.1635000000000044,
     "top-200": 1,
     "exam": 0.020403146509341198,
     "wasted-effort": 82
    },
    "worst_case": {
     "top-1": 0.0,
     "top-5": 0.0404999999999995,
     "top-10": 0.08113333333333517,
     "top-200": 1.0,
     "exam": 0.04424778761061947,
     "wasted-effort": 98
    }
   },
   "Naish2": {
    "best_case": {
     "top-1": 0.5044,
     "top-5": 0.1679,
     "top-10": 0.3209,
     "top-200": 1,
     "exam": 0.0004916420845624386,
     "wasted-effort": 2
    },
    "avg_case": {
     "top-1": 0.33046666666664737,
     "top-5": 0.11546666666666586,
     "top-10": 0.23390000000000213,
     "top-200": 1,
     "exam": 0.0004916420845624386,
     "wasted-effort": 2
    },
    "worst_case": {
     "top-1": 0.16403333333332396,
     "top-5": 0.05816666666666633,
     "top-10": 0.11746666666666751,
     "top-200": 1.0,
     "exam": 0.021386430678466076,
     "wasted-effort": 84
    }
   },
   "GP13": {
    "best_case": {
     "top-1": 0.5026,
     "top-5": 0.1705,
     "top-10": 0.3171,
     "top-200": 1,
     "exam": 0.0004916420845624386,
     "wasted-effort": 2
    },
    "avg_case": {
     "top-1": 0.3359999999999794,
     "top-5": 0.1175999999999995,
     "top-10": 0.2265666666666707,
     "top-200": 1,
     "exam": 0.0004916420845624386,
     "wasted-effort": 2
    },
    "worst_case": {
     "top-1": 0.1665666666666567,
     "top-5": 0.05719999999999961,
     "top-10": 0.11713333333333403,
     "top-200": 1.0,
     "exam": 0.021386430678466076,
     "wasted-effort": 84
    }
   }
  },
  "line_line": {
   "Tarantula": {
    "best_case": {
     "top-1": 0.4976,
     "top-5": 0.4336,
     "top-10": 0.7395,
     "top-200": 1,
     "exam": 0.0004916420845624386,
     "wasted-effort": 2
    },
    "avg_case": {
     "top-1": 0.3302666666666474,
     "top-5": 0.3033999999999893,
     "top-10": 0.5625666666666874,
     "top-200": 1,
     "exam": 0.0004916420845624386,
     "wasted-effort": 2
    },
    "worst_case": {
     "top-1": 0.16893333333332283,
     "top-5": 0.16016666666666,
     "top-10": 0.31693333333334506,
     "top-200": 1.0,
     "exam": 0.03023598820058997,
     "wasted-effort": 72
    }
   },
   "Ochiai": {
    "best_case": {
     "top-1": 0.4917,
     "top-5": 0.4292,
     "top-10": 0.7358,
     "top-200": 1,
     "exam": 0.0004916420845624386,
     "wasted-effort": 2
    },
    "avg_case": {
     "top-1": 0.33499999999997965,
     "top-5": 0.3046666666666553,
     "top-10": 0.5638333333333545,
     "top-200": 1,
     "exam": 0.0004916420845624386,
     "wasted-effort": 2
    },
    "worst_case": {
     "top-1": 0.1665666666666567,
     "top-5": 0.15883333333332778,
     "top-10": 0.3174000000000101,
     "top-200": 1.0,
     "exam": 0.03023598820058997,
     "wasted-effort": 72
    }
   },
   "DStar": {
    "best_case": {
     "top-1": 0,
     "top-5": 0.2584,
     "top-10": 0.5229,
     "top-200": 1,
     "exam": 0.004916420845624385,
     "wasted-effort": 19
    },
    "avg_case": {
     "top-1": 0.0,
     "top-5": 0.1760666666666727,
     "top-10": 0.3495333333333097,
     "top-200": 1,
     "exam": 0.004916420845624385,
     "wasted-effort": 19
    },
    "worst_case": {
     "top-1": 0.0,
     "top-5": 0.0858333333333361,
     "top-10": 0.17423333333332164,
     "top-200": 1.0,
     "exam": 0.04424778761061947,
     "wasted-effort": 98
    }
   },
   "Naish2": {
    "best_case": {
     "top-1": 0.4887,
     "top-5": 0.4282,
     "top-10": 0.7451,
     "top-200": 1,
     "exam": 0.0004916420845624386,
     "wasted-effort": 2
    },
    "avg_case": {
     "top-1": 0.336466666666646,
     "top-5": 0.3063666666666551,
     "top-10": 0.5621333333333544,
     "top-200": 1,
     "exam": 0.0004916420845624386,
     "wasted-effort": 2
    },
    "worst_case": {
     "top-1": 0.16406666666665728,
     "top-5": 0.15836666666666122,
     "top-10": 0.31880000000001113,
     "top-200": 1.0,
     "exam": 0.03023598820058997,
     "wasted-effort": 72
    }
   },
   "GP13": {
    "best_case": {
     "top-1": 0.5033,
     "top-5": 0.4289,
     "top-10": 0.7351,
     "top-200": 1,
     "exam": 0.0004916420845624386,
     "wasted-effort": 2
    },
    "avg_case": {
     "top-1": 0.3321333333333137,
     "top-5": 0.3024999999999897,
     "top-10": 0.5660333333333547,
     "top-200": 1,
     "exam": 0.0004916420845624386,
     "wasted-effort": 2
    },
    "worst_case": {
     "top-1": 0.16816666666665636,
     "top-5": 0.15989999999999446,
     "top-10": 0.319933333333345,
     "top-200": 1.0,
     "exam": 0.03023598820058997,
     "wasted-effort": 72
    }
   }
  },
  "line_defuse": {
   "Tarantula": {
    "best_case": {
     "top-1": 0.5033,
     "top-5": 0.4294,
     "top-10": 0.7338,
     "top-200": 1,
     "exam": 0.0004916420845624386,
     "wasted-effort": 2
    },
    "avg_case": {
     "top-1": 0.336466666666646,
     "top-5": 0.30046666666665606,
     "top-10": 0.568766666666689,
     "top-200": 1,
     "exam": 0.0004916420845624386,
     "wasted-effort": 2
    },
    "worst_case": {
     "top-1": 0.16689999999998997,
     "top-5": 0.15803333333332792,
     "top-10": 0.3167000000000115,
     "top-200": 1.0,
     "exam": 0.03023598820058997,
     "wasted-effort": 72
    }
   },
   "Ochiai": {
    "best_case": {
     "top-1": 0.5015,
     "top-5": 0.4204,
     "top-10": 0.7355,
     "top-200": 1,
     "exam": 0.0004916420845624386,
     "wasted-effort": 2
    },
    "avg_case": {
     "top-1": 0.33786666666664567,
     "top-5": 0.3044999999999889,
     "top-10": 0.5624000000000204,
     "top-200": 1,
     "exam": 0.0004916420845624386,
     "wasted-effort": 2
    },
    "worst_case": {
     "top-1": 0.16779999999998976,
     "top-5": 0.1618666666666603,
     "top-10": 0.31676666666667713,
     "top-200": 1.0,
     "exam": 0.03023598820058997,
     "wasted-effort": 72
    }
   },
   "DStar": {
    "best_case": {
     "top-1": 0,
     "top-5": 0.2671,
     "top-10": 0.5173,
     "top-200": 1,
     "exam": 0.004916420845624385,
     "wasted-effort": 19
    },
    "avg_case": {
     "top-1": 0.0,
     "top-5": 0.17226666666667226,
     "top-10": 0.3470666666666436,
     "top-200": 1,
     "exam": 0.004916420845624385,
     "wasted-effort": 19
    },
    "worst_case": {
     "top-1": 0.0,
     "top-5": 0.0888000000000031,
     "top-10": 0.1749666666666548,
     "top-200": 1.0,
     "exam": 0.04424778761061947,
     "wasted-effort": 98
    }
   },
   "Naish2": {
    "best_case": {
     "top-1": 0.5062,
     "top-5": 0.4211,