{
 "thefuck_21": {
  "line": {
   "Tarantula": {
    "best_case": {
     "top-5": 0.051,
     "top-10": 0.145,
     "top-200": 1,
     "exam": 0.00101010101010101,
     "wasted-effort": 2
    },
    "avg_case": {
     "top-5": 0.062,
     "top-10": 0.134,
     "top-200": 1.0,
     "exam": 0.00101010101010101,
     "wasted-effort": 2
    },
    "worst_case": {
     "top-5": 0.0265,
     "top-10": 0.061,
     "top-200": 0.5,
     "exam": 0.5247474747474747,
     "wasted-effort": 1980
    }
   },
   "Ochiai": {
    "best_case": {
     "top-5": 0.056,
     "top-10": 0.113,
     "top-200": 1,
     "exam": 0.00101010101010101,
     "wasted-effort": 2
    },
    "avg_case": {
     "top-5": 0.065,
     "top-10": 0.127,
     "top-200": 1.0,
     "exam": 0.00101010101010101,
     "wasted-effort": 2
    },
    "worst_case": {
     "top-5": 0.0365,
     "top-10": 0.0575,
     "top-200": 0.5,
     "exam": 0.5247474747474747,
     "wasted-effort": 1980
    }
   },
   "DStar": {
    "best_case": {
     "top-5": 0.041,
     "top-10": 0.104,
     "top-200": 1,
     "exam": 0.000505050505050505,
     "wasted-effort": 1
    },
    "avg_case": {
     "top-5": 0.061,
     "top-10": 0.121,
     "top-200": 1.0,
     "exam": 0.000505050505050505,
     "wasted-effort": 1
    },
    "worst_case": {
     "top-5": 0.0335,
     "top-10": 0.057,
     "top-200": 0.5,
     "exam": 0.5247474747474747,
     "wasted-effort": 1980
    }
   }
  },
  "line_line": {
   "Tarantula": {
    "best_case": {
     "top-5": 0.347,
     "top-10": 0.705,
     "top-200": 1,
     "exam": 0.000505050505050505,
     "wasted-effort": 1
    },
    "avg_case": {
     "top-5": 0.337,
     "top-10": 0.712,
     "top-200": 1.0,
     "exam": 0.000505050505050505,
     "wasted-effort": 1
    },
    "worst_case": {
     "top-5": 0.1725,
     "top-10": 0.356,
     "top-200": 0.5,
     "exam": 0.5247474747474747,
     "wasted-effort": 1980
    }
   },
   "Ochiai": {
    "best_case": {
     "top-5": 0.349,
     "top-10": 0.713,
     "top-200": 1,
     "exam": 0.000505050505050505,
     "wasted-effort": 1
    },
    "avg_case": {
     "top-5": 0.355,
     "top-10": 0.741,
     "top-200": 1.0,
     "exam": 0.000505050505050505,
     "wasted-effort": 1
    },
    "worst_case": {
     "top-5": 0.19,
     "top-10": 0.347,
     "top-200": 0.5,
     "exam": 0.5247474747474747,
     "wasted-effort": 1980
    }
   },
   "DStar": {
    "best_case": {
     "top-5": 0.368,
     "top-10": 0.693,
     "top-200": 1,
     "exam": 0.000505050505050505,
     "wasted-effort": 1
    },
    "avg_case": {
     "top-5": 0.349,
     "top-10": 0.705,
     "top-200": 1.0,
     "exam": 0.000505050505050505,
     "wasted-effort": 1
    },
    "worst_case": {
     "top-5": 0.182,
     "top-10": 0.3555,
     "top-200": 0.5,
     "exam": 0.5247474747474747,
     "wasted-effort": 1980
    }
   }
  },
  "line_defuse": {
   "Tarantula": {
    "best_case": {
     "top-5": 0.321,
     "top-10": 0.66,
     "top-200": 1,
     "exam": 0.000505050505050505,
     "wasted-effort": 1
    },
    "avg_case": {
     "top-5": 0.33,
     "top-10": 0.661,
     "top-200": 1.0,
     "exam": 0.000505050505050505,
     "wasted-effort": 1
    },
    "worst_case": {
     "top-5": 0.1585,
     "top-10": 0.3345,
     "top-200": 0.5,
     "exam": 0.5247474747474747,
     "wasted-effort": 1980
    }
   },
   "Ochiai": {
    "best_case": {
     "top-5": 0.326,
     "top-10": 0.664,
     "top-200": 1,
     "exam": 0.00101010101010101,
     "wasted-effort": 2
    },
    "avg_case": {
     "top-5": 0.36,
     "top-10": 0.645,
     "top-200": 1.0,
     "exam": 0.00101010101010101,
     "wasted-effort": 2
    },
    "worst_case": {
     "top-5": 0.169,
     "top-10": 0.338,
     "top-200": 0.5,
     "exam": 0.5247474747474747,
     "wasted-effort": 1980
    }
   },
   "DStar": {
    "best_case": {
     "top-5": 0.346,
     "top-10": 0.699,
     "top-200": 1,
     "exam": 0.000505050505050505,
     "wasted-effort": 1
    },
    "avg_case": {
     "top-5": 0.341,
     "top-10": 0.716,
     "top-200": 1.0,
     "exam": 0.000505050505050505,
     "wasted-effort": 1
    },
    "worst_case": {
     "top-5": 0.1875,
     "top-10": 0.3575,
     "top-200": 0.5,
     "exam": 0.5247474747474747,
     "wasted-effort": 1980
    }
   }
  },
  "line_defuses": {
   "Tarantula": {
    "best_case": {
     "top-5": 0.316,
     "top-10": 0.633,
     "top-200": 1,
     "exam": 0.000505050505050505,
     "wasted-effort": 1
    },
    "avg_case": {
     "top-5": 0.329,
     "top-10": 0.666,
     "top-200": 1.0,
     "exam": 0.000505050505050505,
     "wasted-effort": 1
    },
    "worst_case": {
     "top-5": 0.164,
     "top-10": 0.341,
     "top-200": 0.5,
     "exam": 0.5247474747474747,
     "wasted-effort": 1980
    }
   },
   "Ochiai": {
    "best_case": {
     "top-5": 0.327,
     "top-10": 0.629,
     "top-200": 1,
     "exam": 0.00101010101010101,
     "wasted-effort": 2
    },
    "avg_case": {
     "top-5": 0.329,
     "top-10": 0.659,
     "top-200": 1.0,
     "exam": 0.00101010101010101,
     "wasted-effort": 2
    },
    "worst_case": {
     "top-5": 0.1575,
     "top-10": 0.332,
     "top-200": 0.5,
     "exam": 0.5247474747474747,
     "wasted-effort": 1980
    }
   },
   "DStar": {
    "best_case": {
     "top-5": 0.344,
     "top-10": 0.716,
     "top-200": 1,
     "exam": 0.000505050505050505,
     "wasted-effort": 1
    },
    "avg_case": {
     "top-5": 0.349,
     "top-10": 0.691,
     "top-200": 1.0,
     "exam": 0.000505050505050505,
     "wasted-effort": 1
    },
    "worst_case": {
     "top-5": 0.181,
     "top-10": 0.353,
     "top-200": 0.5,
     "exam": 0.5247474747474747,
     "wasted-effort": 1980
    }
   }
  },
  "line_assert_use": {
   "Tarantula": {
    "best_case": {
     "top-5": 0.351,
     "top-10": 0.654,
     "top-200": 1,
     "exam": 0.00101010101010101,
     "wasted-effort": 2
    },
    "avg_case": {
     "top-5": 0.339,
     "top-10": 0.649,
     "top-200": 1.0,
     "exam": 0.00101010101010101,
     "wasted-effort": 2
    },
    "worst_case": {
     "top-5": 0.1735,
     "top-10": 0.332,
     "top-200": 0.5,
     "exam": 0.5247474747474747,
     "wasted-effort": 1980
    }
   },
   "Ochiai": {
    "best_case": {
     "top-5": 0.307,
     "top-10": 0.687,
     "top-200": 1,
     "exam": 0.00101010101010101,
     "wasted-effort": 2
    },
    "avg_case": {
     "top-5": 0.344,
     "top-10": 0.658,
     "top-200": 1.0,
     "exam": 0.00101010101010101,
     "wasted-effort": 2
    },
    "worst_case": {
     "top-5": 0.157,
     "top-10": 0.3365,
     "top-200": 0.5,
     "exam": 0.5247474747474747,
     "wasted-effort": 1980
    }
   },
   "DStar": {
    "best_case": {
     "top-5": 0.335,
     "top-10": 0.703,
     "top-200": 1,
     "exam": 0.000505050505050505,
     "wasted-effort": 1
    },
    "avg_case": {
     "top-5": 0.37,
     "top-10": 0.715,
     "top-200": 1.0,
     "exam": 0.000505050505050505,
     "wasted-effort": 1
    },
    "worst_case": {
     "top-5": 0.178,
     "top-10": 0.349,
     "top-200": 0.5,
     "exam": 0.5247474747474747,
     "wasted-effort": 1980
    }
   }
  },
  "line_assert_uses": {
   "Tarantula": {
    "best_case": {
     "top-5": 0.342,
     "top-10": 0.69,
     "top-200": 1,
     "exam": 0.00101010101010101,
     "wasted-effort": 2
    },
    "avg_case": {
     "top-5": 0.324,
     "top-10": 0.669,
     "top-200": 1.0,
     "exam": 0.00101010101010101,
     "wasted-effort": 2
    },
    "worst_case": {
     "top-5": 0.178,
     "top-10": 0.339,
     "top-200": 0.5,
     "exam": 0.5247474747474747,
     "wasted-effort": 1980
    }
   },
   "Ochiai": {
    "best_case": {
     "top-5": 0.34,
     "top-10": 0.674,
     "top-200": 1,
     "exam": 0.00101010101010101,
     "wasted-effort": 2
    },
    "avg_case": {
     "top-5": 0.313,
     "top-10": 0.658,
     "top-200": 1.0,
     "exam": 0.00101010101010101,
     "wasted-effort": 2
    },
    "worst_case": {
     "top-5": 0.1575,
     "top-10": 0.339,