{
 "thefuck_24": {
  "line": {
   "Tarantula": {
    "best_case": {
     "top-5": 0.238,
     "top-10": 0.439,
     "top-200": 1,
     "exam": 0.005939524838012959,
     "wasted-effort": 22
    },
    "avg_case": {
     "top-5": 0.0585,
     "top-10": 0.11825,
     "top-200": 1.0,
     "exam": 0.019438444924406047,
     "wasted-effort": 50
    },
    "worst_case": {
     "top-5": 0.028625,
     "top-10": 0.05975,
     "top-200": 0.5,
     "exam": 0.5134989200863931,
     "wasted-effort": 1852
    }
   },
   "Ochiai": {
    "best_case": {
     "top-5": 0.247,
     "top-10": 0.474,
     "top-200": 1,
     "exam": 0.005939524838012959,
     "wasted-effort": 22
    },
    "avg_case": {
     "top-5": 0.0555,
     "top-10": 0.11075,
     "top-200": 1.0,
     "exam": 0.019438444924406047,
     "wasted-effort": 50
    },
    "worst_case": {
     "top-5": 0.031,
     "top-10": 0.055625,
     "top-200": 0.5,
     "exam": 0.5134989200863931,
     "wasted-effort": 1852
    }
   },
   "DStar": {
    "best_case": {
     "top-5": 0.225,
     "top-10": 0.449,
     "top-200": 1,
     "exam": 0.005939524838012959,
     "wasted-effort": 22
    },
    "avg_case": {
     "top-5": 0.054,
     "top-10": 0.10975,
     "top-200": 1.0,
     "exam": 0.019438444924406047,
     "wasted-effort": 50
    },
    "worst_case": {
     "top-5": 0.02875,
     "top-10": 0.05975,
     "top-200": 0.5,
     "exam": 0.5134989200863931,
     "wasted-effort": 1852
    }
   }
  },
  "line_line": {
   "Tarantula": {
    "best_case": {
     "top-5": 0.0,
     "top-10": 0.0,
     "top-200": 1,
     "exam": 0.008909287257019439,
     "wasted-effort": 22
    },
    "avg_case": {
     "top-5": 0.0,
     "top-10": 0.0,
     "top-200": 1.0,
     "exam": 0.019438444924406047,
     "wasted-effort": 50
    },
    "worst_case": {
     "top-5": 0.0,
     "top-10": 0.0,
     "top-200": 0.5,
     "exam": 0.5134989200863931,
     "wasted-effort": 1852
    }
   },
   "Ochiai": {
    "best_case": {
     "top-5": 0.0,
     "top-10": 0.0,
     "top-200": 1,
     "exam": 0.008909287257019439,
     "wasted-effort": 22
    },
    "avg_case": {
     "top-5": 0.0,
     "top-10": 0.0,
     "top-200": 1.0,
     "exam": 0.019438444924406047,
     "wasted-effort": 50
    },
    "worst_case": {
     "top-5": 0.0,
     "top-10": 0.0,
     "top-200": 0.5,
     "exam": 0.5134989200863931,
     "wasted-effort": 1852
    }
   },
   "DStar": {
    "best_case": {
     "top-5": 0.0,
     "top-10": 0.0,
     "top-200": 1,
     "exam": 0.008909287257019439,
     "wasted-effort": 22
    },
    "avg_case": {
     "top-5": 0.0,
     "top-10": 0.0,
     "top-200": 1.0,
     "exam": 0.019438444924406047,
     "wasted-effort": 50
    },
    "worst_case": {
     "top-5": 0.0,
     "top-10": 0.0,
     "top-200": 0.5,
     "exam": 0.5134989200863931,
     "wasted-effort": 1852
    }
   }
  },
  "line_defuse": {
   "Tarantula": {
    "best_case": {
     "top-5": 0.0,
     "top-10": 0.0,
     "top-200": 1,
     "exam": 0.008909287257019439,
     "wasted-effort": 22
    },
    "avg_case": {
     "top-5": 0.0,
     "top-10": 0.0,
     "top-200": 1.0,
     "exam": 0.019438444924406047,
     "wasted-effort": 50
    },
    "worst_case": {
     "top-5": 0.0,
     "top-10": 0.0,
     "top-200": 0.5,
     "exam": 0.5134989200863931,
     "wasted-effort": 1852
    }
   },
   "Ochiai": {
    "best_case": {
     "top-5": 0.0,
     "top-10": 0.0,
     "top-200": 1,
     "exam": 0.008909287257019439,
     "wasted-effort": 22
    },
    "avg_case": {
     "top-5": 0.0,
     "top-10": 0.0,
     "top-200": 1.0,
     "exam": 0.019438444924406047,
     "wasted-effort": 50
    },
    "worst_case": {
     "top-5": 0.0,
     "top-10": 0.0,
     "top-200": 0.5,
     "exam": 0.5134989200863931,
     "wasted-effort": 1852
    }
   },
   "DStar": {
    "best_case": {
     "top-5": 0.0,
     "top-10": 0.0,
     "top-200": 1,
     "exam": 0.008909287257019439,
     "wasted-effort": 22
    },
    "avg_case": {
     "top-5": 0.0,
     "top-10": 0.0,
     "top-200": 1.0,
     "exam": 0.019438444924406047,
     "wasted-effort": 50
    },
    "worst_case": {
     "top-5": 0.0,
     "top-10": 0.0,
     "top-200": 0.5,
     "exam": 0.5134989200863931,
     "wasted-effort": 1852
    }
   }
  },
  "line_defuses": {
   "Tarantula": {
    "best_case": {
     "top-5": 0.0,
     "top-10": 0.0,
     "top-200": 1,
     "exam": 0.008909287257019439,
     "wasted-effort": 22
    },
    "avg_case": {
     "top-5": 0.0,
     "top-10": 0.0,
     "top-200": 1.0,
     "exam": 0.019438444924406047,
     "wasted-effort": 50
    },
    "worst_case": {
     "top-5": 0.0,
     "top-10": 0.0,
     "top-200": 0.5,
     "exam": 0.5134989200863931,
     "wasted-effort": 1852
    }
   },
   "Ochiai": {
    "best_case": {
     "top-5": 0.0,
     "top-10": 0.0,
     "top-200": 1,
     "exam": 0.008909287257019439,
     "wasted-effort": 22
    },
    "avg_case": {
     "top-5": 0.0,
     "top-10": 0.0,
     "top-200": 1.0,
     "exam": 0.019438444924406047,
     "wasted-effort": 50
    },
    "worst_case": {
     "top-5": 0.0,
     "top-10": 0.0,
     "top-200": 0.5,
     "exam": 0.5134989200863931,
     "wasted-effort": 1852
    }
   },
   "DStar": {
    "best_case": {
     "top-5": 0.0,
     "top-10": 0.0,
     "top-200": 1,
     "exam": 0.008909287257019439,
     "wasted-effort": 22
    },
    "avg_case": {
     "top-5": 0.0,
     "top-10": 0.0,
     "top-200": 1.0,
     "exam": 0.019438444924406047,
     "wasted-effort": 50
    },
    "worst_case": {
     "top-5": 0.0,
     "top-10": 0.0,
     "top-200": 0.5,
     "exam": 0.5134989200863931,
     "wasted-effort": 1852
    }
   }
  },
  "line_assert_use": {
   "Tarantula": {
    "best_case": {
     "top-5": 0.0,
     "top-10": 0.0,
     "top-200": 1,
     "exam": 0.008909287257019439,
     "wasted-effort": 22
    },
    "avg_case": {
     "top-5": 0.0,
     "top-10": 0.0,
     "top-200": 1.0,
     "exam": 0.019438444924406047,
     "wasted-effort": 50
    },
    "worst_case": {
     "top-5": 0.0,
     "top-10": 0.0,
     "top-200": 0.5,
     "exam": 0.5134989200863931,
     "wasted-effort": 1852
    }
   },
   "Ochiai": {
    "best_case": {
     "top-5": 0.0,
     "top-10": 0.0,
     "top-200": 1,
     "exam": 0.008909287257019439,
     "wasted-effort": 22
    },
    "avg_case": {
     "top-5": 0.0,
     "top-10": 0.0,
     "top-200": 1.0,
     "exam": 0.019438444924406047,
     "wasted-effort": 50
    },
    "worst_case": {
     "top-5": 0.0,
     "top-10": 0.0,
     "top-200": 0.5,
     "exam": 0.5134989200863931,
     "wasted-effort": 1852
    }
   },
   "DStar": {
    "best_case": {
     "top-5": 0.0,
     "top-10": 0.0,
     "top-200": 1,
     "exam": 0.008909287257019439,
     "wasted-effort": 22
    },
    "avg_case": {
     "top-5": 0.0,
     "top-10": 0.0,
     "top-200": 1.0,
     "exam": 0.019438444924406047,
     "wasted-effort": 50
    },
    "worst_case": {
     "top-5": 0.0,
     "top-10": 0.0,
     "top-200": 0.5,
     "exam": 0.5134989200863931,
     "wasted-effort": 1852
    }
   }
  },
  "line_assert_uses": {
   "Tarantula": {
    "best_case": {
     "top-5": 0.0,
     "top-10": 0.0,
     "top-200": 1,
     "exam": 0.008909287257019439,
     "wasted-effort": 22
    },
    "avg_case": {
     "top-5": 0.0,
     "top-10": 0.0,
     "top-200": 1.0,
     "exam": 0.019438444924406047,
     "wasted-effort": 50
    },
    "worst_case": {
     "top-5": 0.0,
     "top-10": 0.0,
     "top-200": 0.5,
     "exam": 0.5134989200863931,
     "wasted-effort": 1852
    }
   },
   "Ochiai": {
    "best_case": {
     "top-5": 0.0,
     "top-10": 0.0,
     "top-200": 1,
     "exam": 0.008909287257019439,
     "wasted-effort": 22
    },
    "avg_case": {
     "top-5": 0.0,
     "top-10": 0.0,
     "top-200": 1.0,
     "exam": 0.019438444924406047,
     "wasted-effort": 50
    },
    "worst_case": {
     "top-5": 0.0,
     "top-10": 0.0,
     "top-200": 0.5,
     "exam": 0.5134989200863931,
     "wasted-effort": 1852
    }
   },