{
 "thefuck_26": {
  "line": {
   "Tarantula": {
    "best_case": {
     "top-5": 1,
     "top-10": 0.3641,
     "top-200": 1,
     "exam": 0.0014518002322880372,
     "wasted-effort": 5
    },
    "avg_case": {
     "top-5": 1,
     "top-10": 0.3649,
     "top-200": 1,
     "exam": 0.0014518002322880372,
     "wasted-effort": 5
    },
    "worst_case": {
     "top-5": 1.0,
     "top-10": 0.19855,
     "top-200": 1.0,
     "exam": 0.0014518002322880372,
     "wasted-effort": 5
    }
   },
   "Ochiai": {
    "best_case": {
     "top-5": 1,
     "top-10": 0.3612,
     "top-200": 1,
     "exam": 0.0011614401858304297,
     "wasted-effort": 4
    },
    "avg_case": {
     "top-5": 1,
     "top-10": 0.3649,
     "top-200": 1,
     "exam": 0.0011614401858304297,
     "wasted-effort": 4
    },
    "worst_case": {
     "top-5": 1.0,
     "top-10": 0.1972,
     "top-200": 1.0,
     "exam": 0.0011614401858304297,
     "wasted-effort": 4
    }
   },
   "DStar": {
    "best_case": {
     "top-5": 0.0,
     "top-10": 0.0,
     "top-200": 1,
     "exam": 0.028164924506387922,
     "wasted-effort": 51
    },
    "avg_case": {
     "top-5": 0.0,
     "top-10": 0.0,
     "top-200": 1,
     "exam": 0.028164924506387922,
     "wasted-effort": 51
    },
    "worst_case": {
     "top-5": 0.0,
     "top-10": 0.0,
     "top-200": 1.0,
     "exam": 0.028164924506387922,
     "wasted-effort": 51
    }
   }
  },
  "line_line": {
   "Tarantula": {
    "best_case": {
     "top-5": 1,
     "top-10": 0.7398,
     "top-200": 1,
     "exam": 0.0014518002322880372,
     "wasted-effort": 5
    },
    "avg_case": {
     "top-5": 1,
     "top-10": 0.7343,
     "top-200": 1,
     "exam": 0.0014518002322880372,
     "wasted-effort": 5
    },
    "worst_case": {
     "top-5": 1.0,
     "top-10": 0.4785,
     "top-200": 1.0,
     "exam": 0.0014518002322880372,
     "wasted-effort": 5
    }
   },
   "Ochiai": {
    "best_case": {
     "top-5": 1,
     "top-10": 0.7349,
     "top-200": 1,
     "exam": 0.0011614401858304297,
     "wasted-effort": 4
    },
    "avg_case": {
     "top-5": 1,
     "top-10": 0.7425,
     "top-200": 1,
     "exam": 0.0011614401858304297,
     "wasted-effort": 4
    },
    "worst_case": {
     "top-5": 1.0,
     "top-10": 0.4709,
     "top-200": 1.0,
     "exam": 0.0011614401858304297,
     "wasted-effort": 4
    }
   },
   "DStar": {
    "best_case": {
     "top-5": 0.0,
     "top-10": 0.0,
     "top-200": 1,
     "exam": 0.028164924506387922,
     "wasted-effort": 51
    },
    "avg_case": {
     "top-5": 0.0,
     "top-10": 0.0,
     "top-200": 1,
     "exam": 0.028164924506387922,
     "wasted-effort": 51
    },
    "worst_case": {
     "top-5": 0.0,
     "top-10": 0.0,
     "top-200": 1.0,
     "exam": 0.028164924506387922,
     "wasted-effort": 51
    }
   }
  },
  "line_defuse": {
   "Tarantula": {
    "best_case": {
     "top-5": 1,
     "top-10": 0.7383,
     "top-200": 1,
     "exam": 0.0014518002322880372,
     "wasted-effort": 5
    },
    "avg_case": {
     "top-5": 1,
     "top-10": 0.7382,
     "top-200": 1,
     "exam": 0.0014518002322880372,
     "wasted-effort": 5
    },
    "worst_case": {
     "top-5": 1.0,
     "top-10": 0.47575,
     "top-200": 1.0,
     "exam": 0.0014518002322880372,
     "wasted-effort": 5
    }
   },
   "Ochiai": {
    "best_case": {
     "top-5": 1,
     "top-10": 0.737,
     "top-200": 1,
     "exam": 0.0011614401858304297,
     "wasted-effort": 4
    },
    "avg_case": {
     "top-5": 1,
     "top-10": 0.7317,
     "top-200": 1,
     "exam": 0.0011614401858304297,
     "wasted-effort": 4
    },
    "worst_case": {
     "top-5": 1.0,
     "top-10": 0.4746,
     "top-200": 1.0,
     "exam": 0.0011614401858304297,
     "wasted-effort": 4
    }
   },
   "DStar": {
    "best_case": {
     "top-5": 0.0,
     "top-10": 0.0,
     "top-200": 1,
     "exam": 0.028164924506387922,
     "wasted-effort": 51
    },
    "avg_case": {
     "top-5": 0.0,
     "top-10": 0.0,
     "top-200": 1,
     "exam": 0.028164924506387922,
     "wasted-effort": 51
    },
    "worst_case": {
     "top-5": 0.0,
     "top-10": 0.0,
     "top-200": 1.0,
     "exam": 0.028164924506387922,
     "wasted-effort": 51
    }
   }
  },
  "line_defuses": {
   "Tarantula": {
    "best_case": {
     "top-5": 1,
     "top-10": 0.7378,
     "top-200": 1,
     "exam": 0.0014518002322880372,
     "wasted-effort": 5
    },
    "avg_case": {
     "top-5": 1,
     "top-10": 0.7397,
     "top-200": 1,
     "exam": 0.0014518002322880372,
     "wasted-effort": 5
    },
    "worst_case": {
     "top-5": 1.0,
     "top-10": 0.4761,
     "top-200": 1.0,
     "exam": 0.0014518002322880372,
     "wasted-effort": 5
    }
   },
   "Ochiai": {
    "best_case": {
     "top-5": 1,
     "top-10": 0.7367,
     "top-200": 1,
     "exam": 0.0011614401858304297,
     "wasted-effort": 4
    },
    "avg_case": {
     "top-5": 1,
     "top-10": 0.7348,
     "top-200": 1,
     "exam": 0.0011614401858304297,
     "wasted-effort": 4
    },
    "worst_case": {
     "top-5": 1.0,
     "top-10": 0.47775,
     "top-200": 1.0,
     "exam": 0.0011614401858304297,
     "wasted-effort": 4
    }
   },
   "DStar": {
    "best_case": {
     "top-5": 0.0,
     "top-10": 0.0,
     "top-200": 1,
     "exam": 0.028164924506387922,
     "wasted-effort": 51
    },
    "avg_case": {
     "top-5": 0.0,
     "top-10": 0.0,
     "top-200": 1,
     "exam": 0.028164924506387922,
     "wasted-effort": 51
    },
    "worst_case": {
     "top-5": 0.0,
     "top-10": 0.0,
     "top-200": 1.0,
     "exam": 0.028164924506387922,
     "wasted-effort": 51
    }
   }
  },
  "line_assert_use": {
   "Tarantula": {
    "best_case": {
     "top-5": 1,
     "top-10": 0.7364,
     "top-200": 1,
     "exam": 0.0014518002322880372,
     "wasted-effort": 5
    },
    "avg_case": {
     "top-5": 1,
     "top-10": 0.7357,
     "top-200": 1,
     "exam": 0.0014518002322880372,
     "wasted-effort": 5
    },
    "worst_case": {
     "top-5": 1.0,
     "top-10": 0.48085,
     "top-200": 1.0,
     "exam": 0.0014518002322880372,
     "wasted-effort": 5
    }
   },
   "Ochiai": {
    "best_case": {
     "top-5": 1,
     "top-10": 0.7424,
     "top-200": 1,
     "exam": 0.0011614401858304297,
     "wasted-effort": 4
    },
    "avg_case": {
     "top-5": 1,
     "top-10": 0.734,
     "top-200": 1,
     "exam": 0.0011614401858304297,
     "wasted-effort": 4
    },
    "worst_case": {
     "top-5": 1.0,
     "top-10": 0.47405,
     "top-200": 1.0,
     "exam": 0.0011614401858304297,
     "wasted-effort": 4
    }
   },
   "DStar": {
    "best_case": {
     "top-5": 0.0,
     "top-10": 0.0,
     "top-200": 1,
     "exam": 0.028164924506387922,
     "wasted-effort": 51
    },
    "avg_case": {
     "top-5": 0.0,
     "top-10": 0.0,
     "top-200": 1,
     "exam": 0.028164924506387922,
     "wasted-effort": 51
    },
    "worst_case": {
     "top-5": 0.0,
     "top-10": 0.0,
     "top-200": 1.0,
     "exam": 0.028164924506387922,
     "wasted-effort": 51
    }
   }
  },
  "line_assert_uses": {
   "Tarantula": {
    "best_case": {
     "top-5": 1,
     "top-10": 0.7387,
     "top-200": 1,
     "exam": 0.0014518002322880372,
     "wasted-effort": 5
    },
    "avg_case": {
     "top-5": 1,
     "top-10": 0.7408,
     "top-200": 1,
     "exam": 0.0014518002322880372,
     "wasted-effort": 5
    },
    "worst_case": {
     "top-5": 1.0,
     "top-10": 0.47535,
     "top-200": 1.0,
     "exam": 0.0014518002322880372,
     "wasted-effort": 5
    }
   },
   "Ochiai": {
    "best_case": {
     "top-5": 1,
     "top-10": 0.7445,
     "top-200": 1,
     "exam": 0.0011614401858304297,
     "wasted-effort": 4
    },
    "avg_case": {
     "top-5": 1,
     "top-10": 0.7341,
     "top-200": 1,
     "exam": 0.0011614401858304297,
     "wasted-effort": 4
    },
    "worst_case": {
     "top-5": 1.0,
     "top-10": 0.47405,
     "top-200": 1.0,
     "exam": 0.0011614401858304297,
     "wasted-effort": 4
    }
   },