{
 "thefuck_23": {
  "line": {
   "Tarantula": {
    "best_case": {
     "top-1": 0.2243,
     "top-5": 0.8304,
     "top-10": 0.524,
     "top-200": 1,
     "exam": 0.0024064171122994654,
     "wasted-effort": 9
    },
    "avg_case": {
     "top-1": 0.14373333333333568,
     "top-5": 0.6471000000000404,
     "top-10": 0.38136666666664476,
     "top-200": 1,
     "exam": 0.0024064171122994654,
     "wasted-effort": 9
    },
    "worst_case": {
     "top-1": 0.07403333333333476,
     "top-5": 0.37440000000001367,
     "top-10": 0.21356666666666002,
     "top-200": 1.0,
     "exam": 0.014973262032085561,
     "wasted-effort": 47
    }
   },
   "Ochiai": {
    "best_case": {
     "top-1": 0,
     "top-5": 0.8302,
     "top-10": 0.5257,
     "top-200": 1,
     "exam": 0.00267379679144385,
     "wasted-effort": 9
    },
    "avg_case": {
     "top-1": 0.0,
     "top-5": 0.6462666666667057,
     "top-10": 0.37926666666664455,
     "top-200": 1,
     "exam": 0.00267379679144385,
     "wasted-effort": 9
    },
    "worst_case": {
     "top-1": 0.0,
     "top-5": 0.37023333333334935,
     "top-10": 0.2131333333333265,
     "top-200": 1.0,
     "exam": 0.014973262032085561,
     "wasted-effort": 47
    }
   },
   "DStar": {
    "best_case": {
     "top-1": 0.2552,
     "top-5": 0.8924,
     "top-10": 0.5297,
     "top-200": 1,
     "exam": 0.0021390374331550803,
     "wasted-effort": 8
    },
    "avg_case": {
     "top-1": 0.16793333333333843,
     "top-5": 0.7177333333333862,
     "top-10": 0.3911666666666436,
     "top-200": 1,
     "exam": 0.0021390374331550803,
     "wasted-effort": 8
    },
    "worst_case": {
     "top-1": 0.0828666666666691,
     "top-5": 0.41483333333334393,
     "top-10": 0.21759999999999433,
     "top-200": 1.0,
     "exam": 0.014438502673796792,
     "wasted-effort": 46
    }
   },
   "Naish2": {
    "best_case": {
     "top-1": 0,
     "top-5": 0.1257,
     "top-10": 0.2547,
     "top-200": 1,
     "exam": 0.0106951871657754,
     "wasted-effort": 39
    },
    "avg_case": {
     "top-1": 0.0,
     "top-5": 0.08466666666666535,
     "top-10": 0.17000000000000534,
     "top-200": 1,
     "exam": 0.0106951871657754,
     "wasted-effort": 39
    },
    "worst_case": {
     "top-1": 0.0,
     "top-5": 0.041699999999999376,
     "top-10": 0.08416666666666925,
     "top-200": 1.0,
     "exam": 0.022994652406417113,
     "wasted-effort": 47
    }
   },
   "GP13": {
    "best_case": {
     "top-1": 0,
     "top-5": 0.126,
     "top-10": 0.2652,
     "top-200": 1,
     "exam": 0.0106951871657754,
     "wasted-effort": 39
    },
    "avg_case": {
     "top-1": 0.0,
     "top-5": 0.08393333333333206,
     "top-10": 0.1716666666666722,
     "top-200": 1,
     "exam": 0.0106951871657754,
     "wasted-effort": 39
    },
    "worst_case": {
     "top-1": 0.0,
     "top-5": 0.043266666666665954,
     "top-10": 0.08456666666666929,
     "top-200": 1.0,
     "exam": 0.022994652406417113,
     "wasted-effort": 47
    }
   }
  },
  "line_line": {
   "Tarantula": {
    "best_case": {
     "top-1": 0.2484,
     "top-5": 0.8906,
     "top-10": 0.7682,
     "top-200": 1,
     "exam": 0.0021390374331550803,
     "wasted-effort": 8
    },
    "avg_case": {
     "top-1": 0.1644000000000047,
     "top-5": 0.7156666666667184,
     "top-10": 0.5870333333333613,
     "top-200": 1,
     "exam": 0.0021390374331550803,
     "wasted-effort": 8
    },
    "worst_case": {
     "top-1": 0.08423333333333592,
     "top-5": 0.41396666666667714,
     "top-10": 0.3286333333333452,
     "top-200": 1.0,
     "exam": 0.020588235294117647,
     "wasted-effort": 47
    }
   },
   "Ochiai": {
    "best_case": {
     "top-1": 0.255,
     "top-5": 0.8938,
     "top-10": 0.7599,
     "top-200": 1,
     "exam": 0.0021390374331550803,
     "wasted-effort": 8
    },
    "avg_case": {
     "top-1": 0.16113333333333768,
     "top-5": 0.7142666666667171,
     "top-10": 0.5801666666666898,
     "top-200": 1,
     "exam": 0.0021390374331550803,
     "wasted-effort": 8
    },
    "worst_case": {
     "top-1": 0.08523333333333603,
     "top-5": 0.4162333333333432,
     "top-10": 0.33476666666668026,
     "top-200": 1.0,
     "exam": 0.020588235294117647,
     "wasted-effort": 47
    }
   },
   "DStar": {
    "best_case": {
     "top-1": 0.2498,
     "top-5": 0.8932,
     "top-10": 0.7936,
     "top-200": 1,
     "exam": 0.0021390374331550803,
     "wasted-effort": 8
    },
    "avg_case": {
     "top-1": 0.16453333333333806,
     "top-5": 0.7119666666667169,
     "top-10": 0.6173000000000322,
     "top-200": 1,
     "exam": 0.0021390374331550803,
     "wasted-effort": 8
    },
    "worst_case": {
     "top-1": 0.08230000000000237,
     "top-5": 0.4154333333333435,
     "top-10": 0.3546000000000121,
     "top-200": 1.0,
     "exam": 0.020053475935828877,
     "wasted-effort": 46
    }
   },
   "Naish2": {
    "best_case": {
     "top-1": 0,
     "top-5": 0.8303,
     "top-10": 0.7697,
     "top-200": 1,
     "exam": 0.00267379679144385,
     "wasted-effort": 9
    },
    "avg_case": {
     "top-1": 0.0,
     "top-5": 0.6460333333333721,
     "top-10": 0.5902000000000275,
     "top-200": 1,
     "exam": 0.00267379679144385,
     "wasted-effort": 9
    },
    "worst_case": {
     "top-1": 0.0,
     "top-5": 0.3665666666666835,
     "top-10": 0.3255000000000113,
     "top-200": 1.0,
     "exam": 0.020588235294117647,
     "wasted-effort": 47
    }
   },
   "GP13": {
    "best_case": {
     "top-1": 0.2538,
     "top-5": 0.8937,
     "top-10": 0.7649,
     "top-200": 1,
     "exam": 0.0021390374331550803,
     "wasted-effort": 8
    },
    "avg_case": {
     "top-1": 0.17040000000000538,
     "top-5": 0.7163666666667181,
     "top-10": 0.5873000000000246,
     "top-200": 1,
     "exam": 0.0021390374331550803,
     "wasted-effort": 8
    },
    "worst_case": {
     "top-1": 0.08220000000000235,
     "top-5": 0.4173333333333445,
     "top-10": 0.3317333333333437,
     "top-200": 1.0,
     "exam": 0.020588235294117647,
     "wasted-effort": 47
    }
   }
  },
  "line_defuse": {
   "Tarantula": {
    "best_case": {
     "top-1": 0.2438,
     "top-5": 0.889,
     "top-10": 0.7618,
     "top-200": 1,
     "exam": 0.0021390374331550803,
     "wasted-effort": 8
    },
    "avg_case": {
     "top-1": 0.1672666666666717,
     "top-5": 0.7137000000000511,
     "top-10": 0.5860666666666924,
     "top-200": 1,
     "exam": 0.0021390374331550803,
     "wasted-effort": 8
    },
    "worst_case": {
     "top-1": 0.08330000000000248,
     "top-5": 0.4159000000000097,
     "top-10": 0.33166666666667804,
     "top-200": 1.0,
     "exam": 0.020588235294117647,
     "wasted-effort": 47
    }
   },
   "Ochiai": {
    "best_case": {
     "top-1": 0.2479,
     "top-5": 0.8921,
     "top-10": 0.7661,
     "top-200": 1,
     "exam": 0.0021390374331550803,
     "wasted-effort": 8
    },
    "avg_case": {
     "top-1": 0.17073333333333876,
     "top-5": 0.7076333333333837,
     "top-10": 0.5900666666666959,
     "top-200": 1,
     "exam": 0.0021390374331550803,
     "wasted-effort": 8
    },
    "worst_case": {
     "top-1": 0.08023333333333546,
     "top-5": 0.4164666666666758,
     "top-10": 0.3288333333333437,
     "top-200": 1.0,
     "exam": 0.020588235294117647,
     "wasted-effort": 47
    }
   },
   "DStar": {
    "best_case": {
     "top-1": 0.2397,
     "top-5": 0.8918,
     "top-10": 0.7874,
     "top-200": 1,
     "exam": 0.0021390374331550803,
     "wasted-effort": 8
    },
    "avg_case": {
     "top-1": 0.1696000000000053,
     "top-5": 0.7137666666667168,
     "top-10": 0.6081333333333615,
     "top-200": 1,
     "exam": 0.0021390374331550803,
     "wasted-effort": 8
    },
    "worst_case": {
     "top-1": 0.08340000000000249,
     "top-5": 0.4192000000000083,
     "top-10": 0.3480333333333459,
     "top-200": 1.0,
     "exam": 0.020053475935828877,
     "wasted-effort": 46
    }
   },
   "Naish2": {
    "best_case": {
     "top-1": 0,
     "top-5": 0.8306,
     "top-10": 0.7545,
     "top-200": 1,