{
 "thefuck_22": {
  "line": {
   "Tarantula": {
    "best_case": {
     "top-5": 0.661,
     "top-10": 0.953,
     "top-200": 1,
     "exam": 0.00427578834847675,
     "wasted-effort": 13
    },
    "avg_case": {
     "top-5": 0.4576666666666697,
     "top-10": 0.8243333333333284,
     "top-200": 1,
     "exam": 0.00427578834847675,
     "wasted-effort": 13
    },
    "worst_case": {
     "top-5": 0.24500000000000108,
     "top-10": 0.5056666666666676,
     "top-200": 0.6666666666666666,
     "exam": 0.5192410475681454,
     "wasted-effort": 1871
    }
   },
   "Ochiai": {
    "best_case": {
     "top-5": 0.639,
     "top-10": 0.959,
     "top-200": 1,
     "exam": 0.00427578834847675,
     "wasted-effort": 13
    },
    "avg_case": {
     "top-5": 0.46533333333333643,
     "top-10": 0.8379999999999961,
     "top-200": 1,
     "exam": 0.00427578834847675,
     "wasted-effort": 13
    },
    "worst_case": {
     "top-5": 0.26000000000000106,
     "top-10": 0.5166666666666679,
     "top-200": 0.6666666666666666,
     "exam": 0.5192410475681454,
     "wasted-effort": 1871
    }
   },
   "DStar": {
    "best_case": {
     "top-5": 0.658,
     "top-10": 0.988,
     "top-200": 1,
     "exam": 0.0037413148049171567,
     "wasted-effort": 12
    },
    "avg_case": {
     "top-5": 0.5143333333333375,
     "top-10": 0.8746666666666634,
     "top-200": 1,
     "exam": 0.0037413148049171567,
     "wasted-effort": 12
    },
    "worst_case": {
     "top-5": 0.26666666666666783,
     "top-10": 0.5536666666666681,
     "top-200": 0.6666666666666666,
     "exam": 0.5192410475681454,
     "wasted-effort": 1871
    }
   }
  },
  "line_line": {
   "Tarantula": {
    "best_case": {
     "top-5": 0.0,
     "top-10": 0.961,
     "top-200": 1,
     "exam": 0.005879208979155532,
     "wasted-effort": 13
    },
    "avg_case": {
     "top-5": 0.0,
     "top-10": 0.8279999999999955,
     "top-200": 1,
     "exam": 0.005879208979155532,
     "wasted-effort": 13
    },
    "worst_case": {
     "top-5": 0.0,
     "top-10": 0.5140000000000016,
     "top-200": 0.6666666666666666,
     "exam": 0.5192410475681454,
     "wasted-effort": 1871
    }
   },
   "Ochiai": {
    "best_case": {
     "top-5": 0.0,
     "top-10": 0.961,
     "top-200": 1,
     "exam": 0.005879208979155532,
     "wasted-effort": 13
    },
    "avg_case": {
     "top-5": 0.0,
     "top-10": 0.8553333333333293,
     "top-200": 1,
     "exam": 0.005879208979155532,
     "wasted-effort": 13
    },
    "worst_case": {
     "top-5": 0.0,
     "top-10": 0.5133333333333348,
     "top-200": 0.6666666666666666,
     "exam": 0.5192410475681454,
     "wasted-effort": 1871
    }
   },
   "DStar": {
    "best_case": {
     "top-5": 0.0,
     "top-10": 0.985,
     "top-200": 1,
     "exam": 0.005344735435595938,
     "wasted-effort": 12
    },
    "avg_case": {
     "top-5": 0.0,
     "top-10": 0.8776666666666633,
     "top-200": 1,
     "exam": 0.005344735435595938,
     "wasted-effort": 12
    },
    "worst_case": {
     "top-5": 0.0,
     "top-10": 0.5536666666666684,
     "top-200": 0.6666666666666666,
     "exam": 0.5192410475681454,
     "wasted-effort": 1871
    }
   }
  },
  "line_defuse": {
   "Tarantula": {
    "best_case": {
     "top-5": 0.96,
     "top-10": 0.965,
     "top-200": 1,
     "exam": 0.002672367717797969,
     "wasted-effort": 7
    },
    "avg_case": {
     "top-5": 0.798333333333329,
     "top-10": 0.8209999999999957,
     "top-200": 1,
     "exam": 0.002672367717797969,
     "wasted-effort": 7
    },
    "worst_case": {
     "top-5": 0.47533333333333294,
     "top-10": 0.5000000000000004,
     "top-200": 0.6666666666666666,
     "exam": 0.5192410475681454,
     "wasted-effort": 1871
    }
   },
   "Ochiai": {
    "best_case": {
     "top-5": 0.949,
     "top-10": 0.966,
     "top-200": 1,
     "exam": 0.002672367717797969,
     "wasted-effort": 7
    },
    "avg_case": {
     "top-5": 0.8086666666666628,
     "top-10": 0.8453333333333298,
     "top-200": 1,
     "exam": 0.002672367717797969,
     "wasted-effort": 7
    },
    "worst_case": {
     "top-5": 0.47366666666666657,
     "top-10": 0.5220000000000015,
     "top-200": 0.6666666666666666,
     "exam": 0.5192410475681454,
     "wasted-effort": 1871
    }
   },
   "DStar": {
    "best_case": {
     "top-5": 1.0,
     "top-10": 0.992,
     "top-200": 1,
     "exam": 0.002137894174238375,
     "wasted-effort": 6
    },
    "avg_case": {
     "top-5": 0.8949999999999964,
     "top-10": 0.8899999999999971,
     "top-200": 1,
     "exam": 0.002137894174238375,
     "wasted-effort": 6
    },
    "worst_case": {
     "top-5": 0.5563333333333333,
     "top-10": 0.5596666666666683,
     "top-200": 0.6666666666666666,
     "exam": 0.5192410475681454,
     "wasted-effort": 1871
    }
   }
  },
  "line_defuses": {
   "Tarantula": {
    "best_case": {
     "top-5": 0.96,
     "top-10": 0.955,
     "top-200": 1,
     "exam": 0.002672367717797969,
     "wasted-effort": 7
    },
    "avg_case": {
     "top-5": 0.8049999999999957,
     "top-10": 0.8253333333333296,
     "top-200": 1,
     "exam": 0.002672367717797969,
     "wasted-effort": 7
    },
    "worst_case": {
     "top-5": 0.47499999999999976,
     "top-10": 0.519666666666668,
     "top-200": 0.6666666666666666,
     "exam": 0.5192410475681454,
     "wasted-effort": 1871
    }
   },
   "Ochiai": {
    "best_case": {
     "top-5": 0.957,
     "top-10": 0.964,
     "top-200": 1,
     "exam": 0.002672367717797969,
     "wasted-effort": 7
    },
    "avg_case": {
     "top-5": 0.7976666666666623,
     "top-10": 0.8323333333333293,
     "top-200": 1,
     "exam": 0.002672367717797969,
     "wasted-effort": 7
    },
    "worst_case": {
     "top-5": 0.4813333333333329,
     "top-10": 0.5163333333333346,
     "top-200": 0.6666666666666666,
     "exam": 0.5192410475681454,
     "wasted-effort": 1871
    }
   },
   "DStar": {
    "best_case": {
     "top-5": 1.0,
     "top-10": 0.985,
     "top-200": 1,
     "exam": 0.002137894174238375,
     "wasted-effort": 6
    },
    "avg_case": {
     "top-5": 0.8906666666666629,
     "top-10": 0.8849999999999961,
     "top-200": 1,
     "exam": 0.002137894174238375,
     "wasted-effort": 6
    },
    "worst_case": {
     "top-5": 0.559666666666668,
     "top-10": 0.5546666666666674,
     "top-200": 0.6666666666666666,
     "exam": 0.5192410475681454,
     "wasted-effort": 1871
    }
   }
  },
  "line_assert_use": {
   "Tarantula": {
    "best_case": {
     "top-5": 0.951,
     "top-10": 0.959,
     "top-200": 1,
     "exam": 0.002405130946018172,
     "wasted-effort": 7
    },
    "avg_case": {
     "top-5": 0.801333333333329,
     "top-10": 0.8349999999999963,
     "top-200": 1,
     "exam": 0.002405130946018172,
     "wasted-effort": 7
    },
    "worst_case": {
     "top-5": 0.48066666666666663,
     "top-10": 0.5063333333333352,
     "top-200": 0.6666666666666666,
     "exam": 0.5192410475681454,
     "wasted-effort": 1871
    }
   },
   "Ochiai": {
    "best_case": {
     "top-5": 0.949,
     "top-10": 0.957,
     "top-200": 1,
     "exam": 0.002672367717797969,
     "wasted-effort": 7
    },
    "avg_case": {
     "top-5": 0.7973333333333293,
     "top-10": 0.8489999999999954,
     "top-200": 1,
     "exam": 0.002672367717797969,
     "wasted-effort": 7
    },
    "worst_case": {
     "top-5": 0.4840000000000001,
     "top-10": 0.5080000000000017,
     "top-200": 0.6666666666666666,
     "exam": 0.5192410475681454,
     "wasted-effort": 1871
    }
   },
   "DStar": {
    "best_case": {
     "top-5": 1.0,
     "top-10": 0.98,
     "top-200": 1,
     "exam": 0.002137894174238375,
     "wasted-effort": 6
    },
    "avg_case": {
     "top-5": 0.8889999999999958,
     "top-10": 0.8813333333333293,
     "top-200": 1,
     "exam": 0.002137894174238375,
     "wasted-effort": 6
    },
    "worst_case": {
     "top-5": 0.5563333333333343,
     "top-10": 0.5636666666666676,
     "top-200": 0.6666666666666666,
     "exam": 0.5192410475681454,