{
 "thefuck_1": {
  "line": {
   "Tarantula": {
    "best_case": {
     "top-5": 0.02,
     "top-10": 0.04,
     "top-200": 0.987,
     "exam": 0.0004706989879971758,
     "wasted-effort": 2
    },
    "avg_case": {
     "top-5": 0.023,
     "top-10": 0.047,
     "top-200": 0.986,
     "exam": 0.0004706989879971758,
     "wasted-effort": 2
    },
    "worst_case": {
     "top-5": 0.0115,
     "top-10": 0.024,
     "top-200": 0.88,
     "exam": 0.050129442221699225,
     "wasted-effort": 229
    }
   },
   "Ochiai": {
    "best_case": {
     "top-5": 0.026,
     "top-10": 0.059,
     "top-200": 0.986,
     "exam": 0.0004706989879971758,
     "wasted-effort": 2
    },
    "avg_case": {
     "top-5": 0.036,
     "top-10": 0.058,
     "top-200": 0.982,
     "exam": 0.0004706989879971758,
     "wasted-effort": 2
    },
    "worst_case": {
     "top-5": 0.012,
     "top-10": 0.028,
     "top-200": 0.866,
     "exam": 0.050129442221699225,
     "wasted-effort": 229
    }
   },
   "DStar": {
    "best_case": {
     "top-5": 0.032,
     "top-10": 0.052,
     "top-200": 0.982,
     "exam": 0.0002353494939985879,
     "wasted-effort": 1
    },
    "avg_case": {
     "top-5": 0.025,
     "top-10": 0.045,
     "top-200": 0.993,
     "exam": 0.0002353494939985879,
     "wasted-effort": 1
    },
    "worst_case": {
     "top-5": 0.0135,
     "top-10": 0.031,
     "top-200": 0.8805,
     "exam": 0.05001176747469993,
     "wasted-effort": 229
    }
   }
  },
  "line_line": {
   "Tarantula": {
    "best_case": {
     "top-5": 0.122,
     "top-10": 0.264,
     "top-200": 0.978,
     "exam": 0.0002353494939985879,
     "wasted-effort": 1
    },
    "avg_case": {
     "top-5": 0.103,
     "top-10": 0.235,
     "top-200": 0.986,
     "exam": 0.0002353494939985879,
     "wasted-effort": 1
    },
    "worst_case": {
     "top-5": 0.0715,
     "top-10": 0.1235,
     "top-200": 0.8765,
     "exam": 0.050129442221699225,
     "wasted-effort": 229
    }
   },
   "Ochiai": {
    "best_case": {
     "top-5": 0.126,
     "top-10": 0.257,
     "top-200": 0.983,
     "exam": 0.0002353494939985879,
     "wasted-effort": 1
    },
    "avg_case": {
     "top-5": 0.135,
     "top-10": 0.257,
     "top-200": 0.974,
     "exam": 0.0002353494939985879,
     "wasted-effort": 1
    },
    "worst_case": {
     "top-5": 0.053,
     "top-10": 0.1145,
     "top-200": 0.8665,
     "exam": 0.050129442221699225,
     "wasted-effort": 229
    }
   },
   "DStar": {
    "best_case": {
     "top-5": 0.135,
     "top-10": 0.256,
     "top-200": 0.989,
     "exam": 0.0002353494939985879,
     "wasted-effort": 1
    },
    "avg_case": {
     "top-5": 0.113,
     "top-10": 0.255,
     "top-200": 0.986,
     "exam": 0.0002353494939985879,
     "wasted-effort": 1
    },
    "worst_case": {
     "top-5": 0.07,
     "top-10": 0.1225,
     "top-200": 0.869,
     "exam": 0.05001176747469993,
     "wasted-effort": 229
    }
   }
  },
  "line_defuse": {
   "Tarantula": {
    "best_case": {
     "top-5": 0.135,
     "top-10": 0.248,
     "top-200": 0.987,
     "exam": 0.0002353494939985879,
     "wasted-effort": 1
    },
    "avg_case": {
     "top-5": 0.136,
     "top-10": 0.261,
     "top-200": 0.989,
     "exam": 0.0002353494939985879,
     "wasted-effort": 1
    },
    "worst_case": {
     "top-5": 0.0625,
     "top-10": 0.1205,
     "top-200": 0.8685,
     "exam": 0.050129442221699225,
     "wasted-effort": 229
    }
   },
   "Ochiai": {
    "best_case": {
     "top-5": 0.125,
     "top-10": 0.235,
     "top-200": 0.985,
     "exam": 0.0002353494939985879,
     "wasted-effort": 1
    },
    "avg_case": {
     "top-5": 0.138,
     "top-10": 0.241,
     "top-200": 0.981,
     "exam": 0.0002353494939985879,
     "wasted-effort": 1
    },
    "worst_case": {
     "top-5": 0.055,
     "top-10": 0.1135,
     "top-200": 0.867,
     "exam": 0.050129442221699225,
     "wasted-effort": 229
    }
   },
   "DStar": {
    "best_case": {
     "top-5": 0.135,
     "top-10": 0.262,
     "top-200": 0.983,
     "exam": 0.0002353494939985879,
     "wasted-effort": 1
    },
    "avg_case": {
     "top-5": 0.135,
     "top-10": 0.259,
     "top-200": 0.977,
     "exam": 0.0002353494939985879,
     "wasted-effort": 1
    },
    "worst_case": {
     "top-5": 0.0625,
     "top-10": 0.127,
     "top-200": 0.871,
     "exam": 0.05001176747469993,
     "wasted-effort": 229
    }
   }
  },
  "line_defuses": {
   "Tarantula": {
    "best_case": {
     "top-5": 0.126,
     "top-10": 0.278,
     "top-200": 0.982,
     "exam": 0.0002353494939985879,
     "wasted-effort": 1
    },
    "avg_case": {
     "top-5": 0.134,
     "top-10": 0.253,
     "top-200": 0.99,
     "exam": 0.0002353494939985879,
     "wasted-effort": 1
    },
    "worst_case": {
     "top-5": 0.0595,
     "top-10": 0.127,
     "top-200": 0.878,
     "exam": 0.050129442221699225,
     "wasted-effort": 229
    }
   },
   "Ochiai": {
    "best_case": {
     "top-5": 0.142,
     "top-10": 0.252,
     "top-200": 0.983,
     "exam": 0.0002353494939985879,
     "wasted-effort": 1
    },
    "avg_case": {
     "top-5": 0.138,
     "top-10": 0.256,
     "top-200": 0.986,
     "exam": 0.0002353494939985879,
     "wasted-effort": 1
    },
    "worst_case": {
     "top-5": 0.0645,
     "top-10": 0.1245,
     "top-200": 0.8735,
     "exam": 0.050129442221699225,
     "wasted-effort": 229
    }
   },
   "DStar": {
    "best_case": {
     "top-5": 0.143,
     "top-10": 0.245,
     "top-200": 0.986,
     "exam": 0.0002353494939985879,
     "wasted-effort": 1
    },
    "avg_case": {
     "top-5": 0.119,
     "top-10": 0.261,
     "top-200": 0.982,
     "exam": 0.0002353494939985879,
     "wasted-effort": 1
    },
    "worst_case": {
     "top-5": 0.0705,
     "top-10": 0.128,
     "top-200": 0.872,
     "exam": 0.05001176747469993,
     "wasted-effort": 229
    }
   }
  },
  "line_assert_use": {
   "Tarantula": {
    "best_case": {
     "top-5": 0.12,
     "top-10": 0.25,
     "top-200": 0.99,
     "exam": 0.0002353494939985879,
     "wasted-effort": 2
    },
    "avg_case": {
     "top-5": 0.125,
     "top-10": 0.236,
     "top-200": 0.98,
     "exam": 0.0002353494939985879,
     "wasted-effort": 2
    },
    "worst_case": {
     "top-5": 0.066,
     "top-10": 0.1215,
     "top-200": 0.8775,
     "exam": 0.050129442221699225,
     "wasted-effort": 229
    }
   },
   "Ochiai": {
    "best_case": {
     "top-5": 0.123,
     "top-10": 0.246,
     "top-200": 0.985,
     "exam": 0.0002353494939985879,
     "wasted-effort": 1
    },
    "avg_case": {
     "top-5": 0.111,
     "top-10": 0.275,
     "top-200": 0.987,
     "exam": 0.0002353494939985879,
     "wasted-effort": 1
    },
    "worst_case": {
     "top-5": 0.0615,
     "top-10": 0.1185,
     "top-200": 0.888,
     "exam": 0.050129442221699225,
     "wasted-effort": 229
    }
   },
   "DStar": {
    "best_case": {
     "top-5": 0.111,
     "top-10": 0.254,
     "top-200": 0.985,
     "exam": 0.0002353494939985879,
     "wasted-effort": 1
    },
    "avg_case": {
     "top-5": 0.124,
     "top-10": 0.253,
     "top-200": 0.987,
     "exam": 0.0002353494939985879,
     "wasted-effort": 1
    },
    "worst_case": {
     "top-5": 0.0555,
     "top-10": 0.1375,
     "top-200": 0.8635,
     "exam": 0.05001176747469993,
     "wasted-effort": 229
    }
   }
  },
  "line_assert_uses": {
   "Tarantula": {
    "best_case": {
     "top-5": 0.121,
     "top-10": 0.251,
     "top-200": 0.979,
     "exam": 0.0002353494939985879,
     "wasted-effort": 2
    },
    "avg_case": {
     "top-5": 0.127,
     "top-10": 0.257,
     "top-200": 0.987,
     "exam": 0.0002353494939985879,
     "wasted-effort": 2
    },
    "worst_case": {
     "top-5": 0.0595,
     "top-10": 0.125,
     "top-200": 0.877,
     "exam": 0.050129442221699225,
     "wasted-effort": 229
    }
   },
   "Ochiai": {
    "best_case": {
     "top-5": 0.125,
     "top-10": 0.255,
     "top-200": 0.986,
     "exam": 0.0002353494939985879,
     "wasted-effort": 1
    },