{
 "tornado_6": {
  "line": {
   "Tarantula": {
    "best_case": {
     "top-1": 0,
     "top-5": 0.0,
     "top-10": 0.2962,
     "top-200": 0.8821,
     "exam": 0.0017608586282072782,
     "wasted-effort": 33
    },
    "avg_case": {
     "top-1": 0.0,
     "top-5": 0.0,
     "top-10": 0.15095,
     "top-200": 0.71235,
     "exam": 0.003815193694449103,
     "wasted-effort": 58
    },
    "worst_case": {
     "top-1": 0.0,
     "top-5": 0.0,
     "top-10": 0.0772,
     "top-200": 0.4101,
     "exam": 0.02297501257756163,
     "wasted-effort": 490
    }
   },
   "Ochiai": {
    "best_case": {
     "top-1": 0,
     "top-5": 0.1974,
     "top-10": 0.4099,
     "top-200": 0.8798,
     "exam": 0.0010900553412711723,
     "wasted-effort": 25
    },
    "avg_case": {
     "top-1": 0.0,
     "top-5": 0.1036,
     "top-10": 0.2016,
     "top-200": 0.70875,
     "exam": 0.003144390407512997,
     "wasted-effort": 50
    },
    "worst_case": {
     "top-1": 0.0,
     "top-5": 0.05105,
     "top-10": 0.1006,
     "top-200": 0.406875,
     "exam": 0.022639610934093578,
     "wasted-effort": 490
    }
   },
   "DStar": {
    "best_case": {
     "top-1": 0.0409,
     "top-5": 0.2078,
     "top-10": 0.427,
     "top-200": 0.8813,
     "exam": 0.001006204930404159,
     "wasted-effort": 24
    },
    "avg_case": {
     "top-1": 0.0196,
     "top-5": 0.1046,
     "top-10": 0.2081,
     "top-200": 0.7171,
     "exam": 0.0030605399966459838,
     "wasted-effort": 49
    },
    "worst_case": {
     "top-1": 0.0097,
     "top-5": 0.051975,
     "top-10": 0.105325,
     "top-200": 0.412925,
     "exam": 0.02222035887975851,
     "wasted-effort": 481
    }
   },
   "Naish1": {
    "best_case": {
     "top-1": 0,
     "top-5": 0.2025,
     "top-10": 0.3953,
     "top-200": 0.882,
     "exam": 0.0010900553412711723,
     "wasted-effort": 25
    },
    "avg_case": {
     "top-1": 0.0,
     "top-5": 0.09965,
     "top-10": 0.19875,
     "top-200": 0.71805,
     "exam": 0.003144390407512997,
     "wasted-effort": 50
    },
    "worst_case": {
     "top-1": 0.0,
     "top-5": 0.0475,
     "top-10": 0.09995,
     "top-200": 0.4125,
     "exam": 0.022304209290625526,
     "wasted-effort": 482
    }
   },
   "Naish2": {
    "best_case": {
     "top-1": 0,
     "top-5": 0.2001,
     "top-10": 0.3953,
     "top-200": 0.8811,
     "exam": 0.0010900553412711723,
     "wasted-effort": 25
    },
    "avg_case": {
     "top-1": 0.0,
     "top-5": 0.10445,
     "top-10": 0.20385,
     "top-200": 0.7202,
     "exam": 0.003144390407512997,
     "wasted-effort": 50
    },
    "worst_case": {
     "top-1": 0.0,
     "top-5": 0.04905,
     "top-10": 0.099475,
     "top-200": 0.4168,
     "exam": 0.022304209290625526,
     "wasted-effort": 482
    }
   },
   "GP13": {
    "best_case": {
     "top-1": 0,
     "top-5": 0.1928,
     "top-10": 0.4051,
     "top-200": 0.8897,
     "exam": 0.0010900553412711723,
     "wasted-effort": 25
    },
    "avg_case": {
     "top-1": 0.0,
     "top-5": 0.0994,
     "top-10": 0.19865,
     "top-200": 0.72025,
     "exam": 0.003144390407512997,
     "wasted-effort": 50
    },
    "worst_case": {
     "top-1": 0.0,
     "top-5": 0.049625,
     "top-10": 0.104,
     "top-200": 0.4151,
     "exam": 0.022304209290625526,
     "wasted-effort": 482
    }
   }
  },
  "line_line": {
   "Tarantula": {
    "best_case": {
     "top-1": 0.0,
     "top-5": 0.0,
     "top-10": 0.0,
     "top-200": 0.927,
     "exam": 0.002012409860808318,
     "wasted-effort": 34
    },
    "avg_case": {
     "top-1": 0.0,
     "top-5": 0.0,
     "top-10": 0.0,
     "top-200": 0.73205,
     "exam": 0.00335401643468053,
     "wasted-effort": 46
    },
    "worst_case": {
     "top-1": 0.0,
     "top-5": 0.0,
     "top-10": 0.0,
     "top-200": 0.362625,
     "exam": 0.03190508133489854,
     "wasted-effort": 488
    }
   },
   "Ochiai": {
    "best_case": {
     "top-1": 0,
     "top-5": 0.0,
     "top-10": 0.386,
     "top-200": 0.9312,
     "exam": 0.001341606573872212,
     "wasted-effort": 26
    },
    "avg_case": {
     "top-1": 0.0,
     "top-5": 0.0,
     "top-10": 0.19115,
     "top-200": 0.7334,
     "exam": 0.00335401643468053,
     "wasted-effort": 46
    },
    "worst_case": {
     "top-1": 0.0,
     "top-5": 0.0,
     "top-10": 0.097225,
     "top-200": 0.36505,
     "exam": 0.03190508133489854,
     "wasted-effort": 488
    }
   },
   "DStar": {
    "best_case": {
     "top-1": 0.0,
     "top-5": 0,
     "top-10": 0.3991,
     "top-200": 0.9295,
     "exam": 0.0012577561630051988,
     "wasted-effort": 25
    },
    "avg_case": {
     "top-1": 0.0,
     "top-5": 0.0,
     "top-10": 0.20035,
     "top-200": 0.7408,
     "exam": 0.0025993627368774107,
     "wasted-effort": 37
    },
    "worst_case": {
     "top-1": 0.0,
     "top-5": 0.0,
     "top-10": 0.100275,
     "top-200": 0.3674,
     "exam": 0.03182123092403153,
     "wasted-effort": 487
    }
   },
   "Naish1": {
    "best_case": {
     "top-1": 0,
     "top-5": 0.3893,
     "top-10": 0.7747,
     "top-200": 0.7634,
     "exam": 0.0005869528760690928,
     "wasted-effort": 13
    },
    "avg_case": {
     "top-1": 0.0,
     "top-5": 0.1914,
     "top-10": 0.3861,
     "top-200": 0.5534,
     "exam": 0.00335401643468053,
     "wasted-effort": 50
    },
    "worst_case": {
     "top-1": 0.0,
     "top-5": 0.096375,
     "top-10": 0.19235,
     "top-200": 0.292625,
     "exam": 0.030102297501257758,
     "wasted-effort": 668
    }
   },
   "Naish2": {
    "best_case": {
     "top-1": 0.0,
     "top-5": 0,
     "top-10": 0.3967,
     "top-200": 0.9299,
     "exam": 0.0012577561630051988,
     "wasted-effort": 25
    },
    "avg_case": {
     "top-1": 0.0,
     "top-5": 0.0,
     "top-10": 0.1994,
     "top-200": 0.72615,
     "exam": 0.00335401643468053,
     "wasted-effort": 46
    },
    "worst_case": {
     "top-1": 0.0,
     "top-5": 0.0,
     "top-10": 0.101325,
     "top-200": 0.36835,
     "exam": 0.03190508133489854,
     "wasted-effort": 488
    }
   },
   "GP13": {
    "best_case": {
     "top-1": 0.0,
     "top-5": 0,
     "top-10": 0.3979,
     "top-200": 0.9271,
     "exam": 0.0012577561630051988,
     "wasted-effort": 25
    },
    "avg_case": {
     "top-1": 0.0,
     "top-5": 0.0,
     "top-10": 0.20005,
     "top-200": 0.7337,
     "exam": 0.00335401643468053,
     "wasted-effort": 46
    },
    "worst_case": {
     "top-1": 0.0,
     "top-5": 0.0,
     "top-10": 0.1006,
     "top-200": 0.365025,
     "exam": 0.03190508133489854,
     "wasted-effort": 488
    }
   }
  },
  "line_defuse": {
   "Tarantula": {
    "best_case": {
     "top-1": 0.0,
     "top-5": 0.0,
     "top-10": 0.0,
     "top-200": 0.9286,
     "exam": 0.002012409860808318,
     "wasted-effort": 34
    },
    "avg_case": {
     "top-1": 0.0,
     "top-5": 0.0,
     "top-10": 0.0,
     "top-200": 0.7326,
     "exam": 0.00335401643468053,
     "wasted-effort": 46
    },
    "worst_case": {
     "top-1": 0.0,
     "top-5": 0.0,
     "top-10": 0.0,
     "top-200": 0.365675,
     "exam": 0.03190508133489854,
     "wasted-effort": 488
    }
   },
   "Ochiai": {
    "best_case": {
     "top-1": 0,
     "top-5": 0.0,
     "top-10": 0.3849,
     "top-200": 0.9288,
     "exam": 0.001341606573872212,
     "wasted-effort": 26
    },
    "avg_case": {
     "top-1": 0.0,
     "top-5": 0.0,
     "top-10": 0.19355,
     "top-200": 0.73595,
     "exam": 0.00335401643468053,
     "wasted-effort": 46
    },
    "worst_case": {
     "top-1": 0.0,
     "top-5": 0.0,
     "top-10": 0.095075,
     "top-200": 0.36905,
     "exam": 0.03190508133489854,
     "wasted-effort": 488
    }
   },
   "DStar": {
    "best_case": {
     "top-1": 0.0,
     "top-5": 0,
     "top-10": 0.3983,
     "top-200": 0.9298,
     "exam": 0.0012577561630051988,
     "wasted-effort": 25
    },
    "avg_case": {
     "top-1": 0.0,
     "top-5": 0.0,
     "top-10": 0.2018,
     "top-200": 0.74045,
     "exam": 0.0025993627368774107,
     "wasted-effort": 37
    },