{
 "tornado_7": {
  "line": {
   "Tarantula": {
    "best_case": {
     "top-5": 0.0,
     "top-10": 0.0,
     "top-200": 0.994,
     "exam": 0.003628756830601093,
     "wasted-effort": 54
    },
    "avg_case": {
     "top-5": 0.0,
     "top-10": 0.0,
     "top-200": 0.997,
     "exam": 0.003628756830601093,
     "wasted-effort": 54
    },
    "worst_case": {
     "top-5": 0.0,
     "top-10": 0.0,
     "top-200": 0.4985,
     "exam": 0.041197062841530054,
     "wasted-effort": 710
    }
   },
   "Ochiai": {
    "best_case": {
     "top-5": 0.0,
     "top-10": 0.0,
     "top-200": 0.993,
     "exam": 0.003628756830601093,
     "wasted-effort": 54
    },
    "avg_case": {
     "top-5": 0.0,
     "top-10": 0.0,
     "top-200": 0.996,
     "exam": 0.003628756830601093,
     "wasted-effort": 54
    },
    "worst_case": {
     "top-5": 0.0,
     "top-10": 0.0,
     "top-200": 0.498,
     "exam": 0.041197062841530054,
     "wasted-effort": 710
    }
   },
   "DStar": {
    "best_case": {
     "top-5": 0.0,
     "top-10": 0.0,
     "top-200": 0.978,
     "exam": 0.0028603142076502734,
     "wasted-effort": 45
    },
    "avg_case": {
     "top-5": 0.0,
     "top-10": 0.0,
     "top-200": 0.972,
     "exam": 0.0028603142076502734,
     "wasted-effort": 45
    },
    "worst_case": {
     "top-5": 0.0,
     "top-10": 0.0,
     "top-200": 0.4885,
     "exam": 0.040428620218579236,
     "wasted-effort": 701
    }
   }
  },
  "line_line": {
   "Tarantula": {
    "best_case": {
     "top-5": 0.0,
     "top-10": 0.0,
     "top-200": 1,
     "exam": 0.00273224043715847,
     "wasted-effort": 35
    },
    "avg_case": {
     "top-5": 0.0,
     "top-10": 0.0,
     "top-200": 1.0,
     "exam": 0.00273224043715847,
     "wasted-effort": 35
    },
    "worst_case": {
     "top-5": 0.0,
     "top-10": 0.0,
     "top-200": 0.5,
     "exam": 0.04807035519125683,
     "wasted-effort": 645
    }
   },
   "Ochiai": {
    "best_case": {
     "top-5": 0.0,
     "top-10": 0.0,
     "top-200": 1,
     "exam": 0.003159153005464481,
     "wasted-effort": 40
    },
    "avg_case": {
     "top-5": 0.0,
     "top-10": 0.0,
     "top-200": 1.0,
     "exam": 0.003159153005464481,
     "wasted-effort": 40
    },
    "worst_case": {
     "top-5": 0.0,
     "top-10": 0.0,
     "top-200": 0.5,
     "exam": 0.04807035519125683,
     "wasted-effort": 645
    }
   },
   "DStar": {
    "best_case": {
     "top-5": 0.0,
     "top-10": 0.0,
     "top-200": 0.996,
     "exam": 0.00273224043715847,
     "wasted-effort": 38
    },
    "avg_case": {
     "top-5": 0.0,
     "top-10": 0.0,
     "top-200": 0.994,
     "exam": 0.00273224043715847,
     "wasted-effort": 38
    },
    "worst_case": {
     "top-5": 0.0,
     "top-10": 0.0,
     "top-200": 0.4965,
     "exam": 0.04730191256830601,
     "wasted-effort": 636
    }
   }
  },
  "line_defuse": {
   "Tarantula": {
    "best_case": {
     "top-5": 0.0,
     "top-10": 0.0,
     "top-200": 0.982,
     "exam": 0.005293715846994535,
     "wasted-effort": 65
    },
    "avg_case": {
     "top-5": 0.0,
     "top-10": 0.0,
     "top-200": 0.984,
     "exam": 0.005293715846994535,
     "wasted-effort": 65
    },
    "worst_case": {
     "top-5": 0.0,
     "top-10": 0.0,
     "top-200": 0.4905,
     "exam": 0.04807035519125683,
     "wasted-effort": 645
    }
   },
   "Ochiai": {
    "best_case": {
     "top-5": 0.0,
     "top-10": 0.0,
     "top-200": 1,
     "exam": 0.003159153005464481,
     "wasted-effort": 40
    },
    "avg_case": {
     "top-5": 0.0,
     "top-10": 0.0,
     "top-200": 1.0,
     "exam": 0.003159153005464481,
     "wasted-effort": 40
    },
    "worst_case": {
     "top-5": 0.0,
     "top-10": 0.0,
     "top-200": 0.5,
     "exam": 0.04807035519125683,
     "wasted-effort": 645
    }
   },
   "DStar": {
    "best_case": {
     "top-5": 0.0,
     "top-10": 0.0,
     "top-200": 1,
     "exam": 0.0029883879781420764,
     "wasted-effort": 38
    },
    "avg_case": {
     "top-5": 0.0,
     "top-10": 0.0,
     "top-200": 1.0,
     "exam": 0.0029883879781420764,
     "wasted-effort": 38
    },
    "worst_case": {
     "top-5": 0.0,
     "top-10": 0.0,
     "top-200": 0.5,
     "exam": 0.04730191256830601,
     "wasted-effort": 636
    }
   }
  },
  "line_defuses": {
   "Tarantula": {
    "best_case": {
     "top-5": 0.0,
     "top-10": 0.0,
     "top-200": 0.989,
     "exam": 0.005293715846994535,
     "wasted-effort": 65
    },
    "avg_case": {
     "top-5": 0.0,
     "top-10": 0.0,
     "top-200": 0.988,
     "exam": 0.005293715846994535,
     "wasted-effort": 65
    },
    "worst_case": {
     "top-5": 0.0,
     "top-10": 0.0,
     "top-200": 0.4915,
     "exam": 0.04807035519125683,
     "wasted-effort": 645
    }
   },
   "Ochiai": {
    "best_case": {
     "top-5": 0.0,
     "top-10": 0.0,
     "top-200": 1,
     "exam": 0.003159153005464481,
     "wasted-effort": 40
    },
    "avg_case": {
     "top-5": 0.0,
     "top-10": 0.0,
     "top-200": 1.0,
     "exam": 0.003159153005464481,
     "wasted-effort": 40
    },
    "worst_case": {
     "top-5": 0.0,
     "top-10": 0.0,
     "top-200": 0.5,
     "exam": 0.04807035519125683,
     "wasted-effort": 645
    }
   },
   "DStar": {
    "best_case": {
     "top-5": 0.0,
     "top-10": 0.0,
     "top-200": 1,
     "exam": 0.0029883879781420764,
     "wasted-effort": 38
    },
    "avg_case": {
     "top-5": 0.0,
     "top-10": 0.0,
     "top-200": 1.0,
     "exam": 0.0029883879781420764,
     "wasted-effort": 38
    },
    "worst_case": {
     "top-5": 0.0,
     "top-10": 0.0,
     "top-200": 0.5,
     "exam": 0.04730191256830601,
     "wasted-effort": 636
    }
   }
  },
  "line_assert_use": {
   "Tarantula": {
    "best_case": {
     "top-5": 0.0,
     "top-10": 0.0,
     "top-200": 0.989,
     "exam": 0.005293715846994535,
     "wasted-effort": 65
    },
    "avg_case": {
     "top-5": 0.0,
     "top-10": 0.0,
     "top-200": 0.978,
     "exam": 0.005293715846994535,
     "wasted-effort": 65
    },
    "worst_case": {
     "top-5": 0.0,
     "top-10": 0.0,
     "top-200": 0.4915,
     "exam": 0.04807035519125683,
     "wasted-effort": 645
    }
   },
   "Ochiai": {
    "best_case": {
     "top-5": 0.0,
     "top-10": 0.0,
     "top-200": 1,
     "exam": 0.003159153005464481,
     "wasted-effort": 40
    },
    "avg_case": {
     "top-5": 0.0,
     "top-10": 0.0,
     "top-200": 1.0,
     "exam": 0.003159153005464481,
     "wasted-effort": 40
    },
    "worst_case": {
     "top-5": 0.0,
     "top-10": 0.0,
     "top-200": 0.5,
     "exam": 0.04807035519125683,
     "wasted-effort": 645
    }
   },
   "DStar": {
    "best_case": {
     "top-5": 0.0,
     "top-10": 0.0,
     "top-200": 1,
     "exam": 0.0029883879781420764,
     "wasted-effort": 38
    },
    "avg_case": {
     "top-5": 0.0,
     "top-10": 0.0,
     "top-200": 1.0,
     "exam": 0.0029883879781420764,
     "wasted-effort": 38
    },
    "worst_case": {
     "top-5": 0.0,
     "top-10": 0.0,
     "top-200": 0.5,
     "exam": 0.04730191256830601,
     "wasted-effort": 636
    }
   }
  },
  "line_assert_uses": {
   "Tarantula": {
    "best_case": {
     "top-5": 0.0,
     "top-10": 0.0,
     "top-200": 0.986,
     "exam": 0.005293715846994535,
     "wasted-effort": 65
    },
    "avg_case": {
     "top-5": 0.0,
     "top-10": 0.0,
     "top-200": 0.972,
     "exam": 0.005293715846994535,
     "wasted-effort": 65
    },
    "worst_case": {
     "top-5": 0.0,
     "top-10": 0.0,
     "top-200": 0.4945,
     "exam": 0.04807035519125683,
     "wasted-effort": 645
    }
   },
   "Ochiai": {
    "best_case": {
     "top-5": 0.0,
     "top-10": 0.0,
     "top-200": 1,
     "exam": 0.003159153005464481,
     "wasted-effort": 40
    },
    "avg_case": {
     "top-5": 0.0,
     "top-10": 0.0,
     "top-200": 1.0,
     "exam": 0.003159153005464481,
     "wasted-effort": 40
    },
    "worst_case": {
     "top-5": 0.0,
     "top-10": 0.0,
     "top-200": 0.5,
     "exam": 0.04807035519125683,
     "wasted-effort": 645
    }
   },