{
 "tornado_9": {
  "line": {
   "Tarantula": {
    "best_case": {
     "top-1": 0.0,
     "top-5": 1,
     "top-10": 0.0231,
     "top-200": 0.4438,
     "exam": 0.000343878954607978,
     "wasted-effort": 5
    },
    "avg_case": {
     "top-1": 0.0,
     "top-5": 1,
     "top-10": 0.0223,
     "top-200": 0.4435,
     "exam": 0.000343878954607978,
     "wasted-effort": 5
    },
    "worst_case": {
     "top-1": 0.0,
     "top-5": 1.0,
     "top-10": 0.0225,
     "top-200": 0.4348,
     "exam": 0.000343878954607978,
     "wasted-effort": 5
    }
   },
   "Ochiai": {
    "best_case": {
     "top-1": 0.0,
     "top-5": 1,
     "top-10": 0.0208,
     "top-200": 0.4462,
     "exam": 0.000343878954607978,
     "wasted-effort": 5
    },
    "avg_case": {
     "top-1": 0.0,
     "top-5": 1,
     "top-10": 0.0243,
     "top-200": 0.4404,
     "exam": 0.000343878954607978,
     "wasted-effort": 5
    },
    "worst_case": {
     "top-1": 0.0,
     "top-5": 1.0,
     "top-10": 0.0223,
     "top-200": 0.4493,
     "exam": 0.000343878954607978,
     "wasted-effort": 5
    }
   },
   "DStar": {
    "best_case": {
     "top-1": 0,
     "top-5": 0.0125,
     "top-10": 0.0221,
     "top-200": 0.4442,
     "exam": 0.000171939477303989,
     "wasted-effort": 3
    },
    "avg_case": {
     "top-1": 0.0,
     "top-5": 0.0103,
     "top-10": 0.0239,
     "top-200": 0.4462,
     "exam": 0.000171939477303989,
     "wasted-effort": 3
    },
    "worst_case": {
     "top-1": 0.0,
     "top-5": 0.0105,
     "top-10": 0.0229,
     "top-200": 0.4497,
     "exam": 0.000171939477303989,
     "wasted-effort": 3
    }
   },
   "Naish1": {
    "best_case": {
     "top-1": 0.0,
     "top-5": 1,
     "top-10": 0.0203,
     "top-200": 0.4531,
     "exam": 0.000343878954607978,
     "wasted-effort": 5
    },
    "avg_case": {
     "top-1": 0.0,
     "top-5": 1,
     "top-10": 0.0223,
     "top-200": 0.4418,
     "exam": 0.000343878954607978,
     "wasted-effort": 5
    },
    "worst_case": {
     "top-1": 0.0,
     "top-5": 1.0,
     "top-10": 0.0232,
     "top-200": 0.4413,
     "exam": 0.000343878954607978,
     "wasted-effort": 5
    }
   },
   "Naish2": {
    "best_case": {
     "top-1": 0.0,
     "top-5": 1,
     "top-10": 0.0235,
     "top-200": 0.434,
     "exam": 0.000343878954607978,
     "wasted-effort": 5
    },
    "avg_case": {
     "top-1": 0.0,
     "top-5": 1,
     "top-10": 0.0225,
     "top-200": 0.4486,
     "exam": 0.000343878954607978,
     "wasted-effort": 5
    },
    "worst_case": {
     "top-1": 0.0,
     "top-5": 1.0,
     "top-10": 0.0253,
     "top-200": 0.4495,
     "exam": 0.000343878954607978,
     "wasted-effort": 5
    }
   },
   "GP13": {
    "best_case": {
     "top-1": 0.0,
     "top-5": 1,
     "top-10": 0.0233,
     "top-200": 0.4483,
     "exam": 0.000343878954607978,
     "wasted-effort": 5
    },
    "avg_case": {
     "top-1": 0.0,
     "top-5": 1,
     "top-10": 0.0214,
     "top-200": 0.444,
     "exam": 0.000343878954607978,
     "wasted-effort": 5
    },
    "worst_case": {
     "top-1": 0.0,
     "top-5": 1.0,
     "top-10": 0.0232,
     "top-200": 0.4432,
     "exam": 0.000343878954607978,
     "wasted-effort": 5
    }
   }
  },
  "line_line": {
   "Tarantula": {
    "best_case": {
     "top-1": 0.0,
     "top-5": 1,
     "top-10": 0.0301,
     "top-200": 0.602,
     "exam": 0.000343878954607978,
     "wasted-effort": 5
    },
    "avg_case": {
     "top-1": 0.0,
     "top-5": 1,
     "top-10": 0.0304,
     "top-200": 0.5989,
     "exam": 0.000343878954607978,
     "wasted-effort": 5
    },
    "worst_case": {
     "top-1": 0.0,
     "top-5": 1.0,
     "top-10": 0.0287,
     "top-200": 0.603,
     "exam": 0.000343878954607978,
     "wasted-effort": 5
    }
   },
   "Ochiai": {
    "best_case": {
     "top-1": 0.0,
     "top-5": 1,
     "top-10": 0.0288,
     "top-200": 0.6049,
     "exam": 0.000343878954607978,
     "wasted-effort": 5
    },
    "avg_case": {
     "top-1": 0.0,
     "top-5": 1,
     "top-10": 0.0295,
     "top-200": 0.6047,
     "exam": 0.000343878954607978,
     "wasted-effort": 5
    },
    "worst_case": {
     "top-1": 0.0,
     "top-5": 1.0,
     "top-10": 0.0314,
     "top-200": 0.6003,
     "exam": 0.000343878954607978,
     "wasted-effort": 5
    }
   },
   "DStar": {
    "best_case": {
     "top-1": 0,
     "top-5": 0.0156,
     "top-10": 0.0315,
     "top-200": 0.6002,
     "exam": 0.000171939477303989,
     "wasted-effort": 3
    },
    "avg_case": {
     "top-1": 0.0,
     "top-5": 0.0151,
     "top-10": 0.0339,
     "top-200": 0.6041,
     "exam": 0.000171939477303989,
     "wasted-effort": 3
    },
    "worst_case": {
     "top-1": 0.0,
     "top-5": 0.0152,
     "top-10": 0.0295,
     "top-200": 0.5943,
     "exam": 0.000171939477303989,
     "wasted-effort": 3
    }
   },
   "Naish1": {
    "best_case": {
     "top-1": 0.0,
     "top-5": 1,
     "top-10": 0.0168,
     "top-200": 0.3338,
     "exam": 0.000343878954607978,
     "wasted-effort": 5
    },
    "avg_case": {
     "top-1": 0.0,
     "top-5": 1,
     "top-10": 0.0194,
     "top-200": 0.3363,
     "exam": 0.000343878954607978,
     "wasted-effort": 5
    },
    "worst_case": {
     "top-1": 0.0,
     "top-5": 1.0,
     "top-10": 0.0172,
     "top-200": 0.3276,
     "exam": 0.000343878954607978,
     "wasted-effort": 5
    }
   },
   "Naish2": {
    "best_case": {
     "top-1": 0.0,
     "top-5": 1,
     "top-10": 0.0264,
     "top-200": 0.594,
     "exam": 0.000343878954607978,
     "wasted-effort": 5
    },
    "avg_case": {
     "top-1": 0.0,
     "top-5": 1,
     "top-10": 0.0267,
     "top-200": 0.5992,
     "exam": 0.000343878954607978,
     "wasted-effort": 5
    },
    "worst_case": {
     "top-1": 0.0,
     "top-5": 1.0,
     "top-10": 0.0317,
     "top-200": 0.5932,
     "exam": 0.000343878954607978,
     "wasted-effort": 5
    }
   },
   "GP13": {
    "best_case": {
     "top-1": 0.0,
     "top-5": 1,
     "top-10": 0.0289,
     "top-200": 0.6025,
     "exam": 0.000343878954607978,
     "wasted-effort": 5
    },
    "avg_case": {
     "top-1": 0.0,
     "top-5": 1,
     "top-10": 0.0302,
     "top-200": 0.602,
     "exam": 0.000343878954607978,
     "wasted-effort": 5
    },
    "worst_case": {
     "top-1": 0.0,
     "top-5": 1.0,
     "top-10": 0.0292,
     "top-200": 0.5962,
     "exam": 0.000343878954607978,
     "wasted-effort": 5
    }
   }
  },
  "line_defuse": {
   "Tarantula": {
    "best_case": {
     "top-1": 0.0,
     "top-5": 1,
     "top-10": 0.0304,
     "top-200": 0.6044,
     "exam": 0.000343878954607978,
     "wasted-effort": 5
    },
    "avg_case": {
     "top-1": 0.0,
     "top-5": 1,
     "top-10": 0.0285,
     "top-200": 0.5985,
     "exam": 0.000343878954607978,
     "wasted-effort": 5
    },
    "worst_case": {
     "top-1": 0.0,
     "top-5": 1.0,
     "top-10": 0.0304,
     "top-200": 0.6062,
     "exam": 0.000343878954607978,
     "wasted-effort": 5
    }
   },
   "Ochiai": {
    "best_case": {
     "top-1": 0.0,
     "top-5": 1,
     "top-10": 0.03,
     "top-200": 0.5949,
     "exam": 0.000343878954607978,
     "wasted-effort": 5
    },
    "avg_case": {
     "top-1": 0.0,
     "top-5": 1,
     "top-10": 0.0302,
     "top-200": 0.6131,
     "exam": 0.000343878954607978,
     "wasted-effort": 5
    },
    "worst_case": {
     "top-1": 0.0,
     "top-5": 1.0,
     "top-10": 0.0307,
     "top-200": 0.6015,
     "exam": 0.000343878954607978,
     "wasted-effort": 5
    }
   },
   "DStar": {
    "best_case": {
     "top-1": 0,
     "top-5": 0.0149,
     "top-10": 0.0296,
     "top-200": 0.6114,
     "exam": 0.000171939477303989,
     "wasted-effort": 3
    },
    "avg_case": {
     "top-1": 0.0,
     "top-5": 0.0141,
     "top-10": 0.0308,
     "top-200": 0.6134,
     "exam": 0.000171939477303989,
     "wasted-effort": 3
    },
    "worst_case": {
     "top-1": 0.0,
     "top-5": 0.0148,
     "top-10": 0.0316,
     "top-200": 0.6064,
     "exam": 0.000171939477303989,
     "wasted-effort": 3
    }
   },