{
 "tornado_6": {
  "line": {
   "Tarantula": {
    "best_case": {
     "top-1": 0,
     "top-5": 0.0,
     "top-10": 0.297,
     "top-200": 0.8728,
     "exam": 0.0017608586282072782,
     "wasted-effort": 33
    },
    "avg_case": {
     "top-1": 0.0,
     "top-5": 0.0,
     "top-10": 0.1516,
     "top-200": 0.71745,
     "exam": 0.003815193694449103,
     "wasted-effort": 58
    },
    "worst_case": {
     "top-1": 0.0,
     "top-5": 0.0,
     "top-10": 0.075175,
     "top-200": 0.409025,
     "exam": 0.02297501257756163,
     "wasted-effort": 490
    }
   },
   "Ochiai": {
    "best_case": {
     "top-1": 0,
     "top-5": 0.2034,
     "top-10": 0.3917,
     "top-200": 0.876,
     "exam": 0.0010900553412711723,
     "wasted-effort": 25
    },
    "avg_case": {
     "top-1": 0.0,
     "top-5": 0.1008,
     "top-10": 0.1988,
     "top-200": 0.709,
     "exam": 0.003144390407512997,
     "wasted-effort": 50
    },
    "worst_case": {
     "top-1": 0.0,
     "top-5": 0.04935,
     "top-10": 0.10035,
     "top-200": 0.40855,
     "exam": 0.022639610934093578,
     "wasted-effort": 490
    }
   },
   "DStar": {
    "best_case": {
     "top-1": 0.0421,
     "top-5": 0.2049,
     "top-10": 0.4177,
     "top-200": 0.8941,
     "exam": 0.001006204930404159,
     "wasted-effort": 24
    },
    "avg_case": {
     "top-1": 0.02105,
     "top-5": 0.09975,
     "top-10": 0.20745,
     "top-200": 0.7203,
     "exam": 0.0030605399966459838,
     "wasted-effort": 49
    },
    "worst_case": {
     "top-1": 0.010775,
     "top-5": 0.051475,
     "top-10": 0.103975,
     "top-200": 0.416225,
     "exam": 0.02222035887975851,
     "wasted-effort": 481
    }
   },
   "Naish1": {
    "best_case": {
     "top-1": 0,
     "top-5": 0.1994,
     "top-10": 0.3979,
     "top-200": 0.886,
     "exam": 0.0010900553412711723,
     "wasted-effort": 25
    },
    "avg_case": {
     "top-1": 0.0,
     "top-5": 0.0979,
     "top-10": 0.1968,
     "top-200": 0.71795,
     "exam": 0.003144390407512997,
     "wasted-effort": 50
    },
    "worst_case": {
     "top-1": 0.0,
     "top-5": 0.05145,
     "top-10": 0.0996,
     "top-200": 0.415375,
     "exam": 0.022304209290625526,
     "wasted-effort": 482
    }
   },
   "Naish2": {
    "best_case": {
     "top-1": 0,
     "top-5": 0.1989,
     "top-10": 0.4014,
     "top-200": 0.8844,
     "exam": 0.0010900553412711723,
     "wasted-effort": 25
    },
    "avg_case": {
     "top-1": 0.0,
     "top-5": 0.10165,
     "top-10": 0.2005,
     "top-200": 0.7172,
     "exam": 0.003144390407512997,
     "wasted-effort": 50
    },
    "worst_case": {
     "top-1": 0.0,
     "top-5": 0.052025,
     "top-10": 0.099175,
     "top-200": 0.4145,
     "exam": 0.022304209290625526,
     "wasted-effort": 482
    }
   },
   "GP13": {
    "best_case": {
     "top-1": 0,
     "top-5": 0.2021,
     "top-10": 0.3955,
     "top-200": 0.8867,
     "exam": 0.0010900553412711723,
     "wasted-effort": 25
    },
    "avg_case": {
     "top-1": 0.0,
     "top-5": 0.10365,
     "top-10": 0.2033,
     "top-200": 0.7191,
     "exam": 0.003144390407512997,
     "wasted-effort": 50
    },
    "worst_case": {
     "top-1": 0.0,
     "top-5": 0.048875,
     "top-10": 0.10125,
     "top-200": 0.413775,
     "exam": 0.022304209290625526,
     "wasted-effort": 482
    }
   }
  },
  "line_line": {
   "Tarantula": {
    "best_case": {
     "top-1": 0.0,
     "top-5": 0.0,
     "top-10": 0.0,
     "top-200": 0.9329,
     "exam": 0.002012409860808318,
     "wasted-effort": 34
    },
    "avg_case": {
     "top-1": 0.0,
     "top-5": 0.0,
     "top-10": 0.0,
     "top-200": 0.7364,
     "exam": 0.00335401643468053,
     "wasted-effort": 46
    },
    "worst_case": {
     "top-1": 0.0,
     "top-5": 0.0,
     "top-10": 0.0,
     "top-200": 0.365125,
     "exam": 0.03190508133489854,
     "wasted-effort": 488
    }
   },
   "Ochiai": {
    "best_case": {
     "top-1": 0,
     "top-5": 0.0,
     "top-10": 0.3775,
     "top-200": 0.9291,
     "exam": 0.001341606573872212,
     "wasted-effort": 26
    },
    "avg_case": {
     "top-1": 0.0,
     "top-5": 0.0,
     "top-10": 0.19435,
     "top-200": 0.7324,
     "exam": 0.00335401643468053,
     "wasted-effort": 46
    },
    "worst_case": {
     "top-1": 0.0,
     "top-5": 0.0,
     "top-10": 0.09695,
     "top-200": 0.36525,
     "exam": 0.03190508133489854,
     "wasted-effort": 488
    }
   },
   "DStar": {
    "best_case": {
     "top-1": 0.0,
     "top-5": 0,
     "top-10": 0.3993,
     "top-200": 0.935,
     "exam": 0.0012577561630051988,
     "wasted-effort": 25
    },
    "avg_case": {
     "top-1": 0.0,
     "top-5": 0.0,
     "top-10": 0.1977,
     "top-200": 0.73885,
     "exam": 0.0025993627368774107,
     "wasted-effort": 37
    },
    "worst_case": {
     "top-1": 0.0,
     "top-5": 0.0,
     "top-10": 0.100225,
     "top-200": 0.364975,
     "exam": 0.03182123092403153,
     "wasted-effort": 487
    }
   },
   "Naish1": {
    "best_case": {
     "top-1": 0,
     "top-5": 0.3852,
     "top-10": 0.7618,
     "top-200": 0.7607,
     "exam": 0.0005869528760690928,
     "wasted-effort": 13
    },
    "avg_case": {
     "top-1": 0.0,
     "top-5": 0.19275,
     "top-10": 0.38125,
     "top-200": 0.55305,
     "exam": 0.00335401643468053,
     "wasted-effort": 50
    },
    "worst_case": {
     "top-1": 0.0,
     "top-5": 0.094825,
     "top-10": 0.192125,
     "top-200": 0.30135,
     "exam": 0.030102297501257758,
     "wasted-effort": 668
    }
   },
   "Naish2": {
    "best_case": {
     "top-1": 0.0,
     "top-5": 0,
     "top-10": 0.4071,
     "top-200": 0.9283,
     "exam": 0.0012577561630051988,
     "wasted-effort": 25
    },
    "avg_case": {
     "top-1": 0.0,
     "top-5": 0.0,
     "top-10": 0.20445,
     "top-200": 0.7284,
     "exam": 0.00335401643468053,
     "wasted-effort": 46
    },
    "worst_case": {
     "top-1": 0.0,
     "top-5": 0.0,
     "top-10": 0.09875,
     "top-200": 0.365775,
     "exam": 0.03190508133489854,
     "wasted-effort": 488
    }
   },
   "GP13": {
    "best_case": {
     "top-1": 0.0,
     "top-5": 0,
     "top-10": 0.4017,
     "top-200": 0.9283,
     "exam": 0.0012577561630051988,
     "wasted-effort": 25
    },
    "avg_case": {
     "top-1": 0.0,
     "top-5": 0.0,
     "top-10": 0.2022,
     "top-200": 0.7305,
     "exam": 0.00335401643468053,
     "wasted-effort": 46
    },
    "worst_case": {
     "top-1": 0.0,
     "top-5": 0.0,
     "top-10": 0.1009,
     "top-200": 0.364775,
     "exam": 0.03190508133489854,
     "wasted-effort": 488
    }
   }
  },
  "line_defuse": {
   "Tarantula": {
    "best_case": {
     "top-1": 0.0,
     "top-5": 0.0,
     "top-10": 0.0,
     "top-200": 0.9327,
     "exam": 0.002012409860808318,
     "wasted-effort": 34
    },
    "avg_case": {
     "top-1": 0.0,
     "top-5": 0.0,
     "top-10": 0.0,
     "top-200": 0.73175,
     "exam": 0.00335401643468053,
     "wasted-effort": 46
    },
    "worst_case": {
     "top-1": 0.0,
     "top-5": 0.0,
     "top-10": 0.0,
     "top-200": 0.3658,
     "exam": 0.03190508133489854,
     "wasted-effort": 488
    }
   },
   "Ochiai": {
    "best_case": {
     "top-1": 0,
     "top-5": 0.0,
     "top-10": 0.381,
     "top-200": 0.9295,
     "exam": 0.001341606573872212,
     "wasted-effort": 26
    },
    "avg_case": {
     "top-1": 0.0,
     "top-5": 0.0,
     "top-10": 0.195,
     "top-200": 0.7365,
     "exam": 0.00335401643468053,
     "wasted-effort": 46
    },
    "worst_case": {
     "top-1": 0.0,
     "top-5": 0.0,
     "top-10": 0.0949,
     "top-200": 0.365825,
     "exam": 0.03190508133489854,
     "wasted-effort": 488
    }
   },
   "DStar": {
    "best_case": {
     "top-1": 0.0,
     "top-5": 0,
     "top-10": 0.3987,
     "top-200": 0.9312,
     "exam": 0.0012577561630051988,
     "wasted-effort": 25
    },
    "avg_case": {
     "top-1": 0.0,
     "top-5": 0.0,
     "top-10": 0.19995,
     "top-200": 0.7288,
     "exam": 0.0025993627368774107,
     "wasted-effort": 37
    },