{
 "tornado_15": {
  "line": {
   "Tarantula": {
    "best_case": {
     "top-1": 0.0,
     "top-5": 0.0,
     "top-10": 0.0,
     "top-200": 0.0953,
     "exam": 0.007752653437932626,
     "wasted-effort": 115
    },
    "avg_case": {
     "top-1": 0.0,
     "top-5": 0.0,
     "top-10": 0.0,
     "top-200": 0.04625,
     "exam": 0.6065528380249192,
     "wasted-effort": 10835
    },
    "worst_case": {
     "top-1": 0.0,
     "top-5": 0.0,
     "top-10": 0.0,
     "top-200": 0.02345,
     "exam": 0.6065528380249192,
     "wasted-effort": 10835
    }
   },
   "Ochiai": {
    "best_case": {
     "top-1": 0.0,
     "top-5": 0.0,
     "top-10": 0.0,
     "top-200": 0.0984,
     "exam": 0.007752653437932626,
     "wasted-effort": 115
    },
    "avg_case": {
     "top-1": 0.0,
     "top-5": 0.0,
     "top-10": 0.0,
     "top-200": 0.04945,
     "exam": 0.6065528380249192,
     "wasted-effort": 10835
    },
    "worst_case": {
     "top-1": 0.0,
     "top-5": 0.0,
     "top-10": 0.0,
     "top-200": 0.0234,
     "exam": 0.6065528380249192,
     "wasted-effort": 10835
    }
   },
   "DStar": {
    "best_case": {
     "top-1": 0.0,
     "top-5": 0.0,
     "top-10": 0.0,
     "top-200": 0.0973,
     "exam": 0.007752653437932626,
     "wasted-effort": 115
    },
    "avg_case": {
     "top-1": 0.0,
     "top-5": 0.0,
     "top-10": 0.0,
     "top-200": 0.0493,
     "exam": 0.6065528380249192,
     "wasted-effort": 10835
    },
    "worst_case": {
     "top-1": 0.0,
     "top-5": 0.0,
     "top-10": 0.0,
     "top-200": 0.02415,
     "exam": 0.6065528380249192,
     "wasted-effort": 10835
    }
   },
   "Naish1": {
    "best_case": {
     "top-1": 0.0,
     "top-5": 0.0,
     "top-10": 0.0,
     "top-200": 0.0994,
     "exam": 0.007752653437932626,
     "wasted-effort": 115
    },
    "avg_case": {
     "top-1": 0.0,
     "top-5": 0.0,
     "top-10": 0.0,
     "top-200": 0.0498,
     "exam": 0.6065528380249192,
     "wasted-effort": 10835
    },
    "worst_case": {
     "top-1": 0.0,
     "top-5": 0.0,
     "top-10": 0.0,
     "top-200": 0.0232,
     "exam": 0.6065528380249192,
     "wasted-effort": 10835
    }
   },
   "Naish2": {
    "best_case": {
     "top-1": 0.0,
     "top-5": 0.0,
     "top-10": 0.0,
     "top-200": 0.0947,
     "exam": 0.007752653437932626,
     "wasted-effort": 115
    },
    "avg_case": {
     "top-1": 0.0,
     "top-5": 0.0,
     "top-10": 0.0,
     "top-200": 0.048,
     "exam": 0.6065528380249192,
     "wasted-effort": 10835
    },
    "worst_case": {
     "top-1": 0.0,
     "top-5": 0.0,
     "top-10": 0.0,
     "top-200": 0.023375,
     "exam": 0.6065528380249192,
     "wasted-effort": 10835
    }
   },
   "GP13": {
    "best_case": {
     "top-1": 0.0,
     "top-5": 0.0,
     "top-10": 0.0,
     "top-200": 0.093,
     "exam": 0.007752653437932626,
     "wasted-effort": 115
    },
    "avg_case": {
     "top-1": 0.0,
     "top-5": 0.0,
     "top-10": 0.0,
     "top-200": 0.0469,
     "exam": 0.6065528380249192,
     "wasted-effort": 10835
    },
    "worst_case": {
     "top-1": 0.0,
     "top-5": 0.0,
     "top-10": 0.0,
     "top-200": 0.023825,
     "exam": 0.6065528380249192,
     "wasted-effort": 10835
    }
   }
  },
  "line_line": {
   "Tarantula": {
    "best_case": {
     "top-1": 0.0,
     "top-5": 0.0,
     "top-10": 0.0,
     "top-200": 0.1444,
     "exam": 0.007752653437932626,
     "wasted-effort": 115
    },
    "avg_case": {
     "top-1": 0.0,
     "top-5": 0.0,
     "top-10": 0.0,
     "top-200": 0.0729,
     "exam": 0.6065528380249192,
     "wasted-effort": 10835
    },
    "worst_case": {
     "top-1": 0.0,
     "top-5": 0.0,
     "top-10": 0.0,
     "top-200": 0.0369,
     "exam": 0.6065528380249192,
     "wasted-effort": 10835
    }
   },
   "Ochiai": {
    "best_case": {
     "top-1": 0.0,
     "top-5": 0.0,
     "top-10": 0.0,
     "top-200": 0.1495,
     "exam": 0.007752653437932626,
     "wasted-effort": 115
    },
    "avg_case": {
     "top-1": 0.0,
     "top-5": 0.0,
     "top-10": 0.0,
     "top-200": 0.07765,
     "exam": 0.6065528380249192,
     "wasted-effort": 10835
    },
    "worst_case": {
     "top-1": 0.0,
     "top-5": 0.0,
     "top-10": 0.0,
     "top-200": 0.0369,
     "exam": 0.6065528380249192,
     "wasted-effort": 10835
    }
   },
   "DStar": {
    "best_case": {
     "top-1": 0.0,
     "top-5": 0.0,
     "top-10": 0.0,
     "top-200": 0.1452,
     "exam": 0.007752653437932626,
     "wasted-effort": 115
    },
    "avg_case": {
     "top-1": 0.0,
     "top-5": 0.0,
     "top-10": 0.0,
     "top-200": 0.07495,
     "exam": 0.6065528380249192,
     "wasted-effort": 10835
    },
    "worst_case": {
     "top-1": 0.0,
     "top-5": 0.0,
     "top-10": 0.0,
     "top-200": 0.037225,
     "exam": 0.6065528380249192,
     "wasted-effort": 10835
    }
   },
   "Naish1": {
    "best_case": {
     "top-1": 0.0,
     "top-5": 0.0,
     "top-10": 0.0,
     "top-200": 0.0871,
     "exam": 0.007752653437932626,
     "wasted-effort": 115
    },
    "avg_case": {
     "top-1": 0.0,
     "top-5": 0.0,
     "top-10": 0.0,
     "top-200": 0.04505,
     "exam": 0.6065528380249192,
     "wasted-effort": 10835
    },
    "worst_case": {
     "top-1": 0.0,
     "top-5": 0.0,
     "top-10": 0.0,
     "top-200": 0.020675,
     "exam": 0.6065528380249192,
     "wasted-effort": 10835
    }
   },
   "Naish2": {
    "best_case": {
     "top-1": 0.0,
     "top-5": 0.0,
     "top-10": 0.0,
     "top-200": 0.147,
     "exam": 0.007752653437932626,
     "wasted-effort": 115
    },
    "avg_case": {
     "top-1": 0.0,
     "top-5": 0.0,
     "top-10": 0.0,
     "top-200": 0.0717,
     "exam": 0.6065528380249192,
     "wasted-effort": 10835
    },
    "worst_case": {
     "top-1": 0.0,
     "top-5": 0.0,
     "top-10": 0.0,
     "top-200": 0.036975,
     "exam": 0.6065528380249192,
     "wasted-effort": 10835
    }
   },
   "GP13": {
    "best_case": {
     "top-1": 0.0,
     "top-5": 0.0,
     "top-10": 0.0,
     "top-200": 0.149,
     "exam": 0.007475772958006461,
     "wasted-effort": 112
    },
    "avg_case": {
     "top-1": 0.0,
     "top-5": 0.0,
     "top-10": 0.0,
     "top-200": 0.07815,
     "exam": 0.6065528380249192,
     "wasted-effort": 10835
    },
    "worst_case": {
     "top-1": 0.0,
     "top-5": 0.0,
     "top-10": 0.0,
     "top-200": 0.0377,
     "exam": 0.6065528380249192,
     "wasted-effort": 10835
    }
   }
  },
  "line_defuse": {
   "Tarantula": {
    "best_case": {
     "top-1": 0.0,
     "top-5": 0.0,
     "top-10": 0.0,
     "top-200": 0.145,
     "exam": 0.007752653437932626,
     "wasted-effort": 115
    },
    "avg_case": {
     "top-1": 0.0,
     "top-5": 0.0,
     "top-10": 0.0,
     "top-200": 0.07705,
     "exam": 0.6065528380249192,
     "wasted-effort": 10835
    },
    "worst_case": {
     "top-1": 0.0,
     "top-5": 0.0,
     "top-10": 0.0,
     "top-200": 0.037375,
     "exam": 0.6065528380249192,
     "wasted-effort": 10835
    }
   },
   "Ochiai": {
    "best_case": {
     "top-1": 0.0,
     "top-5": 0.0,
     "top-10": 0.0,
     "top-200": 0.1479,
     "exam": 0.007752653437932626,
     "wasted-effort": 115
    },
    "avg_case": {
     "top-1": 0.0,
     "top-5": 0.0,
     "top-10": 0.0,
     "top-200": 0.07465,
     "exam": 0.6065528380249192,
     "wasted-effort": 10835
    },
    "worst_case": {
     "top-1": 0.0,
     "top-5": 0.0,
     "top-10": 0.0,
     "top-200": 0.038175,
     "exam": 0.6065528380249192,
     "wasted-effort": 10835
    }
   },
   "DStar": {
    "best_case": {
     "top-1": 0.0,
     "top-5": 0.0,
     "top-10": 0.0,
     "top-200": 0.1516,
     "exam": 0.007752653437932626,
     "wasted-effort": 115
    },
    "avg_case": {
     "top-1": 0.0,
     "top-5": 0.0,
     "top-10": 0.0,
     "top-200": 0.07525,
     "exam": 0.6065528380249192,
     "wasted-effort": 10835
    },
    "worst_case": {
     "top-1": 0.0,
     "top-5": 0.0,
     "top-10": 0.0,
     "top-200": 0.03765,
     "exam": 0.6065528380249192,