{
 "tornado_1": {
  "line": {
   "Tarantula": {
    "best_case": {
     "top-1": 1,
     "top-5": 0.3924,
     "top-10": 0.7698,
     "top-200": 0.8452,
     "exam": 8.30357884248111e-05,
     "wasted-effort": 1
    },
    "avg_case": {
     "top-1": 0.5,
     "top-5": 0.18885,
     "top-10": 0.38525,
     "top-200": 0.42855,
     "exam": 0.21340197625176452,
     "wasted-effort": 3001
    },
    "worst_case": {
     "top-1": 0.25,
     "top-5": 0.09635,
     "top-10": 0.19135,
     "top-200": 0.2124,
     "exam": 0.624595200531429,
     "wasted-effort": 12043
    }
   },
   "Ochiai": {
    "best_case": {
     "top-1": 1,
     "top-5": 0.3843,
     "top-10": 0.7603,
     "top-200": 0.8566,
     "exam": 8.30357884248111e-05,
     "wasted-effort": 1
    },
    "avg_case": {
     "top-1": 0.5,
     "top-5": 0.19435,
     "top-10": 0.385,
     "top-200": 0.42685,
     "exam": 0.21340197625176452,
     "wasted-effort": 3001
    },
    "worst_case": {
     "top-1": 0.25,
     "top-5": 0.094175,
     "top-10": 0.192875,
     "top-200": 0.213025,
     "exam": 0.624595200531429,
     "wasted-effort": 12043
    }
   },
   "DStar": {
    "best_case": {
     "top-1": 0.0,
     "top-5": 0.0,
     "top-10": 0.0,
     "top-200": 0.0,
     "exam": 0.2133604583575521,
     "wasted-effort": 3001
    },
    "avg_case": {
     "top-1": 0.0,
     "top-5": 0.0,
     "top-10": 0.0,
     "top-200": 0.0,
     "exam": 0.2133604583575521,
     "wasted-effort": 3001
    },
    "worst_case": {
     "top-1": 0.0,
     "top-5": 0.0,
     "top-10": 0.0,
     "top-200": 0.0,
     "exam": 0.624595200531429,
     "wasted-effort": 12043
    }
   },
   "Naish1": {
    "best_case": {
     "top-1": 1,
     "top-5": 0.3844,
     "top-10": 0.774,
     "top-200": 0.8531,
     "exam": 8.30357884248111e-05,
     "wasted-effort": 1
    },
    "avg_case": {
     "top-1": 0.5,
     "top-5": 0.19375,
     "top-10": 0.3845,
     "top-200": 0.42515,
     "exam": 0.21340197625176452,
     "wasted-effort": 3001
    },
    "worst_case": {
     "top-1": 0.25,
     "top-5": 0.097775,
     "top-10": 0.192675,
     "top-200": 0.2125,
     "exam": 0.624595200531429,
     "wasted-effort": 12043
    }
   },
   "Naish2": {
    "best_case": {
     "top-1": 1,
     "top-5": 0.3888,
     "top-10": 0.7712,
     "top-200": 0.8475,
     "exam": 8.30357884248111e-05,
     "wasted-effort": 1
    },
    "avg_case": {
     "top-1": 0.5,
     "top-5": 0.18885,
     "top-10": 0.385,
     "top-200": 0.42595,
     "exam": 0.21431536992443742,
     "wasted-effort": 2637
    },
    "worst_case": {
     "top-1": 0.25,
     "top-5": 0.0963,
     "top-10": 0.1909,
     "top-200": 0.212925,
     "exam": 0.624595200531429,
     "wasted-effort": 12043
    }
   },
   "GP13": {
    "best_case": {
     "top-1": 1,
     "top-5": 0.3814,
     "top-10": 0.7741,
     "top-200": 0.8436,
     "exam": 8.30357884248111e-05,
     "wasted-effort": 1
    },
    "avg_case": {
     "top-1": 0.5,
     "top-5": 0.1912,
     "top-10": 0.37995,
     "top-200": 0.4259,
     "exam": 0.21340197625176452,
     "wasted-effort": 3001
    },
    "worst_case": {
     "top-1": 0.25,
     "top-5": 0.09775,
     "top-10": 0.19205,
     "top-200": 0.212025,
     "exam": 0.624595200531429,
     "wasted-effort": 12043
    }
   }
  },
  "line_line": {
   "Tarantula": {
    "best_case": {
     "top-1": 1,
     "top-5": 0.834,
     "top-10": 0.9132,
     "top-200": 0.9222,
     "exam": 8.30357884248111e-05,
     "wasted-effort": 1
    },
    "avg_case": {
     "top-1": 0.5,
     "top-5": 0.4172,
     "top-10": 0.45445,
     "top-200": 0.4636,
     "exam": 0.21340197625176452,
     "wasted-effort": 3001
    },
    "worst_case": {
     "top-1": 0.25,
     "top-5": 0.207825,
     "top-10": 0.22675,
     "top-200": 0.23255,
     "exam": 0.624595200531429,
     "wasted-effort": 12043
    }
   },
   "Ochiai": {
    "best_case": {
     "top-1": 1,
     "top-5": 0.8382,
     "top-10": 1,
     "top-200": 0.8865,
     "exam": 8.30357884248111e-05,
     "wasted-effort": 1
    },
    "avg_case": {
     "top-1": 0.5,
     "top-5": 0.41475,
     "top-10": 0.5,
     "top-200": 0.4411,
     "exam": 0.21340197625176452,
     "wasted-effort": 3001
    },
    "worst_case": {
     "top-1": 0.25,
     "top-5": 0.20835,
     "top-10": 0.25,
     "top-200": 0.22225,
     "exam": 0.624595200531429,
     "wasted-effort": 12043
    }
   },
   "DStar": {
    "best_case": {
     "top-1": 0.0,
     "top-5": 0,
     "top-10": 0,
     "top-200": 0.0,
     "exam": 0.2133604583575521,
     "wasted-effort": 3001
    },
    "avg_case": {
     "top-1": 0.0,
     "top-5": 0.0,
     "top-10": 0.0,
     "top-200": 0.0,
     "exam": 0.2133604583575521,
     "wasted-effort": 3001
    },
    "worst_case": {
     "top-1": 0.0,
     "top-5": 0.0,
     "top-10": 0.0,
     "top-200": 0.0,
     "exam": 0.624595200531429,
     "wasted-effort": 12043
    }
   },
   "Naish1": {
    "best_case": {
     "top-1": 1,
     "top-5": 0.8278,
     "top-10": 0.9078,
     "top-200": 0.9448,
     "exam": 8.30357884248111e-05,
     "wasted-effort": 1
    },
    "avg_case": {
     "top-1": 0.5,
     "top-5": 0.4171,
     "top-10": 0.4533,
     "top-200": 0.47125,
     "exam": 0.18986133023333057,
     "wasted-effort": 3001
    },
    "worst_case": {
     "top-1": 0.25,
     "top-5": 0.207075,
     "top-10": 0.22715,
     "top-200": 0.235075,
     "exam": 0.624595200531429,
     "wasted-effort": 12043
    }
   },
   "Naish2": {
    "best_case": {
     "top-1": 1,
     "top-5": 0.8319,
     "top-10": 0.9127,
     "top-200": 0.9452,
     "exam": 8.30357884248111e-05,
     "wasted-effort": 1
    },
    "avg_case": {
     "top-1": 0.5,
     "top-5": 0.41625,
     "top-10": 0.4561,
     "top-200": 0.4721,
     "exam": 0.21340197625176452,
     "wasted-effort": 3001
    },
    "worst_case": {
     "top-1": 0.25,
     "top-5": 0.208925,
     "top-10": 0.226825,
     "top-200": 0.237,
     "exam": 0.624595200531429,
     "wasted-effort": 12043
    }
   },
   "GP13": {
    "best_case": {
     "top-1": 1,
     "top-5": 0.8326,
     "top-10": 0.9102,
     "top-200": 0.9768,
     "exam": 8.30357884248111e-05,
     "wasted-effort": 1
    },
    "avg_case": {
     "top-1": 0.5,
     "top-5": 0.4165,
     "top-10": 0.45345,
     "top-200": 0.4867,
     "exam": 0.21340197625176452,
     "wasted-effort": 3001
    },
    "worst_case": {
     "top-1": 0.25,
     "top-5": 0.209125,
     "top-10": 0.2272,
     "top-200": 0.243775,
     "exam": 0.624595200531429,
     "wasted-effort": 12043
    }
   }
  },
  "line_defuse": {
   "Tarantula": {
    "best_case": {
     "top-1": 1,
     "top-5": 0.7193,
     "top-10": 0.9051,
     "top-200": 0.963,
     "exam": 8.30357884248111e-05,
     "wasted-effort": 1
    },
    "avg_case": {
     "top-1": 0.5,
     "top-5": 0.3594,
     "top-10": 0.45495,
     "top-200": 0.47975,
     "exam": 0.21340197625176452,
     "wasted-effort": 3001
    },
    "worst_case": {
     "top-1": 0.25,
     "top-5": 0.179825,
     "top-10": 0.22685,
     "top-200": 0.24015,
     "exam": 0.624595200531429,
     "wasted-effort": 12043
    }
   },
   "Ochiai": {
    "best_case": {
     "top-1": 1,
     "top-5": 0.8373,
     "top-10": 1,
     "top-200": 0.9554,
     "exam": 8.30357884248111e-05,
     "wasted-effort": 1
    },
    "avg_case": {
     "top-1": 0.5,
     "top-5": 0.4168,
     "top-10": 0.5,
     "top-200": 0.47815,
     "exam": 0.21340197625176452,
     "wasted-effort": 3001
    },
    "worst_case": {
     "top-1": 0.25,
     "top-5": 0.209,
     "top-10": 0.25,
     "top-200": 0.23915,
     "exam": 0.624595200531429,
     "wasted-effort": 12043
    }
   },
   "DStar": {
    "best_case": {
     "top-1": 0.0,
     "top-5": 0,
     "top-10": 0.0,
     "top-200": 0.0,
     "exam": 0.2133604583575521,
     "wasted-effort": 3001
    },
    "avg_case": {
     "top-1": 0.0,
     "top-5": 0.0,
     "top-10": 0.0,
     "top-200": 0.0,
     "exam": 0.2133604583575521,
     "wasted-effort": 3001
    },