{
 "tornado_12": {
  "line": {
   "Tarantula": {
    "best_case": {
     "top-1": 0.0272,
     "top-5": 0.1479,
     "top-10": 0.2861,
     "top-200": 0.9586,
     "exam": 0.0029239766081871343,
     "wasted-effort": 65
    },
    "avg_case": {
     "top-1": 0.01525,
     "top-5": 0.0743,
     "top-10": 0.1572,
     "top-200": 0.78985,
     "exam": 0.0029239766081871343,
     "wasted-effort": 65
    },
    "worst_case": {
     "top-1": 0.008425,
     "top-5": 0.03875,
     "top-10": 0.074025,
     "top-200": 0.395625,
     "exam": 0.6184885290148449,
     "wasted-effort": 11115
    }
   },
   "Ochiai": {
    "best_case": {
     "top-1": 0.0306,
     "top-5": 0.1457,
     "top-10": 0.2838,
     "top-200": 0.9576,
     "exam": 0.0029239766081871343,
     "wasted-effort": 65
    },
    "avg_case": {
     "top-1": 0.0149,
     "top-5": 0.0756,
     "top-10": 0.15385,
     "top-200": 0.7902,
     "exam": 0.0029239766081871343,
     "wasted-effort": 65
    },
    "worst_case": {
     "top-1": 0.0075,
     "top-5": 0.037775,
     "top-10": 0.07765,
     "top-200": 0.3967,
     "exam": 0.6184885290148449,
     "wasted-effort": 11115
    }
   },
   "DStar": {
    "best_case": {
     "top-1": 0.0,
     "top-5": 0.0,
     "top-10": 0.0,
     "top-200": 0.0908,
     "exam": 0.10841205578047683,
     "wasted-effort": 2219
    },
    "avg_case": {
     "top-1": 0.0,
     "top-5": 0.0,
     "top-10": 0.0,
     "top-200": 0.04225,
     "exam": 0.21830859199280253,
     "wasted-effort": 2634
    },
    "worst_case": {
     "top-1": 0.0,
     "top-5": 0.0,
     "top-10": 0.0,
     "top-200": 0.02105,
     "exam": 0.6184885290148449,
     "wasted-effort": 11115
    }
   },
   "Naish1": {
    "best_case": {
     "top-1": 0.0333,
     "top-5": 0.148,
     "top-10": 0.2821,
     "top-200": 0.9601,
     "exam": 0.0029239766081871343,
     "wasted-effort": 65
    },
    "avg_case": {
     "top-1": 0.01545,
     "top-5": 0.07405,
     "top-10": 0.15045,
     "top-200": 0.7924,
     "exam": 0.0029239766081871343,
     "wasted-effort": 65
    },
    "worst_case": {
     "top-1": 0.007975,
     "top-5": 0.03965,
     "top-10": 0.074175,
     "top-200": 0.395925,
     "exam": 0.6184885290148449,
     "wasted-effort": 11115
    }
   },
   "Naish2": {
    "best_case": {
     "top-1": 0.0328,
     "top-5": 0.1465,
     "top-10": 0.2826,
     "top-200": 0.9553,
     "exam": 0.0029239766081871343,
     "wasted-effort": 65
    },
    "avg_case": {
     "top-1": 0.0154,
     "top-5": 0.0756,
     "top-10": 0.1548,
     "top-200": 0.7895,
     "exam": 0.0029239766081871343,
     "wasted-effort": 65
    },
    "worst_case": {
     "top-1": 0.007375,
     "top-5": 0.0385,
     "top-10": 0.075725,
     "top-200": 0.396875,
     "exam": 0.6184885290148449,
     "wasted-effort": 11115
    }
   },
   "GP13": {
    "best_case": {
     "top-1": 0.0327,
     "top-5": 0.1571,
     "top-10": 0.2873,
     "top-200": 0.9588,
     "exam": 0.0029239766081871343,
     "wasted-effort": 65
    },
    "avg_case": {
     "top-1": 0.0157,
     "top-5": 0.07705,
     "top-10": 0.1589,
     "top-200": 0.7868,
     "exam": 0.0029239766081871343,
     "wasted-effort": 65
    },
    "worst_case": {
     "top-1": 0.007825,
     "top-5": 0.039225,
     "top-10": 0.0756,
     "top-200": 0.3969,
     "exam": 0.6184885290148449,
     "wasted-effort": 11115
    }
   }
  },
  "line_line": {
   "Tarantula": {
    "best_case": {
     "top-1": 0.3356,
     "top-5": 1.0,
     "top-10": 0.7881,
     "top-200": 0.2747,
     "exam": 0.0002699055330634278,
     "wasted-effort": 6
    },
    "avg_case": {
     "top-1": 0.1675,
     "top-5": 0.8324,
     "top-10": 0.523,
     "top-200": 0.146,
     "exam": 0.0002699055330634278,
     "wasted-effort": 6
    },
    "worst_case": {
     "top-1": 0.08285,
     "top-5": 0.417375,
     "top-10": 0.2621,
     "top-200": 0.0735,
     "exam": 0.6184885290148449,
     "wasted-effort": 11115
    }
   },
   "Ochiai": {
    "best_case": {
     "top-1": 0.3271,
     "top-5": 1.0,
     "top-10": 0.7872,
     "top-200": 0.9957,
     "exam": 0.0002699055330634278,
     "wasted-effort": 6
    },
    "avg_case": {
     "top-1": 0.17035,
     "top-5": 0.8309,
     "top-10": 0.52205,
     "top-200": 0.93785,
     "exam": 0.0002699055330634278,
     "wasted-effort": 6
    },
    "worst_case": {
     "top-1": 0.08255,
     "top-5": 0.4167,
     "top-10": 0.2628,
     "top-200": 0.466725,
     "exam": 0.6184885290148449,
     "wasted-effort": 11115
    }
   },
   "DStar": {
    "best_case": {
     "top-1": 0.0,
     "top-5": 0.0,
     "top-10": 0.0,
     "top-200": 0.0,
     "exam": 0.18677462887989205,
     "wasted-effort": 2219
    },
    "avg_case": {
     "top-1": 0.0,
     "top-5": 0.0,
     "top-10": 0.0,
     "top-200": 0.0,
     "exam": 0.21830859199280253,
     "wasted-effort": 2634
    },
    "worst_case": {
     "top-1": 0.0,
     "top-5": 0.0,
     "top-10": 0.0,
     "top-200": 0.0,
     "exam": 0.6184885290148449,
     "wasted-effort": 11115
    }
   },
   "Naish1": {
    "best_case": {
     "top-1": 0.3286,
     "top-5": 1.0,
     "top-10": 0.7907,
     "top-200": 0.96,
     "exam": 0.0002699055330634278,
     "wasted-effort": 6
    },
    "avg_case": {
     "top-1": 0.1643,
     "top-5": 0.82945,
     "top-10": 0.5238,
     "top-200": 0.80065,
     "exam": 0.0002699055330634278,
     "wasted-effort": 6
    },
    "worst_case": {
     "top-1": 0.0831,
     "top-5": 0.415175,
     "top-10": 0.26525,
     "top-200": 0.398575,
     "exam": 0.6184885290148449,
     "wasted-effort": 11115
    }
   },
   "Naish2": {
    "best_case": {
     "top-1": 0.3301,
     "top-5": 1.0,
     "top-10": 0.7853,
     "top-200": 0.9607,
     "exam": 0.0002699055330634278,
     "wasted-effort": 6
    },
    "avg_case": {
     "top-1": 0.16585,
     "top-5": 0.8316,
     "top-10": 0.5255,
     "top-200": 0.79885,
     "exam": 0.0002699055330634278,
     "wasted-effort": 6
    },
    "worst_case": {
     "top-1": 0.084225,
     "top-5": 0.4156,
     "top-10": 0.263175,
     "top-200": 0.400875,
     "exam": 0.6184885290148449,
     "wasted-effort": 11115
    }
   },
   "GP13": {
    "best_case": {
     "top-1": 0.33,
     "top-5": 1.0,
     "top-10": 0.788,
     "top-200": 0.2764,
     "exam": 0.0002699055330634278,
     "wasted-effort": 6
    },
    "avg_case": {
     "top-1": 0.1687,
     "top-5": 0.8302,
     "top-10": 0.5266,
     "top-200": 0.146,
     "exam": 0.0002699055330634278,
     "wasted-effort": 6
    },
    "worst_case": {
     "top-1": 0.08195,
     "top-5": 0.415875,
     "top-10": 0.260575,
     "top-200": 0.076625,
     "exam": 0.6184885290148449,
     "wasted-effort": 11115
    }
   }
  },
  "line_defuse": {
   "Tarantula": {
    "best_case": {
     "top-1": 0.0,
     "top-5": 0.779,
     "top-10": 1,
     "top-200": 1.0,
     "exam": 0.0006297795771479982,
     "wasted-effort": 10
    },
    "avg_case": {
     "top-1": 0.0,
     "top-5": 0.4975,
     "top-10": 1.0,
     "top-200": 0.98045,
     "exam": 0.0006297795771479982,
     "wasted-effort": 10
    },
    "worst_case": {
     "top-1": 0.0,
     "top-5": 0.247275,
     "top-10": 0.5,
     "top-200": 0.4902,
     "exam": 0.6184885290148449,
     "wasted-effort": 11115
    }
   },
   "Ochiai": {
    "best_case": {
     "top-1": 0.0,
     "top-5": 0.7805,
     "top-10": 1,
     "top-200": 0.9977,
     "exam": 0.0006297795771479982,
     "wasted-effort": 10
    },
    "avg_case": {
     "top-1": 0.0,
     "top-5": 0.4994,
     "top-10": 1.0,
     "top-200": 0.94695,
     "exam": 0.0006297795771479982,
     "wasted-effort": 10
    },
    "worst_case": {
     "top-1": 0.0,
     "top-5": 0.25165,
     "top-10": 0.5,
     "top-200": 0.47445,
     "exam": 0.6184885290148449,
     "wasted-effort": 11115
    }
   },
   "DStar": {
    "best_case": {
     "top-1": 0.0,
     "top-5": 0.0,
     "top-10": 0.0,
     "top-200": 0.0,
     "exam": 0.18677462887989205,
     "wasted-effort": 2219
    },
    "avg_case": {
     "top-1": 0.0,