{
 "tqdm_4": {
  "line": {
   "Tarantula": {
    "best_case": {
     "top-1": 0.5061,
     "top-5": 0.8361,
     "top-10": 0.9062,
     "top-200": 0.851,
     "exam": 0.000651890482398957,
     "wasted-effort": 2
    },
    "avg_case": {
     "top-1": 0.4965,
     "top-5": 0.8377,
     "top-10": 0.9092,
     "top-200": 0.8555,
     "exam": 0.000651890482398957,
     "wasted-effort": 2
    },
    "worst_case": {
     "top-1": 0.5005,
     "top-5": 0.8329,
     "top-10": 0.9097,
     "top-200": 0.8483,
     "exam": 0.000651890482398957,
     "wasted-effort": 2
    }
   },
   "Ochiai": {
    "best_case": {
     "top-1": 0.502,
     "top-5": 0.8419,
     "top-10": 0.9088,
     "top-200": 0.8569,
     "exam": 0.000651890482398957,
     "wasted-effort": 2
    },
    "avg_case": {
     "top-1": 0.4999,
     "top-5": 0.8369,
     "top-10": 0.9069,
     "top-200": 0.8454,
     "exam": 0.000651890482398957,
     "wasted-effort": 2
    },
    "worst_case": {
     "top-1": 0.4999,
     "top-5": 0.836,
     "top-10": 0.9116,
     "top-200": 0.8443,
     "exam": 0.000651890482398957,
     "wasted-effort": 2
    }
   },
   "DStar": {
    "best_case": {
     "top-1": 0.5005,
     "top-5": 0.8368,
     "top-10": 0.9105,
     "top-200": 0.8482,
     "exam": 0.000651890482398957,
     "wasted-effort": 2
    },
    "avg_case": {
     "top-1": 0.5036,
     "top-5": 0.8373,
     "top-10": 0.9076,
     "top-200": 0.8575,
     "exam": 0.000651890482398957,
     "wasted-effort": 2
    },
    "worst_case": {
     "top-1": 0.5073,
     "top-5": 0.8362,
     "top-10": 0.9085,
     "top-200": 0.8513,
     "exam": 0.000651890482398957,
     "wasted-effort": 2
    }
   },
   "Naish1": {
    "best_case": {
     "top-1": 0.4972,
     "top-5": 0.8331,
     "top-10": 0.9074,
     "top-200": 0.8567,
     "exam": 0.000651890482398957,
     "wasted-effort": 2
    },
    "avg_case": {
     "top-1": 0.4932,
     "top-5": 0.8229,
     "top-10": 0.9138,
     "top-200": 0.849,
     "exam": 0.000651890482398957,
     "wasted-effort": 2
    },
    "worst_case": {
     "top-1": 0.4945,
     "top-5": 0.8371,
     "top-10": 0.9101,
     "top-200": 0.8465,
     "exam": 0.000651890482398957,
     "wasted-effort": 2
    }
   },
   "Naish2": {
    "best_case": {
     "top-1": 0.4982,
     "top-5": 0.8388,
     "top-10": 0.9114,
     "top-200": 0.8473,
     "exam": 0.000651890482398957,
     "wasted-effort": 2
    },
    "avg_case": {
     "top-1": 0.5026,
     "top-5": 0.8288,
     "top-10": 0.9138,
     "top-200": 0.8515,
     "exam": 0.000651890482398957,
     "wasted-effort": 2
    },
    "worst_case": {
     "top-1": 0.4906,
     "top-5": 0.837,
     "top-10": 0.9099,
     "top-200": 0.8574,
     "exam": 0.000651890482398957,
     "wasted-effort": 2
    }
   },
   "GP13": {
    "best_case": {
     "top-1": 0.5029,
     "top-5": 0.8342,
     "top-10": 0.9068,
     "top-200": 0.8543,
     "exam": 0.000651890482398957,
     "wasted-effort": 2
    },
    "avg_case": {
     "top-1": 0.4917,
     "top-5": 0.8371,
     "top-10": 0.9066,
     "top-200": 0.8478,
     "exam": 0.000651890482398957,
     "wasted-effort": 2
    },
    "worst_case": {
     "top-1": 0.4999,
     "top-5": 0.8351,
     "top-10": 0.9089,
     "top-200": 0.8486,
     "exam": 0.000651890482398957,
     "wasted-effort": 2
    }
   }
  },
  "line_line": {
   "Tarantula": {
    "best_case": {
     "top-1": 0.4929,
     "top-5": 0.8265,
     "top-10": 0.9113,
     "top-200": 0.8553,
     "exam": 0.000651890482398957,
     "wasted-effort": 2
    },
    "avg_case": {
     "top-1": 0.5002,
     "top-5": 0.8299,
     "top-10": 0.9105,
     "top-200": 0.8563,
     "exam": 0.000651890482398957,
     "wasted-effort": 2
    },
    "worst_case": {
     "top-1": 0.4984,
     "top-5": 0.8344,
     "top-10": 0.9091,
     "top-200": 0.8601,
     "exam": 0.000651890482398957,
     "wasted-effort": 2
    }
   },
   "Ochiai": {
    "best_case": {
     "top-1": 0.5054,
     "top-5": 0.8386,
     "top-10": 0.9092,
     "top-200": 0.8529,
     "exam": 0.000651890482398957,
     "wasted-effort": 2
    },
    "avg_case": {
     "top-1": 0.4926,
     "top-5": 0.8321,
     "top-10": 0.913,
     "top-200": 0.8561,
     "exam": 0.000651890482398957,
     "wasted-effort": 2
    },
    "worst_case": {
     "top-1": 0.4991,
     "top-5": 0.831,
     "top-10": 0.9087,
     "top-200": 0.8535,
     "exam": 0.000651890482398957,
     "wasted-effort": 2
    }
   },
   "DStar": {
    "best_case": {
     "top-1": 0.4986,
     "top-5": 0.8368,
     "top-10": 0.9033,
     "top-200": 0.8477,
     "exam": 0.000651890482398957,
     "wasted-effort": 2
    },
    "avg_case": {
     "top-1": 0.4984,
     "top-5": 0.8317,
     "top-10": 0.9077,
     "top-200": 0.8448,
     "exam": 0.000651890482398957,
     "wasted-effort": 2
    },
    "worst_case": {
     "top-1": 0.4999,
     "top-5": 0.8372,
     "top-10": 0.9103,
     "top-200": 0.8571,
     "exam": 0.000651890482398957,
     "wasted-effort": 2
    }
   },
   "Naish1": {
    "best_case": {
     "top-1": 0.4945,
     "top-5": 0.8316,
     "top-10": 0.9107,
     "top-200": 0.3622,
     "exam": 0.000651890482398957,
     "wasted-effort": 2
    },
    "avg_case": {
     "top-1": 0.5016,
     "top-5": 0.8345,
     "top-10": 0.9083,
     "top-200": 0.3518,
     "exam": 0.000651890482398957,
     "wasted-effort": 2
    },
    "worst_case": {
     "top-1": 0.4956,
     "top-5": 0.8296,
     "top-10": 0.9078,
     "top-200": 0.347,
     "exam": 0.000651890482398957,
     "wasted-effort": 2
    }
   },
   "Naish2": {
    "best_case": {
     "top-1": 0.4954,
     "top-5": 0.8253,
     "top-10": 0.9138,
     "top-200": 0.8491,
     "exam": 0.000651890482398957,
     "wasted-effort": 2
    },
    "avg_case": {
     "top-1": 0.4913,
     "top-5": 0.8329,
     "top-10": 0.9127,
     "top-200": 0.8572,
     "exam": 0.000651890482398957,
     "wasted-effort": 2
    },
    "worst_case": {
     "top-1": 0.5064,
     "top-5": 0.8317,
     "top-10": 0.9096,
     "top-200": 0.8513,
     "exam": 0.000651890482398957,
     "wasted-effort": 2
    }
   },
   "GP13": {
    "best_case": {
     "top-1": 0.5,
     "top-5": 0.8365,
     "top-10": 0.9083,
     "top-200": 0.8536,
     "exam": 0.000651890482398957,
     "wasted-effort": 2
    },
    "avg_case": {
     "top-1": 0.5032,
     "top-5": 0.8334,
     "top-10": 0.9065,
     "top-200": 0.851,
     "exam": 0.000651890482398957,
     "wasted-effort": 2
    },
    "worst_case": {
     "top-1": 0.4995,
     "top-5": 0.8414,
     "top-10": 0.9085,
     "top-200": 0.8472,
     "exam": 0.000651890482398957,
     "wasted-effort": 2
    }
   }
  },
  "line_defuse": {
   "Tarantula": {
    "best_case": {
     "top-1": 0.4959,
     "top-5": 0.8329,
     "top-10": 0.9104,
     "top-200": 0.8551,
     "exam": 0.000651890482398957,
     "wasted-effort": 2
    },
    "avg_case": {
     "top-1": 0.5005,
     "top-5": 0.831,
     "top-10": 0.9131,
     "top-200": 0.853,
     "exam": 0.000651890482398957,
     "wasted-effort": 2
    },
    "worst_case": {
     "top-1": 0.4952,
     "top-5": 0.8354,
     "top-10": 0.9117,
     "top-200": 0.846,
     "exam": 0.000651890482398957,
     "wasted-effort": 2
    }
   },
   "Ochiai": {
    "best_case": {
     "top-1": 0.4957,
     "top-5": 0.8389,
     "top-10": 0.9091,
     "top-200": 0.8474,
     "exam": 0.000651890482398957,
     "wasted-effort": 2
    },
    "avg_case": {
     "top-1": 0.4953,
     "top-5": 0.8362,
     "top-10": 0.9108,
     "top-200": 0.8571,
     "exam": 0.000651890482398957,
     "wasted-effort": 2
    },
    "worst_case": {
     "top-1": 0.5042,
     "top-5": 0.8322,
     "top-10": 0.9077,
     "top-200": 0.8565,
     "exam": 0.000651890482398957,
     "wasted-effort": 2
    }
   },
   "DStar": {
    "best_case": {
     "top-1": 0.5,
     "top-5": 0.8306,
     "top-10": 0.9075,
     "top-200": 0.8527,
     "exam": 0.000651890482398957,
     "wasted-effort": 2
    },
    "avg_case": {
     "top-1": 0.4973,
     "top-5": 0.8362,