{
 "tqdm_4": {
  "line": {
   "Tarantula": {
    "best_case": {
     "top-1": 1,
     "top-5": 0.7145,
     "top-10": 0.9123,
     "top-200": 0.8494,
     "exam": 0.000651890482398957,
     "wasted-effort": 1
    },
    "avg_case": {
     "top-1": 1,
     "top-5": 0.7149,
     "top-10": 0.9152,
     "top-200": 0.8589,
     "exam": 0.000651890482398957,
     "wasted-effort": 1
    },
    "worst_case": {
     "top-1": 1.0,
     "top-5": 0.7135,
     "top-10": 0.9095,
     "top-200": 0.8548,
     "exam": 0.000651890482398957,
     "wasted-effort": 1
    }
   },
   "Ochiai": {
    "best_case": {
     "top-1": 1,
     "top-5": 0.71,
     "top-10": 0.9094,
     "top-200": 0.852,
     "exam": 0.000651890482398957,
     "wasted-effort": 1
    },
    "avg_case": {
     "top-1": 1,
     "top-5": 0.7171,
     "top-10": 0.9055,
     "top-200": 0.8555,
     "exam": 0.000651890482398957,
     "wasted-effort": 1
    },
    "worst_case": {
     "top-1": 1.0,
     "top-5": 0.7089,
     "top-10": 0.91,
     "top-200": 0.8547,
     "exam": 0.000651890482398957,
     "wasted-effort": 1
    }
   },
   "DStar": {
    "best_case": {
     "top-1": 1,
     "top-5": 0.7154,
     "top-10": 0.9088,
     "top-200": 0.8495,
     "exam": 0.000651890482398957,
     "wasted-effort": 1
    },
    "avg_case": {
     "top-1": 1,
     "top-5": 0.7155,
     "top-10": 0.9119,
     "top-200": 0.8566,
     "exam": 0.000651890482398957,
     "wasted-effort": 1
    },
    "worst_case": {
     "top-1": 1.0,
     "top-5": 0.7158,
     "top-10": 0.9092,
     "top-200": 0.8591,
     "exam": 0.000651890482398957,
     "wasted-effort": 1
    }
   },
   "Naish1": {
    "best_case": {
     "top-1": 1,
     "top-5": 0.707,
     "top-10": 0.9102,
     "top-200": 0.8558,
     "exam": 0.000651890482398957,
     "wasted-effort": 1
    },
    "avg_case": {
     "top-1": 1,
     "top-5": 0.7174,
     "top-10": 0.9035,
     "top-200": 0.8581,
     "exam": 0.000651890482398957,
     "wasted-effort": 1
    },
    "worst_case": {
     "top-1": 1.0,
     "top-5": 0.7183,
     "top-10": 0.913,
     "top-200": 0.8547,
     "exam": 0.000651890482398957,
     "wasted-effort": 1
    }
   },
   "Naish2": {
    "best_case": {
     "top-1": 1,
     "top-5": 0.715,
     "top-10": 0.9067,
     "top-200": 0.8548,
     "exam": 0.000651890482398957,
     "wasted-effort": 1
    },
    "avg_case": {
     "top-1": 1,
     "top-5": 0.7153,
     "top-10": 0.9109,
     "top-200": 0.8564,
     "exam": 0.000651890482398957,
     "wasted-effort": 1
    },
    "worst_case": {
     "top-1": 1.0,
     "top-5": 0.715,
     "top-10": 0.9079,
     "top-200": 0.8534,
     "exam": 0.000651890482398957,
     "wasted-effort": 1
    }
   },
   "GP13": {
    "best_case": {
     "top-1": 1,
     "top-5": 0.7093,
     "top-10": 0.908,
     "top-200": 0.8536,
     "exam": 0.000651890482398957,
     "wasted-effort": 1
    },
    "avg_case": {
     "top-1": 1,
     "top-5": 0.709,
     "top-10": 0.9068,
     "top-200": 0.8588,
     "exam": 0.000651890482398957,
     "wasted-effort": 1
    },
    "worst_case": {
     "top-1": 1.0,
     "top-5": 0.7172,
     "top-10": 0.9145,
     "top-200": 0.8508,
     "exam": 0.000651890482398957,
     "wasted-effort": 1
    }
   }
  },
  "line_line": {
   "Tarantula": {
    "best_case": {
     "top-1": 1,
     "top-5": 0.7085,
     "top-10": 0.906,
     "top-200": 0.854,
     "exam": 0.000651890482398957,
     "wasted-effort": 1
    },
    "avg_case": {
     "top-1": 1,
     "top-5": 0.724,
     "top-10": 0.9063,
     "top-200": 0.854,
     "exam": 0.000651890482398957,
     "wasted-effort": 1
    },
    "worst_case": {
     "top-1": 1.0,
     "top-5": 0.7129,
     "top-10": 0.911,
     "top-200": 0.8554,
     "exam": 0.000651890482398957,
     "wasted-effort": 1
    }
   },
   "Ochiai": {
    "best_case": {
     "top-1": 1,
     "top-5": 0.7148,
     "top-10": 0.908,
     "top-200": 0.8526,
     "exam": 0.000651890482398957,
     "wasted-effort": 1
    },
    "avg_case": {
     "top-1": 1,
     "top-5": 0.7206,
     "top-10": 0.9082,
     "top-200": 0.856,
     "exam": 0.000651890482398957,
     "wasted-effort": 1
    },
    "worst_case": {
     "top-1": 1.0,
     "top-5": 0.721,
     "top-10": 0.9093,
     "top-200": 0.8482,
     "exam": 0.000651890482398957,
     "wasted-effort": 1
    }
   },
   "DStar": {
    "best_case": {
     "top-1": 1,
     "top-5": 0.7116,
     "top-10": 0.9082,
     "top-200": 0.8552,
     "exam": 0.000651890482398957,
     "wasted-effort": 1
    },
    "avg_case": {
     "top-1": 1,
     "top-5": 0.7149,
     "top-10": 0.9131,
     "top-200": 0.8531,
     "exam": 0.000651890482398957,
     "wasted-effort": 1
    },
    "worst_case": {
     "top-1": 1.0,
     "top-5": 0.7222,
     "top-10": 0.9117,
     "top-200": 0.8601,
     "exam": 0.000651890482398957,
     "wasted-effort": 1
    }
   },
   "Naish1": {
    "best_case": {
     "top-1": 1,
     "top-5": 0.7133,
     "top-10": 0.9075,
     "top-200": 0.3567,
     "exam": 0.000651890482398957,
     "wasted-effort": 1
    },
    "avg_case": {
     "top-1": 1,
     "top-5": 0.712,
     "top-10": 0.9157,
     "top-200": 0.3538,
     "exam": 0.000651890482398957,
     "wasted-effort": 1
    },
    "worst_case": {
     "top-1": 1.0,
     "top-5": 0.7126,
     "top-10": 0.9108,
     "top-200": 0.3563,
     "exam": 0.000651890482398957,
     "wasted-effort": 1
    }
   },
   "Naish2": {
    "best_case": {
     "top-1": 1,
     "top-5": 0.7175,
     "top-10": 0.9134,
     "top-200": 0.8455,
     "exam": 0.000651890482398957,
     "wasted-effort": 1
    },
    "avg_case": {
     "top-1": 1,
     "top-5": 0.7202,
     "top-10": 0.9073,
     "top-200": 0.8528,
     "exam": 0.000651890482398957,
     "wasted-effort": 1
    },
    "worst_case": {
     "top-1": 1.0,
     "top-5": 0.7165,
     "top-10": 0.9067,
     "top-200": 0.8496,
     "exam": 0.000651890482398957,
     "wasted-effort": 1
    }
   },
   "GP13": {
    "best_case": {
     "top-1": 1,
     "top-5": 0.7092,
     "top-10": 0.9126,
     "top-200": 0.8553,
     "exam": 0.000651890482398957,
     "wasted-effort": 1
    },
    "avg_case": {
     "top-1": 1,
     "top-5": 0.7139,
     "top-10": 0.9071,
     "top-200": 0.8575,
     "exam": 0.000651890482398957,
     "wasted-effort": 1
    },
    "worst_case": {
     "top-1": 1.0,
     "top-5": 0.7117,
     "top-10": 0.9097,
     "top-200": 0.8511,
     "exam": 0.000651890482398957,
     "wasted-effort": 1
    }
   }
  },
  "line_defuse": {
   "Tarantula": {
    "best_case": {
     "top-1": 1,
     "top-5": 0.7186,
     "top-10": 0.9096,
     "top-200": 0.8521,
     "exam": 0.000651890482398957,
     "wasted-effort": 1
    },
    "avg_case": {
     "top-1": 1,
     "top-5": 0.7132,
     "top-10": 0.9086,
     "top-200": 0.8563,
     "exam": 0.000651890482398957,
     "wasted-effort": 1
    },
    "worst_case": {
     "top-1": 1.0,
     "top-5": 0.7171,
     "top-10": 0.9101,
     "top-200": 0.8559,
     "exam": 0.000651890482398957,
     "wasted-effort": 1
    }
   },
   "Ochiai": {
    "best_case": {
     "top-1": 1,
     "top-5": 0.7179,
     "top-10": 0.9135,
     "top-200": 0.8562,
     "exam": 0.000651890482398957,
     "wasted-effort": 1
    },
    "avg_case": {
     "top-1": 1,
     "top-5": 0.7088,
     "top-10": 0.9045,
     "top-200": 0.8553,
     "exam": 0.000651890482398957,
     "wasted-effort": 1
    },
    "worst_case": {
     "top-1": 1.0,
     "top-5": 0.7067,
     "top-10": 0.9112,
     "top-200": 0.8554,
     "exam": 0.000651890482398957,
     "wasted-effort": 1
    }
   },
   "DStar": {
    "best_case": {
     "top-1": 1,
     "top-5": 0.7102,
     "top-10": 0.9139,
     "top-200": 0.8537,
     "exam": 0.000651890482398957,
     "wasted-effort": 1
    },
    "avg_case": {
     "top-1": 1,
     "top-5": 0.7076,
     "top-10": 0.9103,
     "top-200": 0.8559,
     "exam": 0.000651890482398957,
     "wasted-effort": 1
    },
    "worst_case": {
     "top-1": 1.0,
     "top-5": 0.7141,
     "top-10": 0.9107,