{
 "tqdm_7": {
  "line": {
   "Tarantula": {
    "best_case": {
     "top-1": 0.0,
     "top-5": 0.0,
     "top-10": 0.0,
     "top-200": 0.938,
     "exam": 0.11663066954643629,
     "wasted-effort": 213
    },
    "avg_case": {
     "top-1": 0.0,
     "top-5": 0.0,
     "top-10": 0.0,
     "top-200": 0.9362,
     "exam": 0.11663066954643629,
     "wasted-effort": 213
    },
    "worst_case": {
     "top-1": 0.0,
     "top-5": 0.0,
     "top-10": 0.0,
     "top-200": 0.9345,
     "exam": 0.11663066954643629,
     "wasted-effort": 213
    }
   },
   "Ochiai": {
    "best_case": {
     "top-1": 0.0,
     "top-5": 0.0,
     "top-10": 0.0,
     "top-200": 0.9394,
     "exam": 0.11663066954643629,
     "wasted-effort": 213
    },
    "avg_case": {
     "top-1": 0.0,
     "top-5": 0.0,
     "top-10": 0.0,
     "top-200": 0.9368,
     "exam": 0.11663066954643629,
     "wasted-effort": 213
    },
    "worst_case": {
     "top-1": 0.0,
     "top-5": 0.0,
     "top-10": 0.0,
     "top-200": 0.9365,
     "exam": 0.11663066954643629,
     "wasted-effort": 213
    }
   },
   "DStar": {
    "best_case": {
     "top-1": 0,
     "top-5": 0,
     "top-10": 0.0,
     "top-200": 0.3552,
     "exam": 0.08999280057595392,
     "wasted-effort": 176
    },
    "avg_case": {
     "top-1": 0.0,
     "top-5": 0.0,
     "top-10": 0.0,
     "top-200": 0.3534,
     "exam": 0.08999280057595392,
     "wasted-effort": 176
    },
    "worst_case": {
     "top-1": 0.0,
     "top-5": 0.0,
     "top-10": 0.0,
     "top-200": 0.3522,
     "exam": 0.08999280057595392,
     "wasted-effort": 176
    }
   },
   "Naish1": {
    "best_case": {
     "top-1": 0.0,
     "top-5": 0.0,
     "top-10": 0.0,
     "top-200": 0.937,
     "exam": 0.11663066954643629,
     "wasted-effort": 213
    },
    "avg_case": {
     "top-1": 0.0,
     "top-5": 0.0,
     "top-10": 0.0,
     "top-200": 0.9385,
     "exam": 0.11663066954643629,
     "wasted-effort": 213
    },
    "worst_case": {
     "top-1": 0.0,
     "top-5": 0.0,
     "top-10": 0.0,
     "top-200": 0.9347,
     "exam": 0.11663066954643629,
     "wasted-effort": 213
    }
   },
   "Naish2": {
    "best_case": {
     "top-1": 0.0,
     "top-5": 0.0,
     "top-10": 0.0,
     "top-200": 0.939,
     "exam": 0.11663066954643629,
     "wasted-effort": 213
    },
    "avg_case": {
     "top-1": 0.0,
     "top-5": 0.0,
     "top-10": 0.0,
     "top-200": 0.9406,
     "exam": 0.11663066954643629,
     "wasted-effort": 213
    },
    "worst_case": {
     "top-1": 0.0,
     "top-5": 0.0,
     "top-10": 0.0,
     "top-200": 0.9396,
     "exam": 0.11663066954643629,
     "wasted-effort": 213
    }
   },
   "GP13": {
    "best_case": {
     "top-1": 0.0,
     "top-5": 0.0,
     "top-10": 0.0,
     "top-200": 0.9371,
     "exam": 0.11663066954643629,
     "wasted-effort": 213
    },
    "avg_case": {
     "top-1": 0.0,
     "top-5": 0.0,
     "top-10": 0.0,
     "top-200": 0.9384,
     "exam": 0.11663066954643629,
     "wasted-effort": 213
    },
    "worst_case": {
     "top-1": 0.0,
     "top-5": 0.0,
     "top-10": 0.0,
     "top-200": 0.9378,
     "exam": 0.11663066954643629,
     "wasted-effort": 213
    }
   }
  },
  "line_line": {
   "Tarantula": {
    "best_case": {
     "top-1": 0.0,
     "top-5": 0.0,
     "top-10": 0.0,
     "top-200": 0.9392,
     "exam": 0.11663066954643629,
     "wasted-effort": 213
    },
    "avg_case": {
     "top-1": 0.0,
     "top-5": 0.0,
     "top-10": 0.0,
     "top-200": 0.9426,
     "exam": 0.11663066954643629,
     "wasted-effort": 213
    },
    "worst_case": {
     "top-1": 0.0,
     "top-5": 0.0,
     "top-10": 0.0,
     "top-200": 0.9372,
     "exam": 0.11663066954643629,
     "wasted-effort": 213
    }
   },
   "Ochiai": {
    "best_case": {
     "top-1": 0.0,
     "top-5": 0.0,
     "top-10": 0.0,
     "top-200": 0.939,
     "exam": 0.11663066954643629,
     "wasted-effort": 213
    },
    "avg_case": {
     "top-1": 0.0,
     "top-5": 0.0,
     "top-10": 0.0,
     "top-200": 0.9374,
     "exam": 0.11663066954643629,
     "wasted-effort": 213
    },
    "worst_case": {
     "top-1": 0.0,
     "top-5": 0.0,
     "top-10": 0.0,
     "top-200": 0.9447,
     "exam": 0.11663066954643629,
     "wasted-effort": 213
    }
   },
   "DStar": {
    "best_case": {
     "top-1": 0,
     "top-5": 0,
     "top-10": 0.0,
     "top-200": 0.358,
     "exam": 0.08999280057595392,
     "wasted-effort": 176
    },
    "avg_case": {
     "top-1": 0.0,
     "top-5": 0.0,
     "top-10": 0.0,
     "top-200": 0.3446,
     "exam": 0.08999280057595392,
     "wasted-effort": 176
    },
    "worst_case": {
     "top-1": 0.0,
     "top-5": 0.0,
     "top-10": 0.0,
     "top-200": 0.3536,
     "exam": 0.08999280057595392,
     "wasted-effort": 176
    }
   },
   "Naish1": {
    "best_case": {
     "top-1": 0.0,
     "top-5": 0.0,
     "top-10": 0.0,
     "top-200": 0.3537,
     "exam": 0.2433405327573794,
     "wasted-effort": 565
    },
    "avg_case": {
     "top-1": 0.0,
     "top-5": 0.0,
     "top-10": 0.0,
     "top-200": 0.3543,
     "exam": 0.2433405327573794,
     "wasted-effort": 565
    },
    "worst_case": {
     "top-1": 0.0,
     "top-5": 0.0,
     "top-10": 0.0,
     "top-200": 0.3552,
     "exam": 0.2433405327573794,
     "wasted-effort": 565
    }
   },
   "Naish2": {
    "best_case": {
     "top-1": 0.0,
     "top-5": 0.0,
     "top-10": 0.0,
     "top-200": 0.9384,
     "exam": 0.11663066954643629,
     "wasted-effort": 213
    },
    "avg_case": {
     "top-1": 0.0,
     "top-5": 0.0,
     "top-10": 0.0,
     "top-200": 0.9408,
     "exam": 0.11663066954643629,
     "wasted-effort": 213
    },
    "worst_case": {
     "top-1": 0.0,
     "top-5": 0.0,
     "top-10": 0.0,
     "top-200": 0.9333,
     "exam": 0.11663066954643629,
     "wasted-effort": 213
    }
   },
   "GP13": {
    "best_case": {
     "top-1": 0.0,
     "top-5": 0.0,
     "top-10": 0.0,
     "top-200": 0.9359,
     "exam": 0.11663066954643629,
     "wasted-effort": 213
    },
    "avg_case": {
     "top-1": 0.0,
     "top-5": 0.0,
     "top-10": 0.0,
     "top-200": 0.9414,
     "exam": 0.11663066954643629,
     "wasted-effort": 213
    },
    "worst_case": {
     "top-1": 0.0,
     "top-5": 0.0,
     "top-10": 0.0,
     "top-200": 0.9394,
     "exam": 0.11663066954643629,
     "wasted-effort": 213
    }
   }
  },
  "line_defuse": {
   "Tarantula": {
    "best_case": {
     "top-1": 0.0,
     "top-5": 0.0,
     "top-10": 0.0,
     "top-200": 0.9402,
     "exam": 0.11663066954643629,
     "wasted-effort": 213
    },
    "avg_case": {
     "top-1": 0.0,
     "top-5": 0.0,
     "top-10": 0.0,
     "top-200": 0.9373,
     "exam": 0.11663066954643629,
     "wasted-effort": 213
    },
    "worst_case": {
     "top-1": 0.0,
     "top-5": 0.0,
     "top-10": 0.0,
     "top-200": 0.9382,
     "exam": 0.11663066954643629,
     "wasted-effort": 213
    }
   },
   "Ochiai": {
    "best_case": {
     "top-1": 0.0,
     "top-5": 0.0,
     "top-10": 0.0,
     "top-200": 0.942,
     "exam": 0.11663066954643629,
     "wasted-effort": 213
    },
    "avg_case": {
     "top-1": 0.0,
     "top-5": 0.0,
     "top-10": 0.0,
     "top-200": 0.9355,
     "exam": 0.11663066954643629,
     "wasted-effort": 213
    },
    "worst_case": {
     "top-1": 0.0,
     "top-5": 0.0,
     "top-10": 0.0,
     "top-200": 0.938,
     "exam": 0.11663066954643629,
     "wasted-effort": 213
    }
   },
   "DStar": {
    "best_case": {
     "top-1": 0,
     "top-5": 0,
     "top-10": 0.0,
     "top-200": 0.3614,
     "exam": 0.08999280057595392,
     "wasted-effort": 176
    },
    "avg_case": {
     "top-1": 0.0,
     "top-5": 0.0,
     "top-10": 0.0,
     "top-200": 0.3562,
     "exam": 0.08999280057595392,
     "wasted-effort": 176
    },
    "worst_case": {
     "top-1": 0.0,
     "top-5": 0.0,
     "top-10": 0.0,
     "top-200": 0.3537,
     "exam": 0.08999280057595392,
     "wasted-effort": 176
    }
   },
   "Naish1": {
    "best_case": {
     "top-1": 0.0,
     "top-5": 0.0,