{
 "tqdm_4": {
  "line": {
   "Tarantula": {
    "best_case": {
     "top-1": 0.4923,
     "top-5": 0.8371,
     "top-10": 0.9107,
     "top-200": 0.8523,
     "exam": 0.000651890482398957,
     "wasted-effort": 2
    },
    "avg_case": {
     "top-1": 0.5014,
     "top-5": 0.831,
     "top-10": 0.906,
     "top-200": 0.8463,
     "exam": 0.000651890482398957,
     "wasted-effort": 2
    },
    "worst_case": {
     "top-1": 0.4982,
     "top-5": 0.8374,
     "top-10": 0.9123,
     "top-200": 0.8481,
     "exam": 0.000651890482398957,
     "wasted-effort": 2
    }
   },
   "Ochiai": {
    "best_case": {
     "top-1": 0.5056,
     "top-5": 0.8356,
     "top-10": 0.9056,
     "top-200": 0.854,
     "exam": 0.000651890482398957,
     "wasted-effort": 2
    },
    "avg_case": {
     "top-1": 0.5077,
     "top-5": 0.8341,
     "top-10": 0.9058,
     "top-200": 0.8492,
     "exam": 0.000651890482398957,
     "wasted-effort": 2
    },
    "worst_case": {
     "top-1": 0.4933,
     "top-5": 0.8335,
     "top-10": 0.9032,
     "top-200": 0.851,
     "exam": 0.000651890482398957,
     "wasted-effort": 2
    }
   },
   "DStar": {
    "best_case": {
     "top-1": 0.4939,
     "top-5": 0.8329,
     "top-10": 0.9059,
     "top-200": 0.8504,
     "exam": 0.000651890482398957,
     "wasted-effort": 2
    },
    "avg_case": {
     "top-1": 0.4999,
     "top-5": 0.834,
     "top-10": 0.909,
     "top-200": 0.8524,
     "exam": 0.000651890482398957,
     "wasted-effort": 2
    },
    "worst_case": {
     "top-1": 0.4996,
     "top-5": 0.8313,
     "top-10": 0.9151,
     "top-200": 0.8553,
     "exam": 0.000651890482398957,
     "wasted-effort": 2
    }
   },
   "Naish1": {
    "best_case": {
     "top-1": 0.5063,
     "top-5": 0.8317,
     "top-10": 0.9077,
     "top-200": 0.8539,
     "exam": 0.000651890482398957,
     "wasted-effort": 2
    },
    "avg_case": {
     "top-1": 0.5135,
     "top-5": 0.8286,
     "top-10": 0.9111,
     "top-200": 0.8549,
     "exam": 0.000651890482398957,
     "wasted-effort": 2
    },
    "worst_case": {
     "top-1": 0.4916,
     "top-5": 0.8385,
     "top-10": 0.9105,
     "top-200": 0.8488,
     "exam": 0.000651890482398957,
     "wasted-effort": 2
    }
   },
   "Naish2": {
    "best_case": {
     "top-1": 0.5021,
     "top-5": 0.8306,
     "top-10": 0.9108,
     "top-200": 0.8502,
     "exam": 0.000651890482398957,
     "wasted-effort": 2
    },
    "avg_case": {
     "top-1": 0.5062,
     "top-5": 0.8333,
     "top-10": 0.9065,
     "top-200": 0.8532,
     "exam": 0.000651890482398957,
     "wasted-effort": 2
    },
    "worst_case": {
     "top-1": 0.4986,
     "top-5": 0.8294,
     "top-10": 0.9134,
     "top-200": 0.8531,
     "exam": 0.000651890482398957,
     "wasted-effort": 2
    }
   },
   "GP13": {
    "best_case": {
     "top-1": 0.4942,
     "top-5": 0.8258,
     "top-10": 0.9111,
     "top-200": 0.8499,
     "exam": 0.000651890482398957,
     "wasted-effort": 2
    },
    "avg_case": {
     "top-1": 0.5016,
     "top-5": 0.8301,
     "top-10": 0.9045,
     "top-200": 0.8501,
     "exam": 0.000651890482398957,
     "wasted-effort": 2
    },
    "worst_case": {
     "top-1": 0.5045,
     "top-5": 0.8357,
     "top-10": 0.9122,
     "top-200": 0.8493,
     "exam": 0.000651890482398957,
     "wasted-effort": 2
    }
   }
  },
  "line_line": {
   "Tarantula": {
    "best_case": {
     "top-1": 0.5055,
     "top-5": 0.8301,
     "top-10": 0.9091,
     "top-200": 0.8545,
     "exam": 0.000651890482398957,
     "wasted-effort": 2
    },
    "avg_case": {
     "top-1": 0.4936,
     "top-5": 0.8288,
     "top-10": 0.9072,
     "top-200": 0.8513,
     "exam": 0.000651890482398957,
     "wasted-effort": 2
    },
    "worst_case": {
     "top-1": 0.504,
     "top-5": 0.8367,
     "top-10": 0.9108,
     "top-200": 0.8499,
     "exam": 0.000651890482398957,
     "wasted-effort": 2
    }
   },
   "Ochiai": {
    "best_case": {
     "top-1": 0.4983,
     "top-5": 0.8318,
     "top-10": 0.9103,
     "top-200": 0.8524,
     "exam": 0.000651890482398957,
     "wasted-effort": 2
    },
    "avg_case": {
     "top-1": 0.4919,
     "top-5": 0.8292,
     "top-10": 0.9036,
     "top-200": 0.8556,
     "exam": 0.000651890482398957,
     "wasted-effort": 2
    },
    "worst_case": {
     "top-1": 0.5088,
     "top-5": 0.8345,
     "top-10": 0.908,
     "top-200": 0.8531,
     "exam": 0.000651890482398957,
     "wasted-effort": 2
    }
   },
   "DStar": {
    "best_case": {
     "top-1": 0.5039,
     "top-5": 0.8333,
     "top-10": 0.9113,
     "top-200": 0.8435,
     "exam": 0.000651890482398957,
     "wasted-effort": 2
    },
    "avg_case": {
     "top-1": 0.4995,
     "top-5": 0.8305,
     "top-10": 0.908,
     "top-200": 0.8555,
     "exam": 0.000651890482398957,
     "wasted-effort": 2
    },
    "worst_case": {
     "top-1": 0.5016,
     "top-5": 0.8363,
     "top-10": 0.9075,
     "top-200": 0.8575,
     "exam": 0.000651890482398957,
     "wasted-effort": 2
    }
   },
   "Naish1": {
    "best_case": {
     "top-1": 0.507,
     "top-5": 0.8382,
     "top-10": 0.9114,
     "top-200": 0.3509,
     "exam": 0.000651890482398957,
     "wasted-effort": 2
    },
    "avg_case": {
     "top-1": 0.5017,
     "top-5": 0.8316,
     "top-10": 0.913,
     "top-200": 0.3622,
     "exam": 0.000651890482398957,
     "wasted-effort": 2
    },
    "worst_case": {
     "top-1": 0.5013,
     "top-5": 0.8397,
     "top-10": 0.9013,
     "top-200": 0.3538,
     "exam": 0.000651890482398957,
     "wasted-effort": 2
    }
   },
   "Naish2": {
    "best_case": {
     "top-1": 0.5018,
     "top-5": 0.8314,
     "top-10": 0.9066,
     "top-200": 0.8534,
     "exam": 0.000651890482398957,
     "wasted-effort": 2
    },
    "avg_case": {
     "top-1": 0.5065,
     "top-5": 0.8344,
     "top-10": 0.9063,
     "top-200": 0.8623,
     "exam": 0.000651890482398957,
     "wasted-effort": 2
    },
    "worst_case": {
     "top-1": 0.497,
     "top-5": 0.8397,
     "top-10": 0.9103,
     "top-200": 0.8563,
     "exam": 0.000651890482398957,
     "wasted-effort": 2
    }
   },
   "GP13": {
    "best_case": {
     "top-1": 0.5061,
     "top-5": 0.8356,
     "top-10": 0.906,
     "top-200": 0.8491,
     "exam": 0.000651890482398957,
     "wasted-effort": 2
    },
    "avg_case": {
     "top-1": 0.51,
     "top-5": 0.8353,
     "top-10": 0.9079,
     "top-200": 0.8533,
     "exam": 0.000651890482398957,
     "wasted-effort": 2
    },
    "worst_case": {
     "top-1": 0.5053,
     "top-5": 0.8269,
     "top-10": 0.9129,
     "top-200": 0.8476,
     "exam": 0.000651890482398957,
     "wasted-effort": 2
    }
   }
  },
  "line_defuse": {
   "Tarantula": {
    "best_case": {
     "top-1": 0.4984,
     "top-5": 0.8321,
     "top-10": 0.9058,
     "top-200": 0.8467,
     "exam": 0.000651890482398957,
     "wasted-effort": 2
    },
    "avg_case": {
     "top-1": 0.4997,
     "top-5": 0.8284,
     "top-10": 0.9091,
     "top-200": 0.8484,
     "exam": 0.000651890482398957,
     "wasted-effort": 2
    },
    "worst_case": {
     "top-1": 0.506,
     "top-5": 0.8355,
     "top-10": 0.9093,
     "top-200": 0.8544,
     "exam": 0.000651890482398957,
     "wasted-effort": 2
    }
   },
   "Ochiai": {
    "best_case": {
     "top-1": 0.4894,
     "top-5": 0.8376,
     "top-10": 0.9061,
     "top-200": 0.8582,
     "exam": 0.000651890482398957,
     "wasted-effort": 2
    },
    "avg_case": {
     "top-1": 0.4956,
     "top-5": 0.8302,
     "top-10": 0.9041,
     "top-200": 0.8465,
     "exam": 0.000651890482398957,
     "wasted-effort": 2
    },
    "worst_case": {
     "top-1": 0.5011,
     "top-5": 0.8336,
     "top-10": 0.9103,
     "top-200": 0.8556,
     "exam": 0.000651890482398957,
     "wasted-effort": 2
    }
   },
   "DStar": {
    "best_case": {
     "top-1": 0.4906,
     "top-5": 0.8366,
     "top-10": 0.9115,
     "top-200": 0.8478,
     "exam": 0.000651890482398957,
     "wasted-effort": 2
    },
    "avg_case": {
     "top-1": 0.5034,
     "top-5": 0.8357,