{
 "tqdm_1": {
  "line": {
   "Tarantula": {
    "best_case": {
     "top-1": 0.1983,
     "top-5": 1,
     "top-10": 0.0339,
     "top-200": 0.676,
     "exam": 0.0013089005235602095,
     "wasted-effort": 5
    },
    "avg_case": {
     "top-1": 0.1964,
     "top-5": 1,
     "top-10": 0.0328,
     "top-200": 0.6854,
     "exam": 0.0013089005235602095,
     "wasted-effort": 5
    },
    "worst_case": {
     "top-1": 0.202,
     "top-5": 1.0,
     "top-10": 0.0343,
     "top-200": 0.6764,
     "exam": 0.0013089005235602095,
     "wasted-effort": 5
    }
   },
   "Ochiai": {
    "best_case": {
     "top-1": 0.2076,
     "top-5": 1,
     "top-10": 0.0333,
     "top-200": 0.679,
     "exam": 0.0013089005235602095,
     "wasted-effort": 5
    },
    "avg_case": {
     "top-1": 0.2005,
     "top-5": 1,
     "top-10": 0.0337,
     "top-200": 0.6735,
     "exam": 0.0013089005235602095,
     "wasted-effort": 5
    },
    "worst_case": {
     "top-1": 0.1991,
     "top-5": 1.0,
     "top-10": 0.0362,
     "top-200": 0.6848,
     "exam": 0.0013089005235602095,
     "wasted-effort": 5
    }
   },
   "DStar": {
    "best_case": {
     "top-1": 0.0,
     "top-5": 0.0,
     "top-10": 0.0,
     "top-200": 0.0,
     "exam": 0.1824607329842932,
     "wasted-effort": 407
    },
    "avg_case": {
     "top-1": 0.0,
     "top-5": 0.0,
     "top-10": 0.0,
     "top-200": 0.0,
     "exam": 0.1824607329842932,
     "wasted-effort": 407
    },
    "worst_case": {
     "top-1": 0.0,
     "top-5": 0.0,
     "top-10": 0.0,
     "top-200": 0.0,
     "exam": 0.1824607329842932,
     "wasted-effort": 407
    }
   },
   "Naish2": {
    "best_case": {
     "top-1": 0.1903,
     "top-5": 1,
     "top-10": 0.0331,
     "top-200": 0.6785,
     "exam": 0.0013089005235602095,
     "wasted-effort": 5
    },
    "avg_case": {
     "top-1": 0.2061,
     "top-5": 1,
     "top-10": 0.0329,
     "top-200": 0.6785,
     "exam": 0.0013089005235602095,
     "wasted-effort": 5
    },
    "worst_case": {
     "top-1": 0.1994,
     "top-5": 1.0,
     "top-10": 0.0336,
     "top-200": 0.6844,
     "exam": 0.0013089005235602095,
     "wasted-effort": 5
    }
   },
   "GP13": {
    "best_case": {
     "top-1": 0.2061,
     "top-5": 1,
     "top-10": 0.0321,
     "top-200": 0.6801,
     "exam": 0.0013089005235602095,
     "wasted-effort": 5
    },
    "avg_case": {
     "top-1": 0.1998,
     "top-5": 1,
     "top-10": 0.0359,
     "top-200": 0.6741,
     "exam": 0.0013089005235602095,
     "wasted-effort": 5
    },
    "worst_case": {
     "top-1": 0.1941,
     "top-5": 1.0,
     "top-10": 0.0355,
     "top-200": 0.6773,
     "exam": 0.0013089005235602095,
     "wasted-effort": 5
    }
   }
  },
  "line_line": {
   "Tarantula": {
    "best_case": {
     "top-1": 0.1993,
     "top-5": 1,
     "top-10": 0.067,
     "top-200": 0.6739,
     "exam": 0.0013089005235602095,
     "wasted-effort": 5
    },
    "avg_case": {
     "top-1": 0.2078,
     "top-5": 1,
     "top-10": 0.0668,
     "top-200": 0.6687,
     "exam": 0.0013089005235602095,
     "wasted-effort": 5
    },
    "worst_case": {
     "top-1": 0.2012,
     "top-5": 1.0,
     "top-10": 0.0683,
     "top-200": 0.6745,
     "exam": 0.0013089005235602095,
     "wasted-effort": 5
    }
   },
   "Ochiai": {
    "best_case": {
     "top-1": 0.2112,
     "top-5": 1,
     "top-10": 0.0644,
     "top-200": 0.681,
     "exam": 0.0013089005235602095,
     "wasted-effort": 5
    },
    "avg_case": {
     "top-1": 0.199,
     "top-5": 1,
     "top-10": 0.07,
     "top-200": 0.6811,
     "exam": 0.0013089005235602095,
     "wasted-effort": 5
    },
    "worst_case": {
     "top-1": 0.1961,
     "top-5": 1.0,
     "top-10": 0.0702,
     "top-200": 0.6819,
     "exam": 0.0013089005235602095,
     "wasted-effort": 5
    }
   },
   "DStar": {
    "best_case": {
     "top-1": 0.0,
     "top-5": 0.0,
     "top-10": 0.0,
     "top-200": 0.0,
     "exam": 0.1824607329842932,
     "wasted-effort": 407
    },
    "avg_case": {
     "top-1": 0.0,
     "top-5": 0.0,
     "top-10": 0.0,
     "top-200": 0.0,
     "exam": 0.1824607329842932,
     "wasted-effort": 407
    },
    "worst_case": {
     "top-1": 0.0,
     "top-5": 0.0,
     "top-10": 0.0,
     "top-200": 0.0,
     "exam": 0.1824607329842932,
     "wasted-effort": 407
    }
   },
   "Naish2": {
    "best_case": {
     "top-1": 0.1974,
     "top-5": 1,
     "top-10": 0.0686,
     "top-200": 0.6747,
     "exam": 0.0013089005235602095,
     "wasted-effort": 5
    },
    "avg_case": {
     "top-1": 0.1946,
     "top-5": 1,
     "top-10": 0.067,
     "top-200": 0.6776,
     "exam": 0.0013089005235602095,
     "wasted-effort": 5
    },
    "worst_case": {
     "top-1": 0.1929,
     "top-5": 1.0,
     "top-10": 0.0662,
     "top-200": 0.6751,
     "exam": 0.0013089005235602095,
     "wasted-effort": 5
    }
   },
   "GP13": {
    "best_case": {
     "top-1": 0.2079,
     "top-5": 1,
     "top-10": 0.0692,
     "top-200": 0.6765,
     "exam": 0.0013089005235602095,
     "wasted-effort": 5
    },
    "avg_case": {
     "top-1": 0.1978,
     "top-5": 1,
     "top-10": 0.0708,
     "top-200": 0.6882,
     "exam": 0.0013089005235602095,
     "wasted-effort": 5
    },
    "worst_case": {
     "top-1": 0.2102,
     "top-5": 1.0,
     "top-10": 0.0674,
     "top-200": 0.6802,
     "exam": 0.0013089005235602095,
     "wasted-effort": 5
    }
   }
  },
  "line_defuse": {
   "Tarantula": {
    "best_case": {
     "top-1": 0.2024,
     "top-5": 1,
     "top-10": 0.0718,
     "top-200": 0.6796,
     "exam": 0.0013089005235602095,
     "wasted-effort": 5
    },
    "avg_case": {
     "top-1": 0.1996,
     "top-5": 1,
     "top-10": 0.069,
     "top-200": 0.6792,
     "exam": 0.0013089005235602095,
     "wasted-effort": 5
    },
    "worst_case": {
     "top-1": 0.1993,
     "top-5": 1.0,
     "top-10": 0.0658,
     "top-200": 0.6767,
     "exam": 0.0013089005235602095,
     "wasted-effort": 5
    }
   },
   "Ochiai": {
    "best_case": {
     "top-1": 0.2014,
     "top-5": 1,
     "top-10": 0.0674,
     "top-200": 0.6772,
     "exam": 0.0013089005235602095,
     "wasted-effort": 5
    },
    "avg_case": {
     "top-1": 0.2033,
     "top-5": 1,
     "top-10": 0.0709,
     "top-200": 0.6748,
     "exam": 0.0013089005235602095,
     "wasted-effort": 5
    },
    "worst_case": {
     "top-1": 0.2026,
     "top-5": 1.0,
     "top-10": 0.0675,
     "top-200": 0.6741,
     "exam": 0.0013089005235602095,
     "wasted-effort": 5
    }
   },
   "DStar": {
    "best_case": {
     "top-1": 0.0,
     "top-5": 0.0,
     "top-10": 0.0,
     "top-200": 0.0,
     "exam": 0.1824607329842932,
     "wasted-effort": 407
    },
    "avg_case": {
     "top-1": 0.0,
     "top-5": 0.0,
     "top-10": 0.0,
     "top-200": 0.0,
     "exam": 0.1824607329842932,
     "wasted-effort": 407
    },
    "worst_case": {
     "top-1": 0.0,
     "top-5": 0.0,
     "top-10": 0.0,
     "top-200": 0.0,
     "exam": 0.1824607329842932,
     "wasted-effort": 407
    }
   },
   "Naish2": {
    "best_case": {
     "top-1": 0.2023,
     "top-5": 1,
     "top-10": 0.0692,
     "top-200": 0.6809,
     "exam": 0.0013089005235602095,
     "wasted-effort": 5
    },
    "avg_case": {
     "top-1": 0.1961,
     "top-5": 1,
     "top-10": 0.0667,
     "top-200": 0.6734,
     "exam": 0.0013089005235602095,
     "wasted-effort": 5
    },
    "worst_case": {
     "top-1": 0.1949,
     "top-5": 1.0,
     "top-10": 0.0719,
     "top-200": 0.6709,
     "exam": 0.0013089005235602095,
     "wasted-effort": 5
    }
   },
   "GP13": {
    "best_case": {
     "top-1": 0.2049,
     "top-5": 1,
     "top-10": 0.0701,
     "top-200": 0.6823,
     "exam": 0.0013089005235602095,
     "wasted-effort": 5
    },
    "avg_case": {
     "top-1": 0.2013,
     "top-5": 1,
     "top-10": 0.0699,
     "top-200": 0.671,
     "exam": 0.0013089005235602095,
     "wasted-effort": 5
    },
    "worst_case": {
     "top-1": 0.1995,
     "top-5": 1.0,
     "top-10": 0.068,
     "top-200": 0.6799,