{
 "tqdm_4": {
  "line": {
   "Tarantula": {
    "best_case": {
     "top-5": 0.815,
     "top-10": 0.908,
     "top-200": 0.847,
     "exam": 0.000651890482398957,
     "wasted-effort": 2
    },
    "avg_case": {
     "top-5": 0.84,
     "top-10": 0.908,
     "top-200": 0.86,
     "exam": 0.000651890482398957,
     "wasted-effort": 2
    },
    "worst_case": {
     "top-5": 0.846,
     "top-10": 0.9,
     "top-200": 0.849,
     "exam": 0.000651890482398957,
     "wasted-effort": 2
    }
   },
   "Ochiai": {
    "best_case": {
     "top-5": 0.834,
     "top-10": 0.919,
     "top-200": 0.867,
     "exam": 0.000651890482398957,
     "wasted-effort": 2
    },
    "avg_case": {
     "top-5": 0.814,
     "top-10": 0.921,
     "top-200": 0.867,
     "exam": 0.000651890482398957,
     "wasted-effort": 2
    },
    "worst_case": {
     "top-5": 0.843,
     "top-10": 0.901,
     "top-200": 0.849,
     "exam": 0.000651890482398957,
     "wasted-effort": 2
    }
   },
   "DStar": {
    "best_case": {
     "top-5": 0.845,
     "top-10": 0.915,
     "top-200": 0.855,
     "exam": 0.000651890482398957,
     "wasted-effort": 2
    },
    "avg_case": {
     "top-5": 0.843,
     "top-10": 0.904,
     "top-200": 0.84,
     "exam": 0.000651890482398957,
     "wasted-effort": 2
    },
    "worst_case": {
     "top-5": 0.838,
     "top-10": 0.917,
     "top-200": 0.849,
     "exam": 0.000651890482398957,
     "wasted-effort": 2
    }
   }
  },
  "line_line": {
   "Tarantula": {
    "best_case": {
     "top-5": 0.839,
     "top-10": 0.908,
     "top-200": 0.863,
     "exam": 0.000651890482398957,
     "wasted-effort": 2
    },
    "avg_case": {
     "top-5": 0.834,
     "top-10": 0.912,
     "top-200": 0.855,
     "exam": 0.000651890482398957,
     "wasted-effort": 2
    },
    "worst_case": {
     "top-5": 0.838,
     "top-10": 0.906,
     "top-200": 0.838,
     "exam": 0.000651890482398957,
     "wasted-effort": 2
    }
   },
   "Ochiai": {
    "best_case": {
     "top-5": 0.83,
     "top-10": 0.909,
     "top-200": 0.863,
     "exam": 0.000651890482398957,
     "wasted-effort": 2
    },
    "avg_case": {
     "top-5": 0.815,
     "top-10": 0.906,
     "top-200": 0.865,
     "exam": 0.000651890482398957,
     "wasted-effort": 2
    },
    "worst_case": {
     "top-5": 0.83,
     "top-10": 0.914,
     "top-200": 0.845,
     "exam": 0.000651890482398957,
     "wasted-effort": 2
    }
   },
   "DStar": {
    "best_case": {
     "top-5": 0.837,
     "top-10": 0.905,
     "top-200": 0.845,
     "exam": 0.000651890482398957,
     "wasted-effort": 2
    },
    "avg_case": {
     "top-5": 0.834,
     "top-10": 0.914,
     "top-200": 0.847,
     "exam": 0.000651890482398957,
     "wasted-effort": 2
    },
    "worst_case": {
     "top-5": 0.837,
     "top-10": 0.903,
     "top-200": 0.831,
     "exam": 0.000651890482398957,
     "wasted-effort": 2
    }
   }
  },
  "line_defuse": {
   "Tarantula": {
    "best_case": {
     "top-5": 0.85,
     "top-10": 0.903,
     "top-200": 0.863,
     "exam": 0.000651890482398957,
     "wasted-effort": 2
    },
    "avg_case": {
     "top-5": 0.84,
     "top-10": 0.921,
     "top-200": 0.847,
     "exam": 0.000651890482398957,
     "wasted-effort": 2
    },
    "worst_case": {
     "top-5": 0.838,
     "top-10": 0.908,
     "top-200": 0.846,
     "exam": 0.000651890482398957,
     "wasted-effort": 2
    }
   },
   "Ochiai": {
    "best_case": {
     "top-5": 0.817,
     "top-10": 0.918,
     "top-200": 0.842,
     "exam": 0.000651890482398957,
     "wasted-effort": 2
    },
    "avg_case": {
     "top-5": 0.834,
     "top-10": 0.899,
     "top-200": 0.857,
     "exam": 0.000651890482398957,
     "wasted-effort": 2
    },
    "worst_case": {
     "top-5": 0.831,
     "top-10": 0.903,
     "top-200": 0.852,
     "exam": 0.000651890482398957,
     "wasted-effort": 2
    }
   },
   "DStar": {
    "best_case": {
     "top-5": 0.843,
     "top-10": 0.913,
     "top-200": 0.864,
     "exam": 0.000651890482398957,
     "wasted-effort": 2
    },
    "avg_case": {
     "top-5": 0.83,
     "top-10": 0.915,
     "top-200": 0.861,
     "exam": 0.000651890482398957,
     "wasted-effort": 2
    },
    "worst_case": {
     "top-5": 0.845,
     "top-10": 0.905,
     "top-200": 0.852,
     "exam": 0.000651890482398957,
     "wasted-effort": 2
    }
   }
  },
  "line_defuses": {
   "Tarantula": {
    "best_case": {
     "top-5": 0.838,
     "top-10": 0.919,
     "top-200": 0.846,
     "exam": 0.000651890482398957,
     "wasted-effort": 2
    },
    "avg_case": {
     "top-5": 0.828,
     "top-10": 0.911,
     "top-200": 0.858,
     "exam": 0.000651890482398957,
     "wasted-effort": 2
    },
    "worst_case": {
     "top-5": 0.836,
     "top-10": 0.914,
     "top-200": 0.862,
     "exam": 0.000651890482398957,
     "wasted-effort": 2
    }
   },
   "Ochiai": {
    "best_case": {
     "top-5": 0.85,
     "top-10": 0.913,
     "top-200": 0.862,
     "exam": 0.000651890482398957,
     "wasted-effort": 2
    },
    "avg_case": {
     "top-5": 0.819,
     "top-10": 0.907,
     "top-200": 0.863,
     "exam": 0.000651890482398957,
     "wasted-effort": 2
    },
    "worst_case": {
     "top-5": 0.863,
     "top-10": 0.919,
     "top-200": 0.854,
     "exam": 0.000651890482398957,
     "wasted-effort": 2
    }
   },
   "DStar": {
    "best_case": {
     "top-5": 0.847,
     "top-10": 0.9,
     "top-200": 0.853,
     "exam": 0.000651890482398957,
     "wasted-effort": 2
    },
    "avg_case": {
     "top-5": 0.845,
     "top-10": 0.897,
     "top-200": 0.839,
     "exam": 0.000651890482398957,
     "wasted-effort": 2
    },
    "worst_case": {
     "top-5": 0.825,
     "top-10": 0.887,
     "top-200": 0.856,
     "exam": 0.000651890482398957,
     "wasted-effort": 2
    }
   }
  },
  "line_assert_use": {
   "Tarantula": {
    "best_case": {
     "top-5": 0.854,
     "top-10": 0.906,
     "top-200": 0.857,
     "exam": 0.000651890482398957,
     "wasted-effort": 2
    },
    "avg_case": {
     "top-5": 0.836,
     "top-10": 0.893,
     "top-200": 0.851,
     "exam": 0.000651890482398957,
     "wasted-effort": 2
    },
    "worst_case": {
     "top-5": 0.84,
     "top-10": 0.904,
     "top-200": 0.853,
     "exam": 0.000651890482398957,
     "wasted-effort": 2
    }
   },
   "Ochiai": {
    "best_case": {
     "top-5": 0.854,
     "top-10": 0.904,
     "top-200": 0.828,
     "exam": 0.000651890482398957,
     "wasted-effort": 2
    },
    "avg_case": {
     "top-5": 0.848,
     "top-10": 0.917,
     "top-200": 0.852,
     "exam": 0.000651890482398957,
     "wasted-effort": 2
    },
    "worst_case": {
     "top-5": 0.828,
     "top-10": 0.91,
     "top-200": 0.832,
     "exam": 0.000651890482398957,
     "wasted-effort": 2
    }
   },
   "DStar": {
    "best_case": {
     "top-5": 0.843,
     "top-10": 0.92,
     "top-200": 0.853,
     "exam": 0.000651890482398957,
     "wasted-effort": 2
    },
    "avg_case": {
     "top-5": 0.842,
     "top-10": 0.915,
     "top-200": 0.854,
     "exam": 0.000651890482398957,
     "wasted-effort": 2
    },
    "worst_case": {
     "top-5": 0.823,
     "top-10": 0.913,
     "top-200": 0.868,
     "exam": 0.000651890482398957,
     "wasted-effort": 2
    }
   }
  },
  "line_assert_uses": {
   "Tarantula": {
    "best_case": {
     "top-5": 0.853,
     "top-10": 0.894,
     "top-200": 0.846,
     "exam": 0.000651890482398957,
     "wasted-effort": 2
    },
    "avg_case": {
     "top-5": 0.82,
     "top-10": 0.892,
     "top-200": 0.841,
     "exam": 0.000651890482398957,
     "wasted-effort": 2
    },
    "worst_case": {
     "top-5": 0.851,
     "top-10": 0.908,
     "top-200": 0.855,
     "exam": 0.000651890482398957,
     "wasted-effort": 2
    }
   },
   "Ochiai": {
    "best_case": {
     "top-5": 0.827,
     "top-10": 0.917,
     "top-200": 0.855,
     "exam": 0.000651890482398957,
     "wasted-effort": 2
    },
    "avg_case": {
     "top-5": 0.827,
     "top-10": 0.931,
     "top-200": 0.87,
     "exam": 0.000651890482398957,