{
 "youtubedl_6": {
  "line": {
   "Tarantula": {
    "best_case": {
     "top-5": 0.554,
     "top-10": 0.851,
     "top-200": 0.162,
     "exam": 0.00022033364809568776,
     "wasted-effort": 28
    },
    "avg_case": {
     "top-5": 0.351,
     "top-10": 0.6525,
     "top-200": 0.0795,
     "exam": 0.00022033364809568776,
     "wasted-effort": 28
    },
    "worst_case": {
     "top-5": 0.17925,
     "top-10": 0.34575,
     "top-200": 0.0415,
     "exam": 0.00022033364809568776,
     "wasted-effort": 28
    }
   },
   "Ochiai": {
    "best_case": {
     "top-5": 0.581,
     "top-10": 0.853,
     "top-200": 0.15,
     "exam": 1.5738117721120555e-05,
     "wasted-effort": 2
    },
    "avg_case": {
     "top-5": 0.357,
     "top-10": 0.654,
     "top-200": 0.0665,
     "exam": 0.00023607176581680832,
     "wasted-effort": 28
    },
    "worst_case": {
     "top-5": 0.17325,
     "top-10": 0.35925,
     "top-200": 0.035,
     "exam": 0.00023607176581680832,
     "wasted-effort": 28
    }
   },
   "DStar": {
    "best_case": {
     "top-5": 0.478,
     "top-10": 0.769,
     "top-200": 0.132,
     "exam": 0.0002045955303745672,
     "wasted-effort": 26
    },
    "avg_case": {
     "top-5": 0.288,
     "top-10": 0.56,
     "top-200": 0.064,
     "exam": 0.0002045955303745672,
     "wasted-effort": 26
    },
    "worst_case": {
     "top-5": 0.141,
     "top-10": 0.2865,
     "top-200": 0.02925,
     "exam": 0.08092540132200189,
     "wasted-effort": 5334
    }
   }
  },
  "line_line": {
   "Tarantula": {
    "best_case": {
     "top-5": 0.473,
     "top-10": 0.799,
     "top-200": 0.141,
     "exam": 0.0002045955303745672,
     "wasted-effort": 26
    },
    "avg_case": {
     "top-5": 0.2795,
     "top-10": 0.557,
     "top-200": 0.08,
     "exam": 0.0002045955303745672,
     "wasted-effort": 26
    },
    "worst_case": {
     "top-5": 0.153,
     "top-10": 0.2815,
     "top-200": 0.03775,
     "exam": 0.00042492917847025496,
     "wasted-effort": 28
    }
   },
   "Ochiai": {
    "best_case": {
     "top-5": 0.58,
     "top-10": 0.848,
     "top-200": 0.144,
     "exam": 1.5738117721120555e-05,
     "wasted-effort": 2
    },
    "avg_case": {
     "top-5": 0.357,
     "top-10": 0.6645,
     "top-200": 0.0875,
     "exam": 0.00023607176581680832,
     "wasted-effort": 28
    },
    "worst_case": {
     "top-5": 0.1725,
     "top-10": 0.35475,
     "top-200": 0.04525,
     "exam": 0.00023607176581680832,
     "wasted-effort": 28
    }
   },
   "DStar": {
    "best_case": {
     "top-5": 0.488,
     "top-10": 0.785,
     "top-200": 0.128,
     "exam": 0.0002045955303745672,
     "wasted-effort": 26
    },
    "avg_case": {
     "top-5": 0.2825,
     "top-10": 0.5585,
     "top-200": 0.06,
     "exam": 0.0002045955303745672,
     "wasted-effort": 26
    },
    "worst_case": {
     "top-5": 0.13425,
     "top-10": 0.29225,
     "top-200": 0.03625,
     "exam": 0.08092540132200189,
     "wasted-effort": 5334
    }
   }
  },
  "line_defuse": {
   "Tarantula": {
    "best_case": {
     "top-5": 0.518,
     "top-10": 0.786,
     "top-200": 0.158,
     "exam": 0.0002045955303745672,
     "wasted-effort": 26
    },
    "avg_case": {
     "top-5": 0.3005,
     "top-10": 0.5615,
     "top-200": 0.087,
     "exam": 0.0002045955303745672,
     "wasted-effort": 26
    },
    "worst_case": {
     "top-5": 0.14425,
     "top-10": 0.28725,
     "top-200": 0.04225,
     "exam": 0.00042492917847025496,
     "wasted-effort": 28
    }
   },
   "Ochiai": {
    "best_case": {
     "top-5": 0.579,
     "top-10": 0.848,
     "top-200": 0.143,
     "exam": 1.5738117721120555e-05,
     "wasted-effort": 2
    },
    "avg_case": {
     "top-5": 0.3605,
     "top-10": 0.65,
     "top-200": 0.091,
     "exam": 0.00023607176581680832,
     "wasted-effort": 28
    },
    "worst_case": {
     "top-5": 0.17775,
     "top-10": 0.35175,
     "top-200": 0.04475,
     "exam": 0.00023607176581680832,
     "wasted-effort": 28
    }
   },
   "DStar": {
    "best_case": {
     "top-5": 0.477,
     "top-10": 0.77,
     "top-200": 0.119,
     "exam": 0.0002045955303745672,
     "wasted-effort": 26
    },
    "avg_case": {
     "top-5": 0.292,
     "top-10": 0.5385,
     "top-200": 0.064,
     "exam": 0.0002045955303745672,
     "wasted-effort": 26
    },
    "worst_case": {
     "top-5": 0.1375,
     "top-10": 0.29525,
     "top-200": 0.031,
     "exam": 0.08092540132200189,
     "wasted-effort": 5334
    }
   }
  },
  "line_defuses": {
   "Tarantula": {
    "best_case": {
     "top-5": 0.477,
     "top-10": 0.776,
     "top-200": 0.155,
     "exam": 0.0002045955303745672,
     "wasted-effort": 26
    },
    "avg_case": {
     "top-5": 0.2855,
     "top-10": 0.5645,
     "top-200": 0.0745,
     "exam": 0.0002045955303745672,
     "wasted-effort": 26
    },
    "worst_case": {
     "top-5": 0.15175,
     "top-10": 0.29225,
     "top-200": 0.03725,
     "exam": 0.00042492917847025496,
     "wasted-effort": 28
    }
   },
   "Ochiai": {
    "best_case": {
     "top-5": 0.57,
     "top-10": 0.842,
     "top-200": 0.159,
     "exam": 1.5738117721120555e-05,
     "wasted-effort": 2
    },
    "avg_case": {
     "top-5": 0.361,
     "top-10": 0.643,
     "top-200": 0.0735,
     "exam": 0.00023607176581680832,
     "wasted-effort": 28
    },
    "worst_case": {
     "top-5": 0.17775,
     "top-10": 0.35625,
     "top-200": 0.03775,
     "exam": 0.00023607176581680832,
     "wasted-effort": 28
    }
   },
   "DStar": {
    "best_case": {
     "top-5": 0.477,
     "top-10": 0.791,
     "top-200": 0.114,
     "exam": 0.0002045955303745672,
     "wasted-effort": 26
    },
    "avg_case": {
     "top-5": 0.284,
     "top-10": 0.5185,
     "top-200": 0.056,
     "exam": 0.0002045955303745672,
     "wasted-effort": 26
    },
    "worst_case": {
     "top-5": 0.149,
     "top-10": 0.27675,
     "top-200": 0.03125,
     "exam": 0.08092540132200189,
     "wasted-effort": 5334
    }
   }
  },
  "line_assert_use": {
   "Tarantula": {
    "best_case": {
     "top-5": 0.473,
     "top-10": 0.811,
     "top-200": 0.162,
     "exam": 0.0002045955303745672,
     "wasted-effort": 26
    },
    "avg_case": {
     "top-5": 0.287,
     "top-10": 0.5555,
     "top-200": 0.096,
     "exam": 0.0002045955303745672,
     "wasted-effort": 26
    },
    "worst_case": {
     "top-5": 0.15,
     "top-10": 0.27525,
     "top-200": 0.03875,
     "exam": 0.00042492917847025496,
     "wasted-effort": 28
    }
   },
   "Ochiai": {
    "best_case": {
     "top-5": 0.588,
     "top-10": 0.845,
     "top-200": 0.143,
     "exam": 1.5738117721120555e-05,
     "wasted-effort": 2
    },
    "avg_case": {
     "top-5": 0.3555,
     "top-10": 0.651,
     "top-200": 0.0815,
     "exam": 0.00023607176581680832,
     "wasted-effort": 28
    },
    "worst_case": {
     "top-5": 0.17975,
     "top-10": 0.3625,
     "top-200": 0.03575,
     "exam": 0.00023607176581680832,
     "wasted-effort": 28
    }
   },
   "DStar": {
    "best_case": {
     "top-5": 0.485,
     "top-10": 0.775,
     "top-200": 0.107,
     "exam": 0.0002045955303745672,
     "wasted-effort": 26
    },
    "avg_case": {
     "top-5": 0.2895,
     "top-10": 0.5635,
     "top-200": 0.0685,
     "exam": 0.0002045955303745672,
     "wasted-effort": 26
    },
    "worst_case": {
     "top-5": 0.14925,
     "top-10": 0.283,
     "top-200": 0.02875,
     "exam": 0.08092540132200189,
     "wasted-effort": 5334
    }
   }
  },
  "line_assert_uses": {
   "Tarantula": {
    "best_case": {
     "top-5": 0.472,
     "top-10": 0.793,
     "top-200": 0.139,
     "exam": 0.0002045955303745672,
     "wasted-effort": 26
    },
    "avg_case": {
     "top-5": 0.2905,
     "top-10": 0.545,
     "top-200": 0.077,
     "exam": 0.0002045955303745672,
     "wasted-effort": 26
    },
    "worst_case": {
     "top-5": 0.1445,
     "top-10": 0.287,
     "top-200": 0.03925,
     "exam": 0.00042492917847025496,
     "wasted-effort": 28
    }
   },
   "Ochiai": {
    "best_case": {
     "top-5": 0.545,