{
 "youtubedl_6": {
  "line": {
   "Tarantula": {
    "best_case": {
     "top-5": 0.605,
     "top-10": 0.85,
     "top-200": 0.161,
     "exam": 0.00022033364809568776,
     "wasted-effort": 28
    },
    "avg_case": {
     "top-5": 0.354,
     "top-10": 0.648,
     "top-200": 0.089,
     "exam": 0.00022033364809568776,
     "wasted-effort": 28
    },
    "worst_case": {
     "top-5": 0.18475,
     "top-10": 0.354,
     "top-200": 0.0455,
     "exam": 0.00022033364809568776,
     "wasted-effort": 28
    }
   },
   "Ochiai": {
    "best_case": {
     "top-5": 0.555,
     "top-10": 0.864,
     "top-200": 0.16,
     "exam": 1.5738117721120555e-05,
     "wasted-effort": 2
    },
    "avg_case": {
     "top-5": 0.3535,
     "top-10": 0.6465,
     "top-200": 0.086,
     "exam": 0.00023607176581680832,
     "wasted-effort": 28
    },
    "worst_case": {
     "top-5": 0.1765,
     "top-10": 0.35125,
     "top-200": 0.04075,
     "exam": 0.00023607176581680832,
     "wasted-effort": 28
    }
   },
   "DStar": {
    "best_case": {
     "top-5": 0.479,
     "top-10": 0.779,
     "top-200": 0.106,
     "exam": 0.0002045955303745672,
     "wasted-effort": 26
    },
    "avg_case": {
     "top-5": 0.311,
     "top-10": 0.5525,
     "top-200": 0.0705,
     "exam": 0.0002045955303745672,
     "wasted-effort": 26
    },
    "worst_case": {
     "top-5": 0.143,
     "top-10": 0.28675,
     "top-200": 0.03325,
     "exam": 0.08092540132200189,
     "wasted-effort": 5334
    }
   }
  },
  "line_line": {
   "Tarantula": {
    "best_case": {
     "top-5": 0.555,
     "top-10": 0.868,
     "top-200": 0.169,
     "exam": 1.5738117721120555e-05,
     "wasted-effort": 2
    },
    "avg_case": {
     "top-5": 0.3475,
     "top-10": 0.652,
     "top-200": 0.08,
     "exam": 0.00023607176581680832,
     "wasted-effort": 28
    },
    "worst_case": {
     "top-5": 0.17775,
     "top-10": 0.34775,
     "top-200": 0.04025,
     "exam": 0.00023607176581680832,
     "wasted-effort": 28
    }
   },
   "Ochiai": {
    "best_case": {
     "top-5": 0.566,
     "top-10": 0.83,
     "top-200": 0.152,
     "exam": 1.5738117721120555e-05,
     "wasted-effort": 2
    },
    "avg_case": {
     "top-5": 0.344,
     "top-10": 0.64,
     "top-200": 0.079,
     "exam": 0.00023607176581680832,
     "wasted-effort": 28
    },
    "worst_case": {
     "top-5": 0.16475,
     "top-10": 0.35425,
     "top-200": 0.039,
     "exam": 0.00023607176581680832,
     "wasted-effort": 28
    }
   },
   "DStar": {
    "best_case": {
     "top-5": 0.471,
     "top-10": 0.768,
     "top-200": 0.104,
     "exam": 0.0002045955303745672,
     "wasted-effort": 26
    },
    "avg_case": {
     "top-5": 0.279,
     "top-10": 0.5555,
     "top-200": 0.0565,
     "exam": 0.0002045955303745672,
     "wasted-effort": 26
    },
    "worst_case": {
     "top-5": 0.142,
     "top-10": 0.289,
     "top-200": 0.03,
     "exam": 0.08092540132200189,
     "wasted-effort": 5334
    }
   }
  },
  "line_defuse": {
   "Tarantula": {
    "best_case": {
     "top-5": 0.553,
     "top-10": 0.855,
     "top-200": 0.167,
     "exam": 1.5738117721120555e-05,
     "wasted-effort": 2
    },
    "avg_case": {
     "top-5": 0.3695,
     "top-10": 0.6595,
     "top-200": 0.0815,
     "exam": 0.00023607176581680832,
     "wasted-effort": 28
    },
    "worst_case": {
     "top-5": 0.1765,
     "top-10": 0.35175,
     "top-200": 0.04725,
     "exam": 0.00023607176581680832,
     "wasted-effort": 28
    }
   },
   "Ochiai": {
    "best_case": {
     "top-5": 0.578,
     "top-10": 0.834,
     "top-200": 0.133,
     "exam": 1.5738117721120555e-05,
     "wasted-effort": 2
    },
    "avg_case": {
     "top-5": 0.3485,
     "top-10": 0.671,
     "top-200": 0.087,
     "exam": 0.00023607176581680832,
     "wasted-effort": 28
    },
    "worst_case": {
     "top-5": 0.177,
     "top-10": 0.3635,
     "top-200": 0.04,
     "exam": 0.00023607176581680832,
     "wasted-effort": 28
    }
   },
   "DStar": {
    "best_case": {
     "top-5": 0.5,
     "top-10": 0.793,
     "top-200": 0.118,
     "exam": 0.0002045955303745672,
     "wasted-effort": 26
    },
    "avg_case": {
     "top-5": 0.2895,
     "top-10": 0.5645,
     "top-200": 0.064,
     "exam": 0.0002045955303745672,
     "wasted-effort": 26
    },
    "worst_case": {
     "top-5": 0.15625,
     "top-10": 0.2845,
     "top-200": 0.03175,
     "exam": 0.08092540132200189,
     "wasted-effort": 5334
    }
   }
  },
  "line_defuses": {
   "Tarantula": {
    "best_case": {
     "top-5": 0.539,
     "top-10": 0.865,
     "top-200": 0.156,
     "exam": 1.5738117721120555e-05,
     "wasted-effort": 2
    },
    "avg_case": {
     "top-5": 0.348,
     "top-10": 0.629,
     "top-200": 0.0775,
     "exam": 0.00023607176581680832,
     "wasted-effort": 28
    },
    "worst_case": {
     "top-5": 0.1825,
     "top-10": 0.3645,
     "top-200": 0.04225,
     "exam": 0.00023607176581680832,
     "wasted-effort": 28
    }
   },
   "Ochiai": {
    "best_case": {
     "top-5": 0.587,
     "top-10": 0.849,
     "top-200": 0.153,
     "exam": 1.5738117721120555e-05,
     "wasted-effort": 2
    },
    "avg_case": {
     "top-5": 0.353,
     "top-10": 0.6415,
     "top-200": 0.08,
     "exam": 0.00023607176581680832,
     "wasted-effort": 28
    },
    "worst_case": {
     "top-5": 0.1745,
     "top-10": 0.36725,
     "top-200": 0.04025,
     "exam": 0.00023607176581680832,
     "wasted-effort": 28
    }
   },
   "DStar": {
    "best_case": {
     "top-5": 0.492,
     "top-10": 0.797,
     "top-200": 0.129,
     "exam": 0.0002045955303745672,
     "wasted-effort": 26
    },
    "avg_case": {
     "top-5": 0.279,
     "top-10": 0.5605,
     "top-200": 0.0625,
     "exam": 0.0002045955303745672,
     "wasted-effort": 26
    },
    "worst_case": {
     "top-5": 0.1395,
     "top-10": 0.294,
     "top-200": 0.03025,
     "exam": 0.08092540132200189,
     "wasted-effort": 5334
    }
   }
  },
  "line_assert_use": {
   "Tarantula": {
    "best_case": {
     "top-5": 0.559,
     "top-10": 0.858,
     "top-200": 0.152,
     "exam": 1.5738117721120555e-05,
     "wasted-effort": 2
    },
    "avg_case": {
     "top-5": 0.3415,
     "top-10": 0.6675,
     "top-200": 0.0735,
     "exam": 0.00023607176581680832,
     "wasted-effort": 28
    },
    "worst_case": {
     "top-5": 0.18325,
     "top-10": 0.3595,
     "top-200": 0.0365,
     "exam": 0.00023607176581680832,
     "wasted-effort": 28
    }
   },
   "Ochiai": {
    "best_case": {
     "top-5": 0.572,
     "top-10": 0.858,
     "top-200": 0.146,
     "exam": 1.5738117721120555e-05,
     "wasted-effort": 2
    },
    "avg_case": {
     "top-5": 0.361,
     "top-10": 0.662,
     "top-200": 0.0805,
     "exam": 0.00023607176581680832,
     "wasted-effort": 28
    },
    "worst_case": {
     "top-5": 0.193,
     "top-10": 0.3465,
     "top-200": 0.04375,
     "exam": 0.00023607176581680832,
     "wasted-effort": 28
    }
   },
   "DStar": {
    "best_case": {
     "top-5": 0.484,
     "top-10": 0.8,
     "top-200": 0.112,
     "exam": 0.0002045955303745672,
     "wasted-effort": 26
    },
    "avg_case": {
     "top-5": 0.298,
     "top-10": 0.556,
     "top-200": 0.0695,
     "exam": 0.0002045955303745672,
     "wasted-effort": 26
    },
    "worst_case": {
     "top-5": 0.14025,
     "top-10": 0.29175,
     "top-200": 0.03075,
     "exam": 0.08092540132200189,
     "wasted-effort": 5334
    }
   }
  },
  "line_assert_uses": {
   "Tarantula": {
    "best_case": {
     "top-5": 0.554,
     "top-10": 0.836,
     "top-200": 0.138,
     "exam": 1.5738117721120555e-05,
     "wasted-effort": 2
    },
    "avg_case": {
     "top-5": 0.361,
     "top-10": 0.649,
     "top-200": 0.075,
     "exam": 0.00023607176581680832,
     "wasted-effort": 28
    },
    "worst_case": {
     "top-5": 0.174,
     "top-10": 0.35575,
     "top-200": 0.042,
     "exam": 0.00023607176581680832,
     "wasted-effort": 28
    }
   },
   "Ochiai": {
    "best_case": {
     "top-5": 0.583,