{
 "youtubedl_8": {
  "line": {
   "Tarantula": {
    "best_case": {
     "top-1": 0.0,
     "top-5": 0.0,
     "top-10": 0.0,
     "top-200": 0.0802,
     "exam": 0.001445191126526483,
     "wasted-effort": 95
    },
    "avg_case": {
     "top-1": 0.0,
     "top-5": 0.0,
     "top-10": 0.0,
     "top-200": 0.0829,
     "exam": 0.001445191126526483,
     "wasted-effort": 95
    },
    "worst_case": {
     "top-1": 0.0,
     "top-5": 0.0,
     "top-10": 0.0,
     "top-200": 0.04145,
     "exam": 0.001445191126526483,
     "wasted-effort": 95
    }
   },
   "Ochiai": {
    "best_case": {
     "top-1": 0.0,
     "top-5": 0.0,
     "top-10": 0.0,
     "top-200": 0.081,
     "exam": 0.001445191126526483,
     "wasted-effort": 95
    },
    "avg_case": {
     "top-1": 0.0,
     "top-5": 0.0,
     "top-10": 0.0,
     "top-200": 0.0821,
     "exam": 0.001445191126526483,
     "wasted-effort": 95
    },
    "worst_case": {
     "top-1": 0.0,
     "top-5": 0.0,
     "top-10": 0.0,
     "top-200": 0.04195,
     "exam": 0.001445191126526483,
     "wasted-effort": 95
    }
   },
   "DStar": {
    "best_case": {
     "top-1": 0.0,
     "top-5": 0.0,
     "top-10": 0.0,
     "top-200": 0.0798,
     "exam": 0.0010296986776501193,
     "wasted-effort": 72
    },
    "avg_case": {
     "top-1": 0.0,
     "top-5": 0.0,
     "top-10": 0.0,
     "top-200": 0.0819,
     "exam": 0.0010296986776501193,
     "wasted-effort": 72
    },
    "worst_case": {
     "top-1": 0.0,
     "top-5": 0.0,
     "top-10": 0.0,
     "top-200": 0.04155,
     "exam": 0.0010296986776501193,
     "wasted-effort": 72
    }
   },
   "Naish1": {
    "best_case": {
     "top-1": 0.0,
     "top-5": 0.0,
     "top-10": 0.0,
     "top-200": 0.0812,
     "exam": 0.001445191126526483,
     "wasted-effort": 95
    },
    "avg_case": {
     "top-1": 0.0,
     "top-5": 0.0,
     "top-10": 0.0,
     "top-200": 0.0796,
     "exam": 0.001445191126526483,
     "wasted-effort": 95
    },
    "worst_case": {
     "top-1": 0.0,
     "top-5": 0.0,
     "top-10": 0.0,
     "top-200": 0.04095,
     "exam": 0.001445191126526483,
     "wasted-effort": 95
    }
   },
   "Naish2": {
    "best_case": {
     "top-1": 0.0,
     "top-5": 0.0,
     "top-10": 0.0,
     "top-200": 0.0774,
     "exam": 0.001445191126526483,
     "wasted-effort": 95
    },
    "avg_case": {
     "top-1": 0.0,
     "top-5": 0.0,
     "top-10": 0.0,
     "top-200": 0.0833,
     "exam": 0.001445191126526483,
     "wasted-effort": 95
    },
    "worst_case": {
     "top-1": 0.0,
     "top-5": 0.0,
     "top-10": 0.0,
     "top-200": 0.0411,
     "exam": 0.001445191126526483,
     "wasted-effort": 95
    }
   },
   "GP13": {
    "best_case": {
     "top-1": 0.0,
     "top-5": 0.0,
     "top-10": 0.0,
     "top-200": 0.0826,
     "exam": 0.001445191126526483,
     "wasted-effort": 95
    },
    "avg_case": {
     "top-1": 0.0,
     "top-5": 0.0,
     "top-10": 0.0,
     "top-200": 0.0784,
     "exam": 0.001445191126526483,
     "wasted-effort": 95
    },
    "worst_case": {
     "top-1": 0.0,
     "top-5": 0.0,
     "top-10": 0.0,
     "top-200": 0.0395,
     "exam": 0.001445191126526483,
     "wasted-effort": 95
    }
   }
  },
  "line_line": {
   "Tarantula": {
    "best_case": {
     "top-1": 0,
     "top-5": 0.0,
     "top-10": 0.0,
     "top-200": 0.9957,
     "exam": 0.0015174506828528073,
     "wasted-effort": 89
    },
    "avg_case": {
     "top-1": 0.0,
     "top-5": 0.0,
     "top-10": 0.0,
     "top-200": 0.9964,
     "exam": 0.0015174506828528073,
     "wasted-effort": 89
    },
    "worst_case": {
     "top-1": 0.0,
     "top-5": 0.0,
     "top-10": 0.0,
     "top-200": 0.9412,
     "exam": 0.0015174506828528073,
     "wasted-effort": 89
    }
   },
   "Ochiai": {
    "best_case": {
     "top-1": 0,
     "top-5": 0.0,
     "top-10": 0.0,
     "top-200": 0.9979,
     "exam": 0.0015174506828528073,
     "wasted-effort": 89
    },
    "avg_case": {
     "top-1": 0.0,
     "top-5": 0.0,
     "top-10": 0.0,
     "top-200": 0.9956,
     "exam": 0.0015174506828528073,
     "wasted-effort": 89
    },
    "worst_case": {
     "top-1": 0.0,
     "top-5": 0.0,
     "top-10": 0.0,
     "top-200": 0.9383,
     "exam": 0.0015174506828528073,
     "wasted-effort": 89
    }
   },
   "DStar": {
    "best_case": {
     "top-1": 0.0,
     "top-5": 0.0,
     "top-10": 0,
     "top-200": 0.9695,
     "exam": 0.0011019582339764434,
     "wasted-effort": 66
    },
    "avg_case": {
     "top-1": 0.0,
     "top-5": 0.0,
     "top-10": 0.0,
     "top-200": 0.967,
     "exam": 0.0011019582339764434,
     "wasted-effort": 66
    },
    "worst_case": {
     "top-1": 0.0,
     "top-5": 0.0,
     "top-10": 0.0,
     "top-200": 0.8221,
     "exam": 0.0011019582339764434,
     "wasted-effort": 66
    }
   },
   "Naish1": {
    "best_case": {
     "top-1": 0,
     "top-5": 0.0,
     "top-10": 0.0,
     "top-200": 0.0829,
     "exam": 0.0015174506828528073,
     "wasted-effort": 89
    },
    "avg_case": {
     "top-1": 0.0,
     "top-5": 0.0,
     "top-10": 0.0,
     "top-200": 0.0794,
     "exam": 0.0015174506828528073,
     "wasted-effort": 89
    },
    "worst_case": {
     "top-1": 0.0,
     "top-5": 0.0,
     "top-10": 0.0,
     "top-200": 0.0396,
     "exam": 0.0015174506828528073,
     "wasted-effort": 89
    }
   },
   "Naish2": {
    "best_case": {
     "top-1": 0,
     "top-5": 0.0,
     "top-10": 0.0,
     "top-200": 0.9949,
     "exam": 0.0015174506828528073,
     "wasted-effort": 89
    },
    "avg_case": {
     "top-1": 0.0,
     "top-5": 0.0,
     "top-10": 0.0,
     "top-200": 0.9942,
     "exam": 0.0015174506828528073,
     "wasted-effort": 89
    },
    "worst_case": {
     "top-1": 0.0,
     "top-5": 0.0,
     "top-10": 0.0,
     "top-200": 0.92655,
     "exam": 0.0015174506828528073,
     "wasted-effort": 89
    }
   },
   "GP13": {
    "best_case": {
     "top-1": 0,
     "top-5": 0.0,
     "top-10": 0.0,
     "top-200": 0.9998,
     "exam": 0.0014632560156080641,
     "wasted-effort": 86
    },
    "avg_case": {
     "top-1": 0.0,
     "top-5": 0.0,
     "top-10": 0.0,
     "top-200": 0.9994,
     "exam": 0.0014632560156080641,
     "wasted-effort": 86
    },
    "worst_case": {
     "top-1": 0.0,
     "top-5": 0.0,
     "top-10": 0.0,
     "top-200": 0.9795,
     "exam": 0.0014632560156080641,
     "wasted-effort": 86
    }
   }
  },
  "line_defuse": {
   "Tarantula": {
    "best_case": {
     "top-1": 0.0,
     "top-5": 0,
     "top-10": 0.0,
     "top-200": 0.9968,
     "exam": 0.0012193800130067202,
     "wasted-effort": 70
    },
    "avg_case": {
     "top-1": 0.0,
     "top-5": 0.0,
     "top-10": 0.0,
     "top-200": 0.9968,
     "exam": 0.0012193800130067202,
     "wasted-effort": 70
    },
    "worst_case": {
     "top-1": 0.0,
     "top-5": 0.0,
     "top-10": 0.0,
     "top-200": 0.9378,
     "exam": 0.0012193800130067202,
     "wasted-effort": 70
    }
   },
   "Ochiai": {
    "best_case": {
     "top-1": 0.0,
     "top-5": 0,
     "top-10": 0.0,
     "top-200": 0.9971,
     "exam": 0.0012193800130067202,
     "wasted-effort": 70
    },
    "avg_case": {
     "top-1": 0.0,
     "top-5": 0.0,
     "top-10": 0.0,
     "top-200": 0.9958,
     "exam": 0.0012193800130067202,
     "wasted-effort": 70
    },
    "worst_case": {
     "top-1": 0.0,
     "top-5": 0.0,
     "top-10": 0.0,
     "top-200": 0.93845,
     "exam": 0.0012193800130067202,
     "wasted-effort": 70
    }
   },
   "DStar": {
    "best_case": {
     "top-1": 0.0,
     "top-5": 0.0,
     "top-10": 0,
     "top-200": 0.9682,
     "exam": 0.0008038875641303562,
     "wasted-effort": 47
    },
    "avg_case": {
     "top-1": 0.0,
     "top-5": 0.0,
     "top-10": 0.0,
     "top-200": 0.9693,
     "exam": 0.0008038875641303562,
     "wasted-effort": 47
    },
    "worst_case": {
     "top-1": 0.0,
     "top-5": 0.0,
     "top-10": 0.0,
     "top-200": 0.82265,
     "exam": 0.0008038875641303562,
     "wasted-effort": 47
    }
   },