{
 "youtubedl_30": {
  "line": {
   "Tarantula": {
    "best_case": {
     "top-1": 0.0,
     "top-5": 0.0,
     "top-10": 0.0,
     "top-200": 0.0415,
     "exam": 0.043501038749887096,
     "wasted-effort": 4757
    },
    "avg_case": {
     "top-1": 0.0,
     "top-5": 0.0,
     "top-10": 0.0,
     "top-200": 0.0451,
     "exam": 0.043501038749887096,
     "wasted-effort": 4757
    },
    "worst_case": {
     "top-1": 0.0,
     "top-5": 0.0,
     "top-10": 0.0,
     "top-200": 0.0464,
     "exam": 0.043501038749887096,
     "wasted-effort": 4757
    }
   },
   "Ochiai": {
    "best_case": {
     "top-1": 0.0,
     "top-5": 0.0,
     "top-10": 0.0,
     "top-200": 0.0432,
     "exam": 0.043501038749887096,
     "wasted-effort": 4757
    },
    "avg_case": {
     "top-1": 0.0,
     "top-5": 0.0,
     "top-10": 0.0,
     "top-200": 0.0437,
     "exam": 0.043501038749887096,
     "wasted-effort": 4757
    },
    "worst_case": {
     "top-1": 0.0,
     "top-5": 0.0,
     "top-10": 0.0,
     "top-200": 0.0445,
     "exam": 0.043501038749887096,
     "wasted-effort": 4757
    }
   },
   "DStar": {
    "best_case": {
     "top-1": 0.0,
     "top-5": 0.0,
     "top-10": 0.0,
     "top-200": 0.0416,
     "exam": 0.043193930087616295,
     "wasted-effort": 4740
    },
    "avg_case": {
     "top-1": 0.0,
     "top-5": 0.0,
     "top-10": 0.0,
     "top-200": 0.0431,
     "exam": 0.043193930087616295,
     "wasted-effort": 4740
    },
    "worst_case": {
     "top-1": 0.0,
     "top-5": 0.0,
     "top-10": 0.0,
     "top-200": 0.0426,
     "exam": 0.043193930087616295,
     "wasted-effort": 4740
    }
   },
   "Naish1": {
    "best_case": {
     "top-1": 0.0,
     "top-5": 0.0,
     "top-10": 0.0,
     "top-200": 0.0397,
     "exam": 0.043501038749887096,
     "wasted-effort": 4757
    },
    "avg_case": {
     "top-1": 0.0,
     "top-5": 0.0,
     "top-10": 0.0,
     "top-200": 0.0446,
     "exam": 0.043501038749887096,
     "wasted-effort": 4757
    },
    "worst_case": {
     "top-1": 0.0,
     "top-5": 0.0,
     "top-10": 0.0,
     "top-200": 0.04,
     "exam": 0.043501038749887096,
     "wasted-effort": 4757
    }
   },
   "Naish2": {
    "best_case": {
     "top-1": 0.0,
     "top-5": 0.0,
     "top-10": 0.0,
     "top-200": 0.0394,
     "exam": 0.043501038749887096,
     "wasted-effort": 4757
    },
    "avg_case": {
     "top-1": 0.0,
     "top-5": 0.0,
     "top-10": 0.0,
     "top-200": 0.0397,
     "exam": 0.043501038749887096,
     "wasted-effort": 4757
    },
    "worst_case": {
     "top-1": 0.0,
     "top-5": 0.0,
     "top-10": 0.0,
     "top-200": 0.0422,
     "exam": 0.043501038749887096,
     "wasted-effort": 4757
    }
   },
   "GP13": {
    "best_case": {
     "top-1": 0.0,
     "top-5": 0.0,
     "top-10": 0.0,
     "top-200": 0.0419,
     "exam": 0.043501038749887096,
     "wasted-effort": 4757
    },
    "avg_case": {
     "top-1": 0.0,
     "top-5": 0.0,
     "top-10": 0.0,
     "top-200": 0.0398,
     "exam": 0.043501038749887096,
     "wasted-effort": 4757
    },
    "worst_case": {
     "top-1": 0.0,
     "top-5": 0.0,
     "top-10": 0.0,
     "top-200": 0.0444,
     "exam": 0.043501038749887096,
     "wasted-effort": 4757
    }
   }
  },
  "line_line": {
   "Tarantula": {
    "best_case": {
     "top-1": 0.0,
     "top-5": 0.0,
     "top-10": 0.0,
     "top-200": 0.952,
     "exam": 0.0019239454430494084,
     "wasted-effort": 160
    },
    "avg_case": {
     "top-1": 0.0,
     "top-5": 0.0,
     "top-10": 0.0,
     "top-200": 0.954,
     "exam": 0.0019239454430494084,
     "wasted-effort": 160
    },
    "worst_case": {
     "top-1": 0.0,
     "top-5": 0.0,
     "top-10": 0.0,
     "top-200": 0.953,
     "exam": 0.0019239454430494084,
     "wasted-effort": 160
    }
   },
   "Ochiai": {
    "best_case": {
     "top-1": 0.0,
     "top-5": 0.0,
     "top-10": 0.0,
     "top-200": 0.9518,
     "exam": 0.0019239454430494084,
     "wasted-effort": 160
    },
    "avg_case": {
     "top-1": 0.0,
     "top-5": 0.0,
     "top-10": 0.0,
     "top-200": 0.956,
     "exam": 0.0019239454430494084,
     "wasted-effort": 160
    },
    "worst_case": {
     "top-1": 0.0,
     "top-5": 0.0,
     "top-10": 0.0,
     "top-200": 0.9542,
     "exam": 0.0019239454430494084,
     "wasted-effort": 160
    }
   },
   "DStar": {
    "best_case": {
     "top-1": 0.0,
     "top-5": 0.0,
     "top-10": 0.0,
     "top-200": 1,
     "exam": 0.0016349019962063048,
     "wasted-effort": 144
    },
    "avg_case": {
     "top-1": 0.0,
     "top-5": 0.0,
     "top-10": 0.0,
     "top-200": 1,
     "exam": 0.0016349019962063048,
     "wasted-effort": 144
    },
    "worst_case": {
     "top-1": 0.0,
     "top-5": 0.0,
     "top-10": 0.0,
     "top-200": 1.0,
     "exam": 0.0016349019962063048,
     "wasted-effort": 144
    }
   },
   "Naish1": {
    "best_case": {
     "top-1": 0.0,
     "top-5": 0.0,
     "top-10": 0.0,
     "top-200": 0.0416,
     "exam": 0.04443139734441333,
     "wasted-effort": 4860
    },
    "avg_case": {
     "top-1": 0.0,
     "top-5": 0.0,
     "top-10": 0.0,
     "top-200": 0.0423,
     "exam": 0.04443139734441333,
     "wasted-effort": 4860
    },
    "worst_case": {
     "top-1": 0.0,
     "top-5": 0.0,
     "top-10": 0.0,
     "top-200": 0.0407,
     "exam": 0.04443139734441333,
     "wasted-effort": 4860
    }
   },
   "Naish2": {
    "best_case": {
     "top-1": 0.0,
     "top-5": 0.0,
     "top-10": 0.0,
     "top-200": 0.9409,
     "exam": 0.0019781410893324903,
     "wasted-effort": 163
    },
    "avg_case": {
     "top-1": 0.0,
     "top-5": 0.0,
     "top-10": 0.0,
     "top-200": 0.9406,
     "exam": 0.0019781410893324903,
     "wasted-effort": 163
    },
    "worst_case": {
     "top-1": 0.0,
     "top-5": 0.0,
     "top-10": 0.0,
     "top-200": 0.9411,
     "exam": 0.0019781410893324903,
     "wasted-effort": 163
    }
   },
   "GP13": {
    "best_case": {
     "top-1": 0.0,
     "top-5": 0.0,
     "top-10": 0.0,
     "top-200": 0.9558,
     "exam": 0.0019058802276217144,
     "wasted-effort": 159
    },
    "avg_case": {
     "top-1": 0.0,
     "top-5": 0.0,
     "top-10": 0.0,
     "top-200": 0.9564,
     "exam": 0.0019058802276217144,
     "wasted-effort": 159
    },
    "worst_case": {
     "top-1": 0.0,
     "top-5": 0.0,
     "top-10": 0.0,
     "top-200": 0.9555,
     "exam": 0.0019058802276217144,
     "wasted-effort": 159
    }
   }
  },
  "line_defuse": {
   "Tarantula": {
    "best_case": {
     "top-1": 0.0,
     "top-5": 0.0,
     "top-10": 0.0,
     "top-200": 0.9527,
     "exam": 0.0019058802276217144,
     "wasted-effort": 159
    },
    "avg_case": {
     "top-1": 0.0,
     "top-5": 0.0,
     "top-10": 0.0,
     "top-200": 0.9515,
     "exam": 0.0019058802276217144,
     "wasted-effort": 159
    },
    "worst_case": {
     "top-1": 0.0,
     "top-5": 0.0,
     "top-10": 0.0,
     "top-200": 0.954,
     "exam": 0.0019058802276217144,
     "wasted-effort": 159
    }
   },
   "Ochiai": {
    "best_case": {
     "top-1": 0.0,
     "top-5": 0.0,
     "top-10": 0.0,
     "top-200": 0.9575,
     "exam": 0.0019058802276217144,
     "wasted-effort": 159
    },
    "avg_case": {
     "top-1": 0.0,
     "top-5": 0.0,
     "top-10": 0.0,
     "top-200": 0.9587,
     "exam": 0.0019058802276217144,
     "wasted-effort": 159
    },
    "worst_case": {
     "top-1": 0.0,
     "top-5": 0.0,
     "top-10": 0.0,
     "top-200": 0.9561,
     "exam": 0.0019058802276217144,
     "wasted-effort": 159
    }
   },
   "DStar": {
    "best_case": {
     "top-1": 0.0,
     "top-5": 0.0,
     "top-10": 0.0,
     "top-200": 1,
     "exam": 0.0016349019962063048,
     "wasted-effort": 144
    },
    "avg_case": {
     "top-1": 0.0,
     "top-5": 0.0,
     "top-10": 0.0,
     "top-200": 1,
     "exam": 0.0016349019962063048,
     "wasted-effort": 144
    },
    "worst_case": {
     "top-1": 0.0,
     "top-5": 0.0,
     "top-10": 0.0,
     "top-200": 1.0,
     "exam": 0.0016349019962063048,
     "wasted-effort": 144
    }
   },