{
 "youtubedl_12": {
  "line": {
   "Tarantula": {
    "best_case": {
     "top-1": 1,
     "top-5": 0.2409,
     "top-10": 0.4682,
     "top-200": 0.821,
     "exam": 8.947905295370353e-06,
     "wasted-effort": 1
    },
    "avg_case": {
     "top-1": 1,
     "top-5": 0.2354,
     "top-10": 0.4758,
     "top-200": 0.8125,
     "exam": 8.947905295370353e-06,
     "wasted-effort": 1
    },
    "worst_case": {
     "top-1": 1.0,
     "top-5": 0.2408,
     "top-10": 0.4685,
     "top-200": 0.817,
     "exam": 8.947905295370353e-06,
     "wasted-effort": 1
    }
   },
   "Ochiai": {
    "best_case": {
     "top-1": 1,
     "top-5": 0.2424,
     "top-10": 0.4706,
     "top-200": 0.8124,
     "exam": 8.947905295370353e-06,
     "wasted-effort": 1
    },
    "avg_case": {
     "top-1": 1,
     "top-5": 0.2392,
     "top-10": 0.4722,
     "top-200": 0.8268,
     "exam": 8.947905295370353e-06,
     "wasted-effort": 1
    },
    "worst_case": {
     "top-1": 1.0,
     "top-5": 0.2332,
     "top-10": 0.4721,
     "top-200": 0.8155,
     "exam": 8.947905295370353e-06,
     "wasted-effort": 1
    }
   },
   "DStar": {
    "best_case": {
     "top-1": 0,
     "top-5": 0.0,
     "top-10": 0.0,
     "top-200": 0.0,
     "exam": 0.07129690939351098,
     "wasted-effort": 8049
    },
    "avg_case": {
     "top-1": 0.0,
     "top-5": 0.0,
     "top-10": 0.0,
     "top-200": 0.0,
     "exam": 0.07129690939351098,
     "wasted-effort": 8049
    },
    "worst_case": {
     "top-1": 0.0,
     "top-5": 0.0,
     "top-10": 0.0,
     "top-200": 0.0,
     "exam": 0.07129690939351098,
     "wasted-effort": 8049
    }
   },
   "Naish1": {
    "best_case": {
     "top-1": 1,
     "top-5": 0.2377,
     "top-10": 0.4746,
     "top-200": 0.811,
     "exam": 8.947905295370353e-06,
     "wasted-effort": 1
    },
    "avg_case": {
     "top-1": 1,
     "top-5": 0.2434,
     "top-10": 0.4714,
     "top-200": 0.812,
     "exam": 8.947905295370353e-06,
     "wasted-effort": 1
    },
    "worst_case": {
     "top-1": 1.0,
     "top-5": 0.2406,
     "top-10": 0.4758,
     "top-200": 0.8157,
     "exam": 8.947905295370353e-06,
     "wasted-effort": 1
    }
   },
   "Naish2": {
    "best_case": {
     "top-1": 1,
     "top-5": 0.2354,
     "top-10": 0.481,
     "top-200": 0.8149,
     "exam": 8.947905295370353e-06,
     "wasted-effort": 1
    },
    "avg_case": {
     "top-1": 1,
     "top-5": 0.242,
     "top-10": 0.478,
     "top-200": 0.8149,
     "exam": 8.947905295370353e-06,
     "wasted-effort": 1
    },
    "worst_case": {
     "top-1": 1.0,
     "top-5": 0.2372,
     "top-10": 0.4688,
     "top-200": 0.8173,
     "exam": 8.947905295370353e-06,
     "wasted-effort": 1
    }
   },
   "GP13": {
    "best_case": {
     "top-1": 1,
     "top-5": 0.24,
     "top-10": 0.472,
     "top-200": 0.818,
     "exam": 8.947905295370353e-06,
     "wasted-effort": 1
    },
    "avg_case": {
     "top-1": 1,
     "top-5": 0.2355,
     "top-10": 0.4734,
     "top-200": 0.821,
     "exam": 8.947905295370353e-06,
     "wasted-effort": 1
    },
    "worst_case": {
     "top-1": 1.0,
     "top-5": 0.2374,
     "top-10": 0.4749,
     "top-200": 0.8189,
     "exam": 8.947905295370353e-06,
     "wasted-effort": 1
    }
   }
  },
  "line_line": {
   "Tarantula": {
    "best_case": {
     "top-1": 1,
     "top-5": 0.2477,
     "top-10": 0.497,
     "top-200": 0.9485,
     "exam": 8.947905295370353e-06,
     "wasted-effort": 1
    },
    "avg_case": {
     "top-1": 1,
     "top-5": 0.2479,
     "top-10": 0.4921,
     "top-200": 0.9432,
     "exam": 8.947905295370353e-06,
     "wasted-effort": 1
    },
    "worst_case": {
     "top-1": 1.0,
     "top-5": 0.2485,
     "top-10": 0.4914,
     "top-200": 0.9442,
     "exam": 8.947905295370353e-06,
     "wasted-effort": 1
    }
   },
   "Ochiai": {
    "best_case": {
     "top-1": 1,
     "top-5": 0.2524,
     "top-10": 0.4968,
     "top-200": 0.9476,
     "exam": 8.947905295370353e-06,
     "wasted-effort": 1
    },
    "avg_case": {
     "top-1": 1,
     "top-5": 0.2391,
     "top-10": 0.5033,
     "top-200": 0.9482,
     "exam": 8.947905295370353e-06,
     "wasted-effort": 1
    },
    "worst_case": {
     "top-1": 1.0,
     "top-5": 0.2471,
     "top-10": 0.5045,
     "top-200": 0.9497,
     "exam": 8.947905295370353e-06,
     "wasted-effort": 1
    }
   },
   "DStar": {
    "best_case": {
     "top-1": 0,
     "top-5": 0.0,
     "top-10": 0.0,
     "top-200": 0.0,
     "exam": 0.07129690939351098,
     "wasted-effort": 8049
    },
    "avg_case": {
     "top-1": 0.0,
     "top-5": 0.0,
     "top-10": 0.0,
     "top-200": 0.0,
     "exam": 0.07129690939351098,
     "wasted-effort": 8049
    },
    "worst_case": {
     "top-1": 0.0,
     "top-5": 0.0,
     "top-10": 0.0,
     "top-200": 0.0,
     "exam": 0.07129690939351098,
     "wasted-effort": 8049
    }
   },
   "Naish1": {
    "best_case": {
     "top-1": 1,
     "top-5": 0.2546,
     "top-10": 0.4926,
     "top-200": 0.8591,
     "exam": 8.947905295370353e-06,
     "wasted-effort": 1
    },
    "avg_case": {
     "top-1": 1,
     "top-5": 0.2433,
     "top-10": 0.5031,
     "top-200": 0.8696,
     "exam": 8.947905295370353e-06,
     "wasted-effort": 1
    },
    "worst_case": {
     "top-1": 1.0,
     "top-5": 0.2495,
     "top-10": 0.5034,
     "top-200": 0.8656,
     "exam": 8.947905295370353e-06,
     "wasted-effort": 1
    }
   },
   "Naish2": {
    "best_case": {
     "top-1": 1,
     "top-5": 0.2553,
     "top-10": 0.5051,
     "top-200": 0.8641,
     "exam": 8.947905295370353e-06,
     "wasted-effort": 1
    },
    "avg_case": {
     "top-1": 1,
     "top-5": 0.2494,
     "top-10": 0.5027,
     "top-200": 0.868,
     "exam": 8.947905295370353e-06,
     "wasted-effort": 1
    },
    "worst_case": {
     "top-1": 1.0,
     "top-5": 0.2466,
     "top-10": 0.4943,
     "top-200": 0.8641,
     "exam": 8.947905295370353e-06,
     "wasted-effort": 1
    }
   },
   "GP13": {
    "best_case": {
     "top-1": 1,
     "top-5": 0.2504,
     "top-10": 0.4962,
     "top-200": 0.9653,
     "exam": 8.947905295370353e-06,
     "wasted-effort": 1
    },
    "avg_case": {
     "top-1": 1,
     "top-5": 0.2541,
     "top-10": 0.4951,
     "top-200": 0.9685,
     "exam": 8.947905295370353e-06,
     "wasted-effort": 1
    },
    "worst_case": {
     "top-1": 1.0,
     "top-5": 0.2459,
     "top-10": 0.491,
     "top-200": 0.9659,
     "exam": 8.947905295370353e-06,
     "wasted-effort": 1
    }
   }
  },
  "line_defuse": {
   "Tarantula": {
    "best_case": {
     "top-1": 1,
     "top-5": 0.2459,
     "top-10": 0.4956,
     "top-200": 0.962,
     "exam": 8.947905295370353e-06,
     "wasted-effort": 1
    },
    "avg_case": {
     "top-1": 1,
     "top-5": 0.2537,
     "top-10": 0.4883,
     "top-200": 0.9618,
     "exam": 8.947905295370353e-06,
     "wasted-effort": 1
    },
    "worst_case": {
     "top-1": 1.0,
     "top-5": 0.248,
     "top-10": 0.5078,
     "top-200": 0.9621,
     "exam": 8.947905295370353e-06,
     "wasted-effort": 1
    }
   },
   "Ochiai": {
    "best_case": {
     "top-1": 1,
     "top-5": 0.2524,
     "top-10": 0.5099,
     "top-200": 0.9585,
     "exam": 8.947905295370353e-06,
     "wasted-effort": 1
    },
    "avg_case": {
     "top-1": 1,
     "top-5": 0.2523,
     "top-10": 0.4984,
     "top-200": 0.956,
     "exam": 8.947905295370353e-06,
     "wasted-effort": 1
    },
    "worst_case": {
     "top-1": 1.0,
     "top-5": 0.2536,
     "top-10": 0.4914,
     "top-200": 0.9565,
     "exam": 8.947905295370353e-06,
     "wasted-effort": 1
    }
   },
   "DStar": {
    "best_case": {
     "top-1": 0,
     "top-5": 0.0,
     "top-10": 0.0,
     "top-200": 0.0,
     "exam": 0.07129690939351098,
     "wasted-effort": 8049
    },
    "avg_case": {
     "top-1": 0.0,
     "top-5": 0.0,
     "top-10": 0.0,
     "top-200": 0.0,
     "exam": 0.07129690939351098,
     "wasted-effort": 8049
    },
    "worst_case": {
     "top-1": 0.0,
     "top-5": 0.0,
     "top-10": 0.0,
     "top-200": 0.0,