{
 "youtubedl_41": {
  "line": {
   "Tarantula": {
    "best_case": {
     "top-1": 0.1657,
     "top-5": 0.6855,
     "top-10": 0.9866,
     "top-200": 0.1973,
     "exam": 0.00030500203334688896,
     "wasted-effort": 12
    },
    "avg_case": {
     "top-1": 0.1676,
     "top-5": 0.6798,
     "top-10": 0.9866,
     "top-200": 0.1955,
     "exam": 0.00030500203334688896,
     "wasted-effort": 12
    },
    "worst_case": {
     "top-1": 0.08175,
     "top-5": 0.41355,
     "top-10": 0.8308,
     "top-200": 0.1029,
     "exam": 0.00030500203334688896,
     "wasted-effort": 12
    }
   },
   "Ochiai": {
    "best_case": {
     "top-1": 0.165,
     "top-5": 0.6795,
     "top-10": 0.9836,
     "top-200": 0.2006,
     "exam": 0.00030500203334688896,
     "wasted-effort": 12
    },
    "avg_case": {
     "top-1": 0.1723,
     "top-5": 0.6858,
     "top-10": 0.9845,
     "top-200": 0.1897,
     "exam": 0.00030500203334688896,
     "wasted-effort": 12
    },
    "worst_case": {
     "top-1": 0.08785,
     "top-5": 0.423,
     "top-10": 0.83515,
     "top-200": 0.1014,
     "exam": 0.00030500203334688896,
     "wasted-effort": 12
    }
   },
   "DStar": {
    "best_case": {
     "top-1": 0.0,
     "top-5": 0.0,
     "top-10": 0.0,
     "top-200": 0.0,
     "exam": 0.10098108987393249,
     "wasted-effort": 2058
    },
    "avg_case": {
     "top-1": 0.0,
     "top-5": 0.0,
     "top-10": 0.0,
     "top-200": 0.0,
     "exam": 0.10098108987393249,
     "wasted-effort": 2058
    },
    "worst_case": {
     "top-1": 0.0,
     "top-5": 0.0,
     "top-10": 0.0,
     "top-200": 0.0,
     "exam": 0.10098108987393249,
     "wasted-effort": 2058
    }
   },
   "Naish1": {
    "best_case": {
     "top-1": 0.1666,
     "top-5": 0.6803,
     "top-10": 0.9847,
     "top-200": 0.2004,
     "exam": 0.00030500203334688896,
     "wasted-effort": 12
    },
    "avg_case": {
     "top-1": 0.1628,
     "top-5": 0.6741,
     "top-10": 0.9855,
     "top-200": 0.1955,
     "exam": 0.00030500203334688896,
     "wasted-effort": 12
    },
    "worst_case": {
     "top-1": 0.0856,
     "top-5": 0.4172,
     "top-10": 0.833,
     "top-200": 0.09925,
     "exam": 0.00030500203334688896,
     "wasted-effort": 12
    }
   },
   "Naish2": {
    "best_case": {
     "top-1": 0.1718,
     "top-5": 0.6785,
     "top-10": 0.9847,
     "top-200": 0.1951,
     "exam": 0.00030500203334688896,
     "wasted-effort": 12
    },
    "avg_case": {
     "top-1": 0.169,
     "top-5": 0.6879,
     "top-10": 0.9854,
     "top-200": 0.196,
     "exam": 0.00030500203334688896,
     "wasted-effort": 12
    },
    "worst_case": {
     "top-1": 0.0818,
     "top-5": 0.41285,
     "top-10": 0.83005,
     "top-200": 0.1044,
     "exam": 0.00030500203334688896,
     "wasted-effort": 12
    }
   },
   "GP13": {
    "best_case": {
     "top-1": 0.1583,
     "top-5": 0.6865,
     "top-10": 0.9846,
     "top-200": 0.195,
     "exam": 0.00030500203334688896,
     "wasted-effort": 12
    },
    "avg_case": {
     "top-1": 0.1705,
     "top-5": 0.6797,
     "top-10": 0.9834,
     "top-200": 0.1996,
     "exam": 0.00030500203334688896,
     "wasted-effort": 12
    },
    "worst_case": {
     "top-1": 0.0833,
     "top-5": 0.4119,
     "top-10": 0.83745,
     "top-200": 0.1039,
     "exam": 0.00030500203334688896,
     "wasted-effort": 12
    }
   }
  },
  "line_line": {
   "Tarantula": {
    "best_case": {
     "top-1": 0.1913,
     "top-5": 0.7722,
     "top-10": 1,
     "top-200": 0.196,
     "exam": 0.00025416836112240746,
     "wasted-effort": 10
    },
    "avg_case": {
     "top-1": 0.1947,
     "top-5": 0.7846,
     "top-10": 1,
     "top-200": 0.1963,
     "exam": 0.00025416836112240746,
     "wasted-effort": 10
    },
    "worst_case": {
     "top-1": 0.0975,
     "top-5": 0.50135,
     "top-10": 1.0,
     "top-200": 0.1043,
     "exam": 0.00025416836112240746,
     "wasted-effort": 10
    }
   },
   "Ochiai": {
    "best_case": {
     "top-1": 0.2005,
     "top-5": 0.7883,
     "top-10": 1,
     "top-200": 0.1989,
     "exam": 0.00025416836112240746,
     "wasted-effort": 10
    },
    "avg_case": {
     "top-1": 0.2022,
     "top-5": 0.7793,
     "top-10": 1,
     "top-200": 0.1947,
     "exam": 0.00025416836112240746,
     "wasted-effort": 10
    },
    "worst_case": {
     "top-1": 0.1035,
     "top-5": 0.4972,
     "top-10": 1.0,
     "top-200": 0.1017,
     "exam": 0.00025416836112240746,
     "wasted-effort": 10
    }
   },
   "DStar": {
    "best_case": {
     "top-1": 0.0,
     "top-5": 0.0,
     "top-10": 0.0,
     "top-200": 0.0,
     "exam": 0.10098108987393249,
     "wasted-effort": 2058
    },
    "avg_case": {
     "top-1": 0.0,
     "top-5": 0.0,
     "top-10": 0.0,
     "top-200": 0.0,
     "exam": 0.10098108987393249,
     "wasted-effort": 2058
    },
    "worst_case": {
     "top-1": 0.0,
     "top-5": 0.0,
     "top-10": 0.0,
     "top-200": 0.0,
     "exam": 0.10098108987393249,
     "wasted-effort": 2058
    }
   },
   "Naish1": {
    "best_case": {
     "top-1": 0.2014,
     "top-5": 0.7829,
     "top-10": 1,
     "top-200": 0.1877,
     "exam": 0.00025416836112240746,
     "wasted-effort": 10
    },
    "avg_case": {
     "top-1": 0.1902,
     "top-5": 0.7742,
     "top-10": 1,
     "top-200": 0.1829,
     "exam": 0.00025416836112240746,
     "wasted-effort": 10
    },
    "worst_case": {
     "top-1": 0.102,
     "top-5": 0.5034,
     "top-10": 1.0,
     "top-200": 0.09345,
     "exam": 0.00025416836112240746,
     "wasted-effort": 10
    }
   },
   "Naish2": {
    "best_case": {
     "top-1": 0.1952,
     "top-5": 0.7779,
     "top-10": 1,
     "top-200": 0.1951,
     "exam": 0.00025416836112240746,
     "wasted-effort": 10
    },
    "avg_case": {
     "top-1": 0.1956,
     "top-5": 0.777,
     "top-10": 1,
     "top-200": 0.1925,
     "exam": 0.00025416836112240746,
     "wasted-effort": 10
    },
    "worst_case": {
     "top-1": 0.10245,
     "top-5": 0.50315,
     "top-10": 1.0,
     "top-200": 0.10285,
     "exam": 0.00025416836112240746,
     "wasted-effort": 10
    }
   },
   "GP13": {
    "best_case": {
     "top-1": 0.2057,
     "top-5": 0.7761,
     "top-10": 1,
     "top-200": 0.1997,
     "exam": 0.00025416836112240746,
     "wasted-effort": 10
    },
    "avg_case": {
     "top-1": 0.2007,
     "top-5": 0.7828,
     "top-10": 1,
     "top-200": 0.1901,
     "exam": 0.00025416836112240746,
     "wasted-effort": 10
    },
    "worst_case": {
     "top-1": 0.0985,
     "top-5": 0.49525,
     "top-10": 1.0,
     "top-200": 0.1065,
     "exam": 0.00025416836112240746,
     "wasted-effort": 10
    }
   }
  },
  "line_defuse": {
   "Tarantula": {
    "best_case": {
     "top-1": 0.1631,
     "top-5": 0.6816,
     "top-10": 0.9857,
     "top-200": 0.1915,
     "exam": 0.00030500203334688896,
     "wasted-effort": 12
    },
    "avg_case": {
     "top-1": 0.1642,
     "top-5": 0.6827,
     "top-10": 0.9844,
     "top-200": 0.1995,
     "exam": 0.00030500203334688896,
     "wasted-effort": 12
    },
    "worst_case": {
     "top-1": 0.0812,
     "top-5": 0.4175,
     "top-10": 0.83815,
     "top-200": 0.10375,
     "exam": 0.00030500203334688896,
     "wasted-effort": 12
    }
   },
   "Ochiai": {
    "best_case": {
     "top-1": 0.1663,
     "top-5": 0.6867,
     "top-10": 0.9861,
     "top-200": 0.195,
     "exam": 0.00030500203334688896,
     "wasted-effort": 12
    },
    "avg_case": {
     "top-1": 0.1673,
     "top-5": 0.6855,
     "top-10": 0.9843,
     "top-200": 0.197,
     "exam": 0.00030500203334688896,
     "wasted-effort": 12
    },
    "worst_case": {
     "top-1": 0.0839,
     "top-5": 0.4143,
     "top-10": 0.8288,
     "top-200": 0.10595,
     "exam": 0.00030500203334688896,
     "wasted-effort": 12
    }
   },
   "DStar": {
    "best_case": {
     "top-1": 0.0,
     "top-5": 0.0,
     "top-10": 0.0,
     "top-200": 0.0,
     "exam": 0.10098108987393249,
     "wasted-effort": 2058
    },
    "avg_case": {
     "top-1": 0.0,
     "top-5": 0.0,
     "top-10": 0.0,