{
 "youtubedl_2": {
  "line": {
   "Tarantula": {
    "best_case": {
     "top-1": 0.0525,
     "top-5": 0.2361,
     "top-10": 0.4279,
     "top-200": 0.1559,
     "exam": 0.0005598013922017232,
     "wasted-effort": 115
    },
    "avg_case": {
     "top-1": 0.010420000000000094,
     "top-5": 0.05255999999999835,
     "top-10": 0.10700000000000588,
     "top-200": 0.032259999999999164,
     "exam": 0.0005598013922017232,
     "wasted-effort": 115
    },
    "worst_case": {
     "top-1": 0.005130000000000046,
     "top-5": 0.02617999999999914,
     "top-10": 0.05132000000000264,
     "top-200": 0.016239999999999553,
     "exam": 0.5374093365136543,
     "wasted-effort": 102715
    }
   },
   "Ochiai": {
    "best_case": {
     "top-1": 0.0515,
     "top-5": 0.2356,
     "top-10": 0.4331,
     "top-200": 0.1533,
     "exam": 0.0005598013922017232,
     "wasted-effort": 115
    },
    "avg_case": {
     "top-1": 0.010560000000000095,
     "top-5": 0.05529999999999892,
     "top-10": 0.10174000000000513,
     "top-200": 0.032339999999999126,
     "exam": 0.0005598013922017232,
     "wasted-effort": 115
    },
    "worst_case": {
     "top-1": 0.0051200000000000455,
     "top-5": 0.026479999999999226,
     "top-10": 0.05249000000000279,
     "top-200": 0.01636999999999956,
     "exam": 0.5374093365136543,
     "wasted-effort": 102715
    }
   },
   "DStar": {
    "best_case": {
     "top-1": 0.0,
     "top-5": 0.0,
     "top-10": 0.0,
     "top-200": 0.0,
     "exam": 0.07231173635788346,
     "wasted-effort": 7685
    },
    "avg_case": {
     "top-1": 0.0,
     "top-5": 0.0,
     "top-10": 0.0,
     "top-200": 0.0,
     "exam": 0.07231173635788346,
     "wasted-effort": 7685
    },
    "worst_case": {
     "top-1": 0.0,
     "top-5": 0.0,
     "top-10": 0.0,
     "top-200": 0.0,
     "exam": 0.5374093365136543,
     "wasted-effort": 102715
    }
   },
   "Naish2": {
    "best_case": {
     "top-1": 0.0503,
     "top-5": 0.2393,
     "top-10": 0.4318,
     "top-200": 0.1522,
     "exam": 0.0005598013922017232,
     "wasted-effort": 115
    },
    "avg_case": {
     "top-1": 0.011360000000000108,
     "top-5": 0.0511399999999981,
     "top-10": 0.1045800000000057,
     "top-200": 0.03429999999999904,
     "exam": 0.0005598013922017232,
     "wasted-effort": 115
    },
    "worst_case": {
     "top-1": 0.005270000000000048,
     "top-5": 0.025869999999999078,
     "top-10": 0.05260000000000282,
     "top-200": 0.017119999999999514,
     "exam": 0.5374093365136543,
     "wasted-effort": 102715
    }
   },
   "GP13": {
    "best_case": {
     "top-1": 0.0536,
     "top-5": 0.2409,
     "top-10": 0.4219,
     "top-200": 0.1479,
     "exam": 0.0005598013922017232,
     "wasted-effort": 115
    },
    "avg_case": {
     "top-1": 0.010080000000000089,
     "top-5": 0.05293999999999842,
     "top-10": 0.10500000000000607,
     "top-200": 0.03367999999999904,
     "exam": 0.0005598013922017232,
     "wasted-effort": 115
    },
    "worst_case": {
     "top-1": 0.005460000000000051,
     "top-5": 0.025269999999999064,
     "top-10": 0.052580000000002895,
     "top-200": 0.016809999999999523,
     "exam": 0.5374093365136543,
     "wasted-effort": 102715
    }
   }
  },
  "line_line": {
   "Tarantula": {
    "best_case": {
     "top-1": 0.0498,
     "top-5": 0.2379,
     "top-10": 0.4312,
     "top-200": 1.0,
     "exam": 0.0005598013922017232,
     "wasted-effort": 115
    },
    "avg_case": {
     "top-1": 0.0108400000000001,
     "top-5": 0.052999999999998375,
     "top-10": 0.10542000000000594,
     "top-200": 0.9791400000000007,
     "exam": 0.0005598013922017232,
     "wasted-effort": 115
    },
    "worst_case": {
     "top-1": 0.00540000000000005,
     "top-5": 0.026169999999999145,
     "top-10": 0.05147000000000258,
     "top-200": 0.5444700000000213,
     "exam": 0.5374093365136543,
     "wasted-effort": 102715
    }
   },
   "Ochiai": {
    "best_case": {
     "top-1": 0.0505,
     "top-5": 0.2399,
     "top-10": 0.433,
     "top-200": 1.0,
     "exam": 0.0005598013922017232,
     "wasted-effort": 115
    },
    "avg_case": {
     "top-1": 0.010540000000000096,
     "top-5": 0.05285999999999835,
     "top-10": 0.10380000000000564,
     "top-200": 0.9783800000000016,
     "exam": 0.0005598013922017232,
     "wasted-effort": 115
    },
    "worst_case": {
     "top-1": 0.005170000000000046,
     "top-5": 0.026239999999999174,
     "top-10": 0.052680000000002745,
     "top-200": 0.5444400000000205,
     "exam": 0.5374093365136543,
     "wasted-effort": 102715
    }
   },
   "DStar": {
    "best_case": {
     "top-1": 0.0,
     "top-5": 0.0,
     "top-10": 0.0,
     "top-200": 0.0,
     "exam": 0.07231173635788346,
     "wasted-effort": 7685
    },
    "avg_case": {
     "top-1": 0.0,
     "top-5": 0.0,
     "top-10": 0.0,
     "top-200": 0.0,
     "exam": 0.07231173635788346,
     "wasted-effort": 7685
    },
    "worst_case": {
     "top-1": 0.0,
     "top-5": 0.0,
     "top-10": 0.0,
     "top-200": 0.0,
     "exam": 0.5374093365136543,
     "wasted-effort": 102715
    }
   },
   "Naish2": {
    "best_case": {
     "top-1": 0.0513,
     "top-5": 0.2418,
     "top-10": 0.4283,
     "top-200": 1.0,
     "exam": 0.0005598013922017232,
     "wasted-effort": 115
    },
    "avg_case": {
     "top-1": 0.010620000000000096,
     "top-5": 0.05023999999999812,
     "top-10": 0.10466000000000547,
     "top-200": 0.9776400000000003,
     "exam": 0.0005598013922017232,
     "wasted-effort": 115
    },
    "worst_case": {
     "top-1": 0.005340000000000049,
     "top-5": 0.025869999999999078,
     "top-10": 0.05223000000000298,
     "top-200": 0.5459400000000243,
     "exam": 0.5374093365136543,
     "wasted-effort": 102715
    }
   },
   "GP13": {
    "best_case": {
     "top-1": 0.0508,
     "top-5": 0.2404,
     "top-10": 0.417,
     "top-200": 1.0,
     "exam": 0.0005598013922017232,
     "wasted-effort": 115
    },
    "avg_case": {
     "top-1": 0.0109400000000001,
     "top-5": 0.04913999999999824,
     "top-10": 0.10326000000000565,
     "top-200": 0.9799200000000006,
     "exam": 0.0005598013922017232,
     "wasted-effort": 115
    },
    "worst_case": {
     "top-1": 0.005020000000000044,
     "top-5": 0.026189999999999162,
     "top-10": 0.05307000000000298,
     "top-200": 0.5454900000000225,
     "exam": 0.5374093365136543,
     "wasted-effort": 102715
    }
   }
  },
  "line_defuse": {
   "Tarantula": {
    "best_case": {
     "top-1": 0.0542,
     "top-5": 0.239,
     "top-10": 0.4307,
     "top-200": 1.0,
     "exam": 0.0005598013922017232,
     "wasted-effort": 115
    },
    "avg_case": {
     "top-1": 0.010780000000000099,
     "top-5": 0.051039999999998115,
     "top-10": 0.10462000000000546,
     "top-200": 0.9797800000000038,
     "exam": 0.0005598013922017232,
     "wasted-effort": 115
    },
    "worst_case": {
     "top-1": 0.005080000000000045,
     "top-5": 0.02624999999999921,
     "top-10": 0.052200000000003056,
     "top-200": 0.5442600000000213,
     "exam": 0.5374093365136543,
     "wasted-effort": 102715
    }
   },
   "Ochiai": {
    "best_case": {
     "top-1": 0.0525,
     "top-5": 0.2343,
     "top-10": 0.42,
     "top-200": 1.0,
     "exam": 0.0005598013922017232,
     "wasted-effort": 115
    },
    "avg_case": {
     "top-1": 0.010200000000000091,
     "top-5": 0.053159999999998465,
     "top-10": 0.10538000000000586,
     "top-200": 0.9788399999999994,
     "exam": 0.0005598013922017232,
     "wasted-effort": 115
    },
    "worst_case": {
     "top-1": 0.0051800000000000465,
     "top-5": 0.02611999999999913,
     "top-10": 0.051670000000002776,
     "top-200": 0.5437000000000201,
     "exam": 0.5374093365136543,
     "wasted-effort": 102715
    }
   },
   "DStar": {
    "best_case": {
     "top-1": 0.0,
     "top-5": 0.0,
     "top-10": 0.0,
     "top-200": 0.0,
     "exam": 0.07231173635788346,
     "wasted-effort": 7685
    },
    "avg_case": {
     "top-1": 0.0,
     "top-5": 0.0,
     "top-10": 0.0,