{
 "youtubedl_37": {
  "line": {
   "Tarantula": {
    "best_case": {
     "top-1": 1,
     "top-5": 0.004,
     "top-10": 0.0084,
     "top-200": 0.1759,
     "exam": 4.160599126274184e-05,
     "wasted-effort": 1
    },
    "avg_case": {
     "top-1": 0.6666666666666666,
     "top-5": 0.0025333333333333345,
     "top-10": 0.006533333333333324,
     "top-200": 0.11609999999999927,
     "exam": 4.160599126274184e-05,
     "wasted-effort": 1
    },
    "worst_case": {
     "top-1": 0.3333333333333333,
     "top-5": 0.001733333333333334,
     "top-10": 0.003666666666666665,
     "top-200": 0.06063333333333328,
     "exam": 0.5499895985021843,
     "wasted-effort": 24035
    }
   },
   "Ochiai": {
    "best_case": {
     "top-1": 1,
     "top-5": 0.0039,
     "top-10": 0.0079,
     "top-200": 0.1676,
     "exam": 4.160599126274184e-05,
     "wasted-effort": 1
    },
    "avg_case": {
     "top-1": 0.6666666666666666,
     "top-5": 0.0032000000000000023,
     "top-10": 0.0067333333333333256,
     "top-200": 0.11926666666666633,
     "exam": 4.160599126274184e-05,
     "wasted-effort": 1
    },
    "worst_case": {
     "top-1": 0.3333333333333333,
     "top-5": 0.0016333333333333343,
     "top-10": 0.003099999999999996,
     "top-200": 0.057566666666666266,
     "exam": 0.5499895985021843,
     "wasted-effort": 24035
    }
   },
   "DStar": {
    "best_case": {
     "top-1": 0.0004,
     "top-5": 0.0027,
     "top-10": 0.0049,
     "top-200": 0.0894,
     "exam": 0.046536301227376745,
     "wasted-effort": 2237
    },
    "avg_case": {
     "top-1": 0.0001333333333333333,
     "top-5": 0.0013999999999999996,
     "top-10": 0.003666666666666667,
     "top-200": 0.06060000000000004,
     "exam": 0.046536301227376745,
     "wasted-effort": 2237
    },
    "worst_case": {
     "top-1": 6.666666666666666e-05,
     "top-5": 0.0008666666666666664,
     "top-10": 0.0014666666666666676,
     "top-200": 0.028066666666666816,
     "exam": 0.5499895985021843,
     "wasted-effort": 24035
    }
   },
   "Naish2": {
    "best_case": {
     "top-1": 1,
     "top-5": 0.0035,
     "top-10": 0.0101,
     "top-200": 0.1762,
     "exam": 4.160599126274184e-05,
     "wasted-effort": 1
    },
    "avg_case": {
     "top-1": 0.6666666666666666,
     "top-5": 0.003133333333333335,
     "top-10": 0.006133333333333325,
     "top-200": 0.11426666666666577,
     "exam": 4.160599126274184e-05,
     "wasted-effort": 1
    },
    "worst_case": {
     "top-1": 0.3333333333333333,
     "top-5": 0.0016333333333333343,
     "top-10": 0.0029333333333333295,
     "top-200": 0.059699999999999843,
     "exam": 0.5499895985021843,
     "wasted-effort": 24035
    }
   },
   "GP13": {
    "best_case": {
     "top-1": 1,
     "top-5": 0.0043,
     "top-10": 0.008,
     "top-200": 0.1689,
     "exam": 4.160599126274184e-05,
     "wasted-effort": 1
    },
    "avg_case": {
     "top-1": 0.6666666666666666,
     "top-5": 0.004133333333333332,
     "top-10": 0.004799999999999996,
     "top-200": 0.11223333333333214,
     "exam": 4.160599126274184e-05,
     "wasted-effort": 1
    },
    "worst_case": {
     "top-1": 0.3333333333333333,
     "top-5": 0.0013000000000000006,
     "top-10": 0.0024333333333333316,
     "top-200": 0.061066666666666686,
     "exam": 0.5499895985021843,
     "wasted-effort": 24035
    }
   }
  },
  "line_line": {
   "Tarantula": {
    "best_case": {
     "top-1": 1,
     "top-5": 0.0054,
     "top-10": 0.0104,
     "top-200": 0.1712,
     "exam": 4.160599126274184e-05,
     "wasted-effort": 1
    },
    "avg_case": {
     "top-1": 0.6666666666666666,
     "top-5": 0.003233333333333336,
     "top-10": 0.006466666666666657,
     "top-200": 0.11693333333333271,
     "exam": 4.160599126274184e-05,
     "wasted-effort": 1
    },
    "worst_case": {
     "top-1": 0.3333333333333333,
     "top-5": 0.0012666666666666672,
     "top-10": 0.00283333333333333,
     "top-200": 0.05886666666666647,
     "exam": 0.5499895985021843,
     "wasted-effort": 24035
    }
   },
   "Ochiai": {
    "best_case": {
     "top-1": 1,
     "top-5": 0.0037,
     "top-10": 0.0088,
     "top-200": 0.1704,
     "exam": 4.160599126274184e-05,
     "wasted-effort": 1
    },
    "avg_case": {
     "top-1": 0.6666666666666666,
     "top-5": 0.0027333333333333346,
     "top-10": 0.006499999999999992,
     "top-200": 0.1154333333333326,
     "exam": 4.160599126274184e-05,
     "wasted-effort": 1
    },
    "worst_case": {
     "top-1": 0.3333333333333333,
     "top-5": 0.0011333333333333336,
     "top-10": 0.0025999999999999977,
     "top-200": 0.06063333333333321,
     "exam": 0.5499895985021843,
     "wasted-effort": 24035
    }
   },
   "DStar": {
    "best_case": {
     "top-1": 0.0002,
     "top-5": 0.0021,
     "top-10": 0.0046,
     "top-200": 0.0894,
     "exam": 0.046536301227376745,
     "wasted-effort": 2237
    },
    "avg_case": {
     "top-1": 0.0004666666666666666,
     "top-5": 0.0015999999999999992,
     "top-10": 0.0022666666666666673,
     "top-200": 0.05946666666666678,
     "exam": 0.046536301227376745,
     "wasted-effort": 2237
    },
    "worst_case": {
     "top-1": 0.0002333333333333333,
     "top-5": 0.0006333333333333331,
     "top-10": 0.0015666666666666676,
     "top-200": 0.03020000000000003,
     "exam": 0.5499895985021843,
     "wasted-effort": 24035
    }
   },
   "Naish2": {
    "best_case": {
     "top-1": 1,
     "top-5": 0.0032,
     "top-10": 0.0093,
     "top-200": 0.1709,
     "exam": 4.160599126274184e-05,
     "wasted-effort": 1
    },
    "avg_case": {
     "top-1": 0.6666666666666666,
     "top-5": 0.002666666666666668,
     "top-10": 0.005899999999999993,
     "top-200": 0.11796666666666615,
     "exam": 4.160599126274184e-05,
     "wasted-effort": 1
    },
    "worst_case": {
     "top-1": 0.3333333333333333,
     "top-5": 0.0018666666666666669,
     "top-10": 0.0031666666666666627,
     "top-200": 0.05979999999999986,
     "exam": 0.5499895985021843,
     "wasted-effort": 24035
    }
   },
   "GP13": {
    "best_case": {
     "top-1": 1,
     "top-5": 0.0055,
     "top-10": 0.0085,
     "top-200": 0.1703,
     "exam": 4.160599126274184e-05,
     "wasted-effort": 1
    },
    "avg_case": {
     "top-1": 0.6666666666666666,
     "top-5": 0.0032666666666666686,
     "top-10": 0.004866666666666663,
     "top-200": 0.11306666666666561,
     "exam": 4.160599126274184e-05,
     "wasted-effort": 1
    },
    "worst_case": {
     "top-1": 0.3333333333333333,
     "top-5": 0.0014333333333333342,
     "top-10": 0.0032333333333333285,
     "top-200": 0.06099999999999992,
     "exam": 0.5499895985021843,
     "wasted-effort": 24035
    }
   }
  },
  "line_defuse": {
   "Tarantula": {
    "best_case": {
     "top-1": 1,
     "top-5": 0.0047,
     "top-10": 0.0092,
     "top-200": 0.1686,
     "exam": 4.160599126274184e-05,
     "wasted-effort": 1
    },
    "avg_case": {
     "top-1": 0.6666666666666666,
     "top-5": 0.003466666666666668,
     "top-10": 0.006933333333333327,
     "top-200": 0.11863333333333279,
     "exam": 4.160599126274184e-05,
     "wasted-effort": 1
    },
    "worst_case": {
     "top-1": 0.3333333333333333,
     "top-5": 0.001733333333333334,
     "top-10": 0.002999999999999996,
     "top-200": 0.05896666666666639,
     "exam": 0.5499895985021843,
     "wasted-effort": 24035
    }
   },
   "Ochiai": {
    "best_case": {
     "top-1": 1,
     "top-5": 0.0039,
     "top-10": 0.0105,
     "top-200": 0.1717,
     "exam": 4.160599126274184e-05,
     "wasted-effort": 1
    },
    "avg_case": {
     "top-1": 0.6666666666666666,
     "top-5": 0.002333333333333334,
     "top-10": 0.005866666666666659,
     "top-200": 0.1172666666666661,
     "exam": 4.160599126274184e-05,
     "wasted-effort": 1
    },
    "worst_case": {
     "top-1": 0.3333333333333333,
     "top-5": 0.0013000000000000006,
     "top-10": 0.002999999999999996,
     "top-200": 0.06106666666666667,
     "exam": 0.5499895985021843,
     "wasted-effort": 24035
    }
   },