{
 "youtubedl_17": {
  "line": {
   "Tarantula": {
    "best_case": {
     "top-1": 0.19,
     "top-5": 1,
     "top-10": 0.0014,
     "top-200": 0.0299,
     "exam": 2.5163816445057323e-05,
     "wasted-effort": 5
    },
    "avg_case": {
     "top-1": 0.2021,
     "top-5": 1,
     "top-10": 0.0018,
     "top-200": 0.0272,
     "exam": 2.5163816445057323e-05,
     "wasted-effort": 5
    },
    "worst_case": {
     "top-1": 0.2043,
     "top-5": 1.0,
     "top-10": 0.0014,
     "top-200": 0.0311,
     "exam": 2.5163816445057323e-05,
     "wasted-effort": 5
    }
   },
   "Ochiai": {
    "best_case": {
     "top-1": 0.1996,
     "top-5": 1,
     "top-10": 0.0014,
     "top-200": 0.0267,
     "exam": 2.5163816445057323e-05,
     "wasted-effort": 5
    },
    "avg_case": {
     "top-1": 0.2018,
     "top-5": 1,
     "top-10": 0.0009,
     "top-200": 0.0322,
     "exam": 2.5163816445057323e-05,
     "wasted-effort": 5
    },
    "worst_case": {
     "top-1": 0.2005,
     "top-5": 1.0,
     "top-10": 0.0018,
     "top-200": 0.0303,
     "exam": 2.5163816445057323e-05,
     "wasted-effort": 5
    }
   },
   "DStar": {
    "best_case": {
     "top-1": 0.0,
     "top-5": 0.0,
     "top-10": 0.0,
     "top-200": 0.0,
     "exam": 0.0725221189946552,
     "wasted-effort": 7551
    },
    "avg_case": {
     "top-1": 0.0,
     "top-5": 0.0,
     "top-10": 0.0,
     "top-200": 0.0,
     "exam": 0.0725221189946552,
     "wasted-effort": 7551
    },
    "worst_case": {
     "top-1": 0.0,
     "top-5": 0.0,
     "top-10": 0.0,
     "top-200": 0.0,
     "exam": 0.0725221189946552,
     "wasted-effort": 7551
    }
   },
   "Naish1": {
    "best_case": {
     "top-1": 0.2036,
     "top-5": 1,
     "top-10": 0.0014,
     "top-200": 0.0271,
     "exam": 2.5163816445057323e-05,
     "wasted-effort": 5
    },
    "avg_case": {
     "top-1": 0.1959,
     "top-5": 1,
     "top-10": 0.0022,
     "top-200": 0.0293,
     "exam": 2.5163816445057323e-05,
     "wasted-effort": 5
    },
    "worst_case": {
     "top-1": 0.1886,
     "top-5": 1.0,
     "top-10": 0.0013,
     "top-200": 0.0288,
     "exam": 2.5163816445057323e-05,
     "wasted-effort": 5
    }
   },
   "Naish2": {
    "best_case": {
     "top-1": 0.1977,
     "top-5": 1,
     "top-10": 0.0016,
     "top-200": 0.0279,
     "exam": 2.5163816445057323e-05,
     "wasted-effort": 5
    },
    "avg_case": {
     "top-1": 0.1996,
     "top-5": 1,
     "top-10": 0.0012,
     "top-200": 0.0297,
     "exam": 2.5163816445057323e-05,
     "wasted-effort": 5
    },
    "worst_case": {
     "top-1": 0.1965,
     "top-5": 1.0,
     "top-10": 0.0015,
     "top-200": 0.0317,
     "exam": 2.5163816445057323e-05,
     "wasted-effort": 5
    }
   },
   "GP13": {
    "best_case": {
     "top-1": 0.2079,
     "top-5": 1,
     "top-10": 0.0011,
     "top-200": 0.0309,
     "exam": 2.5163816445057323e-05,
     "wasted-effort": 5
    },
    "avg_case": {
     "top-1": 0.2025,
     "top-5": 1,
     "top-10": 0.001,
     "top-200": 0.0291,
     "exam": 2.5163816445057323e-05,
     "wasted-effort": 5
    },
    "worst_case": {
     "top-1": 0.2016,
     "top-5": 1.0,
     "top-10": 0.0016,
     "top-200": 0.0349,
     "exam": 2.5163816445057323e-05,
     "wasted-effort": 5
    }
   }
  },
  "line_line": {
   "Tarantula": {
    "best_case": {
     "top-1": 0.2438,
     "top-5": 1,
     "top-10": 0.0014,
     "top-200": 0.0284,
     "exam": 2.013105315604586e-05,
     "wasted-effort": 4
    },
    "avg_case": {
     "top-1": 0.2447,
     "top-5": 1,
     "top-10": 0.0012,
     "top-200": 0.0323,
     "exam": 2.013105315604586e-05,
     "wasted-effort": 4
    },
    "worst_case": {
     "top-1": 0.2515,
     "top-5": 1.0,
     "top-10": 0.0016,
     "top-200": 0.0266,
     "exam": 2.013105315604586e-05,
     "wasted-effort": 4
    }
   },
   "Ochiai": {
    "best_case": {
     "top-1": 0.2424,
     "top-5": 1,
     "top-10": 0.0022,
     "top-200": 0.0311,
     "exam": 2.013105315604586e-05,
     "wasted-effort": 4
    },
    "avg_case": {
     "top-1": 0.2517,
     "top-5": 1,
     "top-10": 0.0017,
     "top-200": 0.0279,
     "exam": 2.013105315604586e-05,
     "wasted-effort": 4
    },
    "worst_case": {
     "top-1": 0.2551,
     "top-5": 1.0,
     "top-10": 0.0012,
     "top-200": 0.0298,
     "exam": 2.013105315604586e-05,
     "wasted-effort": 4
    }
   },
   "DStar": {
    "best_case": {
     "top-1": 0.0,
     "top-5": 0.0,
     "top-10": 0.0,
     "top-200": 0.0,
     "exam": 0.0725221189946552,
     "wasted-effort": 7551
    },
    "avg_case": {
     "top-1": 0.0,
     "top-5": 0.0,
     "top-10": 0.0,
     "top-200": 0.0,
     "exam": 0.0725221189946552,
     "wasted-effort": 7551
    },
    "worst_case": {
     "top-1": 0.0,
     "top-5": 0.0,
     "top-10": 0.0,
     "top-200": 0.0,
     "exam": 0.0725221189946552,
     "wasted-effort": 7551
    }
   },
   "Naish1": {
    "best_case": {
     "top-1": 0.2497,
     "top-5": 1,
     "top-10": 0.0007,
     "top-200": 0.0264,
     "exam": 2.013105315604586e-05,
     "wasted-effort": 4
    },
    "avg_case": {
     "top-1": 0.2442,
     "top-5": 1,
     "top-10": 0.0016,
     "top-200": 0.0261,
     "exam": 2.013105315604586e-05,
     "wasted-effort": 4
    },
    "worst_case": {
     "top-1": 0.2557,
     "top-5": 1.0,
     "top-10": 0.0013,
     "top-200": 0.0273,
     "exam": 2.013105315604586e-05,
     "wasted-effort": 4
    }
   },
   "Naish2": {
    "best_case": {
     "top-1": 0.2496,
     "top-5": 1,
     "top-10": 0.0012,
     "top-200": 0.0254,
     "exam": 2.013105315604586e-05,
     "wasted-effort": 4
    },
    "avg_case": {
     "top-1": 0.2497,
     "top-5": 1,
     "top-10": 0.0008,
     "top-200": 0.0264,
     "exam": 2.013105315604586e-05,
     "wasted-effort": 4
    },
    "worst_case": {
     "top-1": 0.2496,
     "top-5": 1.0,
     "top-10": 0.0013,
     "top-200": 0.0316,
     "exam": 2.013105315604586e-05,
     "wasted-effort": 4
    }
   },
   "GP13": {
    "best_case": {
     "top-1": 0.2459,
     "top-5": 1,
     "top-10": 0.0022,
     "top-200": 0.0285,
     "exam": 2.013105315604586e-05,
     "wasted-effort": 4
    },
    "avg_case": {
     "top-1": 0.2449,
     "top-5": 1,
     "top-10": 0.0013,
     "top-200": 0.0302,
     "exam": 2.013105315604586e-05,
     "wasted-effort": 4
    },
    "worst_case": {
     "top-1": 0.2487,
     "top-5": 1.0,
     "top-10": 0.0015,
     "top-200": 0.0307,
     "exam": 2.013105315604586e-05,
     "wasted-effort": 4
    }
   }
  },
  "line_defuse": {
   "Tarantula": {
    "best_case": {
     "top-1": 0.4962,
     "top-5": 1,
     "top-10": 0.0017,
     "top-200": 0.0305,
     "exam": 1.006552657802293e-05,
     "wasted-effort": 2
    },
    "avg_case": {
     "top-1": 0.5047,
     "top-5": 1,
     "top-10": 0.0014,
     "top-200": 0.0303,
     "exam": 1.006552657802293e-05,
     "wasted-effort": 2
    },
    "worst_case": {
     "top-1": 0.5036,
     "top-5": 1.0,
     "top-10": 0.0017,
     "top-200": 0.0302,
     "exam": 1.006552657802293e-05,
     "wasted-effort": 2
    }
   },
   "Ochiai": {
    "best_case": {
     "top-1": 0.494,
     "top-5": 1,
     "top-10": 0.0017,
     "top-200": 0.0293,
     "exam": 1.006552657802293e-05,
     "wasted-effort": 2
    },
    "avg_case": {
     "top-1": 0.5091,
     "top-5": 1,
     "top-10": 0.0012,
     "top-200": 0.029,
     "exam": 1.006552657802293e-05,
     "wasted-effort": 2
    },
    "worst_case": {
     "top-1": 0.4918,
     "top-5": 1.0,
     "top-10": 0.002,
     "top-200": 0.0292,
     "exam": 1.006552657802293e-05,
     "wasted-effort": 2
    }
   },
   "DStar": {
    "best_case": {
     "top-1": 0.0,
     "top-5": 0.0,
     "top-10": 0.0,
     "top-200": 0.0,
     "exam": 0.0725221189946552,
     "wasted-effort": 7551
    },
    "avg_case": {
     "top-1": 0.0,
     "top-5": 0.0,
     "top-10": 0.0,
     "top-200": 0.0,
     "exam": 0.0725221189946552,
     "wasted-effort": 7551
    },
    "worst_case": {
     "top-1": 0.0,
     "top-5": 0.0,
     "top-10": 0.0,