{
 "youtubedl_40": {
  "line": {
   "Tarantula": {
    "best_case": {
     "top-5": 0.004,
     "top-10": 0.012,
     "top-200": 0.206,
     "exam": 0.04822912544519193,
     "wasted-effort": 1950
    },
    "avg_case": {
     "top-5": 0.00075,
     "top-10": 0.00375,
     "top-200": 0.05175,
     "exam": 0.551716462208152,
     "wasted-effort": 20216
    },
    "worst_case": {
     "top-5": 0.000625,
     "top-10": 0.001375,
     "top-200": 0.02475,
     "exam": 0.551716462208152,
     "wasted-effort": 20216
    }
   },
   "Ochiai": {
    "best_case": {
     "top-5": 0.004,
     "top-10": 0.013,
     "top-200": 0.214,
     "exam": 0.04822912544519193,
     "wasted-effort": 1950
    },
    "avg_case": {
     "top-5": 0.00125,
     "top-10": 0.00375,
     "top-200": 0.05025,
     "exam": 0.551716462208152,
     "wasted-effort": 20216
    },
    "worst_case": {
     "top-5": 0.000875,
     "top-10": 0.001375,
     "top-200": 0.026125,
     "exam": 0.551716462208152,
     "wasted-effort": 20216
    }
   },
   "DStar": {
    "best_case": {
     "top-5": 0.005,
     "top-10": 0.015,
     "top-200": 0.211,
     "exam": 0.04822912544519193,
     "wasted-effort": 1950
    },
    "avg_case": {
     "top-5": 0.0015,
     "top-10": 0.002,
     "top-200": 0.04825,
     "exam": 0.551716462208152,
     "wasted-effort": 20216
    },
    "worst_case": {
     "top-5": 0.000375,
     "top-10": 0.001,
     "top-200": 0.024375,
     "exam": 0.551716462208152,
     "wasted-effort": 20216
    }
   }
  },
  "line_line": {
   "Tarantula": {
    "best_case": {
     "top-5": 0.008,
     "top-10": 0.008,
     "top-200": 0.209,
     "exam": 0.04822912544519193,
     "wasted-effort": 1950
    },
    "avg_case": {
     "top-5": 0.00175,
     "top-10": 0.00325,
     "top-200": 0.04925,
     "exam": 0.551716462208152,
     "wasted-effort": 20216
    },
    "worst_case": {
     "top-5": 0.001,
     "top-10": 0.001125,
     "top-200": 0.029625,
     "exam": 0.551716462208152,
     "wasted-effort": 20216
    }
   },
   "Ochiai": {
    "best_case": {
     "top-5": 0.002,
     "top-10": 0.007,
     "top-200": 0.221,
     "exam": 0.04822912544519193,
     "wasted-effort": 1950
    },
    "avg_case": {
     "top-5": 0.001,
     "top-10": 0.00125,
     "top-200": 0.04675,
     "exam": 0.551716462208152,
     "wasted-effort": 20216
    },
    "worst_case": {
     "top-5": 0.000375,
     "top-10": 0.001625,
     "top-200": 0.026625,
     "exam": 0.551716462208152,
     "wasted-effort": 20216
    }
   },
   "DStar": {
    "best_case": {
     "top-5": 0.004,
     "top-10": 0.009,
     "top-200": 0.188,
     "exam": 0.04822912544519193,
     "wasted-effort": 1950
    },
    "avg_case": {
     "top-5": 0.0005,
     "top-10": 0.00125,
     "top-200": 0.0445,
     "exam": 0.551716462208152,
     "wasted-effort": 20216
    },
    "worst_case": {
     "top-5": 0.0005,
     "top-10": 0.0015,
     "top-200": 0.025,
     "exam": 0.551716462208152,
     "wasted-effort": 20216
    }
   }
  },
  "line_defuse": {
   "Tarantula": {
    "best_case": {
     "top-5": 0.007,
     "top-10": 0.014,
     "top-200": 0.192,
     "exam": 0.04822912544519193,
     "wasted-effort": 1950
    },
    "avg_case": {
     "top-5": 0.001,
     "top-10": 0.00175,
     "top-200": 0.04875,
     "exam": 0.551716462208152,
     "wasted-effort": 20216
    },
    "worst_case": {
     "top-5": 0.000375,
     "top-10": 0.001125,
     "top-200": 0.02525,
     "exam": 0.551716462208152,
     "wasted-effort": 20216
    }
   },
   "Ochiai": {
    "best_case": {
     "top-5": 0.005,
     "top-10": 0.007,
     "top-200": 0.207,
     "exam": 0.04822912544519193,
     "wasted-effort": 1950
    },
    "avg_case": {
     "top-5": 0.00125,
     "top-10": 0.0015,
     "top-200": 0.04375,
     "exam": 0.551716462208152,
     "wasted-effort": 20216
    },
    "worst_case": {
     "top-5": 0.0005,
     "top-10": 0.000625,
     "top-200": 0.02475,
     "exam": 0.551716462208152,
     "wasted-effort": 20216
    }
   },
   "DStar": {
    "best_case": {
     "top-5": 0.004,
     "top-10": 0.008,
     "top-200": 0.19,
     "exam": 0.04822912544519193,
     "wasted-effort": 1950
    },
    "avg_case": {
     "top-5": 0.0015,
     "top-10": 0.003,
     "top-200": 0.052,
     "exam": 0.551716462208152,
     "wasted-effort": 20216
    },
    "worst_case": {
     "top-5": 0.000375,
     "top-10": 0.001,
     "top-200": 0.0275,
     "exam": 0.551716462208152,
     "wasted-effort": 20216
    }
   }
  },
  "line_defuses": {
   "Tarantula": {
    "best_case": {
     "top-5": 0.003,
     "top-10": 0.017,
     "top-200": 0.193,
     "exam": 0.04822912544519193,
     "wasted-effort": 1950
    },
    "avg_case": {
     "top-5": 0.0015,
     "top-10": 0.002,
     "top-200": 0.04825,
     "exam": 0.551716462208152,
     "wasted-effort": 20216
    },
    "worst_case": {
     "top-5": 0.00075,
     "top-10": 0.001,
     "top-200": 0.0215,
     "exam": 0.551716462208152,
     "wasted-effort": 20216
    }
   },
   "Ochiai": {
    "best_case": {
     "top-5": 0.007,
     "top-10": 0.008,
     "top-200": 0.194,
     "exam": 0.04822912544519193,
     "wasted-effort": 1950
    },
    "avg_case": {
     "top-5": 0.00175,
     "top-10": 0.0035,
     "top-200": 0.0485,
     "exam": 0.551716462208152,
     "wasted-effort": 20216
    },
    "worst_case": {
     "top-5": 0.000625,
     "top-10": 0.00125,
     "top-200": 0.0265,
     "exam": 0.551716462208152,
     "wasted-effort": 20216
    }
   },
   "DStar": {
    "best_case": {
     "top-5": 0.003,
     "top-10": 0.009,
     "top-200": 0.188,
     "exam": 0.04822912544519193,
     "wasted-effort": 1950
    },
    "avg_case": {
     "top-5": 0.0015,
     "top-10": 0.00175,
     "top-200": 0.056,
     "exam": 0.551716462208152,
     "wasted-effort": 20216
    },
    "worst_case": {
     "top-5": 0.001,
     "top-10": 0.001375,
     "top-200": 0.027125,
     "exam": 0.551716462208152,
     "wasted-effort": 20216
    }
   }
  },
  "line_assert_use": {
   "Tarantula": {
    "best_case": {
     "top-5": 0.001,
     "top-10": 0.014,
     "top-200": 0.2,
     "exam": 0.04822912544519193,
     "wasted-effort": 1950
    },
    "avg_case": {
     "top-5": 0.00075,
     "top-10": 0.00225,
     "top-200": 0.0525,
     "exam": 0.551716462208152,
     "wasted-effort": 20216
    },
    "worst_case": {
     "top-5": 0.0005,
     "top-10": 0.0015,
     "top-200": 0.02575,
     "exam": 0.551716462208152,
     "wasted-effort": 20216
    }
   },
   "Ochiai": {
    "best_case": {
     "top-5": 0.006,
     "top-10": 0.013,
     "top-200": 0.199,
     "exam": 0.04822912544519193,
     "wasted-effort": 1950
    },
    "avg_case": {
     "top-5": 0.0025,
     "top-10": 0.00125,
     "top-200": 0.05,
     "exam": 0.551716462208152,
     "wasted-effort": 20216
    },
    "worst_case": {
     "top-5": 0.000625,
     "top-10": 0.001,
     "top-200": 0.023875,
     "exam": 0.551716462208152,
     "wasted-effort": 20216
    }
   },
   "DStar": {
    "best_case": {
     "top-5": 0.01,
     "top-10": 0.009,
     "top-200": 0.216,
     "exam": 0.04822912544519193,
     "wasted-effort": 1950
    },
    "avg_case": {
     "top-5": 0.0005,
     "top-10": 0.00225,
     "top-200": 0.04875,
     "exam": 0.551716462208152,
     "wasted-effort": 20216
    },
    "worst_case": {
     "top-5": 0.00025,
     "top-10": 0.001125,
     "top-200": 0.030125,
     "exam": 0.551716462208152,
     "wasted-effort": 20216
    }
   }
  },
  "line_assert_uses": {
   "Tarantula": {
    "best_case": {
     "top-5": 0.005,
     "top-10": 0.009,
     "top-200": 0.192,
     "exam": 0.04822912544519193,
     "wasted-effort": 1950
    },
    "avg_case": {
     "top-5": 0.001,
     "top-10": 0.00325,
     "top-200": 0.053,
     "exam": 0.551716462208152,
     "wasted-effort": 20216
    },
    "worst_case": {
     "top-5": 0.001,
     "top-10": 0.00125,
     "top-200": 0.026375,
     "exam": 0.551716462208152,
     "wasted-effort": 20216
    }
   },