{
 "youtubedl_43": {
  "line": {
   "Tarantula": {
    "best_case": {
     "top-1": 0.25,
     "top-5": 0.0027,
     "top-10": 0.0065,
     "top-200": 0.1273,
     "exam": 0.0001224065120264398,
     "wasted-effort": 4
    },
    "avg_case": {
     "top-1": 0.2436,
     "top-5": 0.0033,
     "top-10": 0.006,
     "top-200": 0.1223,
     "exam": 0.0001224065120264398,
     "wasted-effort": 4
    },
    "worst_case": {
     "top-1": 0.249,
     "top-5": 0.0034,
     "top-10": 0.0071,
     "top-200": 0.1213,
     "exam": 0.0001224065120264398,
     "wasted-effort": 4
    }
   },
   "Ochiai": {
    "best_case": {
     "top-1": 0.2559,
     "top-5": 0.0029,
     "top-10": 0.0062,
     "top-200": 0.1222,
     "exam": 0.0001224065120264398,
     "wasted-effort": 4
    },
    "avg_case": {
     "top-1": 0.2485,
     "top-5": 0.0039,
     "top-10": 0.0053,
     "top-200": 0.1264,
     "exam": 0.0001224065120264398,
     "wasted-effort": 4
    },
    "worst_case": {
     "top-1": 0.2481,
     "top-5": 0.0037,
     "top-10": 0.0052,
     "top-200": 0.1283,
     "exam": 0.0001224065120264398,
     "wasted-effort": 4
    }
   },
   "DStar": {
    "best_case": {
     "top-1": 0.0,
     "top-5": 0.0,
     "top-10": 0.0,
     "top-200": 0.0,
     "exam": 0.10129138870187894,
     "wasted-effort": 1711
    },
    "avg_case": {
     "top-1": 0.0,
     "top-5": 0.0,
     "top-10": 0.0,
     "top-200": 0.0,
     "exam": 0.10129138870187894,
     "wasted-effort": 1711
    },
    "worst_case": {
     "top-1": 0.0,
     "top-5": 0.0,
     "top-10": 0.0,
     "top-200": 0.0,
     "exam": 0.10129138870187894,
     "wasted-effort": 1711
    }
   },
   "Naish1": {
    "best_case": {
     "top-1": 0.2496,
     "top-5": 0.0043,
     "top-10": 0.0059,
     "top-200": 0.1226,
     "exam": 0.0001224065120264398,
     "wasted-effort": 4
    },
    "avg_case": {
     "top-1": 0.2472,
     "top-5": 0.0039,
     "top-10": 0.0054,
     "top-200": 0.1333,
     "exam": 0.0001224065120264398,
     "wasted-effort": 4
    },
    "worst_case": {
     "top-1": 0.2492,
     "top-5": 0.0025,
     "top-10": 0.0061,
     "top-200": 0.1275,
     "exam": 0.0001224065120264398,
     "wasted-effort": 4
    }
   },
   "Naish2": {
    "best_case": {
     "top-1": 0.2535,
     "top-5": 0.0036,
     "top-10": 0.0062,
     "top-200": 0.1254,
     "exam": 0.0001224065120264398,
     "wasted-effort": 4
    },
    "avg_case": {
     "top-1": 0.2516,
     "top-5": 0.0026,
     "top-10": 0.0053,
     "top-200": 0.1245,
     "exam": 0.0001224065120264398,
     "wasted-effort": 4
    },
    "worst_case": {
     "top-1": 0.2462,
     "top-5": 0.003,
     "top-10": 0.0075,
     "top-200": 0.1245,
     "exam": 0.0001224065120264398,
     "wasted-effort": 4
    }
   },
   "GP13": {
    "best_case": {
     "top-1": 0.248,
     "top-5": 0.0028,
     "top-10": 0.0056,
     "top-200": 0.1205,
     "exam": 0.0001224065120264398,
     "wasted-effort": 4
    },
    "avg_case": {
     "top-1": 0.2514,
     "top-5": 0.002,
     "top-10": 0.0062,
     "top-200": 0.1291,
     "exam": 0.0001224065120264398,
     "wasted-effort": 4
    },
    "worst_case": {
     "top-1": 0.247,
     "top-5": 0.0031,
     "top-10": 0.0051,
     "top-200": 0.1283,
     "exam": 0.0001224065120264398,
     "wasted-effort": 4
    }
   }
  },
  "line_line": {
   "Tarantula": {
    "best_case": {
     "top-1": 0.3379,
     "top-5": 0.004,
     "top-10": 0.0046,
     "top-200": 0.1251,
     "exam": 9.180488401982985e-05,
     "wasted-effort": 3
    },
    "avg_case": {
     "top-1": 0.3273,
     "top-5": 0.0034,
     "top-10": 0.0062,
     "top-200": 0.1222,
     "exam": 9.180488401982985e-05,
     "wasted-effort": 3
    },
    "worst_case": {
     "top-1": 0.3341,
     "top-5": 0.0028,
     "top-10": 0.0059,
     "top-200": 0.1223,
     "exam": 9.180488401982985e-05,
     "wasted-effort": 3
    }
   },
   "Ochiai": {
    "best_case": {
     "top-1": 0.3331,
     "top-5": 0.0021,
     "top-10": 0.0054,
     "top-200": 0.1295,
     "exam": 9.180488401982985e-05,
     "wasted-effort": 3
    },
    "avg_case": {
     "top-1": 0.3156,
     "top-5": 0.0034,
     "top-10": 0.0056,
     "top-200": 0.1288,
     "exam": 9.180488401982985e-05,
     "wasted-effort": 3
    },
    "worst_case": {
     "top-1": 0.3274,
     "top-5": 0.0033,
     "top-10": 0.0053,
     "top-200": 0.1263,
     "exam": 9.180488401982985e-05,
     "wasted-effort": 3
    }
   },
   "DStar": {
    "best_case": {
     "top-1": 0.0,
     "top-5": 0.0,
     "top-10": 0.0,
     "top-200": 0.0,
     "exam": 0.10129138870187894,
     "wasted-effort": 1711
    },
    "avg_case": {
     "top-1": 0.0,
     "top-5": 0.0,
     "top-10": 0.0,
     "top-200": 0.0,
     "exam": 0.10129138870187894,
     "wasted-effort": 1711
    },
    "worst_case": {
     "top-1": 0.0,
     "top-5": 0.0,
     "top-10": 0.0,
     "top-200": 0.0,
     "exam": 0.10129138870187894,
     "wasted-effort": 1711
    }
   },
   "Naish1": {
    "best_case": {
     "top-1": 0.3282,
     "top-5": 0.0028,
     "top-10": 0.0065,
     "top-200": 0.1197,
     "exam": 9.180488401982985e-05,
     "wasted-effort": 3
    },
    "avg_case": {
     "top-1": 0.3384,
     "top-5": 0.0033,
     "top-10": 0.0051,
     "top-200": 0.1166,
     "exam": 9.180488401982985e-05,
     "wasted-effort": 3
    },
    "worst_case": {
     "top-1": 0.3353,
     "top-5": 0.0035,
     "top-10": 0.0068,
     "top-200": 0.1108,
     "exam": 9.180488401982985e-05,
     "wasted-effort": 3
    }
   },
   "Naish2": {
    "best_case": {
     "top-1": 0.3272,
     "top-5": 0.0031,
     "top-10": 0.0076,
     "top-200": 0.1219,
     "exam": 9.180488401982985e-05,
     "wasted-effort": 3
    },
    "avg_case": {
     "top-1": 0.334,
     "top-5": 0.0032,
     "top-10": 0.006,
     "top-200": 0.1232,
     "exam": 9.180488401982985e-05,
     "wasted-effort": 3
    },
    "worst_case": {
     "top-1": 0.3372,
     "top-5": 0.0026,
     "top-10": 0.0058,
     "top-200": 0.1229,
     "exam": 9.180488401982985e-05,
     "wasted-effort": 3
    }
   },
   "GP13": {
    "best_case": {
     "top-1": 0.3294,
     "top-5": 0.0031,
     "top-10": 0.0048,
     "top-200": 0.1236,
     "exam": 9.180488401982985e-05,
     "wasted-effort": 3
    },
    "avg_case": {
     "top-1": 0.3347,
     "top-5": 0.0034,
     "top-10": 0.0055,
     "top-200": 0.1201,
     "exam": 9.180488401982985e-05,
     "wasted-effort": 3
    },
    "worst_case": {
     "top-1": 0.3286,
     "top-5": 0.0027,
     "top-10": 0.0065,
     "top-200": 0.1259,
     "exam": 9.180488401982985e-05,
     "wasted-effort": 3
    }
   }
  },
  "line_defuse": {
   "Tarantula": {
    "best_case": {
     "top-1": 0.3371,
     "top-5": 0.0024,
     "top-10": 0.0071,
     "top-200": 0.124,
     "exam": 9.180488401982985e-05,
     "wasted-effort": 3
    },
    "avg_case": {
     "top-1": 0.3438,
     "top-5": 0.0029,
     "top-10": 0.005,
     "top-200": 0.1252,
     "exam": 9.180488401982985e-05,
     "wasted-effort": 3
    },
    "worst_case": {
     "top-1": 0.3316,
     "top-5": 0.0031,
     "top-10": 0.0057,
     "top-200": 0.1185,
     "exam": 9.180488401982985e-05,
     "wasted-effort": 3
    }
   },
   "Ochiai": {
    "best_case": {
     "top-1": 0.3275,
     "top-5": 0.0024,
     "top-10": 0.0063,
     "top-200": 0.1217,
     "exam": 9.180488401982985e-05,
     "wasted-effort": 3
    },
    "avg_case": {
     "top-1": 0.3239,
     "top-5": 0.0025,
     "top-10": 0.0046,
     "top-200": 0.1269,
     "exam": 9.180488401982985e-05,
     "wasted-effort": 3
    },
    "worst_case": {
     "top-1": 0.3305,
     "top-5": 0.0031,
     "top-10": 0.0068,
     "top-200": 0.1217,
     "exam": 9.180488401982985e-05,
     "wasted-effort": 3
    }
   },
   "DStar": {
    "best_case": {
     "top-1": 0.0,
     "top-5": 0.0,
     "top-10": 0.0,
     "top-200": 0.0,
     "exam": 0.10129138870187894,
     "wasted-effort": 1711
    },
    "avg_case": {
     "top-1": 0.0,
     "top-5": 0.0,
     "top-10": 0.0,
     "top-200": 0.0,