{
 "youtubedl_28": {
  "line": {
   "Tarantula": {
    "best_case": {
     "top-5": 0.4929,
     "top-10": 1,
     "top-200": 0.0414,
     "exam": 8.037422237939848e-05,
     "wasted-effort": 10
    },
    "avg_case": {
     "top-5": 0.5029,
     "top-10": 1,
     "top-200": 0.041,
     "exam": 8.037422237939848e-05,
     "wasted-effort": 10
    },
    "worst_case": {
     "top-5": 0.5053,
     "top-10": 1.0,
     "top-200": 0.0391,
     "exam": 8.037422237939848e-05,
     "wasted-effort": 10
    }
   },
   "Ochiai": {
    "best_case": {
     "top-5": 0.5047,
     "top-10": 1,
     "top-200": 0.0412,
     "exam": 8.037422237939848e-05,
     "wasted-effort": 10
    },
    "avg_case": {
     "top-5": 0.5023,
     "top-10": 1,
     "top-200": 0.0429,
     "exam": 8.037422237939848e-05,
     "wasted-effort": 10
    },
    "worst_case": {
     "top-5": 0.5031,
     "top-10": 1.0,
     "top-200": 0.0402,
     "exam": 8.037422237939848e-05,
     "wasted-effort": 10
    }
   },
   "DStar": {
    "best_case": {
     "top-5": 0.0,
     "top-10": 0.0,
     "top-200": 0.0,
     "exam": 0.08141908727033066,
     "wasted-effort": 5266
    },
    "avg_case": {
     "top-5": 0.0,
     "top-10": 0.0,
     "top-200": 0.0,
     "exam": 0.08141908727033066,
     "wasted-effort": 5266
    },
    "worst_case": {
     "top-5": 0.0,
     "top-10": 0.0,
     "top-200": 0.0,
     "exam": 0.08141908727033066,
     "wasted-effort": 5266
    }
   }
  },
  "line_line": {
   "Tarantula": {
    "best_case": {
     "top-5": 0,
     "top-10": 0.9053,
     "top-200": 0.0422,
     "exam": 0.00012859875580703757,
     "wasted-effort": 11
    },
    "avg_case": {
     "top-5": 0.0,
     "top-10": 0.9065,
     "top-200": 0.0377,
     "exam": 0.00012859875580703757,
     "wasted-effort": 11
    },
    "worst_case": {
     "top-5": 0.0,
     "top-10": 0.9066,
     "top-200": 0.0449,
     "exam": 0.00012859875580703757,
     "wasted-effort": 11
    }
   },
   "Ochiai": {
    "best_case": {
     "top-5": 0.6247,
     "top-10": 1,
     "top-200": 0.0416,
     "exam": 8.037422237939848e-05,
     "wasted-effort": 8
    },
    "avg_case": {
     "top-5": 0.6271,
     "top-10": 1,
     "top-200": 0.0401,
     "exam": 8.037422237939848e-05,
     "wasted-effort": 8
    },
    "worst_case": {
     "top-5": 0.6202,
     "top-10": 1.0,
     "top-200": 0.0439,
     "exam": 8.037422237939848e-05,
     "wasted-effort": 8
    }
   },
   "DStar": {
    "best_case": {
     "top-5": 0.0,
     "top-10": 0.0,
     "top-200": 0.0,
     "exam": 0.08141908727033066,
     "wasted-effort": 5266
    },
    "avg_case": {
     "top-5": 0.0,
     "top-10": 0.0,
     "top-200": 0.0,
     "exam": 0.08141908727033066,
     "wasted-effort": 5266
    },
    "worst_case": {
     "top-5": 0.0,
     "top-10": 0.0,
     "top-200": 0.0,
     "exam": 0.08141908727033066,
     "wasted-effort": 5266
    }
   }
  },
  "line_defuse": {
   "Tarantula": {
    "best_case": {
     "top-5": 0.7142,
     "top-10": 1,
     "top-200": 0.0417,
     "exam": 5.6261955665578935e-05,
     "wasted-effort": 7
    },
    "avg_case": {
     "top-5": 0.7195,
     "top-10": 1,
     "top-200": 0.037,
     "exam": 5.6261955665578935e-05,
     "wasted-effort": 7
    },
    "worst_case": {
     "top-5": 0.7145,
     "top-10": 1.0,
     "top-200": 0.0435,
     "exam": 5.6261955665578935e-05,
     "wasted-effort": 7
    }
   },
   "Ochiai": {
    "best_case": {
     "top-5": 0.7143,
     "top-10": 1,
     "top-200": 0.0426,
     "exam": 5.6261955665578935e-05,
     "wasted-effort": 7
    },
    "avg_case": {
     "top-5": 0.7156,
     "top-10": 1,
     "top-200": 0.0413,
     "exam": 5.6261955665578935e-05,
     "wasted-effort": 7
    },
    "worst_case": {
     "top-5": 0.7205,
     "top-10": 1.0,
     "top-200": 0.0372,
     "exam": 5.6261955665578935e-05,
     "wasted-effort": 7
    }
   },
   "DStar": {
    "best_case": {
     "top-5": 0.0,
     "top-10": 0.0,
     "top-200": 0.0,
     "exam": 0.08141908727033066,
     "wasted-effort": 5266
    },
    "avg_case": {
     "top-5": 0.0,
     "top-10": 0.0,
     "top-200": 0.0,
     "exam": 0.08141908727033066,
     "wasted-effort": 5266
    },
    "worst_case": {
     "top-5": 0.0,
     "top-10": 0.0,
     "top-200": 0.0,
     "exam": 0.08141908727033066,
     "wasted-effort": 5266
    }
   }
  },
  "line_defuses": {
   "Tarantula": {
    "best_case": {
     "top-5": 0.7167,
     "top-10": 1,
     "top-200": 0.0405,
     "exam": 5.6261955665578935e-05,
     "wasted-effort": 7
    },
    "avg_case": {
     "top-5": 0.7178,
     "top-10": 1,
     "top-200": 0.0417,
     "exam": 5.6261955665578935e-05,
     "wasted-effort": 7
    },
    "worst_case": {
     "top-5": 0.7199,
     "top-10": 1.0,
     "top-200": 0.0426,
     "exam": 5.6261955665578935e-05,
     "wasted-effort": 7
    }
   },
   "Ochiai": {
    "best_case": {
     "top-5": 0.7123,
     "top-10": 1,
     "top-200": 0.0389,
     "exam": 5.6261955665578935e-05,
     "wasted-effort": 7
    },
    "avg_case": {
     "top-5": 0.7129,
     "top-10": 1,
     "top-200": 0.04,
     "exam": 5.6261955665578935e-05,
     "wasted-effort": 7
    },
    "worst_case": {
     "top-5": 0.7144,
     "top-10": 1.0,
     "top-200": 0.044,
     "exam": 5.6261955665578935e-05,
     "wasted-effort": 7
    }
   },
   "DStar": {
    "best_case": {
     "top-5": 0.0,
     "top-10": 0.0,
     "top-200": 0.0,
     "exam": 0.08141908727033066,
     "wasted-effort": 5266
    },
    "avg_case": {
     "top-5": 0.0,
     "top-10": 0.0,
     "top-200": 0.0,
     "exam": 0.08141908727033066,
     "wasted-effort": 5266
    },
    "worst_case": {
     "top-5": 0.0,
     "top-10": 0.0,
     "top-200": 0.0,
     "exam": 0.08141908727033066,
     "wasted-effort": 5266
    }
   }
  },
  "line_assert_use": {
   "Tarantula": {
    "best_case": {
     "top-5": 0.7132,
     "top-10": 1,
     "top-200": 0.0382,
     "exam": 5.6261955665578935e-05,
     "wasted-effort": 7
    },
    "avg_case": {
     "top-5": 0.7173,
     "top-10": 1,
     "top-200": 0.0425,
     "exam": 5.6261955665578935e-05,
     "wasted-effort": 7
    },
    "worst_case": {
     "top-5": 0.7118,
     "top-10": 1.0,
     "top-200": 0.0409,
     "exam": 5.6261955665578935e-05,
     "wasted-effort": 7
    }
   },
   "Ochiai": {
    "best_case": {
     "top-5": 0.7097,
     "top-10": 1,
     "top-200": 0.0387,
     "exam": 5.6261955665578935e-05,
     "wasted-effort": 7
    },
    "avg_case": {
     "top-5": 0.7114,
     "top-10": 1,
     "top-200": 0.0433,
     "exam": 5.6261955665578935e-05,
     "wasted-effort": 7
    },
    "worst_case": {
     "top-5": 0.7101,
     "top-10": 1.0,
     "top-200": 0.0438,
     "exam": 5.6261955665578935e-05,
     "wasted-effort": 7
    }
   },
   "DStar": {
    "best_case": {
     "top-5": 0.0,
     "top-10": 0.0,
     "top-200": 0.0,
     "exam": 0.08141908727033066,
     "wasted-effort": 5266
    },
    "avg_case": {
     "top-5": 0.0,
     "top-10": 0.0,
     "top-200": 0.0,
     "exam": 0.08141908727033066,
     "wasted-effort": 5266
    },
    "worst_case": {
     "top-5": 0.0,
     "top-10": 0.0,
     "top-200": 0.0,
     "exam": 0.08141908727033066,
     "wasted-effort": 5266
    }
   }
  },
  "line_assert_uses": {
   "Tarantula": {
    "best_case": {
     "top-5": 0.7164,
     "top-10": 1,
     "top-200": 0.0412,
     "exam": 5.6261955665578935e-05,
     "wasted-effort": 7
    },
    "avg_case": {
     "top-5": 0.7232,
     "top-10": 1,
     "top-200": 0.0401,
     "exam": 5.6261955665578935e-05,
     "wasted-effort": 7
    },
    "worst_case": {
     "top-5": 0.7092,
     "top-10": 1.0,
     "top-200": 0.0391,
     "exam": 5.6261955665578935e-05,
     "wasted-effort": 7
    }
   },
   "Ochiai": {
    "best_case": {
     "top-5": 0.7143,
     "top-10": 1,
     "top-200": 0.0443,
     "exam": 5.6261955665578935e-05,
     "wasted-effort": 7
    },
    "avg_case": {
     "top-5": 0.7146,
     "top-10": 1,
     "top-200": 0.038,
     "exam": 5.6261955665578935e-05,