{
 "youtubedl_25": {
  "line": {
   "Tarantula": {
    "best_case": {
     "top-5": 0.326,
     "top-10": 0.656,
     "top-200": 0.026,
     "exam": 9.092672518306581e-05,
     "wasted-effort": 15
    },
    "avg_case": {
     "top-5": 0.22799999999999893,
     "top-10": 0.4426666666666705,
     "top-200": 0.024666666666666674,
     "exam": 9.092672518306581e-05,
     "wasted-effort": 15
    },
    "worst_case": {
     "top-5": 0.11399999999999946,
     "top-10": 0.2163333333333351,
     "top-200": 0.00833333333333333,
     "exam": 0.5394197662576985,
     "wasted-effort": 82484
    }
   },
   "Ochiai": {
    "best_case": {
     "top-5": 0.336,
     "top-10": 0.693,
     "top-200": 0.038,
     "exam": 9.092672518306581e-05,
     "wasted-effort": 15
    },
    "avg_case": {
     "top-5": 0.22733333333333225,
     "top-10": 0.4406666666666704,
     "top-200": 0.02600000000000001,
     "exam": 9.092672518306581e-05,
     "wasted-effort": 15
    },
    "worst_case": {
     "top-5": 0.11399999999999946,
     "top-10": 0.21500000000000175,
     "top-200": 0.011000000000000001,
     "exam": 0.5394197662576985,
     "wasted-effort": 82484
    }
   },
   "DStar": {
    "best_case": {
     "top-5": 0.321,
     "top-10": 0.681,
     "top-200": 0.033,
     "exam": 9.092672518306581e-05,
     "wasted-effort": 15
    },
    "avg_case": {
     "top-5": 0.21799999999999906,
     "top-10": 0.4546666666666708,
     "top-200": 0.02,
     "exam": 9.092672518306581e-05,
     "wasted-effort": 15
    },
    "worst_case": {
     "top-5": 0.11066666666666618,
     "top-10": 0.22600000000000203,
     "top-200": 0.01333333333333334,
     "exam": 0.5394197662576985,
     "wasted-effort": 82484
    }
   }
  },
  "line_line": {
   "Tarantula": {
    "best_case": {
     "top-5": 0.398,
     "top-10": 0.757,
     "top-200": 0.044,
     "exam": 7.88031618253237e-05,
     "wasted-effort": 13
    },
    "avg_case": {
     "top-5": 0.2486666666666653,
     "top-10": 0.515333333333339,
     "top-200": 0.017999999999999995,
     "exam": 7.88031618253237e-05,
     "wasted-effort": 13
    },
    "worst_case": {
     "top-5": 0.13633333333333283,
     "top-10": 0.25700000000000284,
     "top-200": 0.010333333333333333,
     "exam": 0.5394197662576985,
     "wasted-effort": 82484
    }
   },
   "Ochiai": {
    "best_case": {
     "top-5": 0.401,
     "top-10": 0.76,
     "top-200": 0.039,
     "exam": 7.88031618253237e-05,
     "wasted-effort": 13
    },
    "avg_case": {
     "top-5": 0.2626666666666654,
     "top-10": 0.5233333333333385,
     "top-200": 0.02,
     "exam": 7.88031618253237e-05,
     "wasted-effort": 13
    },
    "worst_case": {
     "top-5": 0.13066666666666601,
     "top-10": 0.2596666666666694,
     "top-200": 0.007666666666666664,
     "exam": 0.5394197662576985,
     "wasted-effort": 82484
    }
   },
   "DStar": {
    "best_case": {
     "top-5": 0.379,
     "top-10": 0.771,
     "top-200": 0.046,
     "exam": 7.88031618253237e-05,
     "wasted-effort": 13
    },
    "avg_case": {
     "top-5": 0.26799999999999885,
     "top-10": 0.5013333333333388,
     "top-200": 0.021333333333333336,
     "exam": 7.88031618253237e-05,
     "wasted-effort": 13
    },
    "worst_case": {
     "top-5": 0.13399999999999943,
     "top-10": 0.2630000000000025,
     "top-200": 0.014666666666666675,
     "exam": 0.5394197662576985,
     "wasted-effort": 82484
    }
   }
  },
  "line_defuse": {
   "Tarantula": {
    "best_case": {
     "top-5": 0.392,
     "top-10": 0.764,
     "top-200": 0.033,
     "exam": 7.88031618253237e-05,
     "wasted-effort": 13
    },
    "avg_case": {
     "top-5": 0.2566666666666652,
     "top-10": 0.5033333333333389,
     "top-200": 0.018666666666666665,
     "exam": 7.88031618253237e-05,
     "wasted-effort": 13
    },
    "worst_case": {
     "top-5": 0.1299999999999993,
     "top-10": 0.25666666666666954,
     "top-200": 0.009333333333333332,
     "exam": 0.5394197662576985,
     "wasted-effort": 82484
    }
   },
   "Ochiai": {
    "best_case": {
     "top-5": 0.402,
     "top-10": 0.773,
     "top-200": 0.03,
     "exam": 7.88031618253237e-05,
     "wasted-effort": 13
    },
    "avg_case": {
     "top-5": 0.24266666666666536,
     "top-10": 0.5100000000000058,
     "top-200": 0.01733333333333333,
     "exam": 7.88031618253237e-05,
     "wasted-effort": 13
    },
    "worst_case": {
     "top-5": 0.12933333333333263,
     "top-10": 0.259333333333336,
     "top-200": 0.012666666666666672,
     "exam": 0.5394197662576985,
     "wasted-effort": 82484
    }
   },
   "DStar": {
    "best_case": {
     "top-5": 0.372,
     "top-10": 0.744,
     "top-200": 0.042,
     "exam": 7.88031618253237e-05,
     "wasted-effort": 13
    },
    "avg_case": {
     "top-5": 0.2566666666666652,
     "top-10": 0.5046666666666723,
     "top-200": 0.024666666666666674,
     "exam": 7.88031618253237e-05,
     "wasted-effort": 13
    },
    "worst_case": {
     "top-5": 0.12866666666666596,
     "top-10": 0.2563333333333362,
     "top-200": 0.0066666666666666645,
     "exam": 0.5394197662576985,
     "wasted-effort": 82484
    }
   }
  },
  "line_defuses": {
   "Tarantula": {
    "best_case": {
     "top-5": 0.395,
     "top-10": 0.76,
     "top-200": 0.022,
     "exam": 7.88031618253237e-05,
     "wasted-effort": 13
    },
    "avg_case": {
     "top-5": 0.24599999999999866,
     "top-10": 0.5113333333333391,
     "top-200": 0.024000000000000007,
     "exam": 7.88031618253237e-05,
     "wasted-effort": 13
    },
    "worst_case": {
     "top-5": 0.1283333333333326,
     "top-10": 0.2580000000000028,
     "top-200": 0.008999999999999998,
     "exam": 0.5394197662576985,
     "wasted-effort": 82484
    }
   },
   "Ochiai": {
    "best_case": {
     "top-5": 0.391,
     "top-10": 0.774,
     "top-200": 0.025,
     "exam": 7.88031618253237e-05,
     "wasted-effort": 13
    },
    "avg_case": {
     "top-5": 0.25533333333333186,
     "top-10": 0.5040000000000056,
     "top-200": 0.022000000000000002,
     "exam": 7.88031618253237e-05,
     "wasted-effort": 13
    },
    "worst_case": {
     "top-5": 0.12866666666666596,
     "top-10": 0.2606666666666693,
     "top-200": 0.01433333333333334,
     "exam": 0.5394197662576985,
     "wasted-effort": 82484
    }
   },
   "DStar": {
    "best_case": {
     "top-5": 0.387,
     "top-10": 0.746,
     "top-200": 0.04,
     "exam": 7.88031618253237e-05,
     "wasted-effort": 13
    },
    "avg_case": {
     "top-5": 0.25399999999999856,
     "top-10": 0.4933333333333386,
     "top-200": 0.023333333333333338,
     "exam": 7.88031618253237e-05,
     "wasted-effort": 13
    },
    "worst_case": {
     "top-5": 0.12533333333333263,
     "top-10": 0.25700000000000284,
     "top-200": 0.011000000000000001,
     "exam": 0.5394197662576985,
     "wasted-effort": 82484
    }
   }
  },
  "line_assert_use": {
   "Tarantula": {
    "best_case": {
     "top-5": 0.405,
     "top-10": 0.762,
     "top-200": 0.033,
     "exam": 7.88031618253237e-05,
     "wasted-effort": 13
    },
    "avg_case": {
     "top-5": 0.2533333333333319,
     "top-10": 0.5306666666666714,
     "top-200": 0.020666666666666667,
     "exam": 7.88031618253237e-05,
     "wasted-effort": 13
    },
    "worst_case": {
     "top-5": 0.13166666666666604,
     "top-10": 0.2650000000000024,
     "top-200": 0.008999999999999998,
     "exam": 0.5394197662576985,
     "wasted-effort": 82484
    }
   },
   "Ochiai": {
    "best_case": {
     "top-5": 0.409,
     "top-10": 0.77,
     "top-200": 0.035,
     "exam": 7.88031618253237e-05,
     "wasted-effort": 13
    },
    "avg_case": {
     "top-5": 0.25866666666666527,
     "top-10": 0.4960000000000053,
     "top-200": 0.022666666666666672,
     "exam": 7.88031618253237e-05,
     "wasted-effort": 13
    },
    "worst_case": {
     "top-5": 0.12599999999999928,
     "top-10": 0.2510000000000028,
     "top-200": 0.011666666666666669,
     "exam": 0.5394197662576985,
     "wasted-effort": 82484
    }
   },