{
 "youtubedl_5": {
  "line": {
   "Tarantula": {
    "best_case": {
     "top-5": 0.792,
     "top-10": 0.996,
     "top-200": 0.107,
     "exam": 7.979474336782921e-05,
     "wasted-effort": 13
    },
    "avg_case": {
     "top-5": 0.6359999999999998,
     "top-10": 0.9596666666666656,
     "top-200": 0.06733333333333326,
     "exam": 7.979474336782921e-05,
     "wasted-effort": 13
    },
    "worst_case": {
     "top-5": 0.3886666666666657,
     "top-10": 0.7723333333333309,
     "top-200": 0.03399999999999997,
     "exam": 7.979474336782921e-05,
     "wasted-effort": 13
    }
   },
   "Ochiai": {
    "best_case": {
     "top-5": 0.803,
     "top-10": 0.998,
     "top-200": 0.092,
     "exam": 7.979474336782921e-05,
     "wasted-effort": 13
    },
    "avg_case": {
     "top-5": 0.639333333333333,
     "top-10": 0.9633333333333318,
     "top-200": 0.07566666666666667,
     "exam": 7.979474336782921e-05,
     "wasted-effort": 13
    },
    "worst_case": {
     "top-5": 0.37666666666666554,
     "top-10": 0.7693333333333309,
     "top-200": 0.036999999999999984,
     "exam": 7.979474336782921e-05,
     "wasted-effort": 13
    }
   },
   "DStar": {
    "best_case": {
     "top-5": 0.0,
     "top-10": 0.0,
     "top-200": 0.0,
     "exam": 0.07565769282706637,
     "wasted-effort": 6429
    },
    "avg_case": {
     "top-5": 0.0,
     "top-10": 0.0,
     "top-200": 0.0,
     "exam": 0.07565769282706637,
     "wasted-effort": 6429
    },
    "worst_case": {
     "top-5": 0.0,
     "top-10": 0.0,
     "top-200": 0.0,
     "exam": 0.07565769282706637,
     "wasted-effort": 6429
    }
   }
  },
  "line_line": {
   "Tarantula": {
    "best_case": {
     "top-5": 0.753,
     "top-10": 1.0,
     "top-200": 0.097,
     "exam": 6.75186290035478e-05,
     "wasted-effort": 11
    },
    "avg_case": {
     "top-5": 0.5400000000000025,
     "top-10": 0.9416666666666638,
     "top-200": 0.08200000000000003,
     "exam": 6.75186290035478e-05,
     "wasted-effort": 11
    },
    "worst_case": {
     "top-5": 0.30500000000000044,
     "top-10": 0.592666666666667,
     "top-200": 0.03199999999999996,
     "exam": 0.0002086939441927841,
     "wasted-effort": 18
    }
   },
   "Ochiai": {
    "best_case": {
     "top-5": 0.746,
     "top-10": 1.0,
     "top-200": 0.097,
     "exam": 6.75186290035478e-05,
     "wasted-effort": 11
    },
    "avg_case": {
     "top-5": 0.5406666666666696,
     "top-10": 0.9376666666666643,
     "top-200": 0.06233333333333325,
     "exam": 6.75186290035478e-05,
     "wasted-effort": 11
    },
    "worst_case": {
     "top-5": 0.30266666666666736,
     "top-10": 0.606333333333334,
     "top-200": 0.03499999999999998,
     "exam": 0.00014731337237137702,
     "wasted-effort": 13
    }
   },
   "DStar": {
    "best_case": {
     "top-5": 0,
     "top-10": 0.0,
     "top-200": 0.0,
     "exam": 0.07565769282706637,
     "wasted-effort": 6429
    },
    "avg_case": {
     "top-5": 0.0,
     "top-10": 0.0,
     "top-200": 0.0,
     "exam": 0.07565769282706637,
     "wasted-effort": 6429
    },
    "worst_case": {
     "top-5": 0.0,
     "top-10": 0.0,
     "top-200": 0.0,
     "exam": 0.07565769282706637,
     "wasted-effort": 6429
    }
   }
  },
  "line_defuse": {
   "Tarantula": {
    "best_case": {
     "top-5": 0.837,
     "top-10": 1.0,
     "top-200": 0.1,
     "exam": 7.365668618568851e-05,
     "wasted-effort": 12
    },
    "avg_case": {
     "top-5": 0.682333333333331,
     "top-10": 0.9826666666666659,
     "top-200": 0.06799999999999995,
     "exam": 7.365668618568851e-05,
     "wasted-effort": 12
    },
    "worst_case": {
     "top-5": 0.40766666666666596,
     "top-10": 0.836999999999996,
     "top-200": 0.029999999999999957,
     "exam": 7.365668618568851e-05,
     "wasted-effort": 12
    }
   },
   "Ochiai": {
    "best_case": {
     "top-5": 0.857,
     "top-10": 1.0,
     "top-200": 0.106,
     "exam": 7.365668618568851e-05,
     "wasted-effort": 12
    },
    "avg_case": {
     "top-5": 0.6829999999999979,
     "top-10": 0.9859999999999997,
     "top-200": 0.05999999999999992,
     "exam": 7.365668618568851e-05,
     "wasted-effort": 12
    },
    "worst_case": {
     "top-5": 0.41666666666666635,
     "top-10": 0.8439999999999963,
     "top-200": 0.033333333333333305,
     "exam": 7.365668618568851e-05,
     "wasted-effort": 12
    }
   },
   "DStar": {
    "best_case": {
     "top-5": 0,
     "top-10": 0.0,
     "top-200": 0.0,
     "exam": 0.07565769282706637,
     "wasted-effort": 6429
    },
    "avg_case": {
     "top-5": 0.0,
     "top-10": 0.0,
     "top-200": 0.0,
     "exam": 0.07565769282706637,
     "wasted-effort": 6429
    },
    "worst_case": {
     "top-5": 0.0,
     "top-10": 0.0,
     "top-200": 0.0,
     "exam": 0.07565769282706637,
     "wasted-effort": 6429
    }
   }
  },
  "line_defuses": {
   "Tarantula": {
    "best_case": {
     "top-5": 0.831,
     "top-10": 1.0,
     "top-200": 0.102,
     "exam": 7.365668618568851e-05,
     "wasted-effort": 12
    },
    "avg_case": {
     "top-5": 0.685999999999998,
     "top-10": 0.9809999999999991,
     "top-200": 0.06799999999999995,
     "exam": 7.365668618568851e-05,
     "wasted-effort": 12
    },
    "worst_case": {
     "top-5": 0.41733333333333283,
     "top-10": 0.8329999999999974,
     "top-200": 0.03299999999999996,
     "exam": 7.365668618568851e-05,
     "wasted-effort": 12
    }
   },
   "Ochiai": {
    "best_case": {
     "top-5": 0.83,
     "top-10": 1.0,
     "top-200": 0.108,
     "exam": 7.365668618568851e-05,
     "wasted-effort": 12
    },
    "avg_case": {
     "top-5": 0.6729999999999987,
     "top-10": 0.9853333333333328,
     "top-200": 0.06433333333333326,
     "exam": 7.365668618568851e-05,
     "wasted-effort": 12
    },
    "worst_case": {
     "top-5": 0.4179999999999991,
     "top-10": 0.8323333333333296,
     "top-200": 0.030333333333333296,
     "exam": 7.365668618568851e-05,
     "wasted-effort": 12
    }
   },
   "DStar": {
    "best_case": {
     "top-5": 0,
     "top-10": 0.0,
     "top-200": 0.0,
     "exam": 0.07565769282706637,
     "wasted-effort": 6429
    },
    "avg_case": {
     "top-5": 0.0,
     "top-10": 0.0,
     "top-200": 0.0,
     "exam": 0.07565769282706637,
     "wasted-effort": 6429
    },
    "worst_case": {
     "top-5": 0.0,
     "top-10": 0.0,
     "top-200": 0.0,
     "exam": 0.07565769282706637,
     "wasted-effort": 6429
    }
   }
  },
  "line_assert_use": {
   "Tarantula": {
    "best_case": {
     "top-5": 0.857,
     "top-10": 1.0,
     "top-200": 0.103,
     "exam": 7.365668618568851e-05,
     "wasted-effort": 12
    },
    "avg_case": {
     "top-5": 0.6626666666666658,
     "top-10": 0.9826666666666659,
     "top-200": 0.07666666666666666,
     "exam": 7.365668618568851e-05,
     "wasted-effort": 12
    },
    "worst_case": {
     "top-5": 0.4149999999999988,
     "top-10": 0.8266666666666631,
     "top-200": 0.03133333333333329,
     "exam": 7.365668618568851e-05,
     "wasted-effort": 12
    }
   },
   "Ochiai": {
    "best_case": {
     "top-5": 0.85,
     "top-10": 1.0,
     "top-200": 0.105,
     "exam": 7.365668618568851e-05,
     "wasted-effort": 12
    },
    "avg_case": {
     "top-5": 0.6763333333333319,
     "top-10": 0.9809999999999995,
     "top-200": 0.07833333333333335,
     "exam": 7.365668618568851e-05,
     "wasted-effort": 12
    },
    "worst_case": {
     "top-5": 0.43899999999999917,
     "top-10": 0.8319999999999957,
     "top-200": 0.03299999999999997,
     "exam": 7.365668618568851e-05,
     "wasted-effort": 12
    }
   },
   "DStar": {
    "best_case": {
     "top-5": 0,
     "top-10": 0.0,
     "top-200": 0.0,
     "exam": 0.07565769282706637,
     "wasted-effort": 6429
    },
    "avg_case": {
     "top-5": 0.0,
     "top-10": 0.0,
     "top-200": 0.0,
     "exam": 0.07565769282706637,
     "wasted-effort": 6429
    },
    "worst_case": {
     "top-5": 0.0,
     "top-10": 0.0,
     "top-200": 0.0,
     "exam": 0.07565769282706637,