{
 "youtubedl_27": {
  "line": {
   "Tarantula": {
    "best_case": {
     "top-1": 1,
     "top-5": 0.8927,
     "top-10": 0.0033,
     "top-200": 0.082,
     "exam": 1.5736879376819575e-05,
     "wasted-effort": 1
    },
    "avg_case": {
     "top-1": 1.0,
     "top-5": 0.8918,
     "top-10": 0.0037,
     "top-200": 0.0818,
     "exam": 1.5736879376819575e-05,
     "wasted-effort": 1
    },
    "worst_case": {
     "top-1": 0.5,
     "top-5": 0.6234,
     "top-10": 0.002,
     "top-200": 0.04035,
     "exam": 7.08159571956881e-05,
     "wasted-effort": 8
    }
   },
   "Ochiai": {
    "best_case": {
     "top-1": 1,
     "top-5": 0.8913,
     "top-10": 0.0043,
     "top-200": 0.0803,
     "exam": 1.5736879376819575e-05,
     "wasted-effort": 1
    },
    "avg_case": {
     "top-1": 1.0,
     "top-5": 0.8839,
     "top-10": 0.0038,
     "top-200": 0.0816,
     "exam": 1.5736879376819575e-05,
     "wasted-effort": 1
    },
    "worst_case": {
     "top-1": 0.5,
     "top-5": 0.62505,
     "top-10": 0.0015,
     "top-200": 0.03985,
     "exam": 7.08159571956881e-05,
     "wasted-effort": 8
    }
   },
   "DStar": {
    "best_case": {
     "top-1": 0.1447,
     "top-5": 0.7141,
     "top-10": 0.0014,
     "top-200": 0.0398,
     "exam": 5.5079077818868515e-05,
     "wasted-effort": 7
    },
    "avg_case": {
     "top-1": 0.1388,
     "top-5": 0.7109,
     "top-10": 0.0024,
     "top-200": 0.0427,
     "exam": 5.5079077818868515e-05,
     "wasted-effort": 7
    },
    "worst_case": {
     "top-1": 0.07075,
     "top-5": 0.35635,
     "top-10": 0.00115,
     "top-200": 0.0201,
     "exam": 0.08076166496183806,
     "wasted-effort": 5341
    }
   },
   "Naish1": {
    "best_case": {
     "top-1": 1,
     "top-5": 0.8943,
     "top-10": 0.0039,
     "top-200": 0.0791,
     "exam": 1.5736879376819575e-05,
     "wasted-effort": 1
    },
    "avg_case": {
     "top-1": 1.0,
     "top-5": 0.8898,
     "top-10": 0.0045,
     "top-200": 0.0803,
     "exam": 1.5736879376819575e-05,
     "wasted-effort": 1
    },
    "worst_case": {
     "top-1": 0.5,
     "top-5": 0.62145,
     "top-10": 0.0021,
     "top-200": 0.04005,
     "exam": 7.08159571956881e-05,
     "wasted-effort": 8
    }
   },
   "Naish2": {
    "best_case": {
     "top-1": 1,
     "top-5": 0.8923,
     "top-10": 0.0041,
     "top-200": 0.0771,
     "exam": 1.5736879376819575e-05,
     "wasted-effort": 1
    },
    "avg_case": {
     "top-1": 1.0,
     "top-5": 0.896,
     "top-10": 0.0046,
     "top-200": 0.0765,
     "exam": 1.5736879376819575e-05,
     "wasted-effort": 1
    },
    "worst_case": {
     "top-1": 0.5,
     "top-5": 0.6253,
     "top-10": 0.00195,
     "top-200": 0.0437,
     "exam": 7.08159571956881e-05,
     "wasted-effort": 8
    }
   },
   "GP13": {
    "best_case": {
     "top-1": 1,
     "top-5": 0.8908,
     "top-10": 0.0042,
     "top-200": 0.0784,
     "exam": 1.5736879376819575e-05,
     "wasted-effort": 1
    },
    "avg_case": {
     "top-1": 1.0,
     "top-5": 0.8917,
     "top-10": 0.0054,
     "top-200": 0.0778,
     "exam": 1.5736879376819575e-05,
     "wasted-effort": 1
    },
    "worst_case": {
     "top-1": 0.5,
     "top-5": 0.6243,
     "top-10": 0.0021,
     "top-200": 0.0401,
     "exam": 7.08159571956881e-05,
     "wasted-effort": 8
    }
   }
  },
  "line_line": {
   "Tarantula": {
    "best_case": {
     "top-1": 1,
     "top-5": 1.0,
     "top-10": 0.0046,
     "top-200": 0.0783,
     "exam": 1.5736879376819575e-05,
     "wasted-effort": 1
    },
    "avg_case": {
     "top-1": 1.0,
     "top-5": 1.0,
     "top-10": 0.004,
     "top-200": 0.0793,
     "exam": 1.5736879376819575e-05,
     "wasted-effort": 1
    },
    "worst_case": {
     "top-1": 0.5,
     "top-5": 0.83545,
     "top-10": 0.00205,
     "top-200": 0.04175,
     "exam": 5.5079077818868515e-05,
     "wasted-effort": 6
    }
   },
   "Ochiai": {
    "best_case": {
     "top-1": 1,
     "top-5": 1.0,
     "top-10": 0.0036,
     "top-200": 0.0805,
     "exam": 1.5736879376819575e-05,
     "wasted-effort": 1
    },
    "avg_case": {
     "top-1": 1.0,
     "top-5": 1.0,
     "top-10": 0.0042,
     "top-200": 0.0772,
     "exam": 1.5736879376819575e-05,
     "wasted-effort": 1
    },
    "worst_case": {
     "top-1": 0.5,
     "top-5": 0.83515,
     "top-10": 0.00195,
     "top-200": 0.0388,
     "exam": 5.5079077818868515e-05,
     "wasted-effort": 6
    }
   },
   "DStar": {
    "best_case": {
     "top-1": 0.1999,
     "top-5": 1,
     "top-10": 0.0023,
     "top-200": 0.0417,
     "exam": 3.934219844204894e-05,
     "wasted-effort": 5
    },
    "avg_case": {
     "top-1": 0.1991,
     "top-5": 1.0,
     "top-10": 0.0024,
     "top-200": 0.0374,
     "exam": 3.934219844204894e-05,
     "wasted-effort": 5
    },
    "worst_case": {
     "top-1": 0.09985,
     "top-5": 0.5,
     "top-10": 0.00075,
     "top-200": 0.02,
     "exam": 0.08076166496183806,
     "wasted-effort": 5341
    }
   },
   "Naish1": {
    "best_case": {
     "top-1": 1,
     "top-5": 1.0,
     "top-10": 0.0044,
     "top-200": 0.0743,
     "exam": 1.5736879376819575e-05,
     "wasted-effort": 1
    },
    "avg_case": {
     "top-1": 1.0,
     "top-5": 1.0,
     "top-10": 0.0034,
     "top-200": 0.072,
     "exam": 1.5736879376819575e-05,
     "wasted-effort": 1
    },
    "worst_case": {
     "top-1": 0.5,
     "top-5": 0.83485,
     "top-10": 0.002,
     "top-200": 0.0374,
     "exam": 5.5079077818868515e-05,
     "wasted-effort": 6
    }
   },
   "Naish2": {
    "best_case": {
     "top-1": 1,
     "top-5": 1.0,
     "top-10": 0.0036,
     "top-200": 0.0754,
     "exam": 1.5736879376819575e-05,
     "wasted-effort": 1
    },
    "avg_case": {
     "top-1": 1.0,
     "top-5": 1.0,
     "top-10": 0.0041,
     "top-200": 0.0795,
     "exam": 1.5736879376819575e-05,
     "wasted-effort": 1
    },
    "worst_case": {
     "top-1": 0.5,
     "top-5": 0.8326,
     "top-10": 0.00245,
     "top-200": 0.038,
     "exam": 5.5079077818868515e-05,
     "wasted-effort": 6
    }
   },
   "GP13": {
    "best_case": {
     "top-1": 1,
     "top-5": 1.0,
     "top-10": 0.0025,
     "top-200": 0.0804,
     "exam": 1.5736879376819575e-05,
     "wasted-effort": 1
    },
    "avg_case": {
     "top-1": 1.0,
     "top-5": 1.0,
     "top-10": 0.0041,
     "top-200": 0.0842,
     "exam": 1.5736879376819575e-05,
     "wasted-effort": 1
    },
    "worst_case": {
     "top-1": 0.5,
     "top-5": 0.8342,
     "top-10": 0.0019,
     "top-200": 0.04165,
     "exam": 5.5079077818868515e-05,
     "wasted-effort": 6
    }
   }
  },
  "line_defuse": {
   "Tarantula": {
    "best_case": {
     "top-1": 0.1955,
     "top-5": 1,
     "top-10": 0.0039,
     "top-200": 0.0821,
     "exam": 3.934219844204894e-05,
     "wasted-effort": 5
    },
    "avg_case": {
     "top-1": 0.1993,
     "top-5": 1.0,
     "top-10": 0.004,
     "top-200": 0.0707,
     "exam": 3.934219844204894e-05,
     "wasted-effort": 5
    },
    "worst_case": {
     "top-1": 0.10245,
     "top-5": 0.5,
     "top-10": 0.0018,
     "top-200": 0.0412,
     "exam": 9.442127626091746e-05,
     "wasted-effort": 6
    }
   },
   "Ochiai": {
    "best_case": {
     "top-1": 1,
     "top-5": 1.0,
     "top-10": 0.0046,
     "top-200": 0.0834,
     "exam": 1.5736879376819575e-05,
     "wasted-effort": 1
    },
    "avg_case": {
     "top-1": 1.0,
     "top-5": 1.0,
     "top-10": 0.0039,
     "top-200": 0.0807,
     "exam": 1.5736879376819575e-05,
     "wasted-effort": 1
    },
    "worst_case": {
     "top-1": 0.5,
     "top-5": 0.83065,
     "top-10": 0.0022,
     "top-200": 0.04205,
     "exam": 5.5079077818868515e-05,
     "wasted-effort": 6
    }
   },
   "DStar": {
    "best_case": {
     "top-1": 0.1999,
     "top-5": 1,
     "top-10": 0.0016,
     "top-200": 0.0382,
     "exam": 3.934219844204894e-05,
     "wasted-effort": 5
    },
    "avg_case": {
     "top-1": 0.2027,
     "top-5": 1.0,
     "top-10": 0.0024,
     "top-200": 0.0385,
     "exam": 3.934219844204894e-05,