{
 "cookiecutter_4": {
  "line": {
   "Tarantula": {
    "best_case": {
     "top-5": 0.0,
     "top-10": 0.394,
     "top-200": 1,
     "exam": 0.02377179080824089,
     "wasted-effort": 24
    },
    "avg_case": {
     "top-5": 0.0,
     "top-10": 0.09000000000000054,
     "top-200": 1,
     "exam": 0.13232963549920762,
     "wasted-effort": 143
    },
    "worst_case": {
     "top-5": 0.0,
     "top-10": 0.044333333333333586,
     "top-200": 0.6666666666666666,
     "exam": 0.6133122028526149,
     "wasted-effort": 631
    }
   },
   "Ochiai": {
    "best_case": {
     "top-5": 0.0,
     "top-10": 0.434,
     "top-200": 1,
     "exam": 0.02377179080824089,
     "wasted-effort": 24
    },
    "avg_case": {
     "top-5": 0.0,
     "top-10": 0.0935555555555562,
     "top-200": 1,
     "exam": 0.13232963549920762,
     "wasted-effort": 143
    },
    "worst_case": {
     "top-5": 0.0,
     "top-10": 0.04733333333333367,
     "top-200": 0.6666666666666666,
     "exam": 0.6133122028526149,
     "wasted-effort": 631
    }
   },
   "DStar": {
    "best_case": {
     "top-5": 0.0,
     "top-10": 0.42,
     "top-200": 1,
     "exam": 0.02377179080824089,
     "wasted-effort": 24
    },
    "avg_case": {
     "top-5": 0.0,
     "top-10": 0.10088888888888974,
     "top-200": 1,
     "exam": 0.13232963549920762,
     "wasted-effort": 143
    },
    "worst_case": {
     "top-5": 0.0,
     "top-10": 0.04377777777777801,
     "top-200": 0.6666666666666666,
     "exam": 0.6133122028526149,
     "wasted-effort": 631
    }
   }
  },
  "line_line": {
   "Tarantula": {
    "best_case": {
     "top-5": 0,
     "top-10": 0.585,
     "top-200": 1,
     "exam": 0.01901743264659271,
     "wasted-effort": 17
    },
    "avg_case": {
     "top-5": 0.0,
     "top-10": 0.1255555555555571,
     "top-200": 1,
     "exam": 0.13232963549920762,
     "wasted-effort": 143
    },
    "worst_case": {
     "top-5": 0.0,
     "top-10": 0.06577777777777864,
     "top-200": 0.6666666666666666,
     "exam": 0.6133122028526149,
     "wasted-effort": 631
    }
   },
   "Ochiai": {
    "best_case": {
     "top-5": 0,
     "top-10": 0.604,
     "top-200": 1,
     "exam": 0.01901743264659271,
     "wasted-effort": 17
    },
    "avg_case": {
     "top-5": 0.0,
     "top-10": 0.13133333333333505,
     "top-200": 1,
     "exam": 0.13232963549920762,
     "wasted-effort": 143
    },
    "worst_case": {
     "top-5": 0.0,
     "top-10": 0.06744444444444535,
     "top-200": 0.6666666666666666,
     "exam": 0.6133122028526149,
     "wasted-effort": 631
    }
   },
   "DStar": {
    "best_case": {
     "top-5": 0,
     "top-10": 0.565,
     "top-200": 1,
     "exam": 0.01901743264659271,
     "wasted-effort": 17
    },
    "avg_case": {
     "top-5": 0.0,
     "top-10": 0.1364444444444463,
     "top-200": 1,
     "exam": 0.13232963549920762,
     "wasted-effort": 143
    },
    "worst_case": {
     "top-5": 0.0,
     "top-10": 0.062333333333334094,
     "top-200": 0.6666666666666666,
     "exam": 0.6133122028526149,
     "wasted-effort": 631
    }
   }
  },
  "line_defuse": {
   "Tarantula": {
    "best_case": {
     "top-5": 0.0,
     "top-10": 0.555,
     "top-200": 1,
     "exam": 0.01901743264659271,
     "wasted-effort": 17
    },
    "avg_case": {
     "top-5": 0.0,
     "top-10": 0.13266666666666843,
     "top-200": 1,
     "exam": 0.13232963549920762,
     "wasted-effort": 143
    },
    "worst_case": {
     "top-5": 0.0,
     "top-10": 0.06322222222222301,
     "top-200": 0.6666666666666666,
     "exam": 0.6133122028526149,
     "wasted-effort": 631
    }
   },
   "Ochiai": {
    "best_case": {
     "top-5": 0.0,
     "top-10": 0.59,
     "top-200": 1,
     "exam": 0.01901743264659271,
     "wasted-effort": 17
    },
    "avg_case": {
     "top-5": 0.0,
     "top-10": 0.12777777777777938,
     "top-200": 1,
     "exam": 0.13232963549920762,
     "wasted-effort": 143
    },
    "worst_case": {
     "top-5": 0.0,
     "top-10": 0.06500000000000083,
     "top-200": 0.6666666666666666,
     "exam": 0.6133122028526149,
     "wasted-effort": 631
    }
   },
   "DStar": {
    "best_case": {
     "top-5": 0.0,
     "top-10": 0.583,
     "top-200": 1,
     "exam": 0.01901743264659271,
     "wasted-effort": 17
    },
    "avg_case": {
     "top-5": 0.0,
     "top-10": 0.13533333333333517,
     "top-200": 1,
     "exam": 0.13232963549920762,
     "wasted-effort": 143
    },
    "worst_case": {
     "top-5": 0.0,
     "top-10": 0.06244444444444521,
     "top-200": 0.6666666666666666,
     "exam": 0.6133122028526149,
     "wasted-effort": 631
    }
   }
  },
  "line_defuses": {
   "Tarantula": {
    "best_case": {
     "top-5": 0.0,
     "top-10": 0.614,
     "top-200": 1,
     "exam": 0.01901743264659271,
     "wasted-effort": 17
    },
    "avg_case": {
     "top-5": 0.0,
     "top-10": 0.1348888888888907,
     "top-200": 1,
     "exam": 0.13232963549920762,
     "wasted-effort": 143
    },
    "worst_case": {
     "top-5": 0.0,
     "top-10": 0.06455555555555638,
     "top-200": 0.6666666666666666,
     "exam": 0.6133122028526149,
     "wasted-effort": 631
    }
   },
   "Ochiai": {
    "best_case": {
     "top-5": 0.0,
     "top-10": 0.594,
     "top-200": 1,
     "exam": 0.01901743264659271,
     "wasted-effort": 17
    },
    "avg_case": {
     "top-5": 0.0,
     "top-10": 0.12733333333333494,
     "top-200": 1,
     "exam": 0.13232963549920762,
     "wasted-effort": 143
    },
    "worst_case": {
     "top-5": 0.0,
     "top-10": 0.06411111111111192,
     "top-200": 0.6666666666666666,
     "exam": 0.6133122028526149,
     "wasted-effort": 631
    }
   },
   "DStar": {
    "best_case": {
     "top-5": 0.0,
     "top-10": 0.563,
     "top-200": 1,
     "exam": 0.01901743264659271,
     "wasted-effort": 17
    },
    "avg_case": {
     "top-5": 0.0,
     "top-10": 0.1333333333333351,
     "top-200": 1,
     "exam": 0.13232963549920762,
     "wasted-effort": 143
    },
    "worst_case": {
     "top-5": 0.0,
     "top-10": 0.06655555555555644,
     "top-200": 0.6666666666666666,
     "exam": 0.6133122028526149,
     "wasted-effort": 631
    }
   }
  },
  "line_assert_use": {
   "Tarantula": {
    "best_case": {
     "top-5": 0.0,
     "top-10": 0.592,
     "top-200": 1,
     "exam": 0.01901743264659271,
     "wasted-effort": 17
    },
    "avg_case": {
     "top-5": 0.0,
     "top-10": 0.13088888888889058,
     "top-200": 1,
     "exam": 0.13232963549920762,
     "wasted-effort": 143
    },
    "worst_case": {
     "top-5": 0.0,
     "top-10": 0.06522222222222307,
     "top-200": 0.6666666666666666,
     "exam": 0.6133122028526149,
     "wasted-effort": 631
    }
   },
   "Ochiai": {
    "best_case": {
     "top-5": 0.0,
     "top-10": 0.608,
     "top-200": 1,
     "exam": 0.01901743264659271,
     "wasted-effort": 17
    },
    "avg_case": {
     "top-5": 0.0,
     "top-10": 0.12400000000000151,
     "top-200": 1,
     "exam": 0.13232963549920762,
     "wasted-effort": 143
    },
    "worst_case": {
     "top-5": 0.0,
     "top-10": 0.06322222222222301,
     "top-200": 0.6666666666666666,
     "exam": 0.6133122028526149,
     "wasted-effort": 631
    }
   },
   "DStar": {
    "best_case": {
     "top-5": 0.0,
     "top-10": 0.579,
     "top-200": 1,
     "exam": 0.01901743264659271,
     "wasted-effort": 17
    },
    "avg_case": {
     "top-5": 0.0,
     "top-10": 0.1302222222222239,
     "top-200": 1,
     "exam": 0.13232963549920762,
     "wasted-effort": 143
    },
    "worst_case": {
     "top-5": 0.0,
     "top-10": 0.06477777777777861,
     "top-200": 0.6666666666666666,
     "exam": 0.6133122028526149,
     "wasted-effort": 631
    }
   }
  },
  "line_assert_uses": {
   "Tarantula": {
    "best_case": {
     "top-5": 0.0,
     "top-10": 0.591,
     "top-200": 1,
     "exam": 0.01901743264659271,
     "wasted-effort": 17
    },
    "avg_case": {
     "top-5": 0.0,
     "top-10": 0.13377777777777955,
     "top-200": 1,
     "exam": 0.13232963549920762,
     "wasted-effort": 143
    },