{
 "keras_16": {
  "line": {
   "Tarantula": {
    "best_case": {
     "top-5": 0.0,
     "top-10": 0.0,
     "top-200": 0.985,
     "exam": 0.0093974175035868,
     "wasted-effort": 342
    },
    "avg_case": {
     "top-5": 0.0,
     "top-10": 0.0,
     "top-200": 0.6384444444444496,
     "exam": 0.0093974175035868,
     "wasted-effort": 342
    },
    "worst_case": {
     "top-5": 0.0,
     "top-10": 0.0,
     "top-200": 0.32388888888889067,
     "exam": 0.14062649450023912,
     "wasted-effort": 3255
    }
   },
   "Ochiai": {
    "best_case": {
     "top-5": 0.249,
     "top-10": 0.449,
     "top-200": 0.98,
     "exam": 0.0013151602104256336,
     "wasted-effort": 55
    },
    "avg_case": {
     "top-5": 0.06444444444444426,
     "top-10": 0.12177777777777865,
     "top-200": 0.5922222222222281,
     "exam": 0.010712577714012433,
     "wasted-effort": 370
    },
    "worst_case": {
     "top-5": 0.030777777777777685,
     "top-10": 0.06111111111111153,
     "top-200": 0.3028888888888912,
     "exam": 0.14062649450023912,
     "wasted-effort": 3255
    }
   },
   "DStar": {
    "best_case": {
     "top-5": 0.916,
     "top-10": 1,
     "top-200": 0.963,
     "exam": 9.564801530368245e-05,
     "wasted-effort": 4
    },
    "avg_case": {
     "top-5": 0.3388888888888943,
     "top-10": 0.6666666666666666,
     "top-200": 0.4435555555555623,
     "exam": 0.02572931611669058,
     "wasted-effort": 773
    },
    "worst_case": {
     "top-5": 0.16600000000000262,
     "top-10": 0.3333333333333333,
     "top-200": 0.22155555555555898,
     "exam": 0.14062649450023912,
     "wasted-effort": 3255
    }
   }
  },
  "line_line": {
   "Tarantula": {
    "best_case": {
     "top-5": 0.902,
     "top-10": 1.0,
     "top-200": 1.0,
     "exam": 0.0003586800573888092,
     "wasted-effort": 11
    },
    "avg_case": {
     "top-5": 0.2911111111111157,
     "top-10": 0.6060000000000028,
     "top-200": 0.9431111111111158,
     "exam": 0.006599713055954089,
     "wasted-effort": 155
    },
    "worst_case": {
     "top-5": 0.1506666666666689,
     "top-10": 0.30088888888889054,
     "top-200": 0.5038888888888854,
     "exam": 0.14062649450023912,
     "wasted-effort": 3255
    }
   },
   "Ochiai": {
    "best_case": {
     "top-5": 1,
     "top-10": 1.0,
     "top-200": 0.969,
     "exam": 9.564801530368245e-05,
     "wasted-effort": 4
    },
    "avg_case": {
     "top-5": 0.6666666666666666,
     "top-10": 0.5633333333333389,
     "top-200": 0.45244444444445153,
     "exam": 0.015160210425633668,
     "wasted-effort": 334
    },
    "worst_case": {
     "top-5": 0.3333333333333333,
     "top-10": 0.28022222222222515,
     "top-200": 0.21555555555555875,
     "exam": 0.14062649450023912,
     "wasted-effort": 3255
    }
   },
   "DStar": {
    "best_case": {
     "top-5": 1,
     "top-10": 0.799,
     "top-200": 1.0,
     "exam": 9.564801530368245e-05,
     "wasted-effort": 4
    },
    "avg_case": {
     "top-5": 0.6666666666666666,
     "top-10": 0.25800000000000356,
     "top-200": 0.6026666666666695,
     "exam": 0.024868483978957436,
     "wasted-effort": 537
    },
    "worst_case": {
     "top-5": 0.3333333333333333,
     "top-10": 0.12400000000000169,
     "top-200": 0.30422222222222367,
     "exam": 0.14062649450023912,
     "wasted-effort": 3255
    }
   }
  },
  "line_defuse": {
   "Tarantula": {
    "best_case": {
     "top-5": 0.0,
     "top-10": 0,
     "top-200": 1.0,
     "exam": 0.0005738880918220947,
     "wasted-effort": 14
    },
    "avg_case": {
     "top-5": 0.0,
     "top-10": 0.0,
     "top-200": 0.9696666666666706,
     "exam": 0.006791009086561454,
     "wasted-effort": 159
    },
    "worst_case": {
     "top-5": 0.0,
     "top-10": 0.0,
     "top-200": 0.5238888888888836,
     "exam": 0.14062649450023912,
     "wasted-effort": 3255
    }
   },
   "Ochiai": {
    "best_case": {
     "top-5": 1,
     "top-10": 1.0,
     "top-200": 0.958,
     "exam": 9.564801530368245e-05,
     "wasted-effort": 4
    },
    "avg_case": {
     "top-5": 0.6666666666666666,
     "top-10": 0.5555555555555616,
     "top-200": 0.434666666666673,
     "exam": 0.01592539454806313,
     "wasted-effort": 350
    },
    "worst_case": {
     "top-5": 0.3333333333333333,
     "top-10": 0.2754444444444476,
     "top-200": 0.21611111111111433,
     "exam": 0.14062649450023912,
     "wasted-effort": 3255
    }
   },
   "DStar": {
    "best_case": {
     "top-5": 1,
     "top-10": 0.792,
     "top-200": 1.0,
     "exam": 9.564801530368245e-05,
     "wasted-effort": 4
    },
    "avg_case": {
     "top-5": 0.6666666666666666,
     "top-10": 0.25066666666666987,
     "top-200": 0.6037777777777805,
     "exam": 0.024438067910090865,
     "wasted-effort": 516
    },
    "worst_case": {
     "top-5": 0.3333333333333333,
     "top-10": 0.13088888888889072,
     "top-200": 0.3015555555555569,
     "exam": 0.14062649450023912,
     "wasted-effort": 3255
    }
   }
  },
  "line_defuses": {
   "Tarantula": {
    "best_case": {
     "top-5": 0.0,
     "top-10": 0.0,
     "top-200": 1.0,
     "exam": 0.004782400765184123,
     "wasted-effort": 102
    },
    "avg_case": {
     "top-5": 0.0,
     "top-10": 0.0,
     "top-200": 0.650444444444443,
     "exam": 0.014921090387374462,
     "wasted-effort": 329
    },
    "worst_case": {
     "top-5": 0.0,
     "top-10": 0.0,
     "top-200": 0.32677777777777683,
     "exam": 0.14062649450023912,
     "wasted-effort": 3255
    }
   },
   "Ochiai": {
    "best_case": {
     "top-5": 1.0,
     "top-10": 1.0,
     "top-200": 0.999,
     "exam": 0.00023912003825920613,
     "wasted-effort": 7
    },
    "avg_case": {
     "top-5": 0.4797777777777858,
     "top-10": 0.6071111111111144,
     "top-200": 0.5973333333333366,
     "exam": 0.024294595887135343,
     "wasted-effort": 525
    },
    "worst_case": {
     "top-5": 0.23944444444444826,
     "top-10": 0.3036666666666682,
     "top-200": 0.29577777777777947,
     "exam": 0.14062649450023912,
     "wasted-effort": 3255
    }
   },
   "DStar": {
    "best_case": {
     "top-5": 1,
     "top-10": 1,
     "top-200": 0.994,
     "exam": 9.564801530368245e-05,
     "wasted-effort": 4
    },
    "avg_case": {
     "top-5": 0.6666666666666666,
     "top-10": 0.6666666666666666,
     "top-200": 0.545555555555562,
     "exam": 0.034624581539933044,
     "wasted-effort": 741
    },
    "worst_case": {
     "top-5": 0.3333333333333333,
     "top-10": 0.3333333333333333,
     "top-200": 0.26933333333333664,
     "exam": 0.14062649450023912,
     "wasted-effort": 3255
    }
   }
  },
  "line_assert_use": {
   "Tarantula": {
    "best_case": {
     "top-5": 0.0,
     "top-10": 0.0,
     "top-200": 1.0,
     "exam": 0.003443328550932568,
     "wasted-effort": 74
    },
    "avg_case": {
     "top-5": 0.0,
     "top-10": 0.0,
     "top-200": 0.9874444444444461,
     "exam": 0.006791009086561454,
     "wasted-effort": 159
    },
    "worst_case": {
     "top-5": 0.0,
     "top-10": 0.0,
     "top-200": 0.5414444444444374,
     "exam": 0.14062649450023912,
     "wasted-effort": 3255
    }
   },
   "Ochiai": {
    "best_case": {
     "top-5": 1,
     "top-10": 1.0,
     "top-200": 0.968,
     "exam": 9.564801530368245e-05,
     "wasted-effort": 4
    },
    "avg_case": {
     "top-5": 0.6666666666666666,
     "top-10": 0.5524444444444505,
     "top-200": 0.43733333333333985,
     "exam": 0.01592539454806313,
     "wasted-effort": 350
    },
    "worst_case": {
     "top-5": 0.3333333333333333,
     "top-10": 0.2747777777777811,
     "top-200": 0.21366666666666984,
     "exam": 0.14062649450023912,
     "wasted-effort": 3255
    }
   },
   "DStar": {
    "best_case": {
     "top-5": 1,
     "top-10": 0.789,
     "top-200": 0.999,
     "exam": 9.564801530368245e-05,
     "wasted-effort": 4
    },
    "avg_case": {
     "top-5": 0.6666666666666666,
     "top-10": 0.2544444444444481,
     "top-200": 0.6020000000000028,
     "exam": 0.02501195600191296,
     "wasted-effort": 540
    },