{
 "keras_24": {
  "line": {
   "Tarantula": {
    "best_case": {
     "top-5": 0.0,
     "top-10": 0.0,
     "top-200": 0.0,
     "exam": 0.00999450619110003,
     "wasted-effort": 250
    },
    "avg_case": {
     "top-5": 0.0,
     "top-10": 0.0,
     "top-200": 0.0,
     "exam": 0.00999450619110003,
     "wasted-effort": 250
    },
    "worst_case": {
     "top-5": 0.0,
     "top-10": 0.0,
     "top-200": 0.0,
     "exam": 0.5746735409711363,
     "wasted-effort": 23663
    }
   },
   "Ochiai": {
    "best_case": {
     "top-5": 0.0,
     "top-10": 0.0,
     "top-200": 0.0,
     "exam": 0.00999450619110003,
     "wasted-effort": 250
    },
    "avg_case": {
     "top-5": 0.0,
     "top-10": 0.0,
     "top-200": 0.0,
     "exam": 0.00999450619110003,
     "wasted-effort": 250
    },
    "worst_case": {
     "top-5": 0.0,
     "top-10": 0.0,
     "top-200": 0.0,
     "exam": 0.5746735409711363,
     "wasted-effort": 23663
    }
   },
   "DStar": {
    "best_case": {
     "top-5": 0.0,
     "top-10": 0.0,
     "top-200": 0.734,
     "exam": 0.0037400160588260153,
     "wasted-effort": 102
    },
    "avg_case": {
     "top-5": 0.0,
     "top-10": 0.0,
     "top-200": 0.751,
     "exam": 0.0037400160588260153,
     "wasted-effort": 102
    },
    "worst_case": {
     "top-5": 0.0,
     "top-10": 0.0,
     "top-200": 0.3645,
     "exam": 0.5746735409711363,
     "wasted-effort": 23663
    }
   }
  },
  "line_line": {
   "Tarantula": {
    "best_case": {
     "top-5": 0,
     "top-10": 0,
     "top-200": 0.91,
     "exam": 0.0020707433546042343,
     "wasted-effort": 62
    },
    "avg_case": {
     "top-5": 0.0,
     "top-10": 0.0,
     "top-200": 0.916,
     "exam": 0.0020707433546042343,
     "wasted-effort": 62
    },
    "worst_case": {
     "top-5": 0.0,
     "top-10": 0.0,
     "top-200": 0.4535,
     "exam": 0.5746735409711363,
     "wasted-effort": 23663
    }
   },
   "Ochiai": {
    "best_case": {
     "top-5": 0,
     "top-10": 0.0,
     "top-200": 0.0,
     "exam": 0.00976207581456282,
     "wasted-effort": 244
    },
    "avg_case": {
     "top-5": 0.0,
     "top-10": 0.0,
     "top-200": 0.0,
     "exam": 0.00976207581456282,
     "wasted-effort": 244
    },
    "worst_case": {
     "top-5": 0.0,
     "top-10": 0.0,
     "top-200": 0.0,
     "exam": 0.5746735409711363,
     "wasted-effort": 23663
    }
   },
   "DStar": {
    "best_case": {
     "top-5": 0.0,
     "top-10": 0.0,
     "top-200": 0.844,
     "exam": 0.00371888602459536,
     "wasted-effort": 101
    },
    "avg_case": {
     "top-5": 0.0,
     "top-10": 0.0,
     "top-200": 0.835,
     "exam": 0.00371888602459536,
     "wasted-effort": 101
    },
    "worst_case": {
     "top-5": 0.0,
     "top-10": 0.0,
     "top-200": 0.4235,
     "exam": 0.5746735409711363,
     "wasted-effort": 23663
    }
   }
  },
  "line_defuse": {
   "Tarantula": {
    "best_case": {
     "top-5": 0.0,
     "top-10": 0.0,
     "top-200": 0.941,
     "exam": 0.0009719815746101508,
     "wasted-effort": 28
    },
    "avg_case": {
     "top-5": 0.0,
     "top-10": 0.0,
     "top-200": 0.948,
     "exam": 0.0009719815746101508,
     "wasted-effort": 28
    },
    "worst_case": {
     "top-5": 0.0,
     "top-10": 0.0,
     "top-200": 0.474,
     "exam": 0.5746735409711363,
     "wasted-effort": 23663
    }
   },
   "Ochiai": {
    "best_case": {
     "top-5": 0.0,
     "top-10": 0.0,
     "top-200": 0.0,
     "exam": 0.009635295609178886,
     "wasted-effort": 233
    },
    "avg_case": {
     "top-5": 0.0,
     "top-10": 0.0,
     "top-200": 0.0,
     "exam": 0.009635295609178886,
     "wasted-effort": 233
    },
    "worst_case": {
     "top-5": 0.0,
     "top-10": 0.0,
     "top-200": 0.0,
     "exam": 0.5746735409711363,
     "wasted-effort": 23663
    }
   },
   "DStar": {
    "best_case": {
     "top-5": 0.0,
     "top-10": 0.0,
     "top-200": 0.817,
     "exam": 0.0033808054769048725,
     "wasted-effort": 85
    },
    "avg_case": {
     "top-5": 0.0,
     "top-10": 0.0,
     "top-200": 0.82,
     "exam": 0.0033808054769048725,
     "wasted-effort": 85
    },
    "worst_case": {
     "top-5": 0.0,
     "top-10": 0.0,
     "top-200": 0.415,
     "exam": 0.5746735409711363,
     "wasted-effort": 23663
    }
   }
  },
  "line_defuses": {
   "Tarantula": {
    "best_case": {
     "top-5": 0.0,
     "top-10": 0.0,
     "top-200": 0.978,
     "exam": 0.00418374677766978,
     "wasted-effort": 104
    },
    "avg_case": {
     "top-5": 0.0,
     "top-10": 0.0,
     "top-200": 0.986,
     "exam": 0.00418374677766978,
     "wasted-effort": 104
    },
    "worst_case": {
     "top-5": 0.0,
     "top-10": 0.0,
     "top-200": 0.4935,
     "exam": 0.5746735409711363,
     "wasted-effort": 23663
    }
   },
   "Ochiai": {
    "best_case": {
     "top-5": 0,
     "top-10": 0.0,
     "top-200": 0.853,
     "exam": 0.00790263280226514,
     "wasted-effort": 192
    },
    "avg_case": {
     "top-5": 0.0,
     "top-10": 0.0,
     "top-200": 0.856,
     "exam": 0.00790263280226514,
     "wasted-effort": 192
    },
    "worst_case": {
     "top-5": 0.0,
     "top-10": 0.0,
     "top-200": 0.442,
     "exam": 0.5746735409711363,
     "wasted-effort": 23663
    }
   },
   "DStar": {
    "best_case": {
     "top-5": 0.0,
     "top-10": 0.0,
     "top-200": 0.848,
     "exam": 0.0033808054769048725,
     "wasted-effort": 85
    },
    "avg_case": {
     "top-5": 0.0,
     "top-10": 0.0,
     "top-200": 0.855,
     "exam": 0.0033808054769048725,
     "wasted-effort": 85
    },
    "worst_case": {
     "top-5": 0.0,
     "top-10": 0.0,
     "top-200": 0.4245,
     "exam": 0.5746735409711363,
     "wasted-effort": 23663
    }
   }
  },
  "line_assert_use": {
   "Tarantula": {
    "best_case": {
     "top-5": 0.0,
     "top-10": 0.0,
     "top-200": 0.924,
     "exam": 0.0009719815746101508,
     "wasted-effort": 28
    },
    "avg_case": {
     "top-5": 0.0,
     "top-10": 0.0,
     "top-200": 0.932,
     "exam": 0.0009719815746101508,
     "wasted-effort": 28
    },
    "worst_case": {
     "top-5": 0.0,
     "top-10": 0.0,
     "top-200": 0.4735,
     "exam": 0.5746735409711363,
     "wasted-effort": 23663
    }
   },
   "Ochiai": {
    "best_case": {
     "top-5": 0.0,
     "top-10": 0.0,
     "top-200": 0.0,
     "exam": 0.009635295609178886,
     "wasted-effort": 233
    },
    "avg_case": {
     "top-5": 0.0,
     "top-10": 0.0,
     "top-200": 0.0,
     "exam": 0.009635295609178886,
     "wasted-effort": 233
    },
    "worst_case": {
     "top-5": 0.0,
     "top-10": 0.0,
     "top-200": 0.0,
     "exam": 0.5746735409711363,
     "wasted-effort": 23663
    }
   },
   "DStar": {
    "best_case": {
     "top-5": 0.0,
     "top-10": 0.0,
     "top-200": 0.83,
     "exam": 0.0033808054769048725,
     "wasted-effort": 85
    },
    "avg_case": {
     "top-5": 0.0,
     "top-10": 0.0,
     "top-200": 0.848,
     "exam": 0.0033808054769048725,
     "wasted-effort": 85
    },
    "worst_case": {
     "top-5": 0.0,
     "top-10": 0.0,
     "top-200": 0.407,
     "exam": 0.5746735409711363,
     "wasted-effort": 23663
    }
   }
  },
  "line_assert_uses": {
   "Tarantula": {
    "best_case": {
     "top-5": 0.0,
     "top-10": 0.0,
     "top-200": 0.98,
     "exam": 0.00418374677766978,
     "wasted-effort": 104
    },
    "avg_case": {
     "top-5": 0.0,
     "top-10": 0.0,
     "top-200": 0.983,
     "exam": 0.00418374677766978,
     "wasted-effort": 104
    },
    "worst_case": {
     "top-5": 0.0,
     "top-10": 0.0,
     "top-200": 0.49,
     "exam": 0.5746735409711363,
     "wasted-effort": 23663
    }
   },
   "Ochiai": {
    "best_case": {
     "top-5": 0,
     "top-10": 0.0,
     "top-200": 0.885,
     "exam": 0.00790263280226514,
     "wasted-effort": 192
    },
    "avg_case": {
     "top-5": 0.0,
     "top-10": 0.0,
     "top-200": 0.854,
     "exam": 0.00790263280226514,
     "wasted-effort": 192
    },
    "worst_case": {
     "top-5": 0.0,
     "top-10": 0.0,
     "top-200": 0.4295,