{
 "luigi_5": {
  "line": {
   "Tarantula": {
    "best_case": {
     "top-5": 0.019,
     "top-10": 0.046,
     "top-200": 0.639,
     "exam": 0.02649547276235713,
     "wasted-effort": 714
    },
    "avg_case": {
     "top-5": 0.003733333333333333,
     "top-10": 0.005866666666666671,
     "top-200": 0.11480000000000112,
     "exam": 0.08794715748849637,
     "wasted-effort": 1656
    },
    "worst_case": {
     "top-5": 0.0016666666666666666,
     "top-10": 0.0022666666666666673,
     "top-200": 0.05726666666666722,
     "exam": 0.5614516847261393,
     "wasted-effort": 13474
    }
   },
   "Ochiai": {
    "best_case": {
     "top-5": 0.018,
     "top-10": 0.035,
     "top-200": 0.493,
     "exam": 0.026347038741279503,
     "wasted-effort": 710
    },
    "avg_case": {
     "top-5": 0.0017333333333333333,
     "top-10": 0.0038666666666666663,
     "top-200": 0.07293333333333352,
     "exam": 0.08794715748849637,
     "wasted-effort": 1656
    },
    "worst_case": {
     "top-5": 0.0011333333333333332,
     "top-10": 0.0019333333333333331,
     "top-200": 0.03606666666666671,
     "exam": 0.5614516847261393,
     "wasted-effort": 13474
    }
   },
   "DStar": {
    "best_case": {
     "top-5": 0.017,
     "top-10": 0.029,
     "top-200": 0.457,
     "exam": 0.026347038741279503,
     "wasted-effort": 710
    },
    "avg_case": {
     "top-5": 0.0019999999999999996,
     "top-10": 0.0026666666666666666,
     "top-200": 0.07773333333333367,
     "exam": 0.08794715748849637,
     "wasted-effort": 1656
    },
    "worst_case": {
     "top-5": 0.0012,
     "top-10": 0.0021333333333333334,
     "top-200": 0.037333333333333406,
     "exam": 0.5614516847261393,
     "wasted-effort": 13474
    }
   }
  },
  "line_line": {
   "Tarantula": {
    "best_case": {
     "top-5": 0.42,
     "top-10": 0.691,
     "top-200": 0.633,
     "exam": 0.0011503636633516403,
     "wasted-effort": 31
    },
    "avg_case": {
     "top-5": 0.06453333333333319,
     "top-10": 0.12573333333333453,
     "top-200": 0.11613333333333446,
     "exam": 0.08794715748849637,
     "wasted-effort": 1656
    },
    "worst_case": {
     "top-5": 0.032866666666666586,
     "top-10": 0.064133333333334,
     "top-200": 0.054666666666667176,
     "exam": 0.5614516847261393,
     "wasted-effort": 13474
    }
   },
   "Ochiai": {
    "best_case": {
     "top-5": 0.32,
     "top-10": 0.551,
     "top-200": 0.613,
     "exam": 0.0010761466528128247,
     "wasted-effort": 29
    },
    "avg_case": {
     "top-5": 0.045199999999999886,
     "top-10": 0.09266666666666738,
     "top-200": 0.11746666666666779,
     "exam": 0.08794715748849637,
     "wasted-effort": 1656
    },
    "worst_case": {
     "top-5": 0.021333333333333284,
     "top-10": 0.04746666666666705,
     "top-200": 0.054400000000000455,
     "exam": 0.5614516847261393,
     "wasted-effort": 13474
    }
   },
   "DStar": {
    "best_case": {
     "top-5": 0.315,
     "top-10": 0.585,
     "top-200": 0.63,
     "exam": 0.0010761466528128247,
     "wasted-effort": 29
    },
    "avg_case": {
     "top-5": 0.0505333333333332,
     "top-10": 0.09293333333333405,
     "top-200": 0.11386666666666773,
     "exam": 0.08794715748849637,
     "wasted-effort": 1656
    },
    "worst_case": {
     "top-5": 0.02299999999999994,
     "top-10": 0.04626666666666703,
     "top-200": 0.05713333333333384,
     "exam": 0.5614516847261393,
     "wasted-effort": 13474
    }
   }
  },
  "line_defuse": {
   "Tarantula": {
    "best_case": {
     "top-5": 0.426,
     "top-10": 0.719,
     "top-200": 0.636,
     "exam": 0.0011503636633516403,
     "wasted-effort": 31
    },
    "avg_case": {
     "top-5": 0.06199999999999984,
     "top-10": 0.12626666666666797,
     "top-200": 0.11640000000000116,
     "exam": 0.08794715748849637,
     "wasted-effort": 1656
    },
    "worst_case": {
     "top-5": 0.03486666666666667,
     "top-10": 0.06320000000000064,
     "top-200": 0.05826666666666724,
     "exam": 0.5614516847261393,
     "wasted-effort": 13474
    }
   },
   "Ochiai": {
    "best_case": {
     "top-5": 0.332,
     "top-10": 0.573,
     "top-200": 0.605,
     "exam": 0.0010761466528128247,
     "wasted-effort": 29
    },
    "avg_case": {
     "top-5": 0.04239999999999989,
     "top-10": 0.08920000000000074,
     "top-200": 0.11293333333333443,
     "exam": 0.08794715748849637,
     "wasted-effort": 1656
    },
    "worst_case": {
     "top-5": 0.024066666666666604,
     "top-10": 0.046400000000000385,
     "top-200": 0.05820000000000065,
     "exam": 0.5614516847261393,
     "wasted-effort": 13474
    }
   },
   "DStar": {
    "best_case": {
     "top-5": 0.337,
     "top-10": 0.563,
     "top-200": 0.642,
     "exam": 0.0010761466528128247,
     "wasted-effort": 29
    },
    "avg_case": {
     "top-5": 0.04639999999999988,
     "top-10": 0.09426666666666741,
     "top-200": 0.11253333333333448,
     "exam": 0.08794715748849637,
     "wasted-effort": 1656
    },
    "worst_case": {
     "top-5": 0.023799999999999936,
     "top-10": 0.04566666666666704,
     "top-200": 0.05573333333333383,
     "exam": 0.5614516847261393,
     "wasted-effort": 13474
    }
   }
  },
  "line_defuses": {
   "Tarantula": {
    "best_case": {
     "top-5": 0.429,
     "top-10": 0.703,
     "top-200": 0.63,
     "exam": 0.0011503636633516403,
     "wasted-effort": 31
    },
    "avg_case": {
     "top-5": 0.06826666666666664,
     "top-10": 0.13013333333333452,
     "top-200": 0.10733333333333431,
     "exam": 0.08794715748849637,
     "wasted-effort": 1656
    },
    "worst_case": {
     "top-5": 0.03193333333333325,
     "top-10": 0.06526666666666735,
     "top-200": 0.05773333333333389,
     "exam": 0.5614516847261393,
     "wasted-effort": 13474
    }
   },
   "Ochiai": {
    "best_case": {
     "top-5": 0.319,
     "top-10": 0.563,
     "top-200": 0.64,
     "exam": 0.0010761466528128247,
     "wasted-effort": 29
    },
    "avg_case": {
     "top-5": 0.046399999999999886,
     "top-10": 0.08533333333333384,
     "top-200": 0.11173333333333446,
     "exam": 0.08794715748849637,
     "wasted-effort": 1656
    },
    "worst_case": {
     "top-5": 0.025133333333333268,
     "top-10": 0.045866666666667014,
     "top-200": 0.058266666666667175,
     "exam": 0.5614516847261393,
     "wasted-effort": 13474
    }
   },
   "DStar": {
    "best_case": {
     "top-5": 0.331,
     "top-10": 0.577,
     "top-200": 0.632,
     "exam": 0.0010761466528128247,
     "wasted-effort": 29
    },
    "avg_case": {
     "top-5": 0.04533333333333323,
     "top-10": 0.09013333333333395,
     "top-200": 0.11000000000000094,
     "exam": 0.08794715748849637,
     "wasted-effort": 1656
    },
    "worst_case": {
     "top-5": 0.02186666666666661,
     "top-10": 0.04506666666666702,
     "top-200": 0.05460000000000045,
     "exam": 0.5614516847261393,
     "wasted-effort": 13474
    }
   }
  },
  "line_assert_use": {
   "Tarantula": {
    "best_case": {
     "top-5": 0.416,
     "top-10": 0.694,
     "top-200": 0.643,
     "exam": 0.0011503636633516403,
     "wasted-effort": 31
    },
    "avg_case": {
     "top-5": 0.06693333333333325,
     "top-10": 0.13000000000000134,
     "top-200": 0.10653333333333427,
     "exam": 0.08794715748849637,
     "wasted-effort": 1656
    },
    "worst_case": {
     "top-5": 0.030466666666666586,
     "top-10": 0.06573333333333396,
     "top-200": 0.054666666666667155,
     "exam": 0.5614516847261393,
     "wasted-effort": 13474
    }
   },
   "Ochiai": {
    "best_case": {
     "top-5": 0.312,
     "top-10": 0.593,
     "top-200": 0.634,
     "exam": 0.0010761466528128247,
     "wasted-effort": 29
    },
    "avg_case": {
     "top-5": 0.048399999999999874,
     "top-10": 0.08986666666666744,
     "top-200": 0.1101333333333344,
     "exam": 0.08794715748849637,
     "wasted-effort": 1656
    },
    "worst_case": {
     "top-5": 0.02339999999999994,
     "top-10": 0.043866666666666956,
     "top-200": 0.05573333333333395,
     "exam": 0.5614516847261393,