{
 "scrapy_33": {
  "line": {
   "Tarantula": {
    "best_case": {
     "top-5": 0.0,
     "top-10": 0.358,
     "top-200": 0.853,
     "exam": 0.0005912661542359996,
     "wasted-effort": 7
    },
    "avg_case": {
     "top-5": 0.0,
     "top-10": 0.017244444444444392,
     "top-200": 0.06906666666666673,
     "exam": 0.5429090294788411,
     "wasted-effort": 11839
    },
    "worst_case": {
     "top-5": 0.0,
     "top-10": 0.008377777777777753,
     "top-200": 0.03242222222222214,
     "exam": 0.5429090294788411,
     "wasted-effort": 11839
    }
   },
   "Ochiai": {
    "best_case": {
     "top-5": 0.0,
     "top-10": 0.348,
     "top-200": 0.827,
     "exam": 0.0005912661542359996,
     "wasted-effort": 7
    },
    "avg_case": {
     "top-5": 0.0,
     "top-10": 0.01657777777777773,
     "top-200": 0.06666666666666658,
     "exam": 0.5429090294788411,
     "wasted-effort": 11839
    },
    "worst_case": {
     "top-5": 0.0,
     "top-10": 0.008111111111111088,
     "top-200": 0.03279999999999995,
     "exam": 0.5429090294788411,
     "wasted-effort": 11839
    }
   },
   "DStar": {
    "best_case": {
     "top-5": 1,
     "top-10": 0.368,
     "top-200": 0.849,
     "exam": 0.0004223329673114283,
     "wasted-effort": 5
    },
    "avg_case": {
     "top-5": 0.044444444444444446,
     "top-10": 0.016755555555555506,
     "top-200": 0.06551111111111099,
     "exam": 0.5429090294788411,
     "wasted-effort": 11839
    },
    "worst_case": {
     "top-5": 0.022222222222222223,
     "top-10": 0.008511111111111086,
     "top-200": 0.03251111111111104,
     "exam": 0.5429090294788411,
     "wasted-effort": 11839
    }
   }
  },
  "line_line": {
   "Tarantula": {
    "best_case": {
     "top-5": 0.717,
     "top-10": 0.637,
     "top-200": 0.999,
     "exam": 0.00033786637384914265,
     "wasted-effort": 4
    },
    "avg_case": {
     "top-5": 0.031244444444444346,
     "top-10": 0.028666666666666576,
     "top-200": 0.1425333333333342,
     "exam": 0.5429090294788411,
     "wasted-effort": 11839
    },
    "worst_case": {
     "top-5": 0.01579999999999995,
     "top-10": 0.014799999999999952,
     "top-200": 0.06940000000000059,
     "exam": 0.5429090294788411,
     "wasted-effort": 11839
    }
   },
   "Ochiai": {
    "best_case": {
     "top-5": 0.0,
     "top-10": 0.657,
     "top-200": 0.995,
     "exam": 0.0005912661542359996,
     "wasted-effort": 7
    },
    "avg_case": {
     "top-5": 0.0,
     "top-10": 0.029288888888888795,
     "top-200": 0.14000000000000096,
     "exam": 0.5429090294788411,
     "wasted-effort": 11839
    },
    "worst_case": {
     "top-5": 0.0,
     "top-10": 0.014622222222222175,
     "top-200": 0.07048888888888939,
     "exam": 0.5429090294788411,
     "wasted-effort": 11839
    }
   },
   "DStar": {
    "best_case": {
     "top-5": 1,
     "top-10": 0.761,
     "top-200": 0.998,
     "exam": 0.0004223329673114283,
     "wasted-effort": 5
    },
    "avg_case": {
     "top-5": 0.044444444444444446,
     "top-10": 0.034133333333333224,
     "top-200": 0.13906666666666756,
     "exam": 0.5429090294788411,
     "wasted-effort": 11839
    },
    "worst_case": {
     "top-5": 0.022222222222222223,
     "top-10": 0.017622222222222168,
     "top-200": 0.07064444444444495,
     "exam": 0.5429090294788411,
     "wasted-effort": 11839
    }
   }
  },
  "line_defuse": {
   "Tarantula": {
    "best_case": {
     "top-5": 0.0,
     "top-10": 1,
     "top-200": 0.998,
     "exam": 0.0008446659346228566,
     "wasted-effort": 10
    },
    "avg_case": {
     "top-5": 0.0,
     "top-10": 0.044444444444444446,
     "top-200": 0.1406222222222232,
     "exam": 0.5429090294788411,
     "wasted-effort": 11839
    },
    "worst_case": {
     "top-5": 0.0,
     "top-10": 0.022222222222222223,
     "top-200": 0.06975555555555604,
     "exam": 0.5429090294788411,
     "wasted-effort": 11839
    }
   },
   "Ochiai": {
    "best_case": {
     "top-5": 0.0,
     "top-10": 0.0,
     "top-200": 0.999,
     "exam": 0.001266998901934285,
     "wasted-effort": 15
    },
    "avg_case": {
     "top-5": 0.0,
     "top-10": 0.0,
     "top-200": 0.13942222222222306,
     "exam": 0.5429090294788411,
     "wasted-effort": 11839
    },
    "worst_case": {
     "top-5": 0.0,
     "top-10": 0.0,
     "top-200": 0.07002222222222272,
     "exam": 0.5429090294788411,
     "wasted-effort": 11839
    }
   },
   "DStar": {
    "best_case": {
     "top-5": 1,
     "top-10": 0.78,
     "top-200": 0.999,
     "exam": 0.0004223329673114283,
     "wasted-effort": 5
    },
    "avg_case": {
     "top-5": 0.044444444444444446,
     "top-10": 0.034266666666666556,
     "top-200": 0.14235555555555637,
     "exam": 0.5429090294788411,
     "wasted-effort": 11839
    },
    "worst_case": {
     "top-5": 0.022222222222222223,
     "top-10": 0.017111111111111056,
     "top-200": 0.06973333333333383,
     "exam": 0.5429090294788411,
     "wasted-effort": 11839
    }
   }
  },
  "line_defuses": {
   "Tarantula": {
    "best_case": {
     "top-5": 0.0,
     "top-10": 1,
     "top-200": 0.999,
     "exam": 0.0008446659346228566,
     "wasted-effort": 10
    },
    "avg_case": {
     "top-5": 0.0,
     "top-10": 0.044444444444444446,
     "top-200": 0.14253333333333437,
     "exam": 0.5429090294788411,
     "wasted-effort": 11839
    },
    "worst_case": {
     "top-5": 0.0,
     "top-10": 0.022222222222222223,
     "top-200": 0.0712888888888894,
     "exam": 0.5429090294788411,
     "wasted-effort": 11839
    }
   },
   "Ochiai": {
    "best_case": {
     "top-5": 0.0,
     "top-10": 0.0,
     "top-200": 0.999,
     "exam": 0.001266998901934285,
     "wasted-effort": 15
    },
    "avg_case": {
     "top-5": 0.0,
     "top-10": 0.0,
     "top-200": 0.14168888888888984,
     "exam": 0.5429090294788411,
     "wasted-effort": 11839
    },
    "worst_case": {
     "top-5": 0.0,
     "top-10": 0.0,
     "top-200": 0.06997777777777824,
     "exam": 0.5429090294788411,
     "wasted-effort": 11839
    }
   },
   "DStar": {
    "best_case": {
     "top-5": 1,
     "top-10": 0.764,
     "top-200": 1.0,
     "exam": 0.0004223329673114283,
     "wasted-effort": 5
    },
    "avg_case": {
     "top-5": 0.044444444444444446,
     "top-10": 0.033822222222222115,
     "top-200": 0.14306666666666762,
     "exam": 0.5429090294788411,
     "wasted-effort": 11839
    },
    "worst_case": {
     "top-5": 0.022222222222222223,
     "top-10": 0.01744444444444439,
     "top-200": 0.07126666666666705,
     "exam": 0.5429090294788411,
     "wasted-effort": 11839
    }
   }
  },
  "line_assert_use": {
   "Tarantula": {
    "best_case": {
     "top-5": 0.0,
     "top-10": 1,
     "top-200": 0.996,
     "exam": 0.0008446659346228566,
     "wasted-effort": 10
    },
    "avg_case": {
     "top-5": 0.0,
     "top-10": 0.044444444444444446,
     "top-200": 0.1402666666666677,
     "exam": 0.5429090294788411,
     "wasted-effort": 11839
    },
    "worst_case": {
     "top-5": 0.0,
     "top-10": 0.022222222222222223,
     "top-200": 0.06951111111111169,
     "exam": 0.5429090294788411,
     "wasted-effort": 11839
    }
   },
   "Ochiai": {
    "best_case": {
     "top-5": 0.0,
     "top-10": 0,
     "top-200": 0.997,
     "exam": 0.001266998901934285,
     "wasted-effort": 15
    },
    "avg_case": {
     "top-5": 0.0,
     "top-10": 0.0,
     "top-200": 0.13982222222222307,
     "exam": 0.5429090294788411,
     "wasted-effort": 11839
    },
    "worst_case": {
     "top-5": 0.0,
     "top-10": 0.0,
     "top-200": 0.07075555555555593,
     "exam": 0.5429090294788411,
     "wasted-effort": 11839
    }
   },
   "DStar": {
    "best_case": {
     "top-5": 1,
     "top-10": 0.787,
     "top-200": 0.998,
     "exam": 0.0004223329673114283,
     "wasted-effort": 5
    },
    "avg_case": {
     "top-5": 0.044444444444444446,
     "top-10": 0.03488888888888878,
     "top-200": 0.1429333333333342,
     "exam": 0.5429090294788411,
     "wasted-effort": 11839
    },