{
 "spacy_7": {
  "line": {
   "Tarantula": {
    "best_case": {
     "top-5": 0.427,
     "top-10": 0.904,
     "top-200": 0.671,
     "exam": 7.610981955053692e-05,
     "wasted-effort": 11
    },
    "avg_case": {
     "top-5": 0.19280000000000166,
     "top-10": 0.36599999999999633,
     "top-200": 0.2584000000000024,
     "exam": 0.5077493634451455,
     "wasted-effort": 72264
    },
    "worst_case": {
     "top-5": 0.08920000000000072,
     "top-10": 0.18139999999999826,
     "top-200": 0.133000000000001,
     "exam": 0.5077493634451455,
     "wasted-effort": 72264
    }
   },
   "Ochiai": {
    "best_case": {
     "top-5": 0.483,
     "top-10": 0.9,
     "top-200": 0.668,
     "exam": 7.610981955053692e-05,
     "wasted-effort": 11
    },
    "avg_case": {
     "top-5": 0.18520000000000156,
     "top-10": 0.3679999999999962,
     "top-200": 0.26840000000000186,
     "exam": 0.5077493634451455,
     "wasted-effort": 72264
    },
    "worst_case": {
     "top-5": 0.09320000000000078,
     "top-10": 0.17799999999999844,
     "top-200": 0.1348000000000009,
     "exam": 0.5077493634451455,
     "wasted-effort": 72264
    }
   },
   "DStar": {
    "best_case": {
     "top-5": 0.0,
     "top-10": 0.0,
     "top-200": 0.0,
     "exam": 0.015298073729657921,
     "wasted-effort": 1120
    },
    "avg_case": {
     "top-5": 0.0,
     "top-10": 0.0,
     "top-200": 0.0,
     "exam": 0.5077493634451455,
     "wasted-effort": 72264
    },
    "worst_case": {
     "top-5": 0.0,
     "top-10": 0.0,
     "top-200": 0.0,
     "exam": 0.5077493634451455,
     "wasted-effort": 72264
    }
   }
  },
  "line_line": {
   "Tarantula": {
    "best_case": {
     "top-5": 0.455,
     "top-10": 0.908,
     "top-200": 0.668,
     "exam": 8.302889405513119e-05,
     "wasted-effort": 11
    },
    "avg_case": {
     "top-5": 0.18440000000000153,
     "top-10": 0.36319999999999647,
     "top-200": 0.2740000000000015,
     "exam": 0.5077493634451455,
     "wasted-effort": 72264
    },
    "worst_case": {
     "top-5": 0.09460000000000081,
     "top-10": 0.18199999999999822,
     "top-200": 0.13320000000000098,
     "exam": 0.5077493634451455,
     "wasted-effort": 72264
    }
   },
   "Ochiai": {
    "best_case": {
     "top-5": 0.474,
     "top-10": 0.899,
     "top-200": 0.664,
     "exam": 8.302889405513119e-05,
     "wasted-effort": 11
    },
    "avg_case": {
     "top-5": 0.18440000000000153,
     "top-10": 0.36199999999999655,
     "top-200": 0.2584000000000024,
     "exam": 0.5077493634451455,
     "wasted-effort": 72264
    },
    "worst_case": {
     "top-5": 0.09240000000000077,
     "top-10": 0.18079999999999827,
     "top-200": 0.13360000000000097,
     "exam": 0.5077493634451455,
     "wasted-effort": 72264
    }
   },
   "DStar": {
    "best_case": {
     "top-5": 0.0,
     "top-10": 0,
     "top-200": 0.0,
     "exam": 0.015298073729657921,
     "wasted-effort": 1120
    },
    "avg_case": {
     "top-5": 0.0,
     "top-10": 0.0,
     "top-200": 0.0,
     "exam": 0.5077493634451455,
     "wasted-effort": 72264
    },
    "worst_case": {
     "top-5": 0.0,
     "top-10": 0.0,
     "top-200": 0.0,
     "exam": 0.5077493634451455,
     "wasted-effort": 72264
    }
   }
  },
  "line_defuse": {
   "Tarantula": {
    "best_case": {
     "top-5": 0.454,
     "top-10": 0.906,
     "top-200": 0.677,
     "exam": 8.302889405513119e-05,
     "wasted-effort": 11
    },
    "avg_case": {
     "top-5": 0.18400000000000152,
     "top-10": 0.36199999999999655,
     "top-200": 0.2628000000000022,
     "exam": 0.5077493634451455,
     "wasted-effort": 72264
    },
    "worst_case": {
     "top-5": 0.08260000000000063,
     "top-10": 0.18339999999999812,
     "top-200": 0.12780000000000127,
     "exam": 0.5077493634451455,
     "wasted-effort": 72264
    }
   },
   "Ochiai": {
    "best_case": {
     "top-5": 0.471,
     "top-10": 0.91,
     "top-200": 0.669,
     "exam": 8.302889405513119e-05,
     "wasted-effort": 11
    },
    "avg_case": {
     "top-5": 0.17840000000000145,
     "top-10": 0.3623999999999965,
     "top-200": 0.2564000000000025,
     "exam": 0.5077493634451455,
     "wasted-effort": 72264
    },
    "worst_case": {
     "top-5": 0.0948000000000008,
     "top-10": 0.18279999999999816,
     "top-200": 0.13420000000000093,
     "exam": 0.5077493634451455,
     "wasted-effort": 72264
    }
   },
   "DStar": {
    "best_case": {
     "top-5": 0.0,
     "top-10": 0,
     "top-200": 0.0,
     "exam": 0.015298073729657921,
     "wasted-effort": 1120
    },
    "avg_case": {
     "top-5": 0.0,
     "top-10": 0.0,
     "top-200": 0.0,
     "exam": 0.5077493634451455,
     "wasted-effort": 72264
    },
    "worst_case": {
     "top-5": 0.0,
     "top-10": 0.0,
     "top-200": 0.0,
     "exam": 0.5077493634451455,
     "wasted-effort": 72264
    }
   }
  },
  "line_defuses": {
   "Tarantula": {
    "best_case": {
     "top-5": 0.45,
     "top-10": 0.897,
     "top-200": 0.665,
     "exam": 8.302889405513119e-05,
     "wasted-effort": 11
    },
    "avg_case": {
     "top-5": 0.17240000000000136,
     "top-10": 0.3655999999999963,
     "top-200": 0.2512000000000025,
     "exam": 0.5077493634451455,
     "wasted-effort": 72264
    },
    "worst_case": {
     "top-5": 0.08940000000000073,
     "top-10": 0.18119999999999825,
     "top-200": 0.13520000000000088,
     "exam": 0.5077493634451455,
     "wasted-effort": 72264
    }
   },
   "Ochiai": {
    "best_case": {
     "top-5": 0.472,
     "top-10": 0.9,
     "top-200": 0.666,
     "exam": 8.302889405513119e-05,
     "wasted-effort": 11
    },
    "avg_case": {
     "top-5": 0.17960000000000148,
     "top-10": 0.36199999999999655,
     "top-200": 0.27440000000000153,
     "exam": 0.5077493634451455,
     "wasted-effort": 72264
    },
    "worst_case": {
     "top-5": 0.09560000000000082,
     "top-10": 0.18119999999999825,
     "top-200": 0.12900000000000122,
     "exam": 0.5077493634451455,
     "wasted-effort": 72264
    }
   },
   "DStar": {
    "best_case": {
     "top-5": 0.0,
     "top-10": 0,
     "top-200": 0.0,
     "exam": 0.015298073729657921,
     "wasted-effort": 1120
    },
    "avg_case": {
     "top-5": 0.0,
     "top-10": 0.0,
     "top-200": 0.0,
     "exam": 0.5077493634451455,
     "wasted-effort": 72264
    },
    "worst_case": {
     "top-5": 0.0,
     "top-10": 0.0,
     "top-200": 0.0,
     "exam": 0.5077493634451455,
     "wasted-effort": 72264
    }
   }
  },
  "line_assert_use": {
   "Tarantula": {
    "best_case": {
     "top-5": 0.451,
     "top-10": 0.91,
     "top-200": 0.645,
     "exam": 8.302889405513119e-05,
     "wasted-effort": 11
    },
    "avg_case": {
     "top-5": 0.18360000000000154,
     "top-10": 0.3679999999999962,
     "top-200": 0.26840000000000186,
     "exam": 0.5077493634451455,
     "wasted-effort": 72264
    },
    "worst_case": {
     "top-5": 0.08960000000000073,
     "top-10": 0.17979999999999832,
     "top-200": 0.13160000000000108,
     "exam": 0.5077493634451455,
     "wasted-effort": 72264
    }
   },
   "Ochiai": {
    "best_case": {
     "top-5": 0.453,
     "top-10": 0.916,
     "top-200": 0.664,
     "exam": 8.302889405513119e-05,
     "wasted-effort": 11
    },
    "avg_case": {
     "top-5": 0.18560000000000157,
     "top-10": 0.36199999999999655,
     "top-200": 0.2692000000000018,
     "exam": 0.5077493634451455,
     "wasted-effort": 72264
    },
    "worst_case": {
     "top-5": 0.0870000000000007,
     "top-10": 0.18159999999999824,
     "top-200": 0.1364000000000008,
     "exam": 0.5077493634451455,
     "wasted-effort": 72264
    }
   },
   "DStar": {
    "best_case": {
     "top-5": 0.0,
     "top-10": 0,
     "top-200": 0.0,
     "exam": 0.015298073729657921,
     "wasted-effort": 1120
    },
    "avg_case": {
     "top-5": 0.0,
     "top-10": 0.0,
     "top-200": 0.0,
     "exam": 0.5077493634451455,
     "wasted-effort": 72264
    },
    "worst_case": {
     "top-5": 0.0,
     "top-10": 0.0,
     "top-200": 0.0,
     "exam": 0.5077493634451455,