{
 "thefuck_14": {
  "line": {
   "Tarantula": {
    "best_case": {
     "top-5": 0.14,
     "top-10": 0.302,
     "top-200": 1,
     "exam": 0.00042589437819420784,
     "wasted-effort": 1
    },
    "avg_case": {
     "top-5": 0.062399999999999844,
     "top-10": 0.1304000000000006,
     "top-200": 1,
     "exam": 0.0008517887563884157,
     "wasted-effort": 3
    },
    "worst_case": {
     "top-5": 0.03379999999999995,
     "top-10": 0.07120000000000039,
     "top-200": 0.8,
     "exam": 0.5272572402044293,
     "wasted-effort": 2348
    }
   },
   "Ochiai": {
    "best_case": {
     "top-5": 0.157,
     "top-10": 0.297,
     "top-200": 1,
     "exam": 0.00042589437819420784,
     "wasted-effort": 1
    },
    "avg_case": {
     "top-5": 0.06359999999999985,
     "top-10": 0.1328000000000006,
     "top-200": 1,
     "exam": 0.0008517887563884157,
     "wasted-effort": 3
    },
    "worst_case": {
     "top-5": 0.03419999999999995,
     "top-10": 0.06540000000000028,
     "top-200": 0.8,
     "exam": 0.5272572402044293,
     "wasted-effort": 2348
    }
   },
   "DStar": {
    "best_case": {
     "top-5": 0.086,
     "top-10": 0.183,
     "top-200": 1,
     "exam": 0.00042589437819420784,
     "wasted-effort": 2
    },
    "avg_case": {
     "top-5": 0.03679999999999994,
     "top-10": 0.08920000000000011,
     "top-200": 1,
     "exam": 0.00042589437819420784,
     "wasted-effort": 2
    },
    "worst_case": {
     "top-5": 0.02319999999999995,
     "top-10": 0.03739999999999999,
     "top-200": 0.8,
     "exam": 0.5272572402044293,
     "wasted-effort": 2348
    }
   }
  },
  "line_line": {
   "Tarantula": {
    "best_case": {
     "top-5": 0.154,
     "top-10": 0.307,
     "top-200": 1,
     "exam": 0.00042589437819420784,
     "wasted-effort": 1
    },
    "avg_case": {
     "top-5": 0.06919999999999991,
     "top-10": 0.13260000000000066,
     "top-200": 1,
     "exam": 0.0008517887563884157,
     "wasted-effort": 3
    },
    "worst_case": {
     "top-5": 0.02739999999999994,
     "top-10": 0.06620000000000029,
     "top-200": 0.8,
     "exam": 0.5272572402044293,
     "wasted-effort": 2348
    }
   },
   "Ochiai": {
    "best_case": {
     "top-5": 0.155,
     "top-10": 0.276,
     "top-200": 1,
     "exam": 0.00042589437819420784,
     "wasted-effort": 1
    },
    "avg_case": {
     "top-5": 0.06519999999999986,
     "top-10": 0.11600000000000048,
     "top-200": 1,
     "exam": 0.0008517887563884157,
     "wasted-effort": 3
    },
    "worst_case": {
     "top-5": 0.031999999999999924,
     "top-10": 0.06300000000000029,
     "top-200": 0.8,
     "exam": 0.5272572402044293,
     "wasted-effort": 2348
    }
   },
   "DStar": {
    "best_case": {
     "top-5": 0.113,
     "top-10": 0.196,
     "top-200": 1,
     "exam": 0.00042589437819420784,
     "wasted-effort": 2
    },
    "avg_case": {
     "top-5": 0.03839999999999993,
     "top-10": 0.08360000000000006,
     "top-200": 1,
     "exam": 0.00042589437819420784,
     "wasted-effort": 2
    },
    "worst_case": {
     "top-5": 0.021199999999999965,
     "top-10": 0.04180000000000004,
     "top-200": 0.8,
     "exam": 0.5272572402044293,
     "wasted-effort": 2348
    }
   }
  },
  "line_defuse": {
   "Tarantula": {
    "best_case": {
     "top-5": 0.134,
     "top-10": 0.292,
     "top-200": 1,
     "exam": 0.00042589437819420784,
     "wasted-effort": 1
    },
    "avg_case": {
     "top-5": 0.06239999999999986,
     "top-10": 0.12800000000000059,
     "top-200": 1,
     "exam": 0.0008517887563884157,
     "wasted-effort": 3
    },
    "worst_case": {
     "top-5": 0.02879999999999993,
     "top-10": 0.06200000000000022,
     "top-200": 0.8,
     "exam": 0.5272572402044293,
     "wasted-effort": 2348
    }
   },
   "Ochiai": {
    "best_case": {
     "top-5": 0.151,
     "top-10": 0.3,
     "top-200": 1,
     "exam": 0.00042589437819420784,
     "wasted-effort": 1
    },
    "avg_case": {
     "top-5": 0.0679999999999999,
     "top-10": 0.12640000000000048,
     "top-200": 1,
     "exam": 0.0008517887563884157,
     "wasted-effort": 3
    },
    "worst_case": {
     "top-5": 0.03299999999999993,
     "top-10": 0.06120000000000028,
     "top-200": 0.8,
     "exam": 0.5272572402044293,
     "wasted-effort": 2348
    }
   },
   "DStar": {
    "best_case": {
     "top-5": 0.118,
     "top-10": 0.219,
     "top-200": 1,
     "exam": 0.00042589437819420784,
     "wasted-effort": 2
    },
    "avg_case": {
     "top-5": 0.04359999999999992,
     "top-10": 0.0924000000000002,
     "top-200": 1,
     "exam": 0.00042589437819420784,
     "wasted-effort": 2
    },
    "worst_case": {
     "top-5": 0.020799999999999964,
     "top-10": 0.03639999999999998,
     "top-200": 0.8,
     "exam": 0.5272572402044293,
     "wasted-effort": 2348
    }
   }
  },
  "line_defuses": {
   "Tarantula": {
    "best_case": {
     "top-5": 0.157,
     "top-10": 0.28,
     "top-200": 1,
     "exam": 0.00042589437819420784,
     "wasted-effort": 1
    },
    "avg_case": {
     "top-5": 0.06439999999999985,
     "top-10": 0.12080000000000049,
     "top-200": 1,
     "exam": 0.0008517887563884157,
     "wasted-effort": 3
    },
    "worst_case": {
     "top-5": 0.03299999999999994,
     "top-10": 0.0666000000000003,
     "top-200": 0.8,
     "exam": 0.5272572402044293,
     "wasted-effort": 2348
    }
   },
   "Ochiai": {
    "best_case": {
     "top-5": 0.143,
     "top-10": 0.284,
     "top-200": 1,
     "exam": 0.00042589437819420784,
     "wasted-effort": 1
    },
    "avg_case": {
     "top-5": 0.07679999999999997,
     "top-10": 0.12600000000000044,
     "top-200": 1,
     "exam": 0.0008517887563884157,
     "wasted-effort": 3
    },
    "worst_case": {
     "top-5": 0.031999999999999924,
     "top-10": 0.06700000000000031,
     "top-200": 0.8,
     "exam": 0.5272572402044293,
     "wasted-effort": 2348
    }
   },
   "DStar": {
    "best_case": {
     "top-5": 0.107,
     "top-10": 0.197,
     "top-200": 1,
     "exam": 0.00042589437819420784,
     "wasted-effort": 2
    },
    "avg_case": {
     "top-5": 0.047999999999999904,
     "top-10": 0.08440000000000009,
     "top-200": 1,
     "exam": 0.00042589437819420784,
     "wasted-effort": 2
    },
    "worst_case": {
     "top-5": 0.022199999999999956,
     "top-10": 0.043800000000000054,
     "top-200": 0.8,
     "exam": 0.5272572402044293,
     "wasted-effort": 2348
    }
   }
  },
  "line_assert_use": {
   "Tarantula": {
    "best_case": {
     "top-5": 0.147,
     "top-10": 0.301,
     "top-200": 1,
     "exam": 0.00042589437819420784,
     "wasted-effort": 1
    },
    "avg_case": {
     "top-5": 0.0667999999999999,
     "top-10": 0.12280000000000053,
     "top-200": 1,
     "exam": 0.0008517887563884157,
     "wasted-effort": 3
    },
    "worst_case": {
     "top-5": 0.03259999999999992,
     "top-10": 0.06120000000000028,
     "top-200": 0.8,
     "exam": 0.5272572402044293,
     "wasted-effort": 2348
    }
   },
   "Ochiai": {
    "best_case": {
     "top-5": 0.155,
     "top-10": 0.318,
     "top-200": 1,
     "exam": 0.00042589437819420784,
     "wasted-effort": 1
    },
    "avg_case": {
     "top-5": 0.06279999999999984,
     "top-10": 0.13540000000000063,
     "top-200": 1,
     "exam": 0.0008517887563884157,
     "wasted-effort": 3
    },
    "worst_case": {
     "top-5": 0.034999999999999955,
     "top-10": 0.06300000000000029,
     "top-200": 0.8,
     "exam": 0.5272572402044293,
     "wasted-effort": 2348
    }
   },
   "DStar": {
    "best_case": {
     "top-5": 0.109,
     "top-10": 0.218,
     "top-200": 1,
     "exam": 0.00042589437819420784,
     "wasted-effort": 2
    },
    "avg_case": {
     "top-5": 0.05039999999999989,
     "top-10": 0.09120000000000018,
     "top-200": 1,
     "exam": 0.00042589437819420784,
     "wasted-effort": 2
    },
    "worst_case": {
     "top-5": 0.019599999999999965,
     "top-10": 0.04460000000000009,
     "top-200": 0.8,
     "exam": 0.5272572402044293,
     "wasted-effort": 2348
    }
   }
  },