{
 "thefuck_3": {
  "line": {
   "Tarantula": {
    "best_case": {
     "top-5": 0.074,
     "top-10": 0.133,
     "top-200": 0.993,
     "exam": 0.00037669512807634355,
     "wasted-effort": 3
    },
    "avg_case": {
     "top-5": 0.059,
     "top-10": 0.13,
     "top-200": 0.995,
     "exam": 0.00037669512807634355,
     "wasted-effort": 3
    },
    "worst_case": {
     "top-5": 0.033,
     "top-10": 0.078,
     "top-200": 0.8995,
     "exam": 0.00037669512807634355,
     "wasted-effort": 3
    }
   },
   "Ochiai": {
    "best_case": {
     "top-5": 0.056,
     "top-10": 0.126,
     "top-200": 0.993,
     "exam": 0.00037669512807634355,
     "wasted-effort": 3
    },
    "avg_case": {
     "top-5": 0.066,
     "top-10": 0.138,
     "top-200": 0.995,
     "exam": 0.00037669512807634355,
     "wasted-effort": 3
    },
    "worst_case": {
     "top-5": 0.035,
     "top-10": 0.0715,
     "top-200": 0.9155,
     "exam": 0.00037669512807634355,
     "wasted-effort": 3
    }
   },
   "DStar": {
    "best_case": {
     "top-5": 0.0,
     "top-10": 0.0,
     "top-200": 0.994,
     "exam": 0.04558011049723757,
     "wasted-effort": 220
    },
    "avg_case": {
     "top-5": 0.0,
     "top-10": 0.0,
     "top-200": 0.994,
     "exam": 0.04558011049723757,
     "wasted-effort": 220
    },
    "worst_case": {
     "top-5": 0.0,
     "top-10": 0.0,
     "top-200": 0.9025,
     "exam": 0.04558011049723757,
     "wasted-effort": 220
    }
   }
  },
  "line_line": {
   "Tarantula": {
    "best_case": {
     "top-5": 0.061,
     "top-10": 0.121,
     "top-200": 0.989,
     "exam": 0.00037669512807634355,
     "wasted-effort": 3
    },
    "avg_case": {
     "top-5": 0.065,
     "top-10": 0.119,
     "top-200": 0.993,
     "exam": 0.00037669512807634355,
     "wasted-effort": 3
    },
    "worst_case": {
     "top-5": 0.034,
     "top-10": 0.0665,
     "top-200": 0.912,
     "exam": 0.00037669512807634355,
     "wasted-effort": 3
    }
   },
   "Ochiai": {
    "best_case": {
     "top-5": 0.069,
     "top-10": 0.137,
     "top-200": 0.995,
     "exam": 0.00037669512807634355,
     "wasted-effort": 3
    },
    "avg_case": {
     "top-5": 0.054,
     "top-10": 0.137,
     "top-200": 0.991,
     "exam": 0.00037669512807634355,
     "wasted-effort": 3
    },
    "worst_case": {
     "top-5": 0.0305,
     "top-10": 0.0695,
     "top-200": 0.9115,
     "exam": 0.00037669512807634355,
     "wasted-effort": 3
    }
   },
   "DStar": {
    "best_case": {
     "top-5": 0.0,
     "top-10": 0.0,
     "top-200": 0.987,
     "exam": 0.04558011049723757,
     "wasted-effort": 220
    },
    "avg_case": {
     "top-5": 0.0,
     "top-10": 0.0,
     "top-200": 0.994,
     "exam": 0.04558011049723757,
     "wasted-effort": 220
    },
    "worst_case": {
     "top-5": 0.0,
     "top-10": 0.0,
     "top-200": 0.9175,
     "exam": 0.04558011049723757,
     "wasted-effort": 220
    }
   }
  },
  "line_defuse": {
   "Tarantula": {
    "best_case": {
     "top-5": 0.057,
     "top-10": 0.12,
     "top-200": 0.997,
     "exam": 0.00037669512807634355,
     "wasted-effort": 3
    },
    "avg_case": {
     "top-5": 0.066,
     "top-10": 0.123,
     "top-200": 0.99,
     "exam": 0.00037669512807634355,
     "wasted-effort": 3
    },
    "worst_case": {
     "top-5": 0.0355,
     "top-10": 0.0735,
     "top-200": 0.906,
     "exam": 0.00037669512807634355,
     "wasted-effort": 3
    }
   },
   "Ochiai": {
    "best_case": {
     "top-5": 0.061,
     "top-10": 0.145,
     "top-200": 0.992,
     "exam": 0.00037669512807634355,
     "wasted-effort": 3
    },
    "avg_case": {
     "top-5": 0.072,
     "top-10": 0.135,
     "top-200": 0.993,
     "exam": 0.00037669512807634355,
     "wasted-effort": 3
    },
    "worst_case": {
     "top-5": 0.0395,
     "top-10": 0.078,
     "top-200": 0.9105,
     "exam": 0.00037669512807634355,
     "wasted-effort": 3
    }
   },
   "DStar": {
    "best_case": {
     "top-5": 0.0,
     "top-10": 0.0,
     "top-200": 0.992,
     "exam": 0.04558011049723757,
     "wasted-effort": 220
    },
    "avg_case": {
     "top-5": 0.0,
     "top-10": 0.0,
     "top-200": 0.992,
     "exam": 0.04558011049723757,
     "wasted-effort": 220
    },
    "worst_case": {
     "top-5": 0.0,
     "top-10": 0.0,
     "top-200": 0.904,
     "exam": 0.04558011049723757,
     "wasted-effort": 220
    }
   }
  },
  "line_defuses": {
   "Tarantula": {
    "best_case": {
     "top-5": 0.061,
     "top-10": 0.13,
     "top-200": 0.996,
     "exam": 0.00037669512807634355,
     "wasted-effort": 3
    },
    "avg_case": {
     "top-5": 0.054,
     "top-10": 0.122,
     "top-200": 0.994,
     "exam": 0.00037669512807634355,
     "wasted-effort": 3
    },
    "worst_case": {
     "top-5": 0.032,
     "top-10": 0.0635,
     "top-200": 0.905,
     "exam": 0.00037669512807634355,
     "wasted-effort": 3
    }
   },
   "Ochiai": {
    "best_case": {
     "top-5": 0.06,
     "top-10": 0.122,
     "top-200": 0.991,
     "exam": 0.00037669512807634355,
     "wasted-effort": 3
    },
    "avg_case": {
     "top-5": 0.058,
     "top-10": 0.153,
     "top-200": 0.993,
     "exam": 0.00037669512807634355,
     "wasted-effort": 3
    },
    "worst_case": {
     "top-5": 0.0285,
     "top-10": 0.0715,
     "top-200": 0.914,
     "exam": 0.00037669512807634355,
     "wasted-effort": 3
    }
   },
   "DStar": {
    "best_case": {
     "top-5": 0.0,
     "top-10": 0.0,
     "top-200": 0.992,
     "exam": 0.04558011049723757,
     "wasted-effort": 220
    },
    "avg_case": {
     "top-5": 0.0,
     "top-10": 0.0,
     "top-200": 0.996,
     "exam": 0.04558011049723757,
     "wasted-effort": 220
    },
    "worst_case": {
     "top-5": 0.0,
     "top-10": 0.0,
     "top-200": 0.914,
     "exam": 0.04558011049723757,
     "wasted-effort": 220
    }
   }
  },
  "line_assert_use": {
   "Tarantula": {
    "best_case": {
     "top-5": 0.075,
     "top-10": 0.127,
     "top-200": 0.994,
     "exam": 0.00037669512807634355,
     "wasted-effort": 3
    },
    "avg_case": {
     "top-5": 0.051,
     "top-10": 0.112,
     "top-200": 0.989,
     "exam": 0.00037669512807634355,
     "wasted-effort": 3
    },
    "worst_case": {
     "top-5": 0.033,
     "top-10": 0.061,
     "top-200": 0.912,
     "exam": 0.00037669512807634355,
     "wasted-effort": 3
    }
   },
   "Ochiai": {
    "best_case": {
     "top-5": 0.068,
     "top-10": 0.12,
     "top-200": 0.995,
     "exam": 0.00037669512807634355,
     "wasted-effort": 3
    },
    "avg_case": {
     "top-5": 0.06,
     "top-10": 0.132,
     "top-200": 0.993,
     "exam": 0.00037669512807634355,
     "wasted-effort": 3
    },
    "worst_case": {
     "top-5": 0.03,
     "top-10": 0.066,
     "top-200": 0.9155,
     "exam": 0.00037669512807634355,
     "wasted-effort": 3
    }
   },
   "DStar": {
    "best_case": {
     "top-5": 0.0,
     "top-10": 0.0,
     "top-200": 0.992,
     "exam": 0.04558011049723757,
     "wasted-effort": 220
    },
    "avg_case": {
     "top-5": 0.0,
     "top-10": 0.0,
     "top-200": 0.989,
     "exam": 0.04558011049723757,
     "wasted-effort": 220
    },
    "worst_case": {
     "top-5": 0.0,
     "top-10": 0.0,
     "top-200": 0.913,
     "exam": 0.04558011049723757,
     "wasted-effort": 220
    }
   }
  },
  "line_assert_uses": {
   "Tarantula": {
    "best_case": {
     "top-5": 0.062,
     "top-10": 0.139,
     "top-200": 0.997,
     "exam": 0.00037669512807634355,
     "wasted-effort": 3
    },
    "avg_case": {
     "top-5": 0.064,
     "top-10": 0.125,
     "top-200": 0.992,
     "exam": 0.00037669512807634355,
     "wasted-effort": 3
    },
    "worst_case": {
     "top-5": 0.029,
     "top-10": 0.076,
     "top-200": 0.911,
     "exam": 0.00037669512807634355,
     "wasted-effort": 3
    }
   },
   "Ochiai": {
    "best_case": {
     "top-5": 0.084,
     "top-10": 0.139,
     "top-200": 0.992,
     "exam": 0.00037669512807634355,
     "wasted-effort": 3
    },
    "avg_case": {
     "top-5": 0.061,
     "top-10": 0.142,